run_id,annotation_version,activity,topic_id,from_year,to_year,a0,a1,delta,within,reweight,entry,exit,residual,status,reason,n_continuing,n_entrants,n_exits
fetch-20261006T122600Z-dfc47335,v2.1-f4676a0b,bill_cosign,agriculture,2016,2017,0.02418102858706059,0.01596018859629175,-0.008220839990768843,-0.008394771682408361,0.0008293367889814207,0.0,0.0006554050973419049,3.469446951953614e-18,ok,,113,0,4
fetch-20261006T122600Z-dfc47335,v2.1-f4676a0b,bill_cosign,agriculture,2017,2018,0.01596018859629175,0.024096385542168676,0.008136196945876927,0.008312171700311002,-0.0004462867717340443,0.0002703120172999691,0.0,0.0,ok,,113,4,0
fetch-20261006T122600Z-dfc47335,v2.1-f4676a0b,bill_cosign,agriculture,2018,2019,0.024096385542168676,0.026735171055870047,0.0026387855137013708,0.003563042069746638,-0.0006130284937934192,0.0008665600131265895,0.0011777880753784367,-8.673617379884035e-19,ok,,107,7,10
fetch-20261006T122600Z-dfc47335,v2.1-f4676a0b,bill_cosign,agriculture,2019,2020,0.026735171055870047,0.027976571198445974,0.001241400142575927,0.0011979789902342333,-0.0015201724792869942,0.011926420770852578,0.010362827139223891,0.0,ok,,68,45,46
fetch-20261006T122600Z-dfc47335,v2.1-f4676a0b,bill_cosign,agriculture,2020,2021,0.027976571198445974,0.017751552487691433,-0.010225018710754541,-0.010189241926315522,-3.5776784439022146e-05,0.0,0.0,3.469446951953614e-18,ok,,113,1,0
fetch-20261006T122600Z-dfc47335,v2.1-f4676a0b,bill_cosign,agriculture,2021,2022,0.017751552487691433,0.020156910078455038,0.002405357590763605,0.0024223709459835698,-3.0424473036632934e-05,1.3411117816670019e-05,0.0,-1.734723475976807e-18,ok,,113,4,1
fetch-20261006T122600Z-dfc47335,v2.1-f4676a0b,bill_cosign,agriculture,2022,2023,0.020156910078455038,0.03187656717625172,0.011719657097796685,0.010151140566839887,0.0008591852291100338,0.0010110814527218314,0.0003017501508750754,1.0408340855860843e-17,ok,,111,2,6
fetch-20261006T122600Z-dfc47335,v2.1-f4676a0b,bill_cosign,agriculture,2023,2024,0.03187656717625172,0.03169090978505708,-0.00018565739119464492,8.279016342004349e-05,-0.002870886769917093,0.01712480433703661,0.014522365121734208,1.734723475976807e-18,ok,,59,56,54
fetch-20261006T122600Z-dfc47335,v2.1-f4676a0b,bill_cosign,agriculture,2024,2025,0.03169090978505708,0.036169533911093864,0.004478624126036786,0.005561153629061675,-0.0010202763211021708,6.467468632777131e-06,6.872065055549192e-05,-4.336808689942018e-18,ok,,113,1,2
fetch-20261006T122600Z-dfc47335,v2.1-f4676a0b,bill_cosign,civil_rights,2016,2017,0.0329298317603611,0.03637907248222434,0.003449240721863242,0.003636550010087151,0.0008271438189661721,0.0,0.001014453107190079,-1.734723475976807e-18,ok,,113,0,4
fetch-20261006T122600Z-dfc47335,v2.1-f4676a0b,bill_cosign,civil_rights,2017,2018,0.03637907248222434,0.052068852332406546,0.015689779850182203,0.014886209403237496,-0.00020044561731232067,0.001004016064257028,0.0,0.0,ok,,113,4,0
fetch-20261006T122600Z-dfc47335,v2.1-f4676a0b,bill_cosign,civil_rights,2018,2019,0.052068852332406546,0.03615452457133481,-0.015914327761071732,-0.015625735919088248,-0.0007492228702332529,0.0015998031011567806,0.0011391720729070126,0.0,ok,,107,7,10
fetch-20261006T122600Z-dfc47335,v2.1-f4676a0b,bill_cosign,civil_rights,2019,2020,0.03615452457133481,0.032792030890957766,-0.0033624936803770475,-0.002758582765388275,-0.0015434055762742688,0.01655295761969062,0.015613462958405119,-1.734723475976807e-18,ok,,68,45,46
fetch-20261006T122600Z-dfc47335,v2.1-f4676a0b,bill_cosign,civil_rights,2020,2021,0.032792030890957766,0.036328830500507184,0.003536799609549418,0.003060684712959463,0.00047611489658996387,0.0,0.0,-8.673617379884035e-18,ok,,113,1,0
fetch-20261006T122600Z-dfc47335,v2.1-f4676a0b,bill_cosign,civil_rights,2021,2022,0.036328830500507184,0.045641386709582246,0.009312556209075062,0.009349103455211174,-7.1822434529315475e-06,2.0116676725005028e-05,4.9481679408199116e-05,1.3877787807814457e-17,ok,,113,4,1
fetch-20261006T122600Z-dfc47335,v2.1-f4676a0b,bill_cosign,civil_rights,2022,2023,0.045641386709582246,0.08637385747795842,0.040732470768376175,0.03719116774162054,0.0014058010430996724,0.003265388659710426,0.001129886676054449,-1.3877787807814457e-17,ok,,111,2,6
fetch-20261006T122600Z-dfc47335,v2.1-f4676a0b,bill_cosign,civil_rights,2023,2024,0.08637385747795842,0.040739892337647465,-0.045633965140310956,-0.02115313768448596,-0.007796331663003137,0.021057152674378653,0.037741648467200524,1.3877787807814457e-17,ok,,59,56,54
fetch-20261006T122600Z-dfc47335,v2.1-f4676a0b,bill_cosign,civil_rights,2024,2025,0.040739892337647465,0.03614366403656275,-0.0045962283010847135,-0.006453189938764548,0.0021721117815950326,1.5090760143146637e-05,0.0003302409040583362,-9.540979117872439e-18,ok,,113,1,2
fetch-20261006T122600Z-dfc47335,v2.1-f4676a0b,bill_cosign,commerce,2016,2017,0.04191515068618064,0.04009187247009596,-0.0018232782160846756,-0.002201255903392975,0.0007370256971564746,0.0,0.000359048009848174,-1.0842021724855044e-18,ok,,113,0,4
fetch-20261006T122600Z-dfc47335,v2.1-f4676a0b,bill_cosign,commerce,2017,2018,0.04009187247009596,0.0485982391102873,0.008506366640191339,0.008310953384830743,-0.00026797877429649746,0.00046339202965708985,0.0,3.469446951953614e-18,ok,,113,4,0
fetch-20261006T122600Z-dfc47335,v2.1-f4676a0b,bill_cosign,commerce,2018,2019,0.0485982391102873,0.020253917466568218,-0.028344321643719084,-0.026228703043786415,-0.0014621855603280717,0.0012870210845844616,0.001940454124189064,3.469446951953614e-18,ok,,107,7,10
fetch-20261006T122600Z-dfc47335,v2.1-f4676a0b,bill_cosign,commerce,2019,2020,0.020253917466568218,0.02095859095539289,0.0007046734888246711,5.525545310789131e-05,-0.0008803083173722811,0.010795252647288745,0.009265526294199689,3.469446951953614e-18,ok,,68,45,46
fetch-20261006T122600Z-dfc47335,v2.1-f4676a0b,bill_cosign,commerce,2020,2021,0.02095859095539289,0.024781927170036723,0.003823336214643834,0.004087697756521489,-0.0002643615418776573,0.0,0.0,2.168404344971009e-18,ok,,113,1,0
fetch-20261006T122600Z-dfc47335,v2.1-f4676a0b,bill_cosign,commerce,2021,2022,0.024781927170036723,0.024458526118151948,-0.0003234010518847752,-0.00017702864449910082,-9.070551805144977e-05,0.0,5.5666889334224e-05,-5.963111948670274e-19,ok,,113,4,1
fetch-20261006T122600Z-dfc47335,v2.1-f4676a0b,bill_cosign,commerce,2022,2023,0.024458526118151948,0.03108064385666909,0.0066221177385171436,0.006219904398794661,-8.18089047691568e-05,0.0007522446008250426,0.0002682223563334004,-2.6020852139652106e-18,ok,,111,2,6
fetch-20261006T122600Z-dfc47335,v2.1-f4676a0b,bill_cosign,commerce,2023,2024,0.03108064385666909,0.030558164395067384,-0.0005224794616017076,0.000845512526005822,-0.003447243208407033,0.01559538808078494,0.01351613685998544,5.204170427930421e-18,ok,,59,56,54
fetch-20261006T122600Z-dfc47335,v2.1-f4676a0b,bill_cosign,commerce,2024,2025,0.030558164395067384,0.028430992109688268,-0.0021271722853791163,-0.0020348330856628754,7.656585604174446e-05,8.623291510369507e-06,0.00017752834726835414,-8.673617379884035e-19,ok,,113,1,2
fetch-20261006T122600Z-dfc47335,v2.1-f4676a0b,bill_cosign,cross_strait,2016,2017,0.0053458259244061465,0.00291081093373357,-0.0024350149906725766,-0.002323484667621967,0.00011643666732918203,0.0,0.000227966990379793,1.3010426069826053e-18,ok,,113,0,4
fetch-20261006T122600Z-dfc47335,v2.1-f4676a0b,bill_cosign,cross_strait,2017,2018,0.00291081093373357,0.0004633920296570899,-0.00244741890407648,-0.0022547357470105766,-0.00019268315706590374,0.0,0.0,0.0,ok,,113,4,0
fetch-20261006T122600Z-dfc47335,v2.1-f4676a0b,bill_cosign,cross_strait,2018,2019,0.0004633920296570899,0.0017228648781688408,0.0012594728485117509,0.0011922992003564285,-2.5122684603722878e-05,9.229633275904505e-05,0.0,2.168404344971009e-19,ok,,107,7,10
fetch-20261006T122600Z-dfc47335,v2.1-f4676a0b,bill_cosign,cross_strait,2019,2020,0.0017228648781688408,0.001889228436737498,0.00016636355856865714,-6.099594477705514e-05,-0.00011313677579707763,0.0008942742756970601,0.0005537779965542702,0.0,ok,,68,45,46
fetch-20261006T122600Z-dfc47335,v2.1-f4676a0b,bill_cosign,cross_strait,2020,2021,0.001889228436737498,0.002127712214552562,0.00023848377781506393,0.00016442556419455132,7.405821362051264e-05,0.0,0.0,-2.710505431213761e-20,ok,,113,1,0
fetch-20261006T122600Z-dfc47335,v2.1-f4676a0b,bill_cosign,cross_strait,2021,2022,0.002127712214552562,0.0012070006035003018,-0.0009207116110522601,-0.0009874410050342026,6.672939398194238e-05,0.0,0.0,1.0842021724855044e-19,ok,,113,4,1
fetch-20261006T122600Z-dfc47335,v2.1-f4676a0b,bill_cosign,cross_strait,2022,2023,0.0012070006035003018,0.0036803364879074655,0.002473335884407164,0.0024549721355702197,-3.708362446090126e-05,8.897516783952114e-05,3.352779454167505e-05,-8.673617379884035e-19,ok,,111,2,6
fetch-20261006T122600Z-dfc47335,v2.1-f4676a0b,bill_cosign,cross_strait,2023,2024,0.0036803364879074655,0.0022792349100904824,-0.0014011015778169831,-0.0009511366748038278,-0.00016309894164244726,0.0012904211048753484,0.0015772870662460572,6.505213034913027e-19,ok,,59,56,54
fetch-20261006T122600Z-dfc47335,v2.1-f4676a0b,bill_cosign,cross_strait,2024,2025,0.0022792349100904824,0.0020954598370197903,-0.00018377507307069203,-0.0001297294765234208,-3.1138713028773665e-05,0.0,2.2906883518497306e-05,-2.710505431213761e-19,ok,,113,1,2
fetch-20261006T122600Z-dfc47335,v2.1-f4676a0b,bill_cosign,culture,2016,2017,0.03722985911639994,0.02506177892997377,-0.012168080186426171,-0.01228499345981773,0.0010971713320246626,0.0,0.0009802580586331098,6.938893903907228e-18,ok,,113,0,4
fetch-20261006T122600Z-dfc47335,v2.1-f4676a0b,bill_cosign,culture,2017,2018,0.02506177892997377,0.02815589280197714,0.003094113872003368,0.0027737579269838265,-1.7534076605421796e-05,0.0003378900216249614,0.0,1.734723475976807e-18,ok,,113,4,0
fetch-20261006T122600Z-dfc47335,v2.1-f4676a0b,bill_cosign,culture,2018,2019,0.02815589280197714,0.039169538108130286,0.011013645306153147,0.00941828247284268,-0.00041029559433792374,0.0025945524653375996,0.0005888940376892185,1.0408340855860843e-17,ok,,107,7,10
fetch-20261006T122600Z-dfc47335,v2.1-f4676a0b,bill_cosign,culture,2019,2020,0.039169538108130286,0.029312652500414562,-0.009856885607715724,-0.004304572565491182,-0.0015561469035722739,0.013417075308554235,0.017413241447206497,-6.938893903907228e-18,ok,,68,45,46
fetch-20261006T122600Z-dfc47335,v2.1-f4676a0b,bill_cosign,culture,2020,2021,0.029312652500414562,0.02925604295009773,-5.66095503168329e-05,-0.00010917565549993371,5.256610518309698e-05,0.0,0.0,3.8285889215894375e-18,ok,,113,1,0
fetch-20261006T122600Z-dfc47335,v2.1-f4676a0b,bill_cosign,culture,2021,2022,0.02925604295009773,0.030852276537249382,0.0015962335871516527,0.0013556304606274112,0.00035812211511871556,0.0,0.0001175189885944729,-1.3010426069826053e-18,ok,,113,4,1
fetch-20261006T122600Z-dfc47335,v2.1-f4676a0b,bill_cosign,culture,2022,2023,0.030852276537249382,0.0599854404270808,0.02913316388983142,0.027471613184027115,3.078253594853602e-05,0.002062606163552536,0.0004318379936967746,6.938893903907228e-18,ok,,111,2,6
fetch-20261006T122600Z-dfc47335,v2.1-f4676a0b,bill_cosign,culture,2023,2024,0.0599854404270808,0.04630626503264231,-0.01367917539443849,-0.007804675518488264,-0.0048033719274243325,0.024529454434390866,0.025600582382916768,6.938893903907228e-18,ok,,59,56,54
fetch-20261006T122600Z-dfc47335,v2.1-f4676a0b,bill_cosign,culture,2024,2025,0.04630626503264231,0.029168714698400378,-0.017137550334241934,-0.01882773128321282,0.0019449868179232444,8.623291510369507e-06,0.00026342916046271904,-1.0408340855860843e-17,ok,,113,1,2
fetch-20261006T122600Z-dfc47335,v2.1-f4676a0b,bill_cosign,defense,2016,2017,0.027173665253271324,0.024701717681660375,-0.002471947571610948,-0.0024637999671344034,0.0007612409880552537,0.0,0.0007693885925318013,2.6020852139652106e-18,ok,,113,0,4
fetch-20261006T122600Z-dfc47335,v2.1-f4676a0b,bill_cosign,defense,2017,2018,0.024701717681660375,0.021629788384306455,-0.0030719292973539203,-0.0030893559711361648,-0.0003397713490784273,0.0003571980228606735,0.0,-1.734723475976807e-18,ok,,113,4,0
fetch-20261006T122600Z-dfc47335,v2.1-f4676a0b,bill_cosign,defense,2018,2019,0.021629788384306455,0.02678131922224957,0.005151530837943116,0.0043566115183343735,-0.0001345497066505978,0.0015280170645664126,0.0005985480383070745,1.734723475976807e-18,ok,,107,7,10
fetch-20261006T122600Z-dfc47335,v2.1-f4676a0b,bill_cosign,defense,2019,2020,0.02678131922224957,0.02350875322767868,-0.0032725659945708925,-0.0008106802053306631,-0.0012481061108154346,0.011133418615118566,0.012347198293543358,-1.734723475976807e-18,ok,,68,45,46
fetch-20261006T122600Z-dfc47335,v2.1-f4676a0b,bill_cosign,defense,2020,2021,0.02350875322767868,0.03573195774264578,0.012223204514967102,0.012289234314122393,-6.602979915528348e-05,0.0,0.0,-6.938893903907228e-18,ok,,113,1,0
fetch-20261006T122600Z-dfc47335,v2.1-f4676a0b,bill_cosign,defense,2021,2022,0.03573195774264578,0.029501106417219876,-0.006230851325425904,-0.005891632493199073,-0.00030829278259670976,0.0,3.092604963012444e-05,2.6020852139652106e-18,ok,,113,4,1
fetch-20261006T122600Z-dfc47335,v2.1-f4676a0b,bill_cosign,defense,2022,2023,0.029501106417219876,0.017972175038421096,-0.01152893137879878,-0.009660059922792895,-0.0016457724180900589,0.00037369570492598884,0.0005967947428418158,0.0,ok,,111,2,6
fetch-20261006T122600Z-dfc47335,v2.1-f4676a0b,bill_cosign,defense,2023,2024,0.017972175038421096,0.015591570266865192,-0.002380604771555904,-0.0030167026137589113,-0.00017203386613309115,0.008621769174970408,0.007813637466634311,1.734723475976807e-18,ok,,59,56,54
fetch-20261006T122600Z-dfc47335,v2.1-f4676a0b,bill_cosign,defense,2024,2025,0.015591570266865192,0.019658948820764886,0.0040673785538996934,0.003955628628564634,0.00014611025061280554,0.0,3.436032527774596e-05,8.673617379884035e-19,ok,,113,1,2
fetch-20261006T122600Z-dfc47335,v2.1-f4676a0b,bill_cosign,education,2016,2017,0.05444136689007432,0.07069328845833144,0.016251921568257117,0.01566361244402191,0.0017879854111088678,0.0,0.0011996762868736607,0.0,ok,,113,0,4
fetch-20261006T122600Z-dfc47335,v2.1-f4676a0b,bill_cosign,education,2017,2018,0.07069328845833144,0.08020061013283905,0.009507321674507616,0.008443004146251975,8.92634658521798e-05,0.0009750540624034599,0.0,0.0,ok,,113,4,0
fetch-20261006T122600Z-dfc47335,v2.1-f4676a0b,bill_cosign,education,2018,2019,0.08020061013283905,0.04924009352695053,-0.03096051660588852,-0.02842585596696294,-0.001484104355593499,0.0017587578964640247,0.002809314179796107,0.0,ok,,107,7,10
fetch-20261006T122600Z-dfc47335,v2.1-f4676a0b,bill_cosign,education,2019,2020,0.04924009352695053,0.061370904697605,0.012130811170654468,0.005533402786807055,-0.0026762354456634314,0.03142989126572383,0.022156247436212972,-1.3877787807814457e-17,ok,,68,45,46
fetch-20261006T122600Z-dfc47335,v2.1-f4676a0b,bill_cosign,education,2020,2021,0.061370904697605,0.06974902185323027,0.008378117155625274,0.008908269885871564,-0.0005301527302462958,0.0,0.0,6.938893903907228e-18,ok,,113,1,0
fetch-20261006T122600Z-dfc47335,v2.1-f4676a0b,bill_cosign,education,2021,2022,0.06974902185323027,0.09094749547374774,0.021198473620517466,0.022692830568162126,-0.0013351025365149452,2.011667672500503e-05,0.0001793710878547218,0.0,ok,,113,4,1
fetch-20261006T122600Z-dfc47335,v2.1-f4676a0b,bill_cosign,education,2022,2023,0.09094749547374774,0.06624443905201004,-0.0247030564217377,-0.021062196826026024,-0.00395562416086986,0.0020682682196877782,0.001753503654529605,1.0408340855860843e-17,ok,,111,2,6
fetch-20261006T122600Z-dfc47335,v2.1-f4676a0b,bill_cosign,education,2023,2024,0.06624443905201004,0.08051158706524644,0.014267148013236405,0.0031086390985408875,-0.0039945152464894865,0.04377390905967243,0.028620884898487433,3.469446951953614e-18,ok,,59,56,54
fetch-20261006T122600Z-dfc47335,v2.1-f4676a0b,bill_cosign,education,2024,2025,0.08051158706524644,0.059949122580088825,-0.020562464485157618,-0.018215243442172395,-0.0017237679804690783,7.329797783814081e-05,0.000696751040354293,6.938893903907228e-18,ok,,113,1,2
fetch-20261006T122600Z-dfc47335,v2.1-f4676a0b,bill_cosign,energy,2016,2017,0.014914740345597957,0.014425190642955686,-0.0004895497026422713,-0.00035537775885345613,0.00027616863889481187,0.0,0.0004103405826836274,3.2526065174565133e-19,ok,,113,0,4
fetch-20261006T122600Z-dfc47335,v2.1-f4676a0b,bill_cosign,energy,2017,2018,0.014425190642955686,0.018419833178869322,0.003994642535913636,0.004176883082859101,-0.0003270505562133047,0.00014481000926784058,0.0,-8.673617379884035e-19,ok,,113,4,0
fetch-20261006T122600Z-dfc47335,v2.1-f4676a0b,bill_cosign,energy,2018,2019,0.018419833178869322,0.006358191812289769,-0.012061641366579553,-0.010871434044641061,-0.000493881341365761,0.0001435720731807367,0.0008398980537534754,6.938893903907228e-18,ok,,107,7,10
fetch-20261006T122600Z-dfc47335,v2.1-f4676a0b,bill_cosign,energy,2019,2020,0.006358191812289769,0.007870798095373463,0.0015126062830836933,0.0016071744416252367,-0.0005192840487412507,0.0034704948712481936,0.0030457789810484867,4.336808689942018e-19,ok,,68,45,46
fetch-20261006T122600Z-dfc47335,v2.1-f4676a0b,bill_cosign,energy,2020,2021,0.007870798095373463,0.003589895841064846,-0.004280902254308617,-0.004323032760036502,4.21305057278857e-05,0.0,0.0,-8.673617379884035e-19,ok,,113,1,0
fetch-20261006T122600Z-dfc47335,v2.1-f4676a0b,bill_cosign,energy,2021,2022,0.003589895841064846,0.014004559780057668,0.010414663938992822,0.010225114521929849,0.00018954941706297304,0.0,0.0,0.0,ok,,113,4,1
fetch-20261006T122600Z-dfc47335,v2.1-f4676a0b,bill_cosign,energy,2022,2023,0.014004559780057668,0.012168567499797783,-0.0018359922802598846,-0.0009858138369804416,-0.0008415463175796805,0.0001455957291919437,0.00015422785489170522,-8.673617379884035e-19,ok,,111,2,6
fetch-20261006T122600Z-dfc47335,v2.1-f4676a0b,bill_cosign,energy,2023,2024,0.012168567499797783,0.012618256786164243,0.0004496892863664597,-0.0012120280055903604,0.0005701596384224973,0.007007597449700301,0.005916039796165979,8.673617379884035e-19,ok,,59,56,54
fetch-20261006T122600Z-dfc47335,v2.1-f4676a0b,bill_cosign,energy,2024,2025,0.012618256786164243,0.03631699219592118,0.02369873540975694,0.02402792931430158,-0.00028634312852025205,2.5869874531108523e-05,6.872065055549192e-05,-6.938893903907228e-18,ok,,113,1,2
fetch-20261006T122600Z-dfc47335,v2.1-f4676a0b,bill_cosign,environment,2016,2017,0.038279077189622944,0.043601522111550765,0.005322444921927821,0.005647319390129601,0.0009859357264820315,0.0,0.0013108101946838098,-1.734723475976807e-18,ok,,113,0,4
fetch-20261006T122600Z-dfc47335,v2.1-f4676a0b,bill_cosign,environment,2017,2018,0.043601522111550765,0.026220265678097005,-0.01738125643345376,-0.01709673375662229,-0.0004293326860993133,0.00014481000926784058,0.0,0.0,ok,,113,4,0
fetch-20261006T122600Z-dfc47335,v2.1-f4676a0b,bill_cosign,environment,2018,2019,0.026220265678097005,0.02287923537615883,-0.003341030301938174,-0.002074199093349745,-0.0009625698039323344,0.0007383706620723602,0.0010426320667284523,-2.6020852139652106e-18,ok,,107,7,10
fetch-20261006T122600Z-dfc47335,v2.1-f4676a0b,bill_cosign,environment,2019,2020,0.02287923537615883,0.016147276905218774,-0.0067319584709400575,-0.0030129394037840115,-0.001131476339170105,0.0072163788406415085,0.009803921568627447,-1.734723475976807e-18,ok,,68,45,46
fetch-20261006T122600Z-dfc47335,v2.1-f4676a0b,bill_cosign,environment,2020,2021,0.016147276905218774,0.0200549246641431,0.003907647758924326,0.0037231192530005,0.00018452850592382979,0.0,0.0,-3.469446951953614e-18,ok,,113,1,0
fetch-20261006T122600Z-dfc47335,v2.1-f4676a0b,bill_cosign,environment,2021,2022,0.0200549246641431,0.03422450211225105,0.014169577448107953,0.014250981011473695,-0.0001216369168157529,4.023335345001006e-05,0.0,1.734723475976807e-18,ok,,113,4,1
fetch-20261006T122600Z-dfc47335,v2.1-f4676a0b,bill_cosign,environment,2022,2023,0.03422450211225105,0.03845344980991669,0.004228947697665637,0.0029729018465123854,0.0008856799826140601,0.0010757906656960285,0.0007054247971568431,6.071532165918825e-18,ok,,111,2,6
fetch-20261006T122600Z-dfc47335,v2.1-f4676a0b,bill_cosign,environment,2023,2024,0.03845344980991669,0.02328637422212041,-0.015167075587796279,-0.009130278598533778,-0.0020861853084917343,0.012210514259534991,0.016161125940305752,-5.204170427930421e-18,ok,,59,56,54
fetch-20261006T122600Z-dfc47335,v2.1-f4676a0b,bill_cosign,environment,2024,2025,0.02328637422212041,0.03706290691156814,0.013776532689447729,0.014707919972991418,-0.0008741200747474472,0.0,5.7267208796243274e-05,1.734723475976807e-18,ok,,113,1,2
fetch-20261006T122600Z-dfc47335,v2.1-f4676a0b,bill_cosign,foreign_trade,2016,2017,0.003117448593443669,0.003047255196252331,-7.019339719133806e-05,-6.629201992950734e-06,4.82590191555021e-06,0.0,6.83900971139379e-05,3.6591823321385775e-19,ok,,113,0,4
fetch-20261006T122600Z-dfc47335,v2.1-f4676a0b,bill_cosign,foreign_trade,2017,2018,0.003047255196252331,0.004170528266913809,0.0011232730706614786,0.0009642118501895158,0.00011079121738268206,4.82700030892802e-05,0.0,6.505213034913027e-19,ok,,113,4,0
fetch-20261006T122600Z-dfc47335,v2.1-f4676a0b,bill_cosign,foreign_trade,2018,2019,0.004170528266913809,0.010706374600049225,0.006535846333135416,0.006338839137824921,-0.0001296368541450566,0.00038456805316268764,5.792400370713623e-05,-8.673617379884035e-19,ok,,107,7,10
fetch-20261006T122600Z-dfc47335,v2.1-f4676a0b,bill_cosign,foreign_trade,2019,2020,0.010706374600049225,0.011148816715229905,0.00044244211518068045,-0.0009579754550902414,-6.38234928853454e-05,0.005848316869210906,0.004384075806054638,0.0,ok,,68,45,46
fetch-20261006T122600Z-dfc47335,v2.1-f4676a0b,bill_cosign,foreign_trade,2020,2021,0.011148816715229905,0.006599618991068556,-0.004549197724161349,-0.004297443079833247,-0.0002517546443281018,0.0,0.0,0.0,ok,,113,1,0
fetch-20261006T122600Z-dfc47335,v2.1-f4676a0b,bill_cosign,foreign_trade,2021,2022,0.006599618991068556,0.0037953463421176153,-0.0028042726489509407,-0.0026991339182093226,-9.27683108895676e-05,0.0,1.2370419852049779e-05,-8.673617379884035e-19,ok,,113,4,1
fetch-20261006T122600Z-dfc47335,v2.1-f4676a0b,bill_cosign,foreign_trade,2022,2023,0.0037953463421176153,0.006098843322818086,0.002303496980700471,0.0019941272966241103,3.174110503500773e-06,0.00033972336811453533,3.352779454167505e-05,-8.673617379884035e-19,ok,,111,2,6
fetch-20261006T122600Z-dfc47335,v2.1-f4676a0b,bill_cosign,foreign_trade,2023,2024,0.006098843322818086,0.0027373725804604285,-0.0033614707423576576,-0.0018809453913874036,-0.0006527846610791428,0.0016473867063719308,0.0024751273962630416,-4.336808689942018e-19,ok,,59,56,54
fetch-20261006T122600Z-dfc47335,v2.1-f4676a0b,bill_cosign,foreign_trade,2024,2025,0.0027373725804604285,0.010781701375414995,0.008044328794954567,0.008756029991467774,-0.0007117011965132045,0.0,0.0,-3.469446951953614e-18,ok,,113,1,2
fetch-20261006T122600Z-dfc47335,v2.1-f4676a0b,bill_cosign,government,2016,2017,0.08764817854374687,0.07061748609026545,-0.01703069245348142,-0.017289015908028033,0.0030566182614585884,0.0,0.002798294806911959,-1.3877787807814457e-17,ok,,113,0,4
fetch-20261006T122600Z-dfc47335,v2.1-f4676a0b,bill_cosign,government,2017,2018,0.07061748609026545,0.05651934661723818,-0.014098139473027273,-0.01507742318308584,-0.00028056337057164716,0.0012598470806302131,0.0,0.0,ok,,113,4,0
fetch-20261006T122600Z-dfc47335,v2.1-f4676a0b,bill_cosign,government,2018,2019,0.05651934661723818,0.0657765198129461,0.009257173195707923,0.008332237046345631,-0.0015248039306305333,0.003994380178849783,0.0015446400988569664,8.673617379884035e-18,ok,,107,7,10
fetch-20261006T122600Z-dfc47335,v2.1-f4676a0b,bill_cosign,government,2019,2020,0.0657765198129461,0.11305521995593774,0.04727870014299164,0.026977694841735945,-0.003912921454839767,0.05247198730248976,0.02825806054639429,-1.3877787807814457e-17,ok,,68,45,46
fetch-20261006T122600Z-dfc47335,v2.1-f4676a0b,bill_cosign,government,2020,2021,0.11305521995593774,0.07863407591196503,-0.034421144043972715,-0.03461361169238522,0.00019246764841249046,0.0,0.0,1.3877787807814457e-17,ok,,113,1,0
fetch-20261006T122600Z-dfc47335,v2.1-f4676a0b,bill_cosign,government,2021,2022,0.07863407591196503,0.07849862536042379,-0.00013545055154123853,6.059081492350822e-06,-6.72871139212805e-05,0.0,7.422251911229866e-05,-1.0191500421363742e-17,ok,,113,4,1
fetch-20261006T122600Z-dfc47335,v2.1-f4676a0b,bill_cosign,government,2022,2023,0.07849862536042379,0.05315295640216776,-0.025345668958256032,-0.024947430453167174,-0.0005906833269711724,0.001368599854404271,0.0011761550325219607,6.938893903907228e-18,ok,,111,2,6
fetch-20261006T122600Z-dfc47335,v2.1-f4676a0b,bill_cosign,government,2023,2024,0.05315295640216776,0.048567556217309966,-0.004585400184857792,-0.005455257531760396,-0.0029803173864083633,0.02718512579696866,0.02333495106365769,0.0,ok,,59,56,54
fetch-20261006T122600Z-dfc47335,v2.1-f4676a0b,bill_cosign,government,2024,2025,0.048567556217309966,0.03413400595007114,-0.014433550267238825,-0.013584581083834544,-0.0007056870862596805,3.233734316388565e-05,0.00017561944030847936,-6.938893903907228e-18,ok,,113,1,2
fetch-20261006T122600Z-dfc47335,v2.1-f4676a0b,bill_cosign,health,2016,2017,0.051702913418137056,0.048058701353830294,-0.003644212064306762,-0.0041199930683776375,0.0008975199362734982,0.0,0.00042173893220261697,-6.071532165918825e-18,ok,,113,0,4
fetch-20261006T122600Z-dfc47335,v2.1-f4676a0b,bill_cosign,health,2017,2018,0.048058701353830294,0.05416859746679024,0.0061098961129599436,0.005587200879574912,-0.00035099182253093853,0.0008736870559159716,0.0,-8.673617379884035e-19,ok,,113,4,0
fetch-20261006T122600Z-dfc47335,v2.1-f4676a0b,bill_cosign,health,2018,2019,0.05416859746679024,0.06325375338419886,0.009085155917408626,0.009229438584739907,-0.0013062579506565905,0.0033534334235786364,0.002191458140253321,-6.938893903907228e-18,ok,,107,7,10
fetch-20261006T122600Z-dfc47335,v2.1-f4676a0b,bill_cosign,health,2019,2020,0.06325375338419886,0.07088160045483619,0.0076278470706373225,0.0040244367884893694,-0.003167127908664873,0.034331248667472114,0.027560710476659287,-3.469446951953614e-18,ok,,68,45,46
fetch-20261006T122600Z-dfc47335,v2.1-f4676a0b,bill_cosign,health,2020,2021,0.07088160045483619,0.06463235112199708,-0.006249249332839102,-0.00615819820533975,-9.105112749935715e-05,0.0,0.0,5.204170427930421e-18,ok,,113,1,0
fetch-20261006T122600Z-dfc47335,v2.1-f4676a0b,bill_cosign,health,2021,2022,0.06463235112199708,0.046097364715349025,-0.01853498640664806,-0.018043976198426574,-0.0004724545784434057,0.0,1.855562977807467e-05,-6.938893903907228e-18,ok,,113,4,1
fetch-20261006T122600Z-dfc47335,v2.1-f4676a0b,bill_cosign,health,2022,2023,0.046097364715349025,0.047375232548734124,0.001277867833385099,0.003911207430954149,-0.0029327547625102564,0.001358893472458141,0.0010594783075169314,-3.2526065174565133e-18,ok,,111,2,6
fetch-20261006T122600Z-dfc47335,v2.1-f4676a0b,bill_cosign,health,2023,2024,0.047375232548734124,0.05118772191043408,0.003812489361699957,0.0005582350064840707,-0.0032872624071319037,0.02779444889856068,0.02125293213621289,0.0,ok,,59,56,54
fetch-20261006T122600Z-dfc47335,v2.1-f4676a0b,bill_cosign,health,2024,2025,0.05118772191043408,0.05168628465485276,0.0004985627444186805,0.001342149494717545,-0.0004788050254269415,1.5090760143146637e-05,0.0003798724850150803,1.0625181290357943e-17,ok,,113,1,2
fetch-20261006T122600Z-dfc47335,v2.1-f4676a0b,bill_cosign,housing,2016,2017,0.010443737746774267,0.010195418504874092,-0.00024831924190017556,-5.836509054216108e-05,0.00020328890704712936,0.0,0.00039324305840514296,-8.673617379884035e-19,ok,,113,0,4
fetch-20261006T122600Z-dfc47335,v2.1-f4676a0b,bill_cosign,housing,2017,2018,0.010195418504874092,0.0054303753475440225,-0.004765043157330069,-0.004921144652287539,9.817749125033348e-05,5.792400370713623e-05,0.0,0.0,ok,,113,4,0
fetch-20261006T122600Z-dfc47335,v2.1-f4676a0b,bill_cosign,housing,2018,2019,0.0054303753475440225,0.006870949216506686,0.0014405738689626637,0.0015332897497751163,-0.0002284017546206407,0.0003384198867831651,0.00020273401297497682,-2.168404344971009e-19,ok,,107,7,10
fetch-20261006T122600Z-dfc47335,v2.1-f4676a0b,bill_cosign,housing,2019,2020,0.006870949216506686,0.010772747731741408,0.003901798515234722,0.0018762356466512848,-0.00021428799522406423,0.005418946769952383,0.0031790959061448855,3.469446951953614e-18,ok,,68,45,46
fetch-20261006T122600Z-dfc47335,v2.1-f4676a0b,bill_cosign,housing,2020,2021,0.010772747731741408,0.020268932927583562,0.009496185195842154,0.009689606981518205,-0.0001934217856760496,0.0,0.0,-1.734723475976807e-18,ok,,113,1,0
fetch-20261006T122600Z-dfc47335,v2.1-f4676a0b,bill_cosign,housing,2021,2022,0.020268932927583562,0.015918996848387313,-0.004349936079196249,-0.00400351700039257,-0.00034641907880367896,0.0,0.0,0.0,ok,,113,4,1
fetch-20261006T122600Z-dfc47335,v2.1-f4676a0b,bill_cosign,housing,2022,2023,0.015918996848387313,0.01532799482326296,-0.0005910020251243524,-0.0012418337612641476,0.0001991640981352529,0.0007198899943379438,0.0002682223563334004,-1.3010426069826053e-18,ok,,111,2,6
fetch-20261006T122600Z-dfc47335,v2.1-f4676a0b,bill_cosign,housing,2023,2024,0.01532799482326296,0.010334822280762036,-0.004993172542500925,-0.002795870895690669,-0.001426539119866575,0.005595006299392968,0.0063657688263366475,-1.734723475976807e-18,ok,,59,56,54
fetch-20261006T122600Z-dfc47335,v2.1-f4676a0b,bill_cosign,housing,2024,2025,0.010334822280762036,0.012447721295218385,0.002112899014456349,0.002621223363596172,-0.0004868989611276321,1.2934937265554262e-05,3.436032527774596e-05,8.673617379884035e-19,ok,,113,1,2
fetch-20261006T122600Z-dfc47335,v2.1-f4676a0b,bill_cosign,immigration,2016,2017,0.013489946655724252,0.009899789269416776,-0.0035901573863074757,-0.003088223388599751,-9.159341502409425e-05,0.0,0.00041034058268362735,-3.0357660829594124e-18,ok,,113,0,4
fetch-20261006T122600Z-dfc47335,v2.1-f4676a0b,bill_cosign,immigration,2017,2018,0.009899789269416776,0.012946014828544948,0.003046225559128172,0.0031289705505979856,-0.0002565170025912215,0.00017377201112140871,0.0,-8.673617379884035e-19,ok,,113,4,0
fetch-20261006T122600Z-dfc47335,v2.1-f4676a0b,bill_cosign,immigration,2018,2019,0.012946014828544948,0.01196775781442284,-0.0009782570141221077,-0.0010363553082719972,-0.00025974001415632173,0.0006460743293133153,0.00032823602100710527,1.3010426069826053e-18,ok,,107,7,10
fetch-20261006T122600Z-dfc47335,v2.1-f4676a0b,bill_cosign,immigration,2019,2020,0.01196775781442284,0.01514343922488333,0.00317568141046049,0.002051315014497103,-0.0007354026320101969,0.00675147466420297,0.004891705636229386,-8.673617379884035e-19,ok,,68,45,46
fetch-20261006T122600Z-dfc47335,v2.1-f4676a0b,bill_cosign,immigration,2020,2021,0.01514343922488333,0.00922214799970311,-0.00592129122518022,-0.0059429548233632945,2.1663598183075358e-05,0.0,0.0,-8.673617379884035e-19,ok,,113,1,0
fetch-20261006T122600Z-dfc47335,v2.1-f4676a0b,bill_cosign,immigration,2021,2022,0.00922214799970311,0.011010527727486086,0.001788379727782976,0.0016557578379271312,0.00013262188985584513,0.0,0.0,-4.336808689942018e-19,ok,,113,4,1
fetch-20261006T122600Z-dfc47335,v2.1-f4676a0b,bill_cosign,immigration,2022,2023,0.011010527727486086,0.017782900590471568,0.006772372862985482,0.006883034720825577,-0.0007175206341320565,0.0006470921297419721,4.0233353450010056e-05,-8.673617379884035e-19,ok,,111,2,6
fetch-20261006T122600Z-dfc47335,v2.1-f4676a0b,bill_cosign,immigration,2023,2024,0.017782900590471568,0.015895468254877258,-0.0018874323355943107,0.00019244394543520426,-0.0027443797174465114,0.007750162257091592,0.007085658820674592,-2.6020852139652106e-18,ok,,59,56,54
fetch-20261006T122600Z-dfc47335,v2.1-f4676a0b,bill_cosign,immigration,2024,2025,0.015895468254877258,0.007847195274436251,-0.008048272980441007,-0.008828595811137263,0.000986484782362732,0.0,0.00020616195166647577,0.0,ok,,113,1,2
fetch-20261006T122600Z-dfc47335,v2.1-f4676a0b,bill_cosign,indigenous,2016,2017,0.02083789267314093,0.02475705341034854,0.003919160737207612,0.004202191124846272,4.7521748412037524e-05,0.0,0.0003305521360506999,2.6020852139652106e-18,ok,,113,0,4
fetch-20261006T122600Z-dfc47335,v2.1-f4676a0b,bill_cosign,indigenous,2017,2018,0.02475705341034854,0.011777880753784368,-0.012979172656564173,-0.012732570050607607,-0.0004203746170779733,0.00017377201112140871,0.0,-1.734723475976807e-18,ok,,113,4,0
fetch-20261006T122600Z-dfc47335,v2.1-f4676a0b,bill_cosign,indigenous,2018,2019,0.011777880753784368,0.023848346870128802,0.012070466116344434,0.011415850727136844,-0.0005004668949071891,0.0017536303224218557,0.0005985480383070744,-1.734723475976807e-18,ok,,107,7,10
fetch-20261006T122600Z-dfc47335,v2.1-f4676a0b,bill_cosign,indigenous,2019,2020,0.023848346870128802,0.025016582569350673,0.0011682356992218715,-0.0012696577854779088,-0.00039040537043359404,0.01406794115556819,0.011239642300434814,-3.469446951953614e-18,ok,,68,45,46
fetch-20261006T122600Z-dfc47335,v2.1-f4676a0b,bill_cosign,indigenous,2020,2021,0.025016582569350673,0.01590217471980999,-0.009114407849540682,-0.008593327213255664,-0.0005210806362850211,0.0,0.0,3.469446951953614e-18,ok,,113,1,0
fetch-20261006T122600Z-dfc47335,v2.1-f4676a0b,bill_cosign,indigenous,2021,2022,0.01590217471980999,0.014986924160128747,-0.0009152505596812435,-0.00040224388883351795,-0.0004882658311436254,0.0,2.4740839704099558e-05,-6.505213034913027e-19,ok,,113,4,1
fetch-20261006T122600Z-dfc47335,v2.1-f4676a0b,bill_cosign,indigenous,2022,2023,0.014986924160128747,0.014203672247836287,-0.0007832519122924608,0.0017537506450777105,-0.002600622544153339,0.00011324112270484509,4.962113592167907e-05,1.734723475976807e-18,ok,,111,2,6
fetch-20261006T122600Z-dfc47335,v2.1-f4676a0b,bill_cosign,indigenous,2023,2024,0.014203672247836287,0.028668346504791355,0.014464674256955069,0.003941383150572964,0.00036406343763128025,0.01696178368266331,0.006802556013912481,-6.938893903907228e-18,ok,,59,56,54
fetch-20261006T122600Z-dfc47335,v2.1-f4676a0b,bill_cosign,indigenous,2024,2025,0.028668346504791355,0.017216401500452724,-0.011451945004338632,-0.010011779181906967,-0.001371264676340322,1.5090760143146637e-05,8.399190623449014e-05,0.0,ok,,113,1,2
fetch-20261006T122600Z-dfc47335,v2.1-f4676a0b,bill_cosign,international,2016,2017,0.005658140701226462,0.005397128606297661,-0.0002610120949288015,-0.0002764771854976259,0.00013514776051821572,0.0,0.00011968266994939133,0.0,ok,,113,0,4
fetch-20261006T122600Z-dfc47335,v2.1-f4676a0b,bill_cosign,international,2017,2018,0.005397128606297661,0.008075571516836577,0.0026784429105389165,0.0027708516374676264,-0.00015033273063584714,5.792400370713623e-05,0.0,8.673617379884035e-19,ok,,113,4,0
fetch-20261006T122600Z-dfc47335,v2.1-f4676a0b,bill_cosign,international,2018,2019,0.008075571516836577,0.0015382722126507508,-0.006537299304185827,-0.005981439269592544,-0.00023664122558341358,0.00015382722126507504,0.00047304603027494593,1.734723475976807e-18,ok,,107,7,10
fetch-20261006T122600Z-dfc47335,v2.1-f4676a0b,bill_cosign,international,2019,2020,0.0015382722126507508,0.0023150451282780184,0.0007767729156272676,0.000582165131246511,-7.263593774132517e-05,0.0010056143841944425,0.0007383706620723603,-3.2526065174565133e-19,ok,,68,45,46
fetch-20261006T122600Z-dfc47335,v2.1-f4676a0b,bill_cosign,international,2020,2021,0.0023150451282780184,0.006877953437739676,0.004562908309461658,0.004505994860173242,5.691344928841686e-05,0.0,0.0,-8.673617379884035e-19,ok,,113,1,0
fetch-20261006T122600Z-dfc47335,v2.1-f4676a0b,bill_cosign,international,2021,2022,0.006877953437739676,0.005184067592033796,-0.0016938858457058803,-0.0016141461871921894,-6.118402873561641e-05,0.0,1.855562977807467e-05,2.168404344971009e-19,ok,,113,4,1
fetch-20261006T122600Z-dfc47335,v2.1-f4676a0b,bill_cosign,international,2022,2023,0.005184067592033796,0.0025074820027501414,-0.0026765855892836544,-0.002225454401649841,-0.00040465406552496664,8.897516783952115e-05,0.0001354522899483672,-8.673617379884035e-19,ok,,111,2,6
fetch-20261006T122600Z-dfc47335,v2.1-f4676a0b,bill_cosign,international,2023,2024,0.0025074820027501414,0.003166876646432253,0.0006593946436821117,0.0007985327236717341,-0.0004514387790553463,0.0015255984423319208,0.0012132977432661978,8.673617379884035e-19,ok,,59,56,54
fetch-20261006T122600Z-dfc47335,v2.1-f4676a0b,bill_cosign,international,2024,2025,0.003166876646432253,0.0029470098736687792,-0.00021986677276347386,-0.0003770543538781194,0.0001953657203121412,0.0,3.817813919749551e-05,-1.6263032587282567e-19,ok,,113,1,2
fetch-20261006T122600Z-dfc47335,v2.1-f4676a0b,bill_cosign,labor,2016,2017,0.06848983267222906,0.06377632237231091,-0.00471351029991815,-0.0037846232422778566,0.0002736388166131173,0.0,0.001202525874253408,-2.6020852139652106e-18,ok,,113,0,4
fetch-20261006T122600Z-dfc47335,v2.1-f4676a0b,bill_cosign,labor,2017,2018,0.06377632237231091,0.06720632530120482,0.0034300029288939077,0.0041576990479595755,-0.001480708167258444,0.0007530120481927711,0.0,5.204170427930421e-18,ok,,113,4,0
fetch-20261006T122600Z-dfc47335,v2.1-f4676a0b,bill_cosign,labor,2018,2019,0.06720632530120482,0.07829292804988104,0.01108660274867622,0.01128381929975686,-0.0020460040029004504,0.003953359586512429,0.0021045721346926163,-3.469446951953614e-18,ok,,107,7,10
fetch-20261006T122600Z-dfc47335,v2.1-f4676a0b,bill_cosign,labor,2019,2020,0.07829292804988104,0.07134117451969772,-0.006951753530183319,-0.0042715057963952155,-0.004058821323106954,0.03440527799493047,0.033026704405611625,6.938893903907228e-18,ok,,68,45,46
fetch-20261006T122600Z-dfc47335,v2.1-f4676a0b,bill_cosign,labor,2020,2021,0.07134117451969772,0.05404168124609006,-0.017299493273607663,-0.016897573095773402,-0.00040192017783426473,0.0,0.0,3.469446951953614e-18,ok,,113,1,0
fetch-20261006T122600Z-dfc47335,v2.1-f4676a0b,bill_cosign,labor,2021,2022,0.05404168124609006,0.048977402266478905,-0.0050642789796111545,-0.00412370163579005,-0.0008756621285286913,4.023335345001006e-05,0.00010514856874242313,0.0,ok,,113,4,1
fetch-20261006T122600Z-dfc47335,v2.1-f4676a0b,bill_cosign,labor,2022,2023,0.048977402266478905,0.04141146970799967,-0.0075659325584792325,-0.00841549462083739,-0.00010037855659015806,0.0016339076275984795,0.000683967008650171,5.204170427930421e-18,ok,,111,2,6
fetch-20261006T122600Z-dfc47335,v2.1-f4676a0b,bill_cosign,labor,2023,2024,0.04141146970799967,0.058857710075210935,0.017446240367211263,0.005930295713631958,-0.003481260171155476,0.0328828312908029,0.01788562646606811,-6.938893903907228e-18,ok,,59,56,54
fetch-20261006T122600Z-dfc47335,v2.1-f4676a0b,bill_cosign,labor,2024,2025,0.058857710075210935,0.07194239641271073,0.013084686337499797,0.014517375986812447,-0.001210287543906059,5.820721769499418e-05,0.00028060932310159205,8.673617379884035e-18,ok,,113,1,2
fetch-20261006T122600Z-dfc47335,v2.1-f4676a0b,bill_cosign,law_crime,2016,2017,0.12052329822641682,0.12252467367080547,0.0020013754443886506,0.003928868123075003,0.001984990793706851,0.0,0.003912483472393197,-6.071532165918825e-18,ok,,113,0,4
fetch-20261006T122600Z-dfc47335,v2.1-f4676a0b,bill_cosign,law_crime,2017,2018,0.12252467367080547,0.11977718566573989,-0.0027474880050655792,-0.0032248708659023797,-0.0010093332343130423,0.0014867160951498302,0.0,1.2576745200831851e-17,ok,,113,4,0
fetch-20261006T122600Z-dfc47335,v2.1-f4676a0b,bill_cosign,law_crime,2018,2019,0.11977718566573989,0.11046332759045041,-0.009313858075289477,-0.0067761287512938416,-0.0035622461801135662,0.0056198211502174085,0.0045953042940994745,-3.469446951953614e-18,ok,,107,7,10
fetch-20261006T122600Z-dfc47335,v2.1-f4676a0b,bill_cosign,law_crime,2019,2020,0.11046332759045041,0.10913995688531969,-0.001323370705130722,-0.002376410212180999,-0.0053044052704312675,0.05316194063440174,0.04680449585692019,0.0,ok,,68,45,46
fetch-20261006T122600Z-dfc47335,v2.1-f4676a0b,bill_cosign,law_crime,2020,2021,0.10913995688531969,0.10138698914584018,-0.007752967739479505,-0.008285934993391735,0.0005329672539122248,0.0,0.0,5.204170427930421e-18,ok,,113,1,0
fetch-20261006T122600Z-dfc47335,v2.1-f4676a0b,bill_cosign,law_crime,2021,2022,0.10138698914584018,0.10704150740964258,0.005654518263802394,0.005919001055428624,-6.811712094034446e-05,2.011667672500503e-05,0.0002164823474108711,-1.9081958235744878e-17,ok,,113,4,1
fetch-20261006T122600Z-dfc47335,v2.1-f4676a0b,bill_cosign,law_crime,2022,2023,0.10704150740964258,0.09115991264256249,-0.015881594767080093,-0.014126334912457907,-0.002556015211995217,0.0026830057429426514,0.001882250385569637,1.734723475976807e-17,ok,,111,2,6
fetch-20261006T122600Z-dfc47335,v2.1-f4676a0b,bill_cosign,law_crime,2023,2024,0.09115991264256249,0.08390600542129577,-0.007253907221266717,-0.005531366709718783,-0.006779983973461925,0.0452758370557019,0.04021839359378792,6.938893903907228e-18,ok,,59,56,54
fetch-20261006T122600Z-dfc47335,v2.1-f4676a0b,bill_cosign,law_crime,2024,2025,0.08390600542129577,0.09993532531367223,0.016029319892376465,0.01495068939123087,0.0015108982969844278,2.5869874531108523e-05,0.0004581376703699462,6.938893903907228e-18,ok,,113,1,2
fetch-20261006T122600Z-dfc47335,v2.1-f4676a0b,bill_cosign,macroeconomy,2016,2017,0.029488100123102174,0.05051090796076469,0.021022807837662517,0.020673895804150067,0.0007421550919176113,0.0,0.00039324305840514296,-1.734723475976807e-17,ok,,113,0,4
fetch-20261006T122600Z-dfc47335,v2.1-f4676a0b,bill_cosign,macroeconomy,2017,2018,0.05051090796076469,0.03510677324683349,-0.015404134713931199,-0.015615749735825456,-0.0004110680179574666,0.0006226830398517146,0.0,1.0408340855860843e-17,ok,,113,4,0
fetch-20261006T122600Z-dfc47335,v2.1-f4676a0b,bill_cosign,macroeconomy,2018,2019,0.03510677324683349,0.03822093691032898,0.003114163663495491,0.0029317711996434516,-0.0009370082728154455,0.002133070801542374,0.001013670064874884,-5.637851296924623e-18,ok,,107,7,10
fetch-20261006T122600Z-dfc47335,v2.1-f4676a0b,bill_cosign,macroeconomy,2019,2020,0.03822093691032898,0.035385426290479235,-0.0028355106198497473,-0.0016034223238119458,-0.0013427568020222347,0.01642148153412456,0.016310813028140126,0.0,ok,,68,45,46
fetch-20261006T122600Z-dfc47335,v2.1-f4676a0b,bill_cosign,macroeconomy,2020,2021,0.035385426290479235,0.045910604277337744,0.010525177986858508,0.010842285462017855,-0.00031710747515934905,0.0,0.0,3.469446951953614e-18,ok,,113,1,0
fetch-20261006T122600Z-dfc47335,v2.1-f4676a0b,bill_cosign,macroeconomy,2021,2022,0.045910604277337744,0.04043720244082344,-0.005473401836514305,-0.004970835174588406,-0.0004974221499644921,1.3411117816670019e-05,1.855562977807467e-05,-2.6020852139652106e-18,ok,,113,4,1
fetch-20261006T122600Z-dfc47335,v2.1-f4676a0b,bill_cosign,macroeconomy,2022,2023,0.04043720244082344,0.03556984550675402,-0.004867356934069415,-0.003643340048068837,-0.002175086434036637,0.0013346275175928175,0.00038355796955676254,3.469446951953614e-18,ok,,111,2,6
fetch-20261006T122600Z-dfc47335,v2.1-f4676a0b,bill_cosign,macroeconomy,2023,2024,0.03556984550675402,0.07276753331042646,0.037197687803672434,0.015004178960945186,-0.0021368585003613658,0.040713931202993166,0.016383563859904554,0.0,ok,,59,56,54
fetch-20261006T122600Z-dfc47335,v2.1-f4676a0b,bill_cosign,macroeconomy,2024,2025,0.07276753331042646,0.05166257060319923,-0.021104962707227226,-0.01769270495991002,-0.003204186888690846,0.0,0.00020807085862635053,-1.0408340855860843e-17,ok,,113,1,2
fetch-20261006T122600Z-dfc47335,v2.1-f4676a0b,bill_cosign,public_lands,2016,2017,0.020025760269912915,0.014845893785721867,-0.005179866484191048,-0.004491934584038887,-6.672185136722834e-05,0.0,0.0006212100487849358,2.6020852139652106e-18,ok,,113,0,4
fetch-20261006T122600Z-dfc47335,v2.1-f4676a0b,bill_cosign,public_lands,2017,2018,0.014845893785721867,0.016527649057769538,0.001681755272047671,0.001258571448107194,7.563980169766179e-05,0.0003475440222428174,0.0,-2.168404344971009e-18,ok,,113,4,0
fetch-20261006T122600Z-dfc47335,v2.1-f4676a0b,bill_cosign,public_lands,2018,2019,0.016527649057769538,0.006522274181639183,-0.010005374876130355,-0.009378167773552106,-0.0004135455117441752,0.00030765444253015014,0.0005213160333642261,0.0,ok,,107,7,10
fetch-20261006T122600Z-dfc47335,v2.1-f4676a0b,bill_cosign,public_lands,2019,2020,0.006522274181639183,0.01208454741430365,0.005562273232664467,0.0032203706984730938,-0.0005340750705417548,0.005726908772179184,0.002850931167446058,3.469446951953614e-18,ok,,68,45,46
fetch-20261006T122600Z-dfc47335,v2.1-f4676a0b,bill_cosign,public_lands,2020,2021,0.01208454741430365,0.009042776911848387,-0.0030417705024552624,-0.0030174554040482207,-2.4315098407040953e-05,0.0,0.0,-8.673617379884035e-19,ok,,113,1,0
fetch-20261006T122600Z-dfc47335,v2.1-f4676a0b,bill_cosign,public_lands,2021,2022,0.009042776911848387,0.01658284718031248,0.007540070268464094,0.0076600302038298314,-8.28486758095904e-05,0.0,3.711125955614934e-05,2.6020852139652106e-18,ok,,113,4,1
fetch-20261006T122600Z-dfc47335,v2.1-f4676a0b,bill_cosign,public_lands,2022,2023,0.01658284718031248,0.013419073040524145,-0.0031637741397883366,-0.0025286212478642907,-0.0007900967006909416,0.0003963439294669579,0.00024140012070006037,-1.734723475976807e-18,ok,,111,2,6
fetch-20261006T122600Z-dfc47335,v2.1-f4676a0b,bill_cosign,public_lands,2023,2024,0.013419073040524145,0.015187263772763715,0.0017681907322395704,0.0005797594661306668,-0.001521138253554241,0.00825029588057878,0.005540726360915635,0.0,ok,,59,56,54
fetch-20261006T122600Z-dfc47335,v2.1-f4676a0b,bill_cosign,public_lands,2024,2025,0.015187263772763715,0.008819902556805932,-0.006367361215957783,-0.006830288598924326,0.0004599643919539358,2.5869874531108523e-05,2.2906883518497306e-05,-3.469446951953614e-18,ok,,113,1,2
fetch-20261006T122600Z-dfc47335,v2.1-f4676a0b,bill_cosign,social_welfare,2016,2017,0.0240647654219669,0.026026743075453676,0.0019619776534867753,0.002389096713214825,3.736368317078183e-05,0.0,0.0004644827428988282,-3.469446951953614e-18,ok,,113,0,4
fetch-20261006T122600Z-dfc47335,v2.1-f4676a0b,bill_cosign,social_welfare,2017,2018,0.026026743075453676,0.0337648671609515,0.007738124085497823,0.007940010951544204,-0.0006507978947766883,0.0004489110287303058,0.0,1.734723475976807e-18,ok,,113,4,0
fetch-20261006T122600Z-dfc47335,v2.1-f4676a0b,bill_cosign,social_welfare,2018,2019,0.0337648671609515,0.04231274099597998,0.008547873835028481,0.009105582502079336,-0.0012221690797461434,0.0021125605053736976,0.0014481000926784059,-1.734723475976807e-18,ok,,107,7,10
fetch-20261006T122600Z-dfc47335,v2.1-f4676a0b,bill_cosign,social_welfare,2019,2020,0.04231274099597998,0.044515315187264586,0.002202574191284605,0.000607009662502854,-0.0023545374029152874,0.022014545282259018,0.018064443350561985,3.469446951953614e-18,ok,,68,45,46
fetch-20261006T122600Z-dfc47335,v2.1-f4676a0b,bill_cosign,social_welfare,2020,2021,0.044515315187264586,0.05508017799266964,0.010564862805405056,0.0109803737855556,-0.00041551098015054396,0.0,0.0,0.0,ok,,113,1,0
fetch-20261006T122600Z-dfc47335,v2.1-f4676a0b,bill_cosign,social_welfare,2021,2022,0.05508017799266964,0.019449473613625694,-0.03563070437904395,-0.034697274054270186,-0.0008035409163272449,0.0,0.00012988940844652267,0.0,ok,,113,4,1
fetch-20261006T122600Z-dfc47335,v2.1-f4676a0b,bill_cosign,social_welfare,2022,2023,0.019449473613625694,0.033559815578743026,0.014110341965117332,0.01538706889260455,-0.0017510488105539573,0.0009504165655585214,0.0004760946824917857,3.469446951953614e-18,ok,,111,2,6
fetch-20261006T122600Z-dfc47335,v2.1-f4676a0b,bill_cosign,social_welfare,2023,2024,0.033559815578743026,0.0580960561982209,0.024536240619477873,0.01235067716302308,-0.0031299242047013553,0.030687970068338864,0.015372482407182725,6.938893903907228e-18,ok,,59,56,54
fetch-20261006T122600Z-dfc47335,v2.1-f4676a0b,bill_cosign,social_welfare,2024,2025,0.0580960561982209,0.056222998318458145,-0.0018730578797627531,-0.000422847443878992,-0.0011011461437541341,6.898633208295606e-05,0.0004180506242125759,-7.15573433840433e-18,ok,,113,1,2
fetch-20261006T122600Z-dfc47335,v2.1-f4676a0b,bill_cosign,technology,2016,2017,0.02382141065973647,0.015429572019829899,-0.008391838639906573,-0.008553703454127034,0.0002758483094103614,0.0,0.0001139834951898965,-3.469446951953614e-18,ok,,113,0,4
fetch-20261006T122600Z-dfc47335,v2.1-f4676a0b,bill_cosign,technology,2017,2018,0.015429572019829899,0.027243589743589744,0.011814017723759845,0.012224327498728236,-0.0007192377947397841,0.00030892801977139327,0.0,0.0,ok,,113,4,0
fetch-20261006T122600Z-dfc47335,v2.1-f4676a0b,bill_cosign,technology,2018,2019,0.027243589743589744,0.02339712035441792,-0.003846469389171825,-0.002930756887591377,-0.0007138956543053216,0.001333169250963984,0.0015349860982391103,4.336808689942018e-19,ok,,107,7,10
fetch-20261006T122600Z-dfc47335,v2.1-f4676a0b,bill_cosign,technology,2019,2020,0.02339712035441792,0.03756248075237486,0.01416536039795694,0.007966651272369049,-0.0013852494678629579,0.017654514012271104,0.010070555418820248,-6.938893903907228e-18,ok,,68,45,46
fetch-20261006T122600Z-dfc47335,v2.1-f4676a0b,bill_cosign,technology,2020,2021,0.03756248075237486,0.07916945001113337,0.041606969258758515,0.040575356794285415,0.0010316124644731226,0.0,0.0,-2.0816681711721685e-17,ok,,113,1,0
fetch-20261006T122600Z-dfc47335,v2.1-f4676a0b,bill_cosign,technology,2021,2022,0.07916945001113337,0.0778783611614028,-0.0012910888497305734,-0.0019921320738999753,0.0008267698407574439,5.3644471266680075e-05,0.0001793710878547218,-2.168404344971009e-19,ok,,113,4,1
fetch-20261006T122600Z-dfc47335,v2.1-f4676a0b,bill_cosign,technology,2022,2023,0.0778783611614028,0.06261910539513063,-0.01525925576627217,-0.022618592112259108,0.007190717004619914,0.0018684785246299443,0.001699859183262925,5.204170427930421e-18,ok,,111,2,6
fetch-20261006T122600Z-dfc47335,v2.1-f4676a0b,bill_cosign,technology,2023,2024,0.06261910539513063,0.0598446149734662,-0.00277449042166443,0.007904259212328218,-0.015026006333656219,0.027348146451341968,0.0230008897516784,3.469446951953614e-18,ok,,59,56,54
fetch-20261006T122600Z-dfc47335,v2.1-f4676a0b,bill_cosign,technology,2024,2025,0.0598446149734662,0.08580735566765835,0.025962740694192146,0.019210302831201186,0.0075126102444746795,1.2934937265554262e-05,0.0007731073187492841,1.0408340855860843e-17,ok,,113,1,2
fetch-20261006T122600Z-dfc47335,v2.1-f4676a0b,bill_cosign,transitional_justice,2016,2017,0.009010395294761319,0.0021694637740483015,-0.006840931520713018,-0.006615099617953541,-9.263261898672783e-06,0.0,0.00021656864086080338,-8.673617379884035e-19,ok,,113,0,4
fetch-20261006T122600Z-dfc47335,v2.1-f4676a0b,bill_cosign,transitional_justice,2017,2018,0.0021694637740483015,0.0082348625270312,0.0060653987529829,0.006295149219342738,-0.00022975046635983728,0.0,0.0,-1.734723475976807e-18,ok,,113,4,0
fetch-20261006T122600Z-dfc47335,v2.1-f4676a0b,bill_cosign,transitional_justice,2018,2019,0.0082348625270312,0.001271638362457954,-0.006963224164573247,-0.005921197576980959,-0.0006365585616423355,0.0,0.00040546802594995364,1.734723475976807e-18,ok,,107,7,10
fetch-20261006T122600Z-dfc47335,v2.1-f4676a0b,bill_cosign,transitional_justice,2019,2020,0.001271638362457954,0.004003506028948428,0.0027318676664904746,0.0018751701042680207,-0.00023001433770066478,0.0016404898964773893,0.0005537779965542702,-4.336808689942018e-19,ok,,68,45,46
fetch-20261006T122600Z-dfc47335,v2.1-f4676a0b,bill_cosign,transitional_justice,2020,2021,0.004003506028948428,0.0034142358791657387,-0.0005892701497826895,-0.0007499885109190241,0.0001607183611363346,0.0,0.0,0.0,ok,,113,1,0
fetch-20261006T122600Z-dfc47335,v2.1-f4676a0b,bill_cosign,transitional_justice,2021,2022,0.0034142358791657387,0.004264735465701066,0.000850499586535327,0.0008029155427073666,6.613967360603553e-05,0.0,1.855562977807467e-05,-4.336808689942018e-19,ok,,113,4,1
fetch-20261006T122600Z-dfc47335,v2.1-f4676a0b,bill_cosign,transitional_justice,2022,2023,0.004264735465701066,0.004650974682520423,0.00038623921681935763,-0.0002830542949938676,0.0005394552765471047,0.0002103049421661409,8.046670690002011e-05,-2.168404344971009e-19,ok,,111,2,6
fetch-20261006T122600Z-dfc47335,v2.1-f4676a0b,bill_cosign,transitional_justice,2023,2024,0.004650974682520423,0.00485244149200168,0.0002014668094812563,0.0009786987060876984,-0.0014974943154034352,0.0020387126331462605,0.0013184502143492682,8.673617379884035e-19,ok,,59,56,54
fetch-20261006T122600Z-dfc47335,v2.1-f4676a0b,bill_cosign,transitional_justice,2024,2025,0.00485244149200168,0.000297503557107748,-0.004554937934893932,-0.004686485370243406,0.0002460818529419589,0.0,0.00011453441759248655,2.6020852139652106e-18,ok,,113,1,2
fetch-20261006T122600Z-dfc47335,v2.1-f4676a0b,bill_cosign,transportation,2016,2017,0.06029156978069576,0.06284774336350267,0.0025561735828069088,-0.00021238764926204506,0.0035578969362590005,0.0,0.0007893357041900333,-1.3010426069826053e-17,ok,,113,0,4
fetch-20261006T122600Z-dfc47335,v2.1-f4676a0b,bill_cosign,transportation,2017,2018,0.06284774336350267,0.042834800741427245,-0.020012942622075425,-0.019739801033516653,-0.0004469135996801969,0.00017377201112140871,0.0,1.734723475976807e-17,ok,,113,4,0
fetch-20261006T122600Z-dfc47335,v2.1-f4676a0b,bill_cosign,transportation,2018,2019,0.042834800741427245,0.08013372713101977,0.03729892638959252,0.036196572842228526,-0.0020993364744282465,0.004717368118795636,0.0015156780970033983,0.0,ok,,107,7,10
fetch-20261006T122600Z-dfc47335,v2.1-f4676a0b,bill_cosign,transportation,2019,2020,0.08013372713101977,0.050502807192097224,-0.029630919938922543,-0.018475055112942278,-0.0022215981810287705,0.023636083670907068,0.032570350315858546,-1.734723475976807e-17,ok,,68,45,46
fetch-20261006T122600Z-dfc47335,v2.1-f4676a0b,bill_cosign,transportation,2020,2021,0.050502807192097224,0.05814035478364136,0.007637547591544135,0.00800332268404496,-0.00036577509250082556,0.0,0.0,0.0,ok,,113,1,0
fetch-20261006T122600Z-dfc47335,v2.1-f4676a0b,bill_cosign,transportation,2021,2022,0.05814035478364136,0.057868973378931134,-0.00027138140471022476,0.0011550100025479483,-0.0013970264045749803,2.0116676725005028e-05,4.9481679408199116e-05,1.3010426069826053e-18,ok,,113,4,1
fetch-20261006T122600Z-dfc47335,v2.1-f4676a0b,bill_cosign,transportation,2022,2023,0.057868973378931134,0.05195664482730729,-0.005912328551623845,-0.0038743884692432075,-0.0025717162396944474,0.0015530211113807331,0.0010192449540669215,-1.734723475976807e-18,ok,,111,2,6
fetch-20261006T122600Z-dfc47335,v2.1-f4676a0b,bill_cosign,transportation,2023,2024,0.05195664482730729,0.03718932539228038,-0.014767319435026911,-0.006834361360865908,-0.004873978444732046,0.019220402397587138,0.0222793820270161,6.938893903907228e-18,ok,,59,56,54
fetch-20261006T122600Z-dfc47335,v2.1-f4676a0b,bill_cosign,transportation,2024,2025,0.03718932539228038,0.04813952485663778,0.0109501994643574,0.01100799911076067,5.363893941286212e-05,6.0363040572586555e-05,0.00017180162638872983,1.214306433183765e-17,ok,,113,1,2
fetch-20261006T122600Z-dfc47335,v2.1-f4676a0b,bill_cosign,unclassified,2016,2017,0.17497606346601013,0.19607040523945968,0.021094341773449543,0.020156334404781286,0.006204044846441487,0.0,0.005266037477773218,-1.3877787807814457e-17,ok,,113,0,4
fetch-20261006T122600Z-dfc47335,v2.1-f4676a0b,bill_cosign,unclassified,2017,2018,0.19607040523945968,0.19636237256719186,0.0002919673277321788,-0.002184914788888899,-0.0007089380872714285,0.003185820203892493,0.0,1.3444106938820255e-17,ok,,113,4,0
fetch-20261006T122600Z-dfc47335,v2.1-f4676a0b,bill_cosign,unclassified,2018,2019,0.19636237256719186,0.20612847649520058,0.009766103928008724,0.010504933887795461,-0.004063394048512551,0.011260152596603495,0.007935588507877664,-1.734723475976807e-17,ok,,107,7,10
fetch-20261006T122600Z-dfc47335,v2.1-f4676a0b,bill_cosign,unclassified,2019,2020,0.20612847649520058,0.16530452704143273,-0.040823949453767855,-0.017703828705590882,-0.010502265548693143,0.07654040224575369,0.0891582574452375,-1.3877787807814457e-17,ok,,68,45,46
fetch-20261006T122600Z-dfc47335,v2.1-f4676a0b,bill_cosign,unclassified,2020,2021,0.16530452704143273,0.1523046092184369,-0.012999917822995838,-0.013652434694103719,0.0006525168711078562,0.0,0.0,2.42861286636753e-17,ok,,113,1,0
fetch-20261006T122600Z-dfc47335,v2.1-f4676a0b,bill_cosign,unclassified,2021,2022,0.1523046092184369,0.16101388050694027,0.008709271288503379,0.008445010755390668,0.0006724843882303553,0.0,0.0004082238551176427,-1.734723475976807e-18,ok,,113,4,1
fetch-20261006T122600Z-dfc47335,v2.1-f4676a0b,bill_cosign,unclassified,2022,2023,0.16101388050694027,0.16136859985440427,0.00035471934746400535,-0.0003082583686215579,-0.002117194846046323,0.005435573889832566,0.002655401327700664,-1.6046192152785466e-17,ok,,111,2,6
fetch-20261006T122600Z-dfc47335,v2.1-f4676a0b,bill_cosign,unclassified,2023,2024,0.16136859985440427,0.1651586301683656,0.003790030313961329,0.013878401980126335,-0.022685834660722815,0.08296873210399726,0.07037126910943946,1.3877787807814457e-17,ok,,59,56,54
fetch-20261006T122600Z-dfc47335,v2.1-f4676a0b,bill_cosign,unclassified,2024,2025,0.1651586301683656,0.15511576768852672,-0.010042862479838877,-0.012550402747390712,0.0040762632662776944,0.00010347949812443409,0.0016722024968503035,1.0408340855860843e-17,ok,,113,1,2
fetch-20261006T122600Z-dfc47335,v2.1-f4676a0b,bill_primary,agriculture,2016,2017,0.03241575314656922,0.018101163728540155,-0.014314589418029065,-0.013836429197779469,-0.00047816022024960484,0.0,0.0,8.673617379884035e-18,ok,,113,0,4
fetch-20261006T122600Z-dfc47335,v2.1-f4676a0b,bill_primary,agriculture,2017,2018,0.018101163728540155,0.02878239903556359,0.010681235307023435,0.010275321172725782,0.0004059141342976546,0.0,0.0,-1.734723475976807e-18,ok,,113,4,0
fetch-20261006T122600Z-dfc47335,v2.1-f4676a0b,bill_primary,agriculture,2018,2019,0.02878239903556359,0.03259677166588309,0.003814372630319498,0.006436021414543203,-0.0029530746124269524,0.002742516846889203,0.0024110910186859553,0.0,ok,,107,7,10
fetch-20261006T122600Z-dfc47335,v2.1-f4676a0b,bill_primary,agriculture,2019,2020,0.03259677166588309,0.03853777777777778,0.005941006111894694,-0.00208218092760317,-0.000565015436603066,0.014386666666666666,0.005798464190565743,6.071532165918825e-18,ok,,68,45,46
fetch-20261006T122600Z-dfc47335,v2.1-f4676a0b,bill_primary,agriculture,2020,2021,0.03853777777777778,0.019338926435174396,-0.019198851342603386,-0.017858006035891723,-0.0013408453067116572,0.0,0.0,-6.938893903907228e-18,ok,,113,1,0
fetch-20261006T122600Z-dfc47335,v2.1-f4676a0b,bill_primary,agriculture,2021,2022,0.019338926435174396,0.024421382093731982,0.0050824556585575865,0.005782991503980505,-0.0007005358454229184,0.0,0.0,0.0,ok,,113,4,1
fetch-20261006T122600Z-dfc47335,v2.1-f4676a0b,bill_primary,agriculture,2022,2023,0.024421382093731982,0.03652409046214356,0.01210270836841158,0.014876544320939994,-0.00196359230360387,0.0005899705014749262,0.0014002141503994727,1.734723475976807e-18,ok,,111,2,6
fetch-20261006T122600Z-dfc47335,v2.1-f4676a0b,bill_primary,agriculture,2023,2024,0.03652409046214356,0.024820114304510504,-0.011703976157633057,-0.005297651657668326,-0.006530470342341623,0.013909789893507668,0.013785644051130776,0.0,ok,,59,56,54
fetch-20261006T122600Z-dfc47335,v2.1-f4676a0b,bill_primary,agriculture,2024,2025,0.024820114304510504,0.04028799361046101,0.015467879305950505,0.014548724869921535,0.0009191544360289775,0.0,0.0,-6.938893903907228e-18,ok,,113,1,2
fetch-20261006T122600Z-dfc47335,v2.1-f4676a0b,bill_primary,civil_rights,2016,2017,0.03609419407226959,0.04390482774513193,0.00781063367286234,0.005821036111006887,0.0037760368635200896,0.0,0.0017864393016646368,0.0,ok,,113,0,4
fetch-20261006T122600Z-dfc47335,v2.1-f4676a0b,bill_primary,civil_rights,2017,2018,0.04390482774513193,0.0626130198915009,0.018708192146368978,0.0174918958832188,0.0012162962631501765,0.0,0.0,0.0,ok,,113,4,0
fetch-20261006T122600Z-dfc47335,v2.1-f4676a0b,bill_primary,civil_rights,2018,2019,0.0626130198915009,0.03616204356683905,-0.026450976324661854,-0.025160854602719038,-0.001698435083292174,0.0018022253565271901,0.001393911995177818,-1.3877787807814457e-17,ok,,107,7,10
fetch-20261006T122600Z-dfc47335,v2.1-f4676a0b,bill_primary,civil_rights,2019,2020,0.03616204356683905,0.035022222222222225,-0.0011398213446168273,-0.004794287239421808,-0.0011201462349552495,0.019466666666666656,0.014692054536906439,1.3877787807814457e-17,ok,,68,45,46
fetch-20261006T122600Z-dfc47335,v2.1-f4676a0b,bill_primary,civil_rights,2020,2021,0.035022222222222225,0.04699759185892954,0.011975369636707311,0.008934625910481282,0.0030407437262260344,0.0,0.0,-5.204170427930421e-18,ok,,113,1,0
fetch-20261006T122600Z-dfc47335,v2.1-f4676a0b,bill_primary,civil_rights,2021,2022,0.04699759185892954,0.043839057738242315,-0.0031585341206872217,-0.0037990576469915938,0.0010677743613855476,0.0,0.00042725083508117766,1.734723475976807e-18,ok,,113,4,1
fetch-20261006T122600Z-dfc47335,v2.1-f4676a0b,bill_primary,civil_rights,2022,2023,0.043839057738242315,0.08730088495575221,0.043461827217509894,0.04142734561288048,4.588230714183373e-05,0.0024827925270403143,0.0004941932295527551,2.0816681711721685e-17,ok,,111,2,6
fetch-20261006T122600Z-dfc47335,v2.1-f4676a0b,bill_primary,civil_rights,2023,2024,0.08730088495575221,0.043417211463344436,-0.04388367349240777,-0.020589955284430972,-0.011580244570775064,0.029741786933103084,0.041455260570304825,6.938893903907228e-18,ok,,59,56,54
fetch-20261006T122600Z-dfc47335,v2.1-f4676a0b,bill_primary,civil_rights,2024,2025,0.043417211463344436,0.03317638099483636,-0.010240830468508079,-0.012746677627093531,0.002752547540971051,0.0,0.00024670038238559273,-5.204170427930421e-18,ok,,113,1,2
fetch-20261006T122600Z-dfc47335,v2.1-f4676a0b,bill_primary,commerce,2016,2017,0.03351603735282176,0.037216269155432656,0.0037002318026108927,0.005140120984993666,-0.0011962838230648706,0.0,0.00024360535931790503,2.168404344971009e-18,ok,,113,0,4
fetch-20261006T122600Z-dfc47335,v2.1-f4676a0b,bill_primary,commerce,2017,2018,0.037216269155432656,0.0344333936106088,-0.002782875544823857,-0.005614301945415469,0.0028314264005916156,0.0,0.0,-3.0357660829594124e-18,ok,,113,4,0
fetch-20261006T122600Z-dfc47335,v2.1-f4676a0b,bill_primary,commerce,2018,2019,0.0344333936106088,0.01582824008776054,-0.01860515352284826,-0.016437536829801265,-0.0025865040827972503,0.001097006738755681,0.000678119349005425,3.469446951953614e-18,ok,,107,7,10
fetch-20261006T122600Z-dfc47335,v2.1-f4676a0b,bill_primary,commerce,2019,2020,0.01582824008776054,0.019559999999999998,0.0037317599122394587,0.0061920636564277015,-0.0005169594407875192,0.004364444444444444,0.006307788747845165,-2.6020852139652106e-18,ok,,68,45,46
fetch-20261006T122600Z-dfc47335,v2.1-f4676a0b,bill_primary,commerce,2020,2021,0.019559999999999998,0.022264207477444484,0.002704207477444487,0.0037237050797927387,-0.0010194976023482555,0.0,0.0,3.469446951953614e-18,ok,,113,1,0
fetch-20261006T122600Z-dfc47335,v2.1-f4676a0b,bill_primary,commerce,2021,2022,0.022264207477444484,0.023659500864838152,0.001395293387393668,0.001035745309462059,0.00035954807793160714,0.0,0.0,1.734723475976807e-18,ok,,113,4,1
fetch-20261006T122600Z-dfc47335,v2.1-f4676a0b,bill_primary,commerce,2022,2023,0.023659500864838152,0.038815142576204525,0.015155641711366373,0.014507401118875328,0.0014718959750789661,0.0,0.0008236553825879252,5.204170427930421e-18,ok,,111,2,6
fetch-20261006T122600Z-dfc47335,v2.1-f4676a0b,bill_primary,commerce,2023,2024,0.038815142576204525,0.027889478228691252,-0.010925664347513273,-0.0001385085491890519,-0.0021790893265193154,0.014302454668804736,0.022910521140609635,-6.938893903907228e-18,ok,,59,56,54
fetch-20261006T122600Z-dfc47335,v2.1-f4676a0b,bill_primary,commerce,2024,2025,0.027889478228691252,0.026340131505627994,-0.0015493467230632586,-0.00023209440486754917,-0.0014008364037858142,8.358408559010364e-05,0.0,1.0842021724855044e-18,ok,,113,1,2
fetch-20261006T122600Z-dfc47335,v2.1-f4676a0b,bill_primary,cross_strait,2016,2017,0.005765326837190419,0.0024196335983408227,-0.003345693238849596,-0.003519825707466426,0.0004989396143740391,0.0,0.00032480714575720663,-2.6020852139652106e-18,ok,,113,0,4
fetch-20261006T122600Z-dfc47335,v2.1-f4676a0b,bill_primary,cross_strait,2017,2018,0.0024196335983408227,0.0002260397830018083,-0.0021935938153390144,-0.002101763414861619,-9.183040047739579e-05,0.0,0.0,4.336808689942018e-19,ok,,113,4,0
fetch-20261006T122600Z-dfc47335,v2.1-f4676a0b,bill_primary,cross_strait,2018,2019,0.0002260397830018083,0.0018805829807240243,0.001654543197722216,0.0020024777619825915,-0.00034793456426037523,0.0,0.0,-2.168404344971009e-19,ok,,107,7,10
fetch-20261006T122600Z-dfc47335,v2.1-f4676a0b,bill_primary,cross_strait,2019,2020,0.0018805829807240243,0.0015555555555555555,-0.0003250274251684689,0.00021953637967023814,0.0001419116692249194,0.0004888888888888889,0.0011753643629525152,-1.0842021724855044e-19,ok,,68,45,46
fetch-20261006T122600Z-dfc47335,v2.1-f4676a0b,bill_primary,cross_strait,2020,2021,0.0015555555555555555,0.002058572205391129,0.0005030166498355734,0.0005540685258693254,-5.105187603375228e-05,0.0,0.0,2.168404344971009e-19,ok,,113,1,0
fetch-20261006T122600Z-dfc47335,v2.1-f4676a0b,bill_primary,cross_strait,2021,2022,0.002058572205391129,0.0008236553825879252,-0.0012349168228032036,-0.0009477133172822706,-0.0001706805504987936,0.0,0.00011652295502213937,0.0,ok,,113,4,1
fetch-20261006T122600Z-dfc47335,v2.1-f4676a0b,bill_primary,cross_strait,2022,2023,0.0008236553825879252,0.0031710914454277286,0.0023474360628398033,0.002312389809209305,3.504625363049874e-05,0.0,0.0,-4.336808689942018e-19,ok,,111,2,6
fetch-20261006T122600Z-dfc47335,v2.1-f4676a0b,bill_primary,cross_strait,2023,2024,0.0031710914454277286,0.0014411414004358374,-0.0017299500449918911,-0.001448848514656054,0.00019001554330762307,0.0005859134081657826,0.0010570304818092427,0.0,ok,,59,56,54
fetch-20261006T122600Z-dfc47335,v2.1-f4676a0b,bill_primary,cross_strait,2024,2025,0.0014411414004358374,0.002340354396522902,0.0008992129960870645,0.0010496477690080928,-0.0001504347729210281,0.0,0.0,-2.168404344971009e-19,ok,,113,1,2
fetch-20261006T122600Z-dfc47335,v2.1-f4676a0b,bill_primary,culture,2016,2017,0.03668290702395453,0.0299919345546722,-0.006690972469282328,-0.0071609378895525246,0.0009571761389060066,0.0,0.00048721071863580995,-8.673617379884035e-19,ok,,113,0,4
fetch-20261006T122600Z-dfc47335,v2.1-f4676a0b,bill_primary,culture,2017,2018,0.0299919345546722,0.02399789029535865,-0.005994044259313547,-0.007634230381839594,0.0002839474245151999,0.00135623869801085,0.0,-1.734723475976807e-18,ok,,113,4,0
fetch-20261006T122600Z-dfc47335,v2.1-f4676a0b,bill_primary,culture,2018,2019,0.02399789029535865,0.030755367497257484,0.006757477201898832,0.0021605686738266176,0.0016102857190038158,0.0032126625920702086,0.0002260397830018083,-1.734723475976807e-18,ok,,107,7,10
fetch-20261006T122600Z-dfc47335,v2.1-f4676a0b,bill_primary,culture,2019,2020,0.030755367497257484,0.03364444444444445,0.002889076947186965,0.005383217466216228,-0.001587354748773822,0.012022222222222224,0.012929007992477667,1.734723475976807e-18,ok,,68,45,46
fetch-20261006T122600Z-dfc47335,v2.1-f4676a0b,bill_primary,culture,2020,2021,0.03364444444444445,0.031818534918045524,-0.001825909526398925,-0.000612411255263403,-0.001213498271135519,0.0,0.0,-3.0357660829594124e-18,ok,,113,1,0
fetch-20261006T122600Z-dfc47335,v2.1-f4676a0b,bill_primary,culture,2021,2022,0.031818534918045524,0.04153694094390907,0.009718406025863546,0.010006646961268798,-0.0001787433327491621,0.00012354830738818876,0.00023304591004427873,0.0,ok,,113,4,1
fetch-20261006T122600Z-dfc47335,v2.1-f4676a0b,bill_primary,culture,2022,2023,0.04153694094390907,0.057645034414945916,0.016108093471036845,0.01797165287118413,-0.0007797236734755024,0.0009341199606686331,0.0020179556873404164,3.469446951953614e-18,ok,,111,2,6
fetch-20261006T122600Z-dfc47335,v2.1-f4676a0b,bill_primary,culture,2023,2024,0.057645034414945916,0.04244891246248098,-0.015196121952464933,-0.00907186581681483,-0.009909157296003048,0.026228362320628258,0.02244346116027532,6.938893903907228e-18,ok,,59,56,54
fetch-20261006T122600Z-dfc47335,v2.1-f4676a0b,bill_primary,culture,2024,2025,0.04244891246248098,0.026862996396597196,-0.015585916065883786,-0.017097687960362262,0.001177435552118074,0.00033433634236041456,0.0,-1.3877787807814457e-17,ok,,113,1,2
fetch-20261006T122600Z-dfc47335,v2.1-f4676a0b,bill_primary,defense,2016,2017,0.0257206658546488,0.02080308791335407,-0.004917577941294729,-0.006026370396623317,0.0013523978146464896,0.0,0.00024360535931790498,4.336808689942018e-18,ok,,113,0,4
fetch-20261006T122600Z-dfc47335,v2.1-f4676a0b,bill_primary,defense,2017,2018,0.02080308791335407,0.026597347799879444,0.0057942598865253735,0.005550747136851551,0.00024351274967382203,0.0,0.0,8.673617379884035e-19,ok,,113,4,0
fetch-20261006T122600Z-dfc47335,v2.1-f4676a0b,bill_primary,defense,2018,2019,0.026597347799879444,0.02276288982918038,-0.0038344579706990657,-0.002496122716723539,-0.001371456582467409,0.0008619338661651778,0.0008288125376732971,1.734723475976807e-18,ok,,107,7,10
fetch-20261006T122600Z-dfc47335,v2.1-f4676a0b,bill_primary,defense,2019,2020,0.02276288982918038,0.026106666666666663,0.003343776837486285,0.0030548821095299538,1.943852986826023e-05,0.007400000000000001,0.007130543801911925,-5.204170427930421e-18,ok,,68,45,46
fetch-20261006T122600Z-dfc47335,v2.1-f4676a0b,bill_primary,defense,2020,2021,0.026106666666666663,0.03229627903363629,0.006189612366969629,0.0075430423987137545,-0.001353430031744131,0.0,0.0,5.204170427930421e-18,ok,,113,1,0
fetch-20261006T122600Z-dfc47335,v2.1-f4676a0b,bill_primary,defense,2021,2022,0.03229627903363629,0.02794250885429536,-0.004353770179340931,-0.002112326590146077,-0.0022414435891948553,0.0,0.0,1.734723475976807e-18,ok,,113,4,1
fetch-20261006T122600Z-dfc47335,v2.1-f4676a0b,bill_primary,defense,2022,2023,0.02794250885429536,0.014808259587020648,-0.013134249267274713,-0.009588224884106194,-0.001404520388439919,0.0,0.002141503994728606,5.204170427930421e-18,ok,,111,2,6
fetch-20261006T122600Z-dfc47335,v2.1-f4676a0b,bill_primary,defense,2023,2024,0.014808259587020648,0.013698038731960033,-0.0011102208550606146,-0.0022158620015948734,0.0007620732646923417,0.008342584597672795,0.007999016715830875,-3.469446951953614e-18,ok,,59,56,54
fetch-20261006T122600Z-dfc47335,v2.1-f4676a0b,bill_primary,defense,2024,2025,0.013698038731960033,0.019175582302462944,0.00547754357050291,0.007389632080900752,-0.0019120885103978455,0.0,0.0,3.469446951953614e-18,ok,,113,1,2
fetch-20261006T122600Z-dfc47335,v2.1-f4676a0b,bill_primary,education,2016,2017,0.05824198132358912,0.08533241156815302,0.027090430244563903,0.023672309644573016,0.003905331318626692,0.0,0.00048721071863580995,3.469446951953614e-18,ok,,113,0,4
fetch-20261006T122600Z-dfc47335,v2.1-f4676a0b,bill_primary,education,2017,2018,0.08533241156815302,0.08804249547920434,0.0027100839110513197,0.0018448253023786848,0.000639218825670829,0.00022603978300180834,0.0,-2.6020852139652106e-18,ok,,113,4,0
fetch-20261006T122600Z-dfc47335,v2.1-f4676a0b,bill_primary,education,2018,2019,0.08804249547920434,0.05222535652719009,-0.03581713895201425,-0.03382350855694352,-0.0024244910565111074,0.0033693778404638767,0.0029385171790235077,6.938893903907228e-18,ok,,107,7,10
fetch-20261006T122600Z-dfc47335,v2.1-f4676a0b,bill_primary,education,2019,2020,0.05222535652719009,0.06656,0.014334643472809903,0.0038817139973197595,-0.00013205720371374253,0.03213333333333332,0.021548346654129445,1.0408340855860843e-17,ok,,68,45,46
fetch-20261006T122600Z-dfc47335,v2.1-f4676a0b,bill_primary,education,2020,2021,0.06656,0.08085971745957764,0.014299717459577643,0.011419156339048109,0.0028805611205295176,0.0,0.0,1.734723475976807e-17,ok,,113,1,0
fetch-20261006T122600Z-dfc47335,v2.1-f4676a0b,bill_primary,education,2021,2022,0.08085971745957764,0.0771353265793592,-0.003724390880218434,-0.00300426694377073,-0.0007201239364477075,0.0,0.0,3.903127820947816e-18,ok,,113,4,1
fetch-20261006T122600Z-dfc47335,v2.1-f4676a0b,bill_primary,education,2022,2023,0.0771353265793592,0.07317600786627335,-0.003959318713085858,-0.0032177683695412563,-0.0038861463260014585,0.0035152409046214353,0.00037064492216456633,-1.214306433183765e-17,ok,,111,2,6
fetch-20261006T122600Z-dfc47335,v2.1-f4676a0b,bill_primary,education,2023,2024,0.07317600786627335,0.0829673944327947,0.009791386566521357,-0.003170740143785638,-0.007696381378227155,0.05646971752806215,0.03581120943952802,2.0816681711721685e-17,ok,,59,56,54
fetch-20261006T122600Z-dfc47335,v2.1-f4676a0b,bill_primary,education,2024,2025,0.0829673944327947,0.061079534900999294,-0.02188785953179541,-0.020485120351902836,-0.0014246481698862756,8.358408559010364e-05,6.167509559639818e-05,0.0,ok,,113,1,2
fetch-20261006T122600Z-dfc47335,v2.1-f4676a0b,bill_primary,energy,2016,2017,0.01630125862768981,0.015209125475285171,-0.0010921331524046379,-0.0008906345329375452,4.2106739850812864e-05,0.0,0.000243605359317905,-4.336808689942018e-19,ok,,113,0,4
fetch-20261006T122600Z-dfc47335,v2.1-f4676a0b,bill_primary,energy,2017,2018,0.015209125475285171,0.014014466546112115,-0.0011946589291730557,-0.0002610034934123726,-0.0009336554357606823,0.0,0.0,-8.673617379884035e-19,ok,,113,4,0
fetch-20261006T122600Z-dfc47335,v2.1-f4676a0b,bill_primary,energy,2018,2019,0.014014466546112115,0.009246199655226455,-0.0047682668908856606,-0.0050953850859757,0.0005170256197370678,0.0009402914903620123,0.0011301989150090414,0.0,ok,,107,7,10
fetch-20261006T122600Z-dfc47335,v2.1-f4676a0b,bill_primary,energy,2019,2020,0.009246199655226455,0.006711111111111111,-0.0025350885441153435,-0.0008695252794931334,-0.0004259456498282898,0.0011111111111111113,0.0023507287259050304,-1.3010426069826053e-18,ok,,68,45,46
fetch-20261006T122600Z-dfc47335,v2.1-f4676a0b,bill_primary,energy,2020,2021,0.006711111111111111,0.002163442864911054,-0.004547668246200057,-0.005253232626763486,0.000705564380563429,0.0,0.0,-8.673617379884035e-19,ok,,113,1,0
fetch-20261006T122600Z-dfc47335,v2.1-f4676a0b,bill_primary,energy,2021,2022,0.002163442864911054,0.013940367350300634,0.01177692448538958,0.011442788880895399,0.00033413560449418447,0.0,0.0,-3.469446951953614e-18,ok,,113,4,1
fetch-20261006T122600Z-dfc47335,v2.1-f4676a0b,bill_primary,energy,2022,2023,0.013940367350300634,0.013603736479842674,-0.00033663087045796014,-0.00045953508678740735,0.0010289251371761647,0.0,0.0009060209208467177,2.168404344971009e-19,ok,,111,2,6
fetch-20261006T122600Z-dfc47335,v2.1-f4676a0b,bill_primary,energy,2023,2024,0.013603736479842674,0.015404383043460384,0.0018006465636177093,0.00015098828493465423,0.00044769678019533843,0.010085933966530979,0.008883972468043264,1.734723475976807e-18,ok,,59,56,54
fetch-20261006T122600Z-dfc47335,v2.1-f4676a0b,bill_primary,energy,2024,2025,0.015404383043460384,0.03181628217987295,0.01641189913641257,0.01700355344744924,-0.0006473770347634037,5.572272372673575e-05,0.0,0.0,ok,,113,1,2
fetch-20261006T122600Z-dfc47335,v2.1-f4676a0b,bill_primary,environment,2016,2017,0.05062931384490459,0.047096439681991016,-0.003532874162913577,-0.002577926236442502,-0.0009549479264710732,0.0,0.0,-1.3010426069826053e-18,ok,,113,0,4
fetch-20261006T122600Z-dfc47335,v2.1-f4676a0b,bill_primary,environment,2017,2018,0.047096439681991016,0.023734177215189875,-0.02336226246680114,-0.020635604877144498,-0.0029526973726584577,0.00022603978300180834,0.0,3.469446951953614e-18,ok,,113,4,0
fetch-20261006T122600Z-dfc47335,v2.1-f4676a0b,bill_primary,environment,2018,2019,0.023734177215189875,0.024369221125215484,0.0006350439100256088,-0.0002161780134630672,0.0007036106124451803,0.0018805829807240243,0.0017329716696805305,1.734723475976807e-18,ok,,107,7,10
fetch-20261006T122600Z-dfc47335,v2.1-f4676a0b,bill_primary,environment,2019,2020,0.024369221125215484,0.013955555555555556,-0.010413665569659928,-0.006752793149172443,-0.0007256898472231068,0.0048222222222222225,0.007757404795486601,0.0,ok,,68,45,46
fetch-20261006T122600Z-dfc47335,v2.1-f4676a0b,bill_primary,environment,2020,2021,0.013955555555555556,0.016476345840130507,0.0025207902845749506,0.003742162725608551,-0.0012213724410336008,0.0,0.0,4.336808689942018e-19,ok,,113,1,0
fetch-20261006T122600Z-dfc47335,v2.1-f4676a0b,bill_primary,environment,2021,2022,0.016476345840130507,0.03865826538176427,0.022181919541633763,0.022815477083902823,-0.0008029721870306821,0.0002470966147763775,7.768197001475957e-05,3.469446951953614e-18,ok,,113,4,1
fetch-20261006T122600Z-dfc47335,v2.1-f4676a0b,bill_primary,environment,2022,2023,0.03865826538176427,0.03257620452310718,-0.00608206085865709,-0.004462702864917647,0.0007797752000826978,0.0004424778761061947,0.0028416110699283417,6.071532165918825e-18,ok,,111,2,6
fetch-20261006T122600Z-dfc47335,v2.1-f4676a0b,bill_primary,environment,2023,2024,0.03257620452310718,0.02504831215821718,-0.0075278923648900015,8.035389210975854e-05,-0.003103519106531082,0.01573126105012129,0.020235988200589965,-1.734723475976807e-18,ok,,59,56,54
fetch-20261006T122600Z-dfc47335,v2.1-f4676a0b,bill_primary,environment,2024,2025,0.02504831215821718,0.03548701660537167,0.010438704447154494,0.009948420231346516,0.0005579116832740364,5.572272372673575e-05,0.00012335019119279637,3.469446951953614e-18,ok,,113,1,2
fetch-20261006T122600Z-dfc47335,v2.1-f4676a0b,bill_primary,foreign_trade,2016,2017,0.001908241981323589,0.0019126627491646503,4.420767841061338e-06,0.00025533908484900086,-7.31295769003425e-06,0.0,0.00024360535931790498,-2.981555974335137e-19,ok,,113,0,4
fetch-20261006T122600Z-dfc47335,v2.1-f4676a0b,bill_primary,foreign_trade,2017,2018,0.0019126627491646503,0.00444544906570223,0.0025327863165375795,0.001715672041791178,0.0005910744917445934,0.00022603978300180834,0.0,0.0,ok,,113,4,0
fetch-20261006T122600Z-dfc47335,v2.1-f4676a0b,bill_primary,foreign_trade,2018,2019,0.00444544906570223,0.014104372355430184,0.009658923289727953,0.00965876842195927,-0.0011752094951838269,0.0011753643629525152,0.0,-5.204170427930421e-18,ok,,107,7,10
fetch-20261006T122600Z-dfc47335,v2.1-f4676a0b,bill_primary,foreign_trade,2019,2020,0.014104372355430184,0.013622222222222221,-0.00048215013320796266,-0.0031948499935975515,-0.00011275069594954227,0.007644444444444444,0.004818993888105313,0.0,ok,,68,45,46
fetch-20261006T122600Z-dfc47335,v2.1-f4676a0b,bill_primary,foreign_trade,2020,2021,0.013622222222222221,0.004078303425774877,-0.009543918796447344,-0.011148441845542515,0.001604523049095169,0.0,0.0,1.734723475976807e-18,ok,,113,1,0
fetch-20261006T122600Z-dfc47335,v2.1-f4676a0b,bill_primary,foreign_trade,2021,2022,0.004078303425774877,0.0035417181451280785,-0.0005365852806467988,-0.0003689084599936617,-0.0001676768206531377,0.0,0.0,6.505213034913027e-19,ok,,113,4,1
fetch-20261006T122600Z-dfc47335,v2.1-f4676a0b,bill_primary,foreign_trade,2022,2023,0.0035417181451280785,0.005,0.0014582818548719216,0.002070219379160643,-0.0001177442947359664,0.0,0.0004941932295527551,4.336808689942018e-19,ok,,111,2,6
fetch-20261006T122600Z-dfc47335,v2.1-f4676a0b,bill_primary,foreign_trade,2023,2024,0.005,0.0037930183791784877,-0.0012069816208215125,-0.0009306428221318725,-0.0004196475844859074,0.002734262571440319,0.002590953785644051,-4.336808689942018e-19,ok,,59,56,54
fetch-20261006T122600Z-dfc47335,v2.1-f4676a0b,bill_primary,foreign_trade,2024,2025,0.0037930183791784877,0.011729633344477878,0.00793661496529939,0.00846249920016928,-0.0006930524060500963,0.00016716817118020728,0.0,-1.734723475976807e-18,ok,,113,1,2
fetch-20261006T122600Z-dfc47335,v2.1-f4676a0b,bill_primary,government,2016,2017,0.08329273244011369,0.06726005300149787,-0.01603267943861582,-0.014136961106641274,0.001636559378135082,0.0,0.0035322777101096225,-3.469446951953614e-18,ok,,113,0,4
fetch-20261006T122600Z-dfc47335,v2.1-f4676a0b,bill_primary,government,2017,2018,0.06726005300149787,0.05383514165159735,-0.013424911349900523,-0.012643222609169317,-0.000781688740731202,0.0,0.0,-5.204170427930421e-18,ok,,113,4,0
fetch-20261006T122600Z-dfc47335,v2.1-f4676a0b,bill_primary,government,2018,2019,0.05383514165159735,0.05939507914120044,0.005559937489603088,0.0015941650761928947,-0.0009857422125433776,0.0072872590503055956,0.0023357444243520195,-5.204170427930421e-18,ok,,107,7,10
fetch-20261006T122600Z-dfc47335,v2.1-f4676a0b,bill_primary,government,2019,2020,0.05939507914120044,0.09713777777777777,0.03774269863657733,0.03366907001432737,-0.002734050424921304,0.03579999999999999,0.028992320952828707,-2.0816681711721685e-17,ok,,68,45,46
fetch-20261006T122600Z-dfc47335,v2.1-f4676a0b,bill_primary,government,2020,2021,0.09713777777777777,0.06811210618015559,-0.029025671597622177,-0.028415712842677233,-0.0006099587549449716,0.0,0.0,2.7755575615628914e-17,ok,,113,1,0
fetch-20261006T122600Z-dfc47335,v2.1-f4676a0b,bill_primary,government,2021,2022,0.06811210618015559,0.07637756362737831,0.008265457447222721,0.004327120590190703,0.0038147885496438282,0.00012354830738818876,0.0,0.0,ok,,113,4,1
fetch-20261006T122600Z-dfc47335,v2.1-f4676a0b,bill_primary,government,2022,2023,0.07637756362737831,0.04048180924287119,-0.03589575438450712,-0.033595283055164016,0.00039364711521652155,0.00014749262536873156,0.002841611069928342,-2.0816681711721685e-17,ok,,111,2,6
fetch-20261006T122600Z-dfc47335,v2.1-f4676a0b,bill_primary,government,2023,2024,0.04048180924287119,0.04153612104765429,0.0010543118047831035,-0.0008368131834542872,-0.003415978782021242,0.024894124419226192,0.019587020648967546,-1.3877787807814457e-17,ok,,59,56,54
fetch-20261006T122600Z-dfc47335,v2.1-f4676a0b,bill_primary,government,2024,2025,0.04153612104765429,0.032780285300345484,-0.008755835747308809,-0.006460593660295608,-0.002518132981920141,0.000222890894906943,0.0,-3.469446951953614e-18,ok,,113,1,2
fetch-20261006T122600Z-dfc47335,v2.1-f4676a0b,bill_primary,health,2016,2017,0.04697523345513601,0.04981564696393594,0.0028404135087999327,-0.0005369831652906063,0.0033773966740905333,0.0,0.0,5.637851296924623e-18,ok,,113,0,4
fetch-20261006T122600Z-dfc47335,v2.1-f4676a0b,bill_primary,health,2017,2018,0.04981564696393594,0.05036919831223629,0.0005535513483003462,-7.420207192224186e-06,0.0005609715554925725,0.0,0.0,-2.0599841277224584e-18,ok,,113,4,0
fetch-20261006T122600Z-dfc47335,v2.1-f4676a0b,bill_primary,health,2018,2019,0.05036919831223629,0.0602178341952672,0.009848635883030914,0.008399856936663052,-0.001004395642637189,0.0030559473436765397,0.0006027727546714888,0.0,ok,,107,7,10
fetch-20261006T122600Z-dfc47335,v2.1-f4676a0b,bill_primary,health,2019,2020,0.0602178341952672,0.07904,0.018822165804732796,0.009295485070088963,-0.004228937507011076,0.03326666666666666,0.01951104842501175,0.0,ok,,68,45,46
fetch-20261006T122600Z-dfc47335,v2.1-f4676a0b,bill_primary,health,2020,2021,0.07904,0.07119164142002642,-0.007848358579973583,-0.003111161079068093,-0.0047371975009055005,0.0,0.0,1.0408340855860843e-17,ok,,113,1,0
fetch-20261006T122600Z-dfc47335,v2.1-f4676a0b,bill_primary,health,2021,2022,0.07119164142002642,0.05267276171649782,-0.0185188797035286,-0.020543852309361985,0.0022580185158776796,0.0,0.00023304591004427873,-1.3877787807814457e-17,ok,,113,4,1
fetch-20261006T122600Z-dfc47335,v2.1-f4676a0b,bill_primary,health,2022,2023,0.05267276171649782,0.04145526057030482,-0.011217501146193,-0.009282799212410374,0.0008384291156199322,0.0002949852507374631,0.0030681163001400205,0.0,ok,,111,2,6
fetch-20261006T122600Z-dfc47335,v2.1-f4676a0b,bill_primary,health,2023,2024,0.04145526057030482,0.06605197154722256,0.024596710976917742,0.004759206831433985,-0.0033529722009345187,0.04566835245261297,0.02247787610619469,-3.469446951953614e-18,ok,,59,56,54
fetch-20261006T122600Z-dfc47335,v2.1-f4676a0b,bill_primary,health,2024,2025,0.06605197154722256,0.052142538727292985,-0.013909432819929575,-0.013212231025752438,-0.0005121765073879415,0.0,0.00018502528678919454,0.0,ok,,113,1,2
fetch-20261006T122600Z-dfc47335,v2.1-f4676a0b,bill_primary,housing,2016,2017,0.011977263499796996,0.00838230210853785,-0.0035949613912591456,-0.0031032708921569807,-4.479780466352945e-06,0.0,0.00048721071863581,-1.734723475976807e-18,ok,,113,0,4
fetch-20261006T122600Z-dfc47335,v2.1-f4676a0b,bill_primary,housing,2017,2018,0.00838230210853785,0.004633815551537071,-0.0037484865570007794,-0.0033073864194070072,-0.0004411001375937718,0.0,0.0,-4.336808689942018e-19,ok,,113,4,0
fetch-20261006T122600Z-dfc47335,v2.1-f4676a0b,bill_primary,housing,2018,2019,0.004633815551537071,0.007835762419683435,0.0032019468681463645,0.0014157169070484763,0.0006108655981453729,0.0011753643629525152,0.0,0.0,ok,,107,7,10
fetch-20261006T122600Z-dfc47335,v2.1-f4676a0b,bill_primary,housing,2019,2020,0.007835762419683435,0.007466666666666667,-0.00036909575301676857,0.0030330701732295294,-0.0005989689351790669,0.0021333333333333334,0.004936530324400564,0.0,ok,,68,45,46
fetch-20261006T122600Z-dfc47335,v2.1-f4676a0b,bill_primary,housing,2020,2021,0.007466666666666667,0.017206556358269245,0.009739889691602579,0.0105378027733622,-0.0007979130817596209,0.0,0.0,0.0,ok,,113,1,0
fetch-20261006T122600Z-dfc47335,v2.1-f4676a0b,bill_primary,housing,2021,2022,0.017206556358269245,0.011819454740136728,-0.0053871016181325174,-0.004089318585807726,-0.0012977830323247916,0.0,0.0,0.0,ok,,113,4,1
fetch-20261006T122600Z-dfc47335,v2.1-f4676a0b,bill_primary,housing,2022,2023,0.011819454740136728,0.018829891838741397,0.007010437098604669,0.006283071296530967,0.0012215590316264561,0.0,0.0004941932295527551,8.673617379884035e-19,ok,,111,2,6
fetch-20261006T122600Z-dfc47335,v2.1-f4676a0b,bill_primary,housing,2023,2024,0.018829891838741397,0.011298877513260145,-0.007531014325481252,-0.001921308054954459,-0.00123162350121433,0.008502939846223427,0.01288102261553589,0.0,ok,,59,56,54
fetch-20261006T122600Z-dfc47335,v2.1-f4676a0b,bill_primary,housing,2024,2025,0.011298877513260145,0.014291485567814554,0.0029926080545544086,0.0037423820673304652,-0.0007497740127760564,0.0,0.0,0.0,ok,,113,1,2
fetch-20261006T122600Z-dfc47335,v2.1-f4676a0b,bill_primary,immigration,2016,2017,0.01851400730816078,0.009880170526558358,-0.008633836781602422,-0.007445978042144726,-0.0004976435547236303,0.0,0.0006902151847340641,-1.734723475976807e-18,ok,,113,0,4
fetch-20261006T122600Z-dfc47335,v2.1-f4676a0b,bill_primary,immigration,2017,2018,0.009880170526558358,0.014202833031946955,0.004322662505388597,0.00486610283628508,-0.000769480113898295,0.00022603978300180834,0.0,3.469446951953614e-18,ok,,113,4,0
fetch-20261006T122600Z-dfc47335,v2.1-f4676a0b,bill_primary,immigration,2018,2019,0.014202833031946955,0.011871180065820405,-0.0023316529661265503,-0.0017761858181081585,-0.00023447365269306937,0.00047014574518100614,0.0007911392405063292,8.673617379884035e-19,ok,,107,7,10
fetch-20261006T122600Z-dfc47335,v2.1-f4676a0b,bill_primary,immigration,2019,2020,0.011871180065820405,0.0188,0.006928819934179596,0.006849673947565089,-0.0007037407082609035,0.0076,0.006817113305124588,-2.6020852139652106e-18,ok,,68,45,46
fetch-20261006T122600Z-dfc47335,v2.1-f4676a0b,bill_primary,immigration,2020,2021,0.0188,0.009399518371785908,-0.009400481628214092,-0.008991414677527012,-0.0004090669506870768,0.0,0.0,-3.469446951953614e-18,ok,,113,1,0
fetch-20261006T122600Z-dfc47335,v2.1-f4676a0b,bill_primary,immigration,2021,2022,0.009399518371785908,0.008277736595008649,-0.0011217817767772593,-0.0016233576776855292,0.0005792578709230296,0.0,7.768197001475957e-05,-2.168404344971009e-19,ok,,113,4,1
fetch-20261006T122600Z-dfc47335,v2.1-f4676a0b,bill_primary,immigration,2022,2023,0.008277736595008649,0.015855457227138645,0.0075777206321299955,0.006427991260988308,0.0011669678222905407,0.00014749262536873156,0.00016473107651758504,0.0,ok,,111,2,6
fetch-20261006T122600Z-dfc47335,v2.1-f4676a0b,bill_primary,immigration,2023,2024,0.015855457227138645,0.019115167961843673,0.0032597107347050285,0.00475292182018318,-0.003044812764059571,0.009442457135808564,0.007890855457227139,-5.204170427930421e-18,ok,,59,56,54
fetch-20261006T122600Z-dfc47335,v2.1-f4676a0b,bill_primary,immigration,2024,2025,0.019115167961843673,0.009500724395408448,-0.009614443566435225,-0.010312574110978143,0.0006981305445429221,0.0,0.0,-5.204170427930421e-18,ok,,113,1,2
fetch-20261006T122600Z-dfc47335,v2.1-f4676a0b,bill_primary,indigenous,2016,2017,0.021067803491676817,0.019990782348196796,-0.0010770211434800205,0.006447339503345083,-0.007037149928189293,0.0,0.00048721071863580995,-6.505213034913027e-19,ok,,113,0,4
fetch-20261006T122600Z-dfc47335,v2.1-f4676a0b,bill_primary,indigenous,2017,2018,0.019990782348196796,0.010925256178420736,-0.00906552616977606,-0.004099690460427247,-0.004965835709348816,0.0,0.0,1.734723475976807e-18,ok,,113,4,0
fetch-20261006T122600Z-dfc47335,v2.1-f4676a0b,bill_primary,indigenous,2018,2019,0.010925256178420736,0.017121140887008307,0.006195884708587571,0.004463584608798758,0.0010873729270367482,0.001097006738755681,0.0004520795660036166,0.0,ok,,107,7,10
fetch-20261006T122600Z-dfc47335,v2.1-f4676a0b,bill_primary,indigenous,2019,2020,0.017121140887008307,0.01806666666666667,0.0009455257796583613,-0.0035020482788361467,0.0044888841979710764,0.0032888888888888885,0.00333019902836546,3.469446951953614e-18,ok,,68,45,46
fetch-20261006T122600Z-dfc47335,v2.1-f4676a0b,bill_primary,indigenous,2020,2021,0.01806666666666667,0.014250757399207644,-0.0038159092674590247,-0.0025566775537894204,-0.001259231713669603,0.0,0.0,-1.3010426069826053e-18,ok,,113,1,0
fetch-20261006T122600Z-dfc47335,v2.1-f4676a0b,bill_primary,indigenous,2021,2022,0.014250757399207644,0.01056749855860308,-0.0036832588406045634,-3.69536172674025e-05,-0.0036463052233371594,0.0,0.0,-1.734723475976807e-18,ok,,113,4,1
fetch-20261006T122600Z-dfc47335,v2.1-f4676a0b,bill_primary,indigenous,2022,2023,0.01056749855860308,0.01059488692232055,2.7388363717469055e-05,0.0012880534743526266,-0.0010135684958587799,0.0,0.0002470966147763775,-1.0842021724855044e-19,ok,,111,2,6
fetch-20261006T122600Z-dfc47335,v2.1-f4676a0b,bill_primary,indigenous,2023,2024,0.01059488692232055,0.024816002631470747,0.014221115709150198,0.0028470048905475283,0.003562990283391404,0.0121129887751326,0.004301868239921337,1.734723475976807e-18,ok,,59,56,54
fetch-20261006T122600Z-dfc47335,v2.1-f4676a0b,bill_primary,indigenous,2024,2025,0.024816002631470747,0.014467476503584827,-0.01034852612788592,-0.008788236982729666,-0.0015602891451562502,0.0,0.0,-3.469446951953614e-18,ok,,113,1,2
fetch-20261006T122600Z-dfc47335,v2.1-f4676a0b,bill_primary,international,2016,2017,0.005537961835160374,0.005686138956100933,0.000148177120940559,9.610061993115737e-05,0.00017387918066835462,0.0,0.00012180267965895249,-4.87890977618477e-19,ok,,113,0,4
fetch-20261006T122600Z-dfc47335,v2.1-f4676a0b,bill_primary,international,2017,2018,0.005686138956100933,0.011301989150090416,0.005615850193989483,0.006393594154418843,-0.0007777439604293618,0.0,0.0,1.734723475976807e-18,ok,,113,4,0
fetch-20261006T122600Z-dfc47335,v2.1-f4676a0b,bill_primary,international,2018,2019,0.011301989150090416,0.002233192289609779,-0.009068796860480637,-0.008670904023743375,-0.0003029391244137459,0.0004701457451810061,0.0005650994575045208,0.0,ok,,107,7,10
fetch-20261006T122600Z-dfc47335,v2.1-f4676a0b,bill_primary,international,2019,2020,0.002233192289609779,0.0027155555555555557,0.00048236326594577666,1.4066887057625471e-05,0.00014240388554854892,0.0010311111111111111,0.0007052186177715092,2.168404344971009e-19,ok,,68,45,46
fetch-20261006T122600Z-dfc47335,v2.1-f4676a0b,bill_primary,international,2020,2021,0.0027155555555555557,0.01200963256428183,0.009294077008726274,0.009844794406233334,-0.0005507173975070574,0.0,0.0,-1.734723475976807e-18,ok,,113,1,0
fetch-20261006T122600Z-dfc47335,v2.1-f4676a0b,bill_primary,international,2021,2022,0.01200963256428183,0.004278889712544271,-0.0077307428517375595,-0.0073144658595556905,-2.786714210807003e-05,0.0,0.00038840985007379785,-8.673617379884035e-19,ok,,113,4,1
fetch-20261006T122600Z-dfc47335,v2.1-f4676a0b,bill_primary,international,2022,2023,0.004278889712544271,0.00448377581120944,0.00020488609866516853,-0.0005196277136778322,0.0007245138123430001,0.0,0.0,5.421010862427522e-19,ok,,111,2,6
fetch-20261006T122600Z-dfc47335,v2.1-f4676a0b,bill_primary,international,2023,2024,0.00448377581120944,0.0033839069117223798,-0.0010998688994870599,0.0013201121706275427,-0.0005801323117610228,0.0021031207598371775,0.003942969518190757,-4.336808689942018e-19,ok,,59,56,54
fetch-20261006T122600Z-dfc47335,v2.1-f4676a0b,bill_primary,international,2024,2025,0.0033839069117223798,0.0033851554663991974,1.2485546768176321e-06,-0.0002763093075900972,0.0002775578622669152,0.0,0.0,-3.7947076036992655e-19,ok,,113,1,2
fetch-20261006T122600Z-dfc47335,v2.1-f4676a0b,bill_primary,labor,2016,2017,0.06303288672350792,0.07057264661827399,0.007539759894766074,0.006945757650789718,0.0008376076032942693,0.0,0.000243605359317905,-7.806255641895632e-18,ok,,113,0,4
fetch-20261006T122600Z-dfc47335,v2.1-f4676a0b,bill_primary,labor,2017,2018,0.07057264661827399,0.06939421338155516,-0.0011784332367188316,5.0072454157678144e-05,-0.0012285056908765218,0.0,0.0,1.1926223897340549e-17,ok,,113,4,0
fetch-20261006T122600Z-dfc47335,v2.1-f4676a0b,bill_primary,labor,2018,2019,0.06939421338155516,0.09594891082902365,0.026554697447468495,0.019736052467219174,0.0007550684662256001,0.008776053910045448,0.0027124773960217,-2.7755575615628914e-17,ok,,107,7,10
fetch-20261006T122600Z-dfc47335,v2.1-f4676a0b,bill_primary,labor,2019,2020,0.09594891082902365,0.07622222222222222,-0.019726688606801435,-0.008167630784762866,-0.005244060172767301,0.03399999999999999,0.04031499764927126,3.469446951953614e-18,ok,,68,45,46
fetch-20261006T122600Z-dfc47335,v2.1-f4676a0b,bill_primary,labor,2020,2021,0.07622222222222222,0.055271276536715826,-0.020950945685506393,-0.018444516864960344,-0.002506428820546049,0.0,0.0,0.0,ok,,113,1,0
fetch-20261006T122600Z-dfc47335,v2.1-f4676a0b,bill_primary,labor,2021,2022,0.055271276536715826,0.052899266946709496,-0.00237200959000633,-0.0010922121155408442,-0.0014033457818536765,0.00012354830738818876,0.0,1.734723475976807e-18,ok,,113,4,1
fetch-20261006T122600Z-dfc47335,v2.1-f4676a0b,bill_primary,labor,2022,2023,0.052899266946709496,0.050821042281219274,-0.002078224665490222,-0.007173085261418141,0.006273671806096335,0.0009832841691248771,0.0021620953792933035,9.540979117872439e-18,ok,,111,2,6
fetch-20261006T122600Z-dfc47335,v2.1-f4676a0b,bill_primary,labor,2023,2024,0.050821042281219274,0.06871427984046707,0.0178932375592478,0.002358724054363431,-0.0056883271663298665,0.04709304716088976,0.02587020648967551,-1.0408340855860843e-17,ok,,59,56,54
fetch-20261006T122600Z-dfc47335,v2.1-f4676a0b,bill_primary,labor,2024,2025,0.06871427984046707,0.07214142427281846,0.003427144432351384,0.003996324775303671,-0.00022103875936761236,8.358408559010364e-05,0.00043172566917478724,8.673617379884035e-18,ok,,113,1,2
fetch-20261006T122600Z-dfc47335,v2.1-f4676a0b,bill_primary,law_crime,2016,2017,0.12496954933008526,0.11744440603756193,-0.007525143292523337,-0.0034874016109020935,0.004975656613141256,0.0,0.009013398294762484,-1.5612511283791264e-17,ok,,113,0,4
fetch-20261006T122600Z-dfc47335,v2.1-f4676a0b,bill_primary,law_crime,2017,2018,0.11744440603756193,0.12243821579264616,0.004993809755084233,0.0030577932816377865,0.0014839369074428365,0.0004520795660036167,0.0,-6.938893903907228e-18,ok,,113,4,0
fetch-20261006T122600Z-dfc47335,v2.1-f4676a0b,bill_primary,law_crime,2018,2019,0.12243821579264616,0.09457765240557905,-0.027860563387067105,-0.019411378953183945,-0.012687917443527255,0.00736561667450243,0.003126883664858348,1.0408340855860843e-17,ok,,107,7,10
fetch-20261006T122600Z-dfc47335,v2.1-f4676a0b,bill_primary,law_crime,2019,2020,0.09457765240557905,0.09228888888888888,-0.002288763516690176,-0.0058326833689653565,-0.0009117140609045703,0.04273333333333334,0.03827769942015356,-2.7755575615628914e-17,ok,,68,45,46
fetch-20261006T122600Z-dfc47335,v2.1-f4676a0b,bill_primary,law_crime,2020,2021,0.09228888888888888,0.07758153832495478,-0.014707350563934102,-0.01827203703701828,0.003564686473084166,0.0,0.0,1.0408340855860843e-17,ok,,113,1,0
fetch-20261006T122600Z-dfc47335,v2.1-f4676a0b,bill_primary,law_crime,2021,2022,0.07758153832495478,0.09910221563297916,0.021520677308024386,0.018695488081131043,0.0017062291080336025,0.001235483073881888,0.00011652295502213937,-1.0408340855860843e-17,ok,,113,4,1
fetch-20261006T122600Z-dfc47335,v2.1-f4676a0b,bill_primary,law_crime,2022,2023,0.09910221563297916,0.08958210422812193,-0.009520111404857229,-0.012825582690563567,0.007937093238090302,0.0005162241887905605,0.005147846141174532,6.938893903907228e-18,ok,,111,2,6
fetch-20261006T122600Z-dfc47335,v2.1-f4676a0b,bill_primary,law_crime,2023,2024,0.08958210422812193,0.0821286131326837,-0.007453491095438233,-0.0008368290059153668,-0.006038376501931439,0.04891040664446363,0.04948869223205505,-6.938893903907228e-18,ok,,59,56,54
fetch-20261006T122600Z-dfc47335,v2.1-f4676a0b,bill_primary,law_crime,2024,2025,0.0821286131326837,0.09532950703963743,0.013200893906953726,0.011304462051474302,0.001896431855479441,0.0,0.0,-1.734723475976807e-17,ok,,113,1,2
fetch-20261006T122600Z-dfc47335,v2.1-f4676a0b,bill_primary,macroeconomy,2016,2017,0.025152253349573692,0.047240465491416056,0.022088212141842364,0.020965076003469047,0.001123136138373323,0.0,0.0,-6.938893903907228e-18,ok,,113,0,4
fetch-20261006T122600Z-dfc47335,v2.1-f4676a0b,bill_primary,macroeconomy,2017,2018,0.047240465491416056,0.03624171187462327,-0.010998753616792784,-0.012146203817320293,0.00046933085152206955,0.000678119349005425,0.0,1.3877787807814457e-17,ok,,113,4,0
fetch-20261006T122600Z-dfc47335,v2.1-f4676a0b,bill_primary,macroeconomy,2018,2019,0.03624171187462327,0.03953142140730293,0.003289709532679659,0.007139094572606748,-0.004355663143462873,0.0014104372355430183,0.0009041591320072332,-1.734723475976807e-18,ok,,107,7,10
fetch-20261006T122600Z-dfc47335,v2.1-f4676a0b,bill_primary,macroeconomy,2019,2020,0.03953142140730293,0.04131555555555556,0.0017841341482526252,0.0030365350198445456,-0.0006352750292474603,0.013408888888888889,0.014026014731233345,-3.469446951953614e-18,ok,,68,45,46
fetch-20261006T122600Z-dfc47335,v2.1-f4676a0b,bill_primary,macroeconomy,2020,2021,0.04131555555555556,0.035396344508439585,-0.0059192110471159715,-0.003757293169653595,-0.0021619178774623677,0.0,0.0,-8.673617379884035e-18,ok,,113,1,0
fetch-20261006T122600Z-dfc47335,v2.1-f4676a0b,bill_primary,macroeconomy,2021,2022,0.035396344508439585,0.03999670537846965,0.004600360870030067,0.006784754425924554,-0.002431490170670875,0.0002470966147763775,0.0,1.0408340855860843e-17,ok,,113,4,1
fetch-20261006T122600Z-dfc47335,v2.1-f4676a0b,bill_primary,macroeconomy,2022,2023,0.03999670537846965,0.040781710914454275,0.0007850055359846231,0.0017892208291461424,0.0008641704078894866,0.0005408062930186824,0.0024091919940696814,-6.5052130349130266e-18,ok,,111,2,6
fetch-20261006T122600Z-dfc47335,v2.1-f4676a0b,bill_primary,macroeconomy,2023,2024,0.040781710914454275,0.07250524238312568,0.031723531468671406,0.010275420337040682,-0.0006536778827794107,0.04437317544508862,0.02227138643067847,-1.3877787807814457e-17,ok,,59,56,54
fetch-20261006T122600Z-dfc47335,v2.1-f4676a0b,bill_primary,macroeconomy,2024,2025,0.07250524238312568,0.06338645566328616,-0.009118786719839525,-0.0006822558760507019,-0.008520114929378939,8.358408559010364e-05,0.0,1.214306433183765e-17,ok,,113,1,2
fetch-20261006T122600Z-dfc47335,v2.1-f4676a0b,bill_primary,public_lands,2016,2017,0.019788875355257817,0.012213388639244153,-0.007575486716013664,-0.007643038581086637,0.0006765652633677345,0.0,0.0006090133982947625,0.0,ok,,113,0,4
fetch-20261006T122600Z-dfc47335,v2.1-f4676a0b,bill_primary,public_lands,2017,2018,0.012213388639244153,0.01687763713080169,0.004664248491557537,0.003768545417102097,0.00044362350845182007,0.0004520795660036167,0.0,3.469446951953614e-18,ok,,113,4,0
fetch-20261006T122600Z-dfc47335,v2.1-f4676a0b,bill_primary,public_lands,2018,2019,0.01687763713080169,0.004388026955022724,-0.012489610175778966,-0.01390934727352292,0.0023721435553190383,0.0007052186177715092,0.0016576250753465947,0.0,ok,,107,7,10
fetch-20261006T122600Z-dfc47335,v2.1-f4676a0b,bill_primary,public_lands,2019,2020,0.004388026955022724,0.010022222222222222,0.0056341952671994985,0.004301901587466967,0.0006093975819422171,0.0021333333333333334,0.0014104372355430183,0.0,ok,,68,45,46
fetch-20261006T122600Z-dfc47335,v2.1-f4676a0b,bill_primary,public_lands,2020,2021,0.010022222222222222,0.008583857686630933,-0.0014383645355912893,-0.0014695533840963343,3.1188848505045184e-05,0.0,0.0,-2.168404344971009e-19,ok,,113,1,0
fetch-20261006T122600Z-dfc47335,v2.1-f4676a0b,bill_primary,public_lands,2021,2022,0.008583857686630933,0.010666337204513631,0.0020824795178826985,0.001980932051774244,0.00010154746610845425,0.0,0.0,0.0,ok,,113,4,1
fetch-20261006T122600Z-dfc47335,v2.1-f4676a0b,bill_primary,public_lands,2022,2023,0.010666337204513631,0.011509341199606686,0.000843003995093055,0.0007341968712111781,0.0002735382003994618,0.0,0.00016473107651758504,2.168404344971009e-19,ok,,111,2,6
fetch-20261006T122600Z-dfc47335,v2.1-f4676a0b,bill_primary,public_lands,2023,2024,0.011509341199606686,0.017443772871181283,0.005934431671574597,0.0032484345596295976,-0.0016947861411500652,0.010875375190164878,0.006494591937069814,8.673617379884035e-19,ok,,59,56,54
fetch-20261006T122600Z-dfc47335,v2.1-f4676a0b,bill_primary,public_lands,2024,2025,0.017443772871181283,0.006898937553400944,-0.01054483531778034,-0.01109031980505391,0.0005454844872735696,0.0,0.0,1.734723475976807e-18,ok,,113,1,2
fetch-20261006T122600Z-dfc47335,v2.1-f4676a0b,bill_primary,social_welfare,2016,2017,0.02342671538773853,0.026068671505933866,0.0026419561181953363,0.0008569987394871743,0.001784957378708162,0.0,0.0,0.0,ok,,113,0,4
fetch-20261006T122600Z-dfc47335,v2.1-f4676a0b,bill_primary,social_welfare,2017,2018,0.026068671505933866,0.045283303194695604,0.019214631688761738,0.019750155319027095,-0.0005355236302653497,0.0,0.0,-6.938893903907228e-18,ok,,113,4,0
fetch-20261006T122600Z-dfc47335,v2.1-f4676a0b,bill_primary,social_welfare,2018,2019,0.045283303194695604,0.05755367497257483,0.012270371777879228,0.012653774719626776,-0.002631614956791075,0.0036044507130543802,0.00135623869801085,-1.734723475976807e-18,ok,,107,7,10
fetch-20261006T122600Z-dfc47335,v2.1-f4676a0b,bill_primary,social_welfare,2019,2020,0.05755367497257483,0.04893777777777778,-0.00861589719479705,-0.0060536691147176705,-0.0001673558030068257,0.021386666666666665,0.023781538943739217,-3.469446951953614e-18,ok,,68,45,46
fetch-20261006T122600Z-dfc47335,v2.1-f4676a0b,bill_primary,social_welfare,2020,2021,0.04893777777777778,0.0580911320482516,0.00915335427047382,0.010792255330321325,-0.001638901059847508,0.0,0.0,3.469446951953614e-18,ok,,113,1,0
fetch-20261006T122600Z-dfc47335,v2.1-f4676a0b,bill_primary,social_welfare,2021,2022,0.0580911320482516,0.024400790709167286,-0.033690341339084315,-0.03103670764162255,-0.002420587787417498,0.0,0.00023304591004427873,1.3877787807814457e-17,ok,,113,4,1
fetch-20261006T122600Z-dfc47335,v2.1-f4676a0b,bill_primary,social_welfare,2022,2023,0.024400790709167286,0.038102261553588986,0.0137014708444217,0.0156960039576622,-0.0006190650692470965,0.0007866273352999016,0.0021620953792933035,0.0,ok,,111,2,6
fetch-20261006T122600Z-dfc47335,v2.1-f4676a0b,bill_primary,social_welfare,2023,2024,0.038102261553588986,0.07361333826734098,0.035511076713752,0.008241305293463097,-0.005082915764232676,0.050740101147156796,0.018387413962635202,-2.0816681711721685e-17,ok,,59,56,54
fetch-20261006T122600Z-dfc47335,v2.1-f4676a0b,bill_primary,social_welfare,2024,2025,0.07361333826734098,0.06686912589620714,-0.006744212371133845,-0.006303713113809371,-0.0001937988749388745,0.0,0.00024670038238559273,-7.806255641895632e-18,ok,,113,1,2
fetch-20261006T122600Z-dfc47335,v2.1-f4676a0b,bill_primary,technology,2016,2017,0.020174583840844498,0.0126454660675193,-0.007529117773325197,-0.006032304475350249,-0.0013750106183159953,0.0,0.00012180267965895249,-8.673617379884035e-19,ok,,113,0,4
fetch-20261006T122600Z-dfc47335,v2.1-f4676a0b,bill_primary,technology,2017,2018,0.0126454660675193,0.023508137432188065,0.010862671364668765,0.009705683758361363,0.001156987606307404,0.0,0.0,-1.734723475976807e-18,ok,,113,4,0
fetch-20261006T122600Z-dfc47335,v2.1-f4676a0b,bill_primary,technology,2018,2019,0.023508137432188065,0.022527816956589876,-0.000980320475598189,-0.0014287411711347404,-0.001739499874487535,0.003996238834038552,0.0018083182640144665,1.0842021724855044e-18,ok,,107,7,10
fetch-20261006T122600Z-dfc47335,v2.1-f4676a0b,bill_primary,technology,2019,2020,0.022527816956589876,0.03595555555555556,0.013427738598965684,0.004917207453430897,-0.0012426423382451886,0.018333333333333326,0.00858015984955336,8.673617379884035e-18,ok,,68,45,46
fetch-20261006T122600Z-dfc47335,v2.1-f4676a0b,bill_primary,technology,2020,2021,0.03595555555555556,0.10556202905305678,0.06960647349750122,0.062370796015853915,0.007235677481647297,0.0,0.0,1.3877787807814457e-17,ok,,113,1,0
fetch-20261006T122600Z-dfc47335,v2.1-f4676a0b,bill_primary,technology,2021,2022,0.10556202905305678,0.09607940037888148,-0.009482628674175306,-0.006050737753421084,-0.003361234303105511,0.00012354830738818876,0.00019420492503689893,0.0,ok,,113,4,1
fetch-20261006T122600Z-dfc47335,v2.1-f4676a0b,bill_primary,technology,2022,2023,0.09607940037888148,0.07686332350049165,-0.01921607687838983,-0.017697120260372397,-0.0006218829271010351,0.0014503441494591936,0.002347417840375587,-6.938893903907228e-18,ok,,111,2,6
fetch-20261006T122600Z-dfc47335,v2.1-f4676a0b,bill_primary,technology,2023,2024,0.07686332350049165,0.0608013650754492,-0.016061958425042447,0.0055020527441201825,-0.01823986117872622,0.02464536820032071,0.027969518190757128,1.0408340855860843e-17,ok,,59,56,54
fetch-20261006T122600Z-dfc47335,v2.1-f4676a0b,bill_primary,technology,2024,2025,0.0608013650754492,0.08707650729967681,0.02627514222422761,0.01587412506022682,0.010462692259597195,0.0,6.167509559639818e-05,-3.469446951953614e-18,ok,,113,1,2
fetch-20261006T122600Z-dfc47335,v2.1-f4676a0b,bill_primary,transitional_justice,2016,2017,0.011814859926918391,0.0014172139647424817,-0.010397645962175909,-0.009086453325867652,-0.0004585738786955912,0.0,0.0008526187576126675,1.734723475976807e-18,ok,,113,0,4
fetch-20261006T122600Z-dfc47335,v2.1-f4676a0b,bill_primary,transitional_justice,2017,2018,0.0014172139647424817,0.0054249547920434,0.004007740827300918,0.00404574996811062,-3.800914080970071e-05,0.0,0.0,-8.673617379884035e-19,ok,,113,4,0
fetch-20261006T122600Z-dfc47335,v2.1-f4676a0b,bill_primary,transitional_justice,2018,2019,0.0054249547920434,0.0012537219871493496,-0.00417123280489405,-0.003812303061640286,-0.00035892974325376395,0.0,0.0,0.0,ok,,107,7,10
fetch-20261006T122600Z-dfc47335,v2.1-f4676a0b,bill_primary,transitional_justice,2019,2020,0.0012537219871493496,0.0032,0.0019462780128506505,0.0002161405716900291,0.0002190263300495103,0.001511111111111111,0.0,0.0,ok,,68,45,46
fetch-20261006T122600Z-dfc47335,v2.1-f4676a0b,bill_primary,transitional_justice,2020,2021,0.0032,0.0036122116056863203,0.0004122116056863201,0.00045487921804916867,-4.2667612362848393e-05,0.0,0.0,-1.6263032587282567e-19,ok,,113,1,0
fetch-20261006T122600Z-dfc47335,v2.1-f4676a0b,bill_primary,transitional_justice,2021,2022,0.0036122116056863203,0.005806770447244872,0.002194558841558552,0.0027109224324013614,-0.0005163635908428083,0.0,0.0,-8.673617379884035e-19,ok,,113,4,1
fetch-20261006T122600Z-dfc47335,v2.1-f4676a0b,bill_primary,transitional_justice,2022,2023,0.005806770447244872,0.0050639134709931175,-0.0007428569762517549,-0.00023056479162765635,-0.00014164726245953355,0.0,0.00037064492216456633,1.4094628242311558e-18,ok,,111,2,6
fetch-20261006T122600Z-dfc47335,v2.1-f4676a0b,bill_primary,transitional_justice,2023,2024,0.0050639134709931175,0.004337815056946671,-0.0007260984140464461,2.0089701888331842e-05,-0.0013440726783490642,0.002220303441470334,0.0016224188790560472,-6.505213034913027e-19,ok,,59,56,54
fetch-20261006T122600Z-dfc47335,v2.1-f4676a0b,bill_primary,transitional_justice,2024,2025,0.004337815056946671,0.00047364315167725403,-0.003864171905269417,-0.00407410483275161,0.00020993292748219095,0.0,0.0,2.168404344971009e-18,ok,,113,1,2
fetch-20261006T122600Z-dfc47335,v2.1-f4676a0b,bill_primary,transportation,2016,2017,0.05550142103126269,0.06377462841341168,0.00827320738214899,0.008669661659303399,0.00033436180079931383,0.0,0.000730816077953715,-6.938893903907228e-18,ok,,113,0,4
fetch-20261006T122600Z-dfc47335,v2.1-f4676a0b,bill_primary,transportation,2017,2018,0.06377462841341168,0.045132610006027724,-0.018642018407383956,-0.019864189682464232,0.0009961314920784578,0.00022603978300180834,0.0,6.938893903907228e-18,ok,,113,4,0
fetch-20261006T122600Z-dfc47335,v2.1-f4676a0b,bill_primary,transportation,2018,2019,0.045132610006027724,0.08580159849553362,0.0406689884895059,0.044854412590732966,-0.009462413343419622,0.007914120043880271,0.0026371308016877636,4.85722573273506e-17,ok,,107,7,10
fetch-20261006T122600Z-dfc47335,v2.1-f4676a0b,bill_primary,transportation,2019,2020,0.08580159849553362,0.050355555555555556,-0.035446042939978065,-0.018908590714233744,-0.0036610692136772394,0.018466666666666666,0.031343049678733734,-1.3877787807814457e-17,ok,,68,45,46
fetch-20261006T122600Z-dfc47335,v2.1-f4676a0b,bill_primary,transportation,2020,2021,0.050355555555555556,0.045976073953235455,-0.004379481602320101,-0.005467622487832525,0.0010881408855124264,0.0,0.0,-1.734723475976807e-18,ok,,113,1,0
fetch-20261006T122600Z-dfc47335,v2.1-f4676a0b,bill_primary,transportation,2021,2022,0.045976073953235455,0.06305081953710567,0.01707474558387022,0.013778382005772504,0.003296363578097718,0.0,0.0,-3.469446951953614e-18,ok,,113,4,1
fetch-20261006T122600Z-dfc47335,v2.1-f4676a0b,bill_primary,transportation,2022,2023,0.06305081953710567,0.048411996066863326,-0.014638823470242347,-0.013946168037875925,0.0038479817561843234,0.0004424778761061947,0.004983115064656948,6.938893903907228e-18,ok,,111,2,6
fetch-20261006T122600Z-dfc47335,v2.1-f4676a0b,bill_primary,transportation,2023,2024,0.048411996066863326,0.038873812754409764,-0.009538183312453562,-0.005619927461950685,-0.008690999193928598,0.026242753176267418,0.02147000983284169,-6.938893903907228e-18,ok,,59,56,54
fetch-20261006T122600Z-dfc47335,v2.1-f4676a0b,bill_primary,transportation,2024,2025,0.038873812754409764,0.047190181656079355,0.00831636890166959,0.008374224625995401,6.549446686697805e-05,0.0,0.00012335019119279637,8.673617379884035e-18,ok,,113,1,2
fetch-20261006T122600Z-dfc47335,v2.1-f4676a0b,bill_primary,unclassified,2016,2017,0.17149817295980513,0.18562046318700312,0.014122290227197992,0.006249367119517003,0.012745030294039094,0.0,0.0048721071863581,-3.469446951953614e-18,ok,,113,0,4
fetch-20261006T122600Z-dfc47335,v2.1-f4676a0b,bill_primary,unclassified,2017,2018,0.18562046318700312,0.18354430379746836,-0.0020761593895347596,-0.002567566204061778,-0.00041275231748021145,0.0009041591320072334,0.0,-3.469446951953614e-18,ok,,113,4,0
fetch-20261006T122600Z-dfc47335,v2.1-f4676a0b,bill_primary,unclassified,2018,2019,0.18354430379746836,0.1998119417019276,0.01626763790445923,0.029128377617044905,-0.015265241889453988,0.015514809590973202,0.013110307414104882,-6.938893903907228e-18,ok,,107,7,10
fetch-20261006T122600Z-dfc47335,v2.1-f4676a0b,bill_primary,unclassified,2019,2020,0.1998119417019276,0.1632,-0.03661194170192758,-0.023906305483060993,-0.00807827373649707,0.06213333333333334,0.06676069581570285,-6.938893903907228e-18,ok,,68,45,46
fetch-20261006T122600Z-dfc47335,v2.1-f4676a0b,bill_primary,unclassified,2020,2021,0.1632,0.15940340247028664,-0.003796597529713369,-0.0043261619532055035,0.000529564423492146,0.0,0.0,-1.1709383462843448e-17,ok,,113,1,0
fetch-20261006T122600Z-dfc47335,v2.1-f4676a0b,bill_primary,unclassified,2021,2022,0.15940340247028664,0.1485050654806029,-0.010898336989683732,-0.013991515804043645,0.0033262247244041964,0.0,0.00023304591004427873,-5.204170427930421e-18,ok,,113,4,1
fetch-20261006T122600Z-dfc47335,v2.1-f4676a0b,bill_primary,unclassified,2022,2023,0.1485050654806029,0.14454277286135694,-0.003962292619245966,0.001033357630457885,0.0026241096073736964,0.0017699115044247787,0.009389671361502348,2.0816681711721685e-17,ok,,111,2,6
fetch-20261006T122600Z-dfc47335,v2.1-f4676a0b,bill_primary,unclassified,2023,2024,0.14454277286135694,0.13445170840014803,-0.010091064461208915,0.012531219129970312,-0.020011298437957546,0.0743801652892562,0.0769911504424779,1.3877787807814457e-17,ok,,59,56,54
fetch-20261006T122600Z-dfc47335,v2.1-f4676a0b,bill_primary,unclassified,2024,2025,0.13445170840014803,0.14577064526914077,0.01131893686899274,0.00502182368453557,0.006086127033289542,0.00033433634236041456,0.00012335019119279637,1.0408340855860843e-17,ok,,113,1,2
fetch-20261006T122600Z-dfc47335,v2.1-f4676a0b,speech,agriculture,2016,2017,0.02262937283954394,0.019238859872399948,-0.0033905129671439917,-0.00352980018080143,0.00023943823144271194,0.0,0.00010015101778527317,-8.673617379884035e-19,ok,,113,0,4
fetch-20261006T122600Z-dfc47335,v2.1-f4676a0b,speech,agriculture,2017,2018,0.019238859872399948,0.021831156178890723,0.0025922963064907746,0.005058926313458262,-0.0025110449506469856,4.4414943679497235e-05,0.0,8.673617379884035e-19,ok,,113,4,0
fetch-20261006T122600Z-dfc47335,v2.1-f4676a0b,speech,agriculture,2018,2019,0.021831156178890723,0.022221453603835775,0.0003902974249450526,0.0036633004785205743,-0.0019891616581547925,0.0005109287393327475,0.0017947701347534805,3.686287386450715e-18,ok,,107,7,10
fetch-20261006T122600Z-dfc47335,v2.1-f4676a0b,speech,agriculture,2019,2020,,,,,,,,,unavailable,source_basis_changed,0,0,0
fetch-20261006T122600Z-dfc47335,v2.1-f4676a0b,speech,agriculture,2020,2021,,,,,,,,,unavailable,source_basis_changed,0,0,0
fetch-20261006T122600Z-dfc47335,v2.1-f4676a0b,speech,agriculture,2021,2022,0.01984115566400494,0.019072766154373692,-0.0007683895096312482,0.0005907616672429753,-0.0013512029141057433,0.0,7.948262768476023e-06,-4.119968255444917e-18,ok,,113,4,1
fetch-20261006T122600Z-dfc47335,v2.1-f4676a0b,speech,agriculture,2022,2023,0.019072766154373692,0.023460980180485088,0.004388214026111396,0.004850308008422591,-0.00042855756346313003,0.0006629657535553038,0.0006965021724033708,1.734723475976807e-18,ok,,111,2,6
fetch-20261006T122600Z-dfc47335,v2.1-f4676a0b,speech,agriculture,2023,2024,0.023460980180485088,0.026025217742102296,0.002564237561617208,0.0013921886927687815,0.002495110987312651,0.011077203699844669,0.01240026581830889,-3.469446951953614e-18,ok,,59,56,54
fetch-20261006T122600Z-dfc47335,v2.1-f4676a0b,speech,agriculture,2024,2025,0.026025217742102296,0.01843259346518055,-0.007592624276921745,-0.005168452866636941,-0.0021288632995405538,4.336923431242233e-05,0.00033867734505667264,-8.673617379884035e-19,ok,,113,1,2
fetch-20261006T122600Z-dfc47335,v2.1-f4676a0b,speech,civil_rights,2016,2017,0.015301042215234126,0.008395123248553467,-0.00690591896668066,-0.0069010412378067805,0.00023528001248014673,0.0,0.00024015774135402603,0.0,ok,,113,0,4
fetch-20261006T122600Z-dfc47335,v2.1-f4676a0b,speech,civil_rights,2017,2018,0.008395123248553467,0.009990057487121468,0.0015949342385680014,0.001012086961438818,0.00048469005859658437,9.81572185325997e-05,0.0,-8.673617379884035e-19,ok,,113,4,0
fetch-20261006T122600Z-dfc47335,v2.1-f4676a0b,speech,civil_rights,2018,2019,0.009990057487121468,0.01547206488097369,0.005482007393852222,0.004299160294566054,0.0008054821884550012,0.0005625471698978289,0.00018518225906666202,8.673617379884035e-19,ok,,107,7,10
fetch-20261006T122600Z-dfc47335,v2.1-f4676a0b,speech,civil_rights,2019,2020,,,,,,,,,unavailable,source_basis_changed,0,0,0
fetch-20261006T122600Z-dfc47335,v2.1-f4676a0b,speech,civil_rights,2020,2021,,,,,,,,,unavailable,source_basis_changed,0,0,0
fetch-20261006T122600Z-dfc47335,v2.1-f4676a0b,speech,civil_rights,2021,2022,0.008151181736837952,0.010896178615138351,0.002744996878300399,0.002381014995627804,0.000287423517716014,7.87493129610004e-05,2.190948004421959e-06,2.6020852139652106e-18,ok,,113,4,1
fetch-20261006T122600Z-dfc47335,v2.1-f4676a0b,speech,civil_rights,2022,2023,0.010896178615138351,0.01747877662034001,0.006582598005201659,0.00492211358603699,0.0011412324466290476,0.0009193623381365753,0.00040011036560095155,-2.6020852139652106e-18,ok,,111,2,6
fetch-20261006T122600Z-dfc47335,v2.1-f4676a0b,speech,civil_rights,2023,2024,0.01747877662034001,0.008909866713269023,-0.008568909907070987,-0.0028475384316816598,0.0004493755851782005,0.004886052159909154,0.011056799220476681,0.0,ok,,59,56,54
fetch-20261006T122600Z-dfc47335,v2.1-f4676a0b,speech,civil_rights,2024,2025,0.008909866713269023,0.012346458160239271,0.0034365914469702483,0.0032899272150930417,6.342288976737874e-05,0.0001951448417623393,0.00011190349965251159,0.0,ok,,113,1,2
fetch-20261006T122600Z-dfc47335,v2.1-f4676a0b,speech,commerce,2016,2017,0.027646875755262177,0.02819990626182806,0.0005530305065658825,0.00023429637504894068,0.0009439317870765924,0.0,0.0006251976555596455,-5.204170427930421e-18,ok,,113,0,4
fetch-20261006T122600Z-dfc47335,v2.1-f4676a0b,speech,commerce,2017,2018,0.02819990626182806,0.03742546478367012,0.009225558521842061,0.0075468429037374805,0.0015186698536804215,0.00016004576442416046,0.0,-1.734723475976807e-18,ok,,113,4,0
fetch-20261006T122600Z-dfc47335,v2.1-f4676a0b,speech,commerce,2018,2019,0.03742546478367012,0.027871109207402853,-0.009554355576267267,-0.00908637868885049,-0.00021582666685859972,0.0009521243429007025,0.001204274563458883,3.469446951953614e-18,ok,,107,7,10
fetch-20261006T122600Z-dfc47335,v2.1-f4676a0b,speech,commerce,2019,2020,,,,,,,,,unavailable,source_basis_changed,0,0,0
fetch-20261006T122600Z-dfc47335,v2.1-f4676a0b,speech,commerce,2020,2021,,,,,,,,,unavailable,source_basis_changed,0,0,0
fetch-20261006T122600Z-dfc47335,v2.1-f4676a0b,speech,commerce,2021,2022,0.02097547922938335,0.02399663140459949,0.0030211521752161394,0.003162540622665376,-0.00018853571809247636,5.1220521199077306e-05,4.073250555840031e-06,2.6020852139652106e-18,ok,,113,4,1
fetch-20261006T122600Z-dfc47335,v2.1-f4676a0b,speech,commerce,2022,2023,0.02399663140459949,0.027996478695126996,0.003999847290527506,0.004783582268399044,-0.0004181918481935585,0.00039247531079787137,0.0007580184404758502,-8.673617379884035e-19,ok,,111,2,6
fetch-20261006T122600Z-dfc47335,v2.1-f4676a0b,speech,commerce,2023,2024,0.027996478695126996,0.025619668029249743,-0.0023768106658772527,-0.001970859024763759,0.000919182524695297,0.011448459721287838,0.012773593887096634,5.204170427930421e-18,ok,,59,56,54
fetch-20261006T122600Z-dfc47335,v2.1-f4676a0b,speech,commerce,2024,2025,0.025619668029249743,0.020840983252506346,-0.004778684776743397,-0.004551917634268908,0.00019768250014804927,0.00011477014891741544,0.0005392197915399505,-3.469446951953614e-18,ok,,113,1,2
fetch-20261006T122600Z-dfc47335,v2.1-f4676a0b,speech,cross_strait,2016,2017,0.015458091465707759,0.011781535294304112,-0.0036765561714036474,-0.004162708399104571,0.0006038724462917198,0.0,0.00011772021859079418,-2.168404344971009e-18,ok,,113,0,4
fetch-20261006T122600Z-dfc47335,v2.1-f4676a0b,speech,cross_strait,2017,2018,0.011781535294304112,0.008658460047217762,-0.003123075247086349,-0.0027402063938104515,-0.0006111122246838721,0.00022824337140797386,0.0,8.673617379884035e-19,ok,,113,4,0
fetch-20261006T122600Z-dfc47335,v2.1-f4676a0b,speech,cross_strait,2018,2019,0.008658460047217762,0.015020172690266868,0.0063617126430491056,0.005591376697912661,0.00035007955485155353,0.0007942194501534426,0.00037396305986855,-1.734723475976807e-18,ok,,107,7,10
fetch-20261006T122600Z-dfc47335,v2.1-f4676a0b,speech,cross_strait,2019,2020,,,,,,,,,unavailable,source_basis_changed,0,0,0
fetch-20261006T122600Z-dfc47335,v2.1-f4676a0b,speech,cross_strait,2020,2021,,,,,,,,,unavailable,source_basis_changed,0,0,0
fetch-20261006T122600Z-dfc47335,v2.1-f4676a0b,speech,cross_strait,2021,2022,0.007849351350892956,0.006474099985960356,-0.0013752513649325998,-0.0013425640713674437,0.00012555085916600878,0.0,0.00015823815273116503,0.0,ok,,113,4,1
fetch-20261006T122600Z-dfc47335,v2.1-f4676a0b,speech,cross_strait,2022,2023,0.006474099985960356,0.007123824246519163,0.0006497242605588063,0.0008834825374405157,-0.0001494516781268764,0.0,8.430659875483361e-05,5.421010862427522e-19,ok,,111,2,6
fetch-20261006T122600Z-dfc47335,v2.1-f4676a0b,speech,cross_strait,2023,2024,0.007123824246519163,0.008825668937924818,0.001701844691405655,0.0011445326840854961,0.00018696773009241704,0.004870290554492656,0.004499946277264915,8.673617379884035e-19,ok,,59,56,54
fetch-20261006T122600Z-dfc47335,v2.1-f4676a0b,speech,cross_strait,2024,2025,0.008825668937924818,0.008425874615388924,-0.000399794322535894,4.763471910925038e-05,-5.1151509283356717e-05,9.739460099220678e-05,0.0004936721333539926,-1.8973538018496328e-18,ok,,113,1,2
fetch-20261006T122600Z-dfc47335,v2.1-f4676a0b,speech,culture,2016,2017,0.03004670749187954,0.02977464936628051,-0.0002720581255990298,-0.0018028244167947283,0.0016738987845246317,0.0,0.0001431324933289308,-2.4936649967166602e-18,ok,,113,0,4
fetch-20261006T122600Z-dfc47335,v2.1-f4676a0b,speech,culture,2017,2018,0.02977464936628051,0.028448204701821345,-0.0013264446644591643,-0.0028949753156859537,0.00038945885311707267,0.001179071798109716,0.0,6.505213034913027e-19,ok,,113,4,0
fetch-20261006T122600Z-dfc47335,v2.1-f4676a0b,speech,culture,2018,2019,0.028448204701821345,0.021254747004116788,-0.007193457697704558,-0.0066897487877320685,-0.00048768706167725835,0.0006996381289925425,0.0007156599772877735,8.673617379884035e-19,ok,,107,7,10
fetch-20261006T122600Z-dfc47335,v2.1-f4676a0b,speech,culture,2019,2020,,,,,,,,,unavailable,source_basis_changed,0,0,0
fetch-20261006T122600Z-dfc47335,v2.1-f4676a0b,speech,culture,2020,2021,,,,,,,,,unavailable,source_basis_changed,0,0,0
fetch-20261006T122600Z-dfc47335,v2.1-f4676a0b,speech,culture,2021,2022,0.02471620996671009,0.021437816486466112,-0.0032783934802439775,-0.003080195306948571,-0.00011341355567356172,3.9710904614407116e-05,0.00012449552223624992,-1.734723475976807e-18,ok,,113,4,1
fetch-20261006T122600Z-dfc47335,v2.1-f4676a0b,speech,culture,2022,2023,0.021437816486466112,0.024126664863626066,0.002688848377159953,0.0027885811084600244,-0.0008860718021731372,0.0014440105923022623,0.0006576715214291992,3.0357660829594124e-18,ok,,111,2,6
fetch-20261006T122600Z-dfc47335,v2.1-f4676a0b,speech,culture,2023,2024,0.024126664863626066,0.03245007449943926,0.008323409635813198,-0.003737498021856161,0.002519601560380114,0.018678685979705744,0.009137379882416492,-6.938893903907228e-18,ok,,59,56,54
fetch-20261006T122600Z-dfc47335,v2.1-f4676a0b,speech,culture,2024,2025,0.03245007449943926,0.02015635532297357,-0.012293719176465694,-0.013600181704967875,0.00039748049717633794,0.0009089820313258458,0.0,-3.469446951953614e-18,ok,,113,1,2
fetch-20261006T122600Z-dfc47335,v2.1-f4676a0b,speech,defense,2016,2017,0.021215641151892277,0.01836499246997719,-0.0028506486819150877,-0.0025678560339931454,-0.00015593081385458437,0.0,0.00012686183406735707,-8.673617379884035e-19,ok,,113,0,4
fetch-20261006T122600Z-dfc47335,v2.1-f4676a0b,speech,defense,2017,2018,0.01836499246997719,0.032686312452778477,0.014321319982801287,0.0147227312471548,-0.0004946941596417954,9.328289528828389e-05,0.0,-1.734723475976807e-18,ok,,113,4,0
fetch-20261006T122600Z-dfc47335,v2.1-f4676a0b,speech,defense,2018,2019,0.032686312452778477,0.02359416884806914,-0.009092143604709335,-0.008209041388517892,0.00032089228361603086,0.000655726419850637,0.0018597209196581119,0.0,ok,,107,7,10
fetch-20261006T122600Z-dfc47335,v2.1-f4676a0b,speech,defense,2019,2020,,,,,,,,,unavailable,source_basis_changed,0,0,0
fetch-20261006T122600Z-dfc47335,v2.1-f4676a0b,speech,defense,2020,2021,,,,,,,,,unavailable,source_basis_changed,0,0,0
fetch-20261006T122600Z-dfc47335,v2.1-f4676a0b,speech,defense,2021,2022,0.0346636012349491,0.02806809861772673,-0.006595502617222367,-0.004652448948813883,-0.0011134670094745125,0.0,0.0008295866589339726,1.734723475976807e-18,ok,,113,4,1
fetch-20261006T122600Z-dfc47335,v2.1-f4676a0b,speech,defense,2022,2023,0.02806809861772673,0.033362391948226995,0.005294293330500265,0.005575455134898124,-1.972804098731002e-05,0.0001975963887151035,0.00045903015212564826,-5.204170427930421e-18,ok,,111,2,6
fetch-20261006T122600Z-dfc47335,v2.1-f4676a0b,speech,defense,2023,2024,0.033362391948226995,0.021304601638302622,-0.012057790309924373,9.872454371067085e-05,0.0001423517828018232,0.012024462807432213,0.02432332944386908,1.734723475976807e-18,ok,,59,56,54
fetch-20261006T122600Z-dfc47335,v2.1-f4676a0b,speech,defense,2024,2025,0.021304601638302622,0.03414702987145664,0.012842428233154016,0.013841479968268457,-0.00021387499980761793,7.649129230166825e-05,0.000861668027608491,0.0,ok,,113,1,2
fetch-20261006T122600Z-dfc47335,v2.1-f4676a0b,speech,education,2016,2017,0.04818190926489444,0.04773100874091545,-0.0004509005239789893,-0.0019458686253406663,0.002013791533456204,0.0,0.0005188234320945307,3.577867169202165e-18,ok,,113,0,4
fetch-20261006T122600Z-dfc47335,v2.1-f4676a0b,speech,education,2017,2018,0.04773100874091545,0.05208534371712618,0.004354334976210725,0.002059126179317214,0.0015761570914552617,0.0007190517054382514,0.0,-2.6020852139652106e-18,ok,,113,4,0
fetch-20261006T122600Z-dfc47335,v2.1-f4676a0b,speech,education,2018,2019,0.05208534371712618,0.03786458550329093,-0.014220758213835248,-0.010383769161701107,-0.004452556064725893,0.0019986004283677598,0.001383033415776012,3.469446951953614e-18,ok,,107,7,10
fetch-20261006T122600Z-dfc47335,v2.1-f4676a0b,speech,education,2019,2020,,,,,,,,,unavailable,source_basis_changed,0,0,0
fetch-20261006T122600Z-dfc47335,v2.1-f4676a0b,speech,education,2020,2021,,,,,,,,,unavailable,source_basis_changed,0,0,0
fetch-20261006T122600Z-dfc47335,v2.1-f4676a0b,speech,education,2021,2022,0.039854402184300725,0.04155635662541073,0.0017019544411100082,0.0016109530023831384,0.00018374132685268534,0.00010947585177934975,0.00020221573990516584,4.336808689942018e-19,ok,,113,4,1
fetch-20261006T122600Z-dfc47335,v2.1-f4676a0b,speech,education,2022,2023,0.04155635662541073,0.04418493772773809,0.0026285811023273598,0.001642346730574157,-0.001187432647388738,0.0038703326061179984,0.0016966655869760548,-3.469446951953614e-18,ok,,111,2,6
fetch-20261006T122600Z-dfc47335,v2.1-f4676a0b,speech,education,2023,2024,0.04418493772773809,0.039239727400505825,-0.0049452103272322676,-0.005330073393940106,0.0027453069454220114,0.022597723667827238,0.02495816754654142,6.938893903907228e-18,ok,,59,56,54
fetch-20261006T122600Z-dfc47335,v2.1-f4676a0b,speech,education,2024,2025,0.039239727400505825,0.04182436037230484,0.0025846329717990127,0.0007631256343287112,0.000720484361925197,0.0013009194792121368,0.00019989650366703137,-8.673617379884035e-19,ok,,113,1,2
fetch-20261006T122600Z-dfc47335,v2.1-f4676a0b,speech,energy,2016,2017,0.02150513513175815,0.019145946966008704,-0.002359188165749447,-0.0024986733628288437,0.00026428452596067545,0.0,0.00012479932888127942,4.336808689942018e-19,ok,,113,0,4
fetch-20261006T122600Z-dfc47335,v2.1-f4676a0b,speech,energy,2017,2018,0.019145946966008704,0.03174695725696656,0.012601010290957854,0.014558540389129099,-0.0020272070035910307,6.967690541977891e-05,0.0,6.938893903907228e-18,ok,,113,4,0
fetch-20261006T122600Z-dfc47335,v2.1-f4676a0b,speech,energy,2018,2019,0.03174695725696656,0.013941590675312478,-0.017805366581654082,-0.015826217458154025,-0.0012463078526872618,0.0010625269839839497,0.0017953682547967426,-3.469446951953614e-18,ok,,107,7,10
fetch-20261006T122600Z-dfc47335,v2.1-f4676a0b,speech,energy,2019,2020,,,,,,,,,unavailable,source_basis_changed,0,0,0
fetch-20261006T122600Z-dfc47335,v2.1-f4676a0b,speech,energy,2020,2021,,,,,,,,,unavailable,source_basis_changed,0,0,0
fetch-20261006T122600Z-dfc47335,v2.1-f4676a0b,speech,energy,2021,2022,0.021676767126712085,0.02548498827914529,0.0038082211524332055,0.003780270958009249,-2.8916391688264782e-05,7.848046206060616e-05,2.161387594838488e-05,0.0,ok,,113,4,1
fetch-20261006T122600Z-dfc47335,v2.1-f4676a0b,speech,energy,2022,2023,0.02548498827914529,0.022325373474933383,-0.003159614804211907,-0.0023041189081482154,-5.921599698540959e-05,0.00034794267127057576,0.0011442225703488546,-3.469446951953614e-18,ok,,111,2,6
fetch-20261006T122600Z-dfc47335,v2.1-f4676a0b,speech,energy,2023,2024,0.022325373474933383,0.032459197086955376,0.010133823612021992,0.004201315359573194,0.0019919554272564387,0.01589709800583948,0.011956545180647128,6.938893903907228e-18,ok,,59,56,54
fetch-20261006T122600Z-dfc47335,v2.1-f4676a0b,speech,energy,2024,2025,0.032459197086955376,0.03993659403348698,0.007477396946531607,0.008126740388870124,-0.000896384927204622,0.0012116636769338633,0.0009646221920677528,-5.204170427930421e-18,ok,,113,1,2
fetch-20261006T122600Z-dfc47335,v2.1-f4676a0b,speech,environment,2016,2017,0.019209043806862072,0.019825442401613266,0.0006163985947511934,0.0012072951510518134,-0.0005053600150606957,0.0,8.553654123992762e-05,3.3610267347050637e-18,ok,,113,0,4
fetch-20261006T122600Z-dfc47335,v2.1-f4676a0b,speech,environment,2017,2018,0.019825442401613266,0.02757847612671843,0.007753033725105163,0.008249275068255776,-0.0006323251256771306,0.0001360837825265203,0.0,-3.469446951953614e-18,ok,,113,4,0
fetch-20261006T122600Z-dfc47335,v2.1-f4676a0b,speech,environment,2018,2019,0.02757847612671843,0.015212549149517687,-0.012365926977200742,-0.011150269115871187,-0.0008865845494401233,0.0005732187412541945,0.0009022920531436226,-3.469446951953614e-18,ok,,107,7,10
fetch-20261006T122600Z-dfc47335,v2.1-f4676a0b,speech,environment,2019,2020,,,,,,,,,unavailable,source_basis_changed,0,0,0
fetch-20261006T122600Z-dfc47335,v2.1-f4676a0b,speech,environment,2020,2021,,,,,,,,,unavailable,source_basis_changed,0,0,0
fetch-20261006T122600Z-dfc47335,v2.1-f4676a0b,speech,environment,2021,2022,0.019903710361939747,0.028886626361795672,0.008982915999855925,0.008974429968743702,-0.0007057327343274139,0.0007240702959016743,9.851530462034208e-06,-5.204170427930421e-18,ok,,113,4,1
fetch-20261006T122600Z-dfc47335,v2.1-f4676a0b,speech,environment,2022,2023,0.028886626361795672,0.028300239742022466,-0.0005863866197732062,-0.0034998900012580734,0.0038622172995371393,0.000200446079676746,0.0011491599977290186,4.336808689942018e-19,ok,,111,2,6
fetch-20261006T122600Z-dfc47335,v2.1-f4676a0b,speech,environment,2023,2024,0.028300239742022466,0.0203455937734724,-0.007954645968550066,-0.0005958050864460163,0.00041598347292551855,0.010255100516023003,0.018029924871052573,1.734723475976807e-18,ok,,59,56,54
fetch-20261006T122600Z-dfc47335,v2.1-f4676a0b,speech,environment,2024,2025,0.0203455937734724,0.02364354582676348,0.0032979520532910797,0.0029137241942717557,0.00025338738741774994,0.000716003169564943,0.0005851626979633685,-8.673617379884035e-19,ok,,113,1,2
fetch-20261006T122600Z-dfc47335,v2.1-f4676a0b,speech,foreign_trade,2016,2017,0.010226362943534736,0.005835494348900229,-0.004390868594634507,-0.004550660310400333,0.00024547435172422394,0.0,8.568263595839822e-05,0.0,ok,,113,0,4
fetch-20261006T122600Z-dfc47335,v2.1-f4676a0b,speech,foreign_trade,2017,2018,0.005835494348900229,0.006085521361496456,0.0002500270125962269,0.0007473433158896593,-0.0004973163032934323,0.0,0.0,-1.0842021724855044e-19,ok,,113,4,0
fetch-20261006T122600Z-dfc47335,v2.1-f4676a0b,speech,foreign_trade,2018,2019,0.006085521361496456,0.009686463902830962,0.003600942541334506,0.004004815041270226,-0.0002037459762613663,0.00021775580024065407,0.0004178823239150085,1.3010426069826053e-18,ok,,107,7,10
fetch-20261006T122600Z-dfc47335,v2.1-f4676a0b,speech,foreign_trade,2019,2020,,,,,,,,,unavailable,source_basis_changed,0,0,0
fetch-20261006T122600Z-dfc47335,v2.1-f4676a0b,speech,foreign_trade,2020,2021,,,,,,,,,unavailable,source_basis_changed,0,0,0
fetch-20261006T122600Z-dfc47335,v2.1-f4676a0b,speech,foreign_trade,2021,2022,0.012155833141828325,0.008067767163203945,-0.0040880659786243796,-0.004315611163334058,0.00015259323263133165,0.00010815996388397729,3.3208011805629904e-05,0.0,ok,,113,4,1
fetch-20261006T122600Z-dfc47335,v2.1-f4676a0b,speech,foreign_trade,2022,2023,0.008067767163203945,0.01073859351478008,0.0026708263515761357,0.0031471415636037266,-0.0002934288515608361,6.802915981765857e-05,0.00025091552028441033,-3.0357660829594124e-18,ok,,111,2,6
fetch-20261006T122600Z-dfc47335,v2.1-f4676a0b,speech,foreign_trade,2023,2024,0.01073859351478008,0.005546608639313897,-0.005191984875466184,-0.002634791623318732,0.00030639272270278597,0.0026147455958102756,0.005478331570660514,0.0,ok,,59,56,54
fetch-20261006T122600Z-dfc47335,v2.1-f4676a0b,speech,foreign_trade,2024,2025,0.005546608639313897,0.018572803003415274,0.013026194364101377,0.012897637265672578,-5.524622974551198e-05,0.0002161122500454067,3.2308921871089065e-05,-5.204170427930421e-18,ok,,113,1,2
fetch-20261006T122600Z-dfc47335,v2.1-f4676a0b,speech,government,2016,2017,0.02862400486342834,0.03946450818051849,0.01084050331709015,0.011091475675888893,0.0009425172909702483,0.0,0.001193489649768991,0.0,ok,,113,0,4
fetch-20261006T122600Z-dfc47335,v2.1-f4676a0b,speech,government,2017,2018,0.03946450818051849,0.039247683215514265,-0.0002168249650042267,-0.0013385408947656262,5.941403945131427e-05,0.0010623018903100849,0.0,4.336808689942018e-19,ok,,113,4,0
fetch-20261006T122600Z-dfc47335,v2.1-f4676a0b,speech,government,2018,2019,0.039247683215514265,0.04358291593830189,0.004335232722787623,0.0018334884538796143,0.0009469085513140673,0.002567853575395976,0.0010130178578020318,-3.469446951953614e-18,ok,,107,7,10
fetch-20261006T122600Z-dfc47335,v2.1-f4676a0b,speech,government,2019,2020,,,,,,,,,unavailable,source_basis_changed,0,0,0
fetch-20261006T122600Z-dfc47335,v2.1-f4676a0b,speech,government,2020,2021,,,,,,,,,unavailable,source_basis_changed,0,0,0
fetch-20261006T122600Z-dfc47335,v2.1-f4676a0b,speech,government,2021,2022,0.03212019663642194,0.03210643532258721,-1.376131383473006e-05,2.307798067129548e-05,-9.423298017580286e-05,5.7393685669778785e-05,0.0,-1.4704491964334654e-18,ok,,113,4,1
fetch-20261006T122600Z-dfc47335,v2.1-f4676a0b,speech,government,2022,2023,0.03210643532258721,0.03150526020385578,-0.0006011751187314299,-0.0024283686979411478,0.0030297711375315345,0.00011675002651387393,0.0013193275848356952,4.7704895589362195e-18,ok,,111,2,6
fetch-20261006T122600Z-dfc47335,v2.1-f4676a0b,speech,government,2023,2024,0.03150526020385578,0.04489102567469902,0.01338576547084324,0.006385404113818512,0.0017285512039625223,0.024125496660034832,0.018853686506972615,-1.0408340855860843e-17,ok,,59,56,54
fetch-20261006T122600Z-dfc47335,v2.1-f4676a0b,speech,government,2024,2025,0.04489102567469902,0.05188320212888734,0.006992176454188322,0.006882937215935133,-0.0003361058474118726,0.0007435330503018485,0.00029818796463679763,1.0408340855860843e-17,ok,,113,1,2
fetch-20261006T122600Z-dfc47335,v2.1-f4676a0b,speech,health,2016,2017,0.03707172199801779,0.036517662688786194,-0.0005540593092315943,-0.0009924316448136606,0.0006926249551238137,0.0,0.0002542526195417413,-6.071532165918825e-18,ok,,113,0,4
fetch-20261006T122600Z-dfc47335,v2.1-f4676a0b,speech,health,2017,2018,0.036517662688786194,0.03305776853386373,-0.003459894154922462,-0.004402644631892434,0.0006238386410679403,0.0003189118359020304,0.0,1.734723475976807e-18,ok,,113,4,0
fetch-20261006T122600Z-dfc47335,v2.1-f4676a0b,speech,health,2018,2019,0.03305776853386373,0.036851847860713556,0.003794079326849824,0.003332779679337829,0.00022226301732996957,0.0008724865422083835,0.0006334499120263604,1.734723475976807e-18,ok,,107,7,10
fetch-20261006T122600Z-dfc47335,v2.1-f4676a0b,speech,health,2019,2020,,,,,,,,,unavailable,source_basis_changed,0,0,0
fetch-20261006T122600Z-dfc47335,v2.1-f4676a0b,speech,health,2020,2021,,,,,,,,,unavailable,source_basis_changed,0,0,0
fetch-20261006T122600Z-dfc47335,v2.1-f4676a0b,speech,health,2021,2022,0.07112668035583787,0.063235263278357,-0.007891417077480867,-0.006832201657010339,-0.0010675863723504189,0.0004299522580249301,0.0004215813061450267,-1.214306433183765e-17,ok,,113,4,1
fetch-20261006T122600Z-dfc47335,v2.1-f4676a0b,speech,health,2022,2023,0.063235263278357,0.04471081411823166,-0.018524449160125342,-0.01936903997367087,0.0030663452191342978,0.0009042499369709653,0.0031260043425597427,6.938893903907228e-18,ok,,111,2,6
fetch-20261006T122600Z-dfc47335,v2.1-f4676a0b,speech,health,2023,2024,0.04471081411823166,0.042349300393911556,-0.0023615137243201065,-0.0031164810121147553,0.0006962571462253584,0.027918005173317658,0.027859295031748364,-3.469446951953614e-18,ok,,59,56,54
fetch-20261006T122600Z-dfc47335,v2.1-f4676a0b,speech,health,2024,2025,0.042349300393911556,0.03313003214003291,-0.009219268253878643,-0.009663886617689143,0.000696470812580892,8.060768091094347e-05,0.00033246012968133915,3.469446951953614e-18,ok,,113,1,2
fetch-20261006T122600Z-dfc47335,v2.1-f4676a0b,speech,housing,2016,2017,0.009487910756888783,0.01032605648742952,0.0008381457305407375,0.0004702076230388911,0.00043977140875056415,0.0,7.183330124871624e-05,-1.4094628242311558e-18,ok,,113,0,4
fetch-20261006T122600Z-dfc47335,v2.1-f4676a0b,speech,housing,2017,2018,0.01032605648742952,0.00979658274699424,-0.0005294737404352799,-0.00028118025616776773,-0.0002482934842675126,0.0,0.0,4.336808689942018e-19,ok,,113,4,0
fetch-20261006T122600Z-dfc47335,v2.1-f4676a0b,speech,housing,2018,2019,0.00979658274699424,0.004982977047064404,-0.004813605699929837,-0.004904418214557205,0.00031243066102682354,0.00044294191247935225,0.0006645600588788055,-1.734723475976807e-18,ok,,107,7,10
fetch-20261006T122600Z-dfc47335,v2.1-f4676a0b,speech,housing,2019,2020,,,,,,,,,unavailable,source_basis_changed,0,0,0
fetch-20261006T122600Z-dfc47335,v2.1-f4676a0b,speech,housing,2020,2021,,,,,,,,,unavailable,source_basis_changed,0,0,0
fetch-20261006T122600Z-dfc47335,v2.1-f4676a0b,speech,housing,2021,2022,0.016211397407975368,0.011811469427181065,-0.004399927980794303,-0.004551497676789388,4.778061243023686e-05,0.00011913271384322135,1.5343630278374056e-05,8.673617379884035e-19,ok,,113,4,1
fetch-20261006T122600Z-dfc47335,v2.1-f4676a0b,speech,housing,2022,2023,0.011811469427181065,0.01227370674777991,0.0004622373205988451,0.0007853086937595666,-4.496611992263408e-05,3.885968865436993e-05,0.0003169649418924577,4.336808689942018e-19,ok,,111,2,6
fetch-20261006T122600Z-dfc47335,v2.1-f4676a0b,speech,housing,2023,2024,0.01227370674777991,0.009538492209763078,-0.002735214538016832,-0.0007223835643925175,0.0005484861290367796,0.004873232071604083,0.007434549174265178,8.673617379884035e-19,ok,,59,56,54
fetch-20261006T122600Z-dfc47335,v2.1-f4676a0b,speech,housing,2024,2025,0.009538492209763078,0.011005644375534838,0.0014671521657717602,0.0012742606880581566,0.0002780404369340382,3.6767258995471387e-06,8.882568511998065e-05,-1.0842021724855044e-18,ok,,113,1,2
fetch-20261006T122600Z-dfc47335,v2.1-f4676a0b,speech,immigration,2016,2017,0.006191155438307441,0.003699418631865622,-0.0024917368064418187,-0.002827285396274406,0.00048326448416349647,0.0,0.00014771589433091033,1.3010426069826053e-18,ok,,113,0,4
fetch-20261006T122600Z-dfc47335,v2.1-f4676a0b,speech,immigration,2017,2018,0.003699418631865622,0.0038840692594121137,0.0001846506275464915,3.118235145598667e-05,2.673116623107134e-05,0.00012673710985943354,0.0,-2.710505431213761e-20,ok,,113,4,0
fetch-20261006T122600Z-dfc47335,v2.1-f4676a0b,speech,immigration,2018,2019,0.0038840692594121137,0.003942542275702753,5.84730162906397e-05,-0.00010337433452416387,4.036359803930385e-05,0.00020714191471312777,8.56581619376284e-05,3.6591823321385775e-19,ok,,107,7,10
fetch-20261006T122600Z-dfc47335,v2.1-f4676a0b,speech,immigration,2019,2020,,,,,,,,,unavailable,source_basis_changed,0,0,0
fetch-20261006T122600Z-dfc47335,v2.1-f4676a0b,speech,immigration,2020,2021,,,,,,,,,unavailable,source_basis_changed,0,0,0
fetch-20261006T122600Z-dfc47335,v2.1-f4676a0b,speech,immigration,2021,2022,0.001815975028430145,0.002252556657475968,0.00043658162904582293,0.0002476374215960189,0.00017124695648033968,1.7697250969464042e-05,0.0,3.7947076036992655e-19,ok,,113,4,1
fetch-20261006T122600Z-dfc47335,v2.1-f4676a0b,speech,immigration,2022,2023,0.002252556657475968,0.004135347268698445,0.0018827906112224768,0.0019288842831486036,6.012693635704161e-05,9.216179052596903e-06,0.00011543678733576474,-4.336808689942018e-19,ok,,111,2,6
fetch-20261006T122600Z-dfc47335,v2.1-f4676a0b,speech,immigration,2023,2024,0.004135347268698445,0.007859376815658577,0.003724029546960132,0.0018280358213471877,0.0002931727321373273,0.004326962403480085,0.002724141410004469,1.734723475976807e-18,ok,,59,56,54
fetch-20261006T122600Z-dfc47335,v2.1-f4676a0b,speech,immigration,2024,2025,0.007859376815658577,0.006091909728090146,-0.0017674670875684308,-0.002592725520750625,0.000947326820424391,4.58979134444888e-05,0.00016796630068668554,0.0,ok,,113,1,2
fetch-20261006T122600Z-dfc47335,v2.1-f4676a0b,speech,indigenous,2016,2017,0.030193253374887027,0.026576689559776906,-0.0036165638151101215,0.0012591773058192686,-0.004677577177045749,0.0,0.00019816394388364107,0.0,ok,,113,0,4
fetch-20261006T122600Z-dfc47335,v2.1-f4676a0b,speech,indigenous,2017,2018,0.026576689559776906,0.029648133694356697,0.0030714441345797913,0.00035645005710720754,0.0020379557555634687,0.0006770383219091155,0.0,0.0,ok,,113,4,0
fetch-20261006T122600Z-dfc47335,v2.1-f4676a0b,speech,indigenous,2018,2019,0.029648133694356697,0.020656837659871422,-0.008991296034485275,-0.003619205713794025,-0.004572744626528285,0.00010380688796953302,0.0009031525821324999,1.734723475976807e-18,ok,,107,7,10
fetch-20261006T122600Z-dfc47335,v2.1-f4676a0b,speech,indigenous,2019,2020,,,,,,,,,unavailable,source_basis_changed,0,0,0
fetch-20261006T122600Z-dfc47335,v2.1-f4676a0b,speech,indigenous,2020,2021,,,,,,,,,unavailable,source_basis_changed,0,0,0
fetch-20261006T122600Z-dfc47335,v2.1-f4676a0b,speech,indigenous,2021,2022,0.016717739551869188,0.020218278599363718,0.0035005390474945296,0.006739446139558908,-0.0032745447461229467,3.9710904614407116e-05,4.073250555840031e-06,1.3010426069826053e-18,ok,,113,4,1
fetch-20261006T122600Z-dfc47335,v2.1-f4676a0b,speech,indigenous,2022,2023,0.020218278599363718,0.018669778466978926,-0.001548500132384792,-0.0023924637729247668,0.0013065986553333496,5.5518413623177395e-05,0.000518153428416552,-2.168404344971009e-19,ok,,111,2,6
fetch-20261006T122600Z-dfc47335,v2.1-f4676a0b,speech,indigenous,2023,2024,0.018669778466978926,0.027262281128027196,0.00859250266104827,0.005353424711991828,0.0019583718095203977,0.008171142940165549,0.006890436800629507,1.734723475976807e-18,ok,,59,56,54
fetch-20261006T122600Z-dfc47335,v2.1-f4676a0b,speech,indigenous,2024,2025,0.027262281128027196,0.0148921955935091,-0.012370085534518096,-0.010729906453202464,-0.0015760531965595863,4.787832655673019e-06,6.891371741171896e-05,1.734723475976807e-18,ok,,113,1,2
fetch-20261006T122600Z-dfc47335,v2.1-f4676a0b,speech,international,2016,2017,0.01684109127591173,0.014703928094123034,-0.002137163181788696,-0.0025527861260833304,0.0005399316164416819,0.0,0.00012430867214704633,-1.3010426069826053e-18,ok,,113,0,4
fetch-20261006T122600Z-dfc47335,v2.1-f4676a0b,speech,international,2017,2018,0.014703928094123034,0.013062129369029264,-0.0016417987250937696,-0.0012519119174786715,-0.0004449006446802176,5.5013837065119107e-05,0.0,4.336808689942018e-19,ok,,113,4,0
fetch-20261006T122600Z-dfc47335,v2.1-f4676a0b,speech,international,2018,2019,0.013062129369029264,0.012430348987066903,-0.0006317803819623612,-0.0009846217443618985,0.0007216230658915966,0.00024266655177429766,0.0006114482552663578,7.589415207398531e-19,ok,,107,7,10
fetch-20261006T122600Z-dfc47335,v2.1-f4676a0b,speech,international,2019,2020,,,,,,,,,unavailable,source_basis_changed,0,0,0
fetch-20261006T122600Z-dfc47335,v2.1-f4676a0b,speech,international,2020,2021,,,,,,,,,unavailable,source_basis_changed,0,0,0
fetch-20261006T122600Z-dfc47335,v2.1-f4676a0b,speech,international,2021,2022,0.010026694207711344,0.010736113927926328,0.0007094197202149842,0.0008218553244317616,7.500166869913867e-05,1.1509616584670195e-05,0.00019894688950058536,-9.75781955236954e-19,ok,,113,4,1
fetch-20261006T122600Z-dfc47335,v2.1-f4676a0b,speech,international,2022,2023,0.010736113927926328,0.011456645728840193,0.0007205318009138647,0.0011855463170540163,-0.00031200896326930667,5.2947183448536865e-05,0.00020595273631938236,5.421010862427522e-19,ok,,111,2,6
fetch-20261006T122600Z-dfc47335,v2.1-f4676a0b,speech,international,2023,2024,0.011456645728840193,0.011261342711021399,-0.00019530301781879415,0.0021693572365667968,0.00020528952927354572,0.005719421135177075,0.008289370918836211,0.0,ok,,59,56,54
fetch-20261006T122600Z-dfc47335,v2.1-f4676a0b,speech,international,2024,2025,0.011261342711021399,0.009098644588717753,-0.0021626981223036457,-0.002059737556305367,0.00017604129150223868,9.103832930334747e-05,0.0003700401868038643,-4.336808689942018e-19,ok,,113,1,2
fetch-20261006T122600Z-dfc47335,v2.1-f4676a0b,speech,labor,2016,2017,0.035515962207111715,0.042446035703151766,0.006930073496040051,0.006164784789626106,0.0009870448517969423,0.0,0.00022175614538300155,4.336808689942018e-18,ok,,113,0,4
fetch-20261006T122600Z-dfc47335,v2.1-f4676a0b,speech,labor,2017,2018,0.042446035703151766,0.028722082795610622,-0.013723952907541144,-0.01389105488943275,6.823225757557547e-05,9.886972431603352e-05,0.0,-3.469446951953614e-18,ok,,113,4,0
fetch-20261006T122600Z-dfc47335,v2.1-f4676a0b,speech,labor,2018,2019,0.028722082795610622,0.03004466636004442,0.001322583564433797,0.00167481321285991,-0.0006179748174401177,0.0007300234654330218,0.00046427829641901687,-4.336808689942018e-19,ok,,107,7,10
fetch-20261006T122600Z-dfc47335,v2.1-f4676a0b,speech,labor,2019,2020,,,,,,,,,unavailable,source_basis_changed,0,0,0
fetch-20261006T122600Z-dfc47335,v2.1-f4676a0b,speech,labor,2020,2021,,,,,,,,,unavailable,source_basis_changed,0,0,0
fetch-20261006T122600Z-dfc47335,v2.1-f4676a0b,speech,labor,2021,2022,0.026738720114330667,0.020043061456029247,-0.0066956586583014205,-0.006257096384275085,-0.0005025487534972308,0.00011659099470637351,5.26045152354726e-05,-5.204170427930421e-18,ok,,113,4,1
fetch-20261006T122600Z-dfc47335,v2.1-f4676a0b,speech,labor,2022,2023,0.020043061456029247,0.027563242340076753,0.007520180884047507,0.004918981341889553,0.0025037482352493782,0.0007746437102361136,0.0006771924033275407,2.6020852139652106e-18,ok,,111,2,6
fetch-20261006T122600Z-dfc47335,v2.1-f4676a0b,speech,labor,2023,2024,0.027563242340076753,0.03228195788866169,0.00471871554858494,0.001064384558553802,0.00029181509090469285,0.01913738659313117,0.01577487069400473,3.469446951953614e-18,ok,,59,56,54
fetch-20261006T122600Z-dfc47335,v2.1-f4676a0b,speech,labor,2024,2025,0.03228195788866169,0.03442274999723443,0.0021407921085727366,0.0018838904749965816,0.00042263514836086307,0.00025405508569244684,0.0004197886004771499,-5.204170427930421e-18,ok,,113,1,2
fetch-20261006T122600Z-dfc47335,v2.1-f4676a0b,speech,law_crime,2016,2017,0.06211193564792044,0.06046260022979504,-0.0016493354181253972,-0.00039660545987719087,0.0022429227421045888,0.0,0.003495652700352798,3.0357660829594124e-18,ok,,113,0,4
fetch-20261006T122600Z-dfc47335,v2.1-f4676a0b,speech,law_crime,2017,2018,0.06046260022979504,0.06447883580320056,0.0040162355734055175,0.0013061834520336148,0.002227084857499904,0.00048296726387200514,0.0,-6.071532165918825e-18,ok,,113,4,0
fetch-20261006T122600Z-dfc47335,v2.1-f4676a0b,speech,law_crime,2018,2019,0.06447883580320056,0.08456074005988248,0.020081904256681923,0.01258059789253691,0.004254887403708647,0.005013889138653879,0.001767470178217506,-3.469446951953614e-18,ok,,107,7,10
fetch-20261006T122600Z-dfc47335,v2.1-f4676a0b,speech,law_crime,2019,2020,,,,,,,,,unavailable,source_basis_changed,0,0,0
fetch-20261006T122600Z-dfc47335,v2.1-f4676a0b,speech,law_crime,2020,2021,,,,,,,,,unavailable,source_basis_changed,0,0,0
fetch-20261006T122600Z-dfc47335,v2.1-f4676a0b,speech,law_crime,2021,2022,0.05008927165080092,0.06175432184564395,0.011665050194843034,0.011663361745011359,2.3126496437401558e-05,0.00010052058207897361,0.00012195862868471254,1.214306433183765e-17,ok,,113,4,1
fetch-20261006T122600Z-dfc47335,v2.1-f4676a0b,speech,law_crime,2022,2023,0.06175432184564395,0.06907384826598076,0.007319526420336807,0.005924084054629916,0.003650156761897265,0.00046613742811997614,0.002720851824310345,-3.469446951953614e-18,ok,,111,2,6
fetch-20261006T122600Z-dfc47335,v2.1-f4676a0b,speech,law_crime,2023,2024,0.06907384826598076,0.08996416475352542,0.020890316487544663,0.012763317802094155,0.004091512158614768,0.04378226629033538,0.03974677976349965,6.938893903907228e-18,ok,,59,56,54
fetch-20261006T122600Z-dfc47335,v2.1-f4676a0b,speech,law_crime,2024,2025,0.08996416475352542,0.07609451685110269,-0.013869647902422733,-0.009156538066575012,-0.004752701206276708,0.0006985029966759713,0.0006589116262469956,1.214306433183765e-17,ok,,113,1,2
fetch-20261006T122600Z-dfc47335,v2.1-f4676a0b,speech,macroeconomy,2016,2017,0.01843640357848826,0.02379265260822379,0.0053562490297355304,0.004564306377926085,0.0011737612003905526,0.0,0.00038181854858110624,-1.734723475976807e-18,ok,,113,0,4
fetch-20261006T122600Z-dfc47335,v2.1-f4676a0b,speech,macroeconomy,2017,2018,0.02379265260822379,0.015395470381538238,-0.008397182226685554,-0.008730746948623837,0.00030643124945564843,2.713347248263616e-05,0.0,-1.734723475976807e-18,ok,,113,4,0
fetch-20261006T122600Z-dfc47335,v2.1-f4676a0b,speech,macroeconomy,2018,2019,0.015395470381538238,0.017270843133006294,0.0018753727514680563,0.0026548049372697334,-0.0005745285292429811,0.0004187730267362343,0.0006236766832949298,-4.336808689942018e-19,ok,,107,7,10
fetch-20261006T122600Z-dfc47335,v2.1-f4676a0b,speech,macroeconomy,2019,2020,,,,,,,,,unavailable,source_basis_changed,0,0,0
fetch-20261006T122600Z-dfc47335,v2.1-f4676a0b,speech,macroeconomy,2020,2021,,,,,,,,,unavailable,source_basis_changed,0,0,0
fetch-20261006T122600Z-dfc47335,v2.1-f4676a0b,speech,macroeconomy,2021,2022,0.02215824316302168,0.020870294920826274,-0.0012879482421954067,-0.0014561831153336773,9.265262532209398e-05,8.825159127928194e-05,1.2669343463104156e-05,-1.0842021724855044e-18,ok,,113,4,1
fetch-20261006T122600Z-dfc47335,v2.1-f4676a0b,speech,macroeconomy,2022,2023,0.020870294920826274,0.02329049011155902,0.0024201951907327456,-0.002323691413103539,0.0049821208061729474,0.0002937636445432981,0.0005319978468799574,-3.469446951953614e-18,ok,,111,2,6
fetch-20261006T122600Z-dfc47335,v2.1-f4676a0b,speech,macroeconomy,2023,2024,0.02329049011155902,0.0225230057213538,-0.0007674843902052211,0.0012012503135857221,0.000685804300435692,0.009426635620974604,0.012081174625201245,5.204170427930421e-18,ok,,59,56,54
fetch-20261006T122600Z-dfc47335,v2.1-f4676a0b,speech,macroeconomy,2024,2025,0.0225230057213538,0.023019702837388082,0.0004966971160342837,-0.00023765458364373944,0.000445328637284725,0.00030631571194282537,1.7292649549528307e-05,1.0842021724855044e-18,ok,,113,1,2
fetch-20261006T122600Z-dfc47335,v2.1-f4676a0b,speech,public_lands,2016,2017,0.011494220185503556,0.011766332709109659,0.0002721125236061026,9.195215272961852e-05,0.00026809213427823664,0.0,8.793176340175285e-05,3.2526065174565133e-19,ok,,113,0,4
fetch-20261006T122600Z-dfc47335,v2.1-f4676a0b,speech,public_lands,2017,2018,0.011766332709109659,0.012960869148848761,0.0011945364397391023,0.0018606702530317573,-0.0007028517451367052,3.6717931844050146e-05,0.0,0.0,ok,,113,4,0
fetch-20261006T122600Z-dfc47335,v2.1-f4676a0b,speech,public_lands,2018,2019,0.012960869148848761,0.01058548418528868,-0.002375384963560082,-0.0014389905229952025,-0.0003081308275724006,0.0003841642086577601,0.0010124278216502376,-1.3010426069826053e-18,ok,,107,7,10
fetch-20261006T122600Z-dfc47335,v2.1-f4676a0b,speech,public_lands,2019,2020,,,,,,,,,unavailable,source_basis_changed,0,0,0
fetch-20261006T122600Z-dfc47335,v2.1-f4676a0b,speech,public_lands,2020,2021,,,,,,,,,unavailable,source_basis_changed,0,0,0
fetch-20261006T122600Z-dfc47335,v2.1-f4676a0b,speech,public_lands,2021,2022,0.010997386419687345,0.007699116229052918,-0.0032982701906344274,-0.0027669872458455577,-0.0005278139437818685,0.0,3.4690010070014354e-06,4.336808689942018e-19,ok,,113,4,1
fetch-20261006T122600Z-dfc47335,v2.1-f4676a0b,speech,public_lands,2022,2023,0.007699116229052918,0.012363355545298967,0.004664239316246049,0.0050161595807964,0.00011912809971428064,7.869041118460539e-05,0.0005497387754492363,-8.673617379884035e-19,ok,,111,2,6
fetch-20261006T122600Z-dfc47335,v2.1-f4676a0b,speech,public_lands,2023,2024,0.012363355545298967,0.01576327310737878,0.003399917562079814,0.0021743465326140615,0.0009096592889499913,0.007319690642335348,0.007003778901819586,-2.6020852139652106e-18,ok,,59,56,54
fetch-20261006T122600Z-dfc47335,v2.1-f4676a0b,speech,public_lands,2024,2025,0.01576327310737878,0.011802577998785162,-0.003960695108593619,-0.0033503751432378123,-0.0005637477487398542,5.567426720174252e-05,0.00010224648381769534,0.0,ok,,113,1,2
fetch-20261006T122600Z-dfc47335,v2.1-f4676a0b,speech,social_welfare,2016,2017,0.014569451877626576,0.026698552112637254,0.012129100235010678,0.011265246451834876,0.000982786476485177,0.0,0.00011893269330936897,-6.938893903907228e-18,ok,,113,0,4
fetch-20261006T122600Z-dfc47335,v2.1-f4676a0b,speech,social_welfare,2017,2018,0.026698552112637254,0.01760753069973841,-0.009091021412898845,-0.009577771815356325,0.0004265589395253413,6.019146293213969e-05,0.0,-1.734723475976807e-18,ok,,113,4,0
fetch-20261006T122600Z-dfc47335,v2.1-f4676a0b,speech,social_welfare,2018,2019,0.01760753069973841,0.017481933796716066,-0.00012559690302234305,0.0015748545325379249,-0.0015500509059179453,0.00035718129421953386,0.0005075818238618571,6.505213034913027e-19,ok,,107,7,10
fetch-20261006T122600Z-dfc47335,v2.1-f4676a0b,speech,social_welfare,2019,2020,,,,,,,,,unavailable,source_basis_changed,0,0,0
fetch-20261006T122600Z-dfc47335,v2.1-f4676a0b,speech,social_welfare,2020,2021,,,,,,,,,unavailable,source_basis_changed,0,0,0
fetch-20261006T122600Z-dfc47335,v2.1-f4676a0b,speech,social_welfare,2021,2022,0.01259605564427596,0.0093063383751356,-0.0032897172691403603,-0.0031110172578285612,-0.0002442831274355683,7.2687605507671e-05,7.1044893839013655e-06,-4.336808689942018e-19,ok,,113,4,1
fetch-20261006T122600Z-dfc47335,v2.1-f4676a0b,speech,social_welfare,2022,2023,0.0093063383751356,0.015131851423575383,0.005825513048439783,0.004506934492401819,0.00048436198114445,0.0011231180056039593,0.00028890143071044825,2.6020852139652106e-18,ok,,111,2,6
fetch-20261006T122600Z-dfc47335,v2.1-f4676a0b,speech,social_welfare,2023,2024,0.015131851423575383,0.01844649908552727,0.003314647661951888,0.0011326701885135998,0.0005821438469834489,0.010701587865056976,0.009101754238602135,-1.734723475976807e-18,ok,,59,56,54
fetch-20261006T122600Z-dfc47335,v2.1-f4676a0b,speech,social_welfare,2024,2025,0.01844649908552727,0.016826912625529503,-0.0016195864599977683,-0.0017698556653799528,8.258108325173632e-05,0.00022542019556975003,0.00015773207343930406,2.168404344971009e-18,ok,,113,1,2
fetch-20261006T122600Z-dfc47335,v2.1-f4676a0b,speech,technology,2016,2017,0.018541326124552338,0.01804776194914822,-0.0004935641754041167,-0.0007138925160761807,0.0003977164430260351,0.0,0.00017738810235396743,-3.686287386450715e-18,ok,,113,0,4
fetch-20261006T122600Z-dfc47335,v2.1-f4676a0b,speech,technology,2017,2018,0.01804776194914822,0.021613963246916675,0.0035662012977684537,0.0027794600643487443,0.0006896292294537501,9.711200396595701e-05,0.0,2.6020852139652106e-18,ok,,113,4,0
fetch-20261006T122600Z-dfc47335,v2.1-f4676a0b,speech,technology,2018,2019,0.021613963246916675,0.02317700615798897,0.0015630429110722946,0.001261429439873001,-0.00036492729103916876,0.001193021555418776,0.0005264807931803112,-2.168404344971009e-18,ok,,107,7,10
fetch-20261006T122600Z-dfc47335,v2.1-f4676a0b,speech,technology,2019,2020,,,,,,,,,unavailable,source_basis_changed,0,0,0
fetch-20261006T122600Z-dfc47335,v2.1-f4676a0b,speech,technology,2020,2021,,,,,,,,,unavailable,source_basis_changed,0,0,0
fetch-20261006T122600Z-dfc47335,v2.1-f4676a0b,speech,technology,2021,2022,0.03858101587188386,0.03832766289106824,-0.0002533529808156215,0.0010469435789866386,-0.0012347460118382373,8.07450181345107e-05,0.0001462955660985337,1.6263032587282567e-19,ok,,113,4,1
fetch-20261006T122600Z-dfc47335,v2.1-f4676a0b,speech,technology,2022,2023,0.03832766289106824,0.03012048385315524,-0.008207179037912998,-0.006545320109165086,-0.0008997928677659166,0.0008659568049515357,0.0016280228659335337,1.734723475976807e-18,ok,,111,2,6
fetch-20261006T122600Z-dfc47335,v2.1-f4676a0b,speech,technology,2023,2024,0.03012048385315524,0.03922935666787265,0.009108872814717412,0.0017678349391163995,0.0027559871734095403,0.020346705854561678,0.015761655152370206,0.0,ok,,59,56,54
fetch-20261006T122600Z-dfc47335,v2.1-f4676a0b,speech,technology,2024,2025,0.03922935666787265,0.04608312210954259,0.0068537654416699345,0.005589208672135429,0.00034696811898196346,0.0011494373980093509,0.00023184874745680806,-8.673617379884035e-19,ok,,113,1,2
fetch-20261006T122600Z-dfc47335,v2.1-f4676a0b,speech,transitional_justice,2016,2017,0.013196542097248206,0.008109554656946806,-0.005086987440301401,-0.004691897320882405,4.287843998902845e-05,0.0,0.00043796855940802577,1.734723475976807e-18,ok,,113,0,4
fetch-20261006T122600Z-dfc47335,v2.1-f4676a0b,speech,transitional_justice,2017,2018,0.008109554656946806,0.0054527699853485715,-0.002656784671598234,-0.0023863824812910715,-0.00027040219030716184,0.0,0.0,-8.673617379884035e-19,ok,,113,4,0
fetch-20261006T122600Z-dfc47335,v2.1-f4676a0b,speech,transitional_justice,2018,2019,0.0054527699853485715,0.006968342761919956,0.0015155727765713842,0.0011450625106313353,-1.9414725692348306e-05,0.0005649381627763467,0.00017501317114394942,0.0,ok,,107,7,10
fetch-20261006T122600Z-dfc47335,v2.1-f4676a0b,speech,transitional_justice,2019,2020,,,,,,,,,unavailable,source_basis_changed,0,0,0
fetch-20261006T122600Z-dfc47335,v2.1-f4676a0b,speech,transitional_justice,2020,2021,,,,,,,,,unavailable,source_basis_changed,0,0,0
fetch-20261006T122600Z-dfc47335,v2.1-f4676a0b,speech,transitional_justice,2021,2022,0.00172058994167355,0.007973834950812263,0.006253245009138713,0.005848244983344481,0.0004264029303943167,0.0,2.1402904600083404e-05,-8.673617379884035e-19,ok,,113,4,1
fetch-20261006T122600Z-dfc47335,v2.1-f4676a0b,speech,transitional_justice,2022,2023,0.007973834950812263,0.0021708844980587636,-0.005802950452753499,-0.0053451228053940075,-0.0003960702091530495,4.924311275644089e-05,0.00011100055096288519,2.6020852139652106e-18,ok,,111,2,6
fetch-20261006T122600Z-dfc47335,v2.1-f4676a0b,speech,transitional_justice,2023,2024,0.0021708844980587636,0.0014827318355419585,-0.0006881526625168051,-1.2599299807991791e-05,4.208989649316303e-05,0.0007435729255978721,0.0014612161847998484,-1.0842021724855044e-19,ok,,59,56,54
fetch-20261006T122600Z-dfc47335,v2.1-f4676a0b,speech,transitional_justice,2024,2025,0.0014827318355419585,0.0019196159541095934,0.0004368841185676349,0.0005239368154368961,-8.70526968692609e-05,0.0,0.0,-3.2526065174565133e-19,ok,,113,1,2
fetch-20261006T122600Z-dfc47335,v2.1-f4676a0b,speech,transportation,2016,2017,0.04306382705432769,0.04485638430772041,0.0017925572533927236,0.006106703417208883,-0.004153259120010561,0.0,0.0001608870438055937,-4.553649124439119e-18,ok,,113,0,4
fetch-20261006T122600Z-dfc47335,v2.1-f4676a0b,speech,transportation,2017,2018,0.04485638430772041,0.035223870181643635,-0.009632514126076776,-0.00912159810793299,-0.0007676474055748857,0.00025673138743109687,0.0,3.469446951953614e-18,ok,,113,4,0
fetch-20261006T122600Z-dfc47335,v2.1-f4676a0b,speech,transportation,2018,2019,0.035223870181643635,0.04968544070451419,0.014461570522870552,0.012615992479036137,0.00011558362937621027,0.002914921445349416,0.0011849270308912116,3.469446951953614e-18,ok,,107,7,10
fetch-20261006T122600Z-dfc47335,v2.1-f4676a0b,speech,transportation,2019,2020,,,,,,,,,unavailable,source_basis_changed,0,0,0
fetch-20261006T122600Z-dfc47335,v2.1-f4676a0b,speech,transportation,2020,2021,,,,,,,,,unavailable,source_basis_changed,0,0,0
fetch-20261006T122600Z-dfc47335,v2.1-f4676a0b,speech,transportation,2021,2022,0.03968001245622612,0.03333573535841381,-0.006344277097812309,-0.006329096383184046,7.122742496182106e-05,0.0,8.64081395900839e-05,0.0,ok,,113,4,1
fetch-20261006T122600Z-dfc47335,v2.1-f4676a0b,speech,transportation,2022,2023,0.03333573535841381,0.03456526832848563,0.00122953297007182,0.0027703479930383597,-0.0015960386200509077,0.0010899587391013316,0.0010347351420169645,1.0842021724855044e-18,ok,,111,2,6
fetch-20261006T122600Z-dfc47335,v2.1-f4676a0b,speech,transportation,2023,2024,0.03456526832848563,0.03799013133183855,0.0034248630033529223,0.0013725815241468673,0.0026055234124107212,0.01860194981361038,0.019155191746815046,0.0,ok,,59,56,54
fetch-20261006T122600Z-dfc47335,v2.1-f4676a0b,speech,transportation,2024,2025,0.03799013133183855,0.035105679899188225,-0.0028844514326503284,-0.003677036439860592,0.0010244626082537894,8.266887946901189e-05,0.00031454648051254324,5.204170427930421e-18,ok,,113,1,2
fetch-20261006T122600Z-dfc47335,v2.1-f4676a0b,speech,unclassified,2016,2017,0.4232410114532109,0.42423890310998635,0.0009978916567754403,-0.0024442568882254915,0.010456809093756674,0.0,0.00701466054875576,1.9081958235744878e-17,ok,,113,0,4
fetch-20261006T122600Z-dfc47335,v2.1-f4676a0b,speech,unclassified,2017,2018,0.42423890310998635,0.4133122868241767,-0.010926616285809654,-0.005841525251075796,-0.008316595667276626,0.003231504632542775,0.0,-6.938893903907228e-18,ok,,113,4,0
fetch-20261006T122600Z-dfc47335,v2.1-f4676a0b,speech,unclassified,2018,2019,0.4133122868241767,0.4356391676063009,0.022326880782124192,0.024955095764540653,-0.006362830272297228,0.02453586730799478,0.020801252018114055,4.5102810375396984e-17,ok,,107,7,10
fetch-20261006T122600Z-dfc47335,v2.1-f4676a0b,speech,unclassified,2019,2020,,,,,,,,,unavailable,source_basis_changed,0,0,0
fetch-20261006T122600Z-dfc47335,v2.1-f4676a0b,speech,unclassified,2020,2021,,,,,,,,,unavailable,source_basis_changed,0,0,0
fetch-20261006T122600Z-dfc47335,v2.1-f4676a0b,speech,unclassified,2021,2022,0.43963232955229475,0.446388187066306,0.006755857514011254,0.0023402655087481693,0.00592317224859258,0.0007733910261103806,0.0022809712694398816,5.204170427930421e-18,ok,,113,4,1
fetch-20261006T122600Z-dfc47335,v2.1-f4676a0b,speech,unclassified,2022,2023,0.446388187066306,0.4238707620856262,-0.022517424980679823,-0.01827137305893295,0.0011140634763721776,0.0067222318940016925,0.012082347292120732,-1.0408340855860843e-17,ok,,111,2,6
fetch-20261006T122600Z-dfc47335,v2.1-f4676a0b,speech,unclassified,2023,2024,0.4238707620856262,0.3784308362146838,-0.045439925870942366,-0.02698232584045351,0.016077098834930414,0.1898386128292698,0.22437331169468916,8.326672684688674e-17,ok,,59,56,54
fetch-20261006T122600Z-dfc47335,v2.1-f4676a0b,speech,unclassified,2024,2025,0.3784308362146838,0.39029689524863176,0.01186605903394794,0.00848243243855012,0.0015256645660729398,0.005579196831007838,0.0037212348016829365,-2.0816681711721685e-17,ok,,113,1,2
fetch-20261006T122600Z-dfc47335,v2.1-f4676a0b,written_question,agriculture,2016,2017,0.04188651445388544,0.03279839821003096,-0.009088116243854485,-0.010784310830630665,0.0016961945867761728,0.0,0.0,6.938893903907228e-18,ok,,113,0,4
fetch-20261006T122600Z-dfc47335,v2.1-f4676a0b,written_question,agriculture,2017,2018,0.03279839821003096,0.0,-0.03279839821003096,-0.029255030142664697,-0.003543368067366259,0.0,0.0,0.0,ok,,113,4,0
fetch-20261006T122600Z-dfc47335,v2.1-f4676a0b,written_question,agriculture,2018,2019,0.0,0.0,0.0,0.0,0.0,0.0,0.0,0.0,ok,,107,7,10
fetch-20261006T122600Z-dfc47335,v2.1-f4676a0b,written_question,agriculture,2019,2020,,,,,,,,,unavailable,source_basis_changed,0,0,0
fetch-20261006T122600Z-dfc47335,v2.1-f4676a0b,written_question,agriculture,2020,2021,,,,,,,,,unavailable,source_basis_changed,0,0,0
fetch-20261006T122600Z-dfc47335,v2.1-f4676a0b,written_question,agriculture,2021,2022,0.0,0.07142857142857142,0.07142857142857142,0.03571428571428571,0.03571428571428571,0.0,0.0,0.0,ok,,113,4,1
fetch-20261006T122600Z-dfc47335,v2.1-f4676a0b,written_question,agriculture,2022,2023,0.07142857142857142,0.0,-0.07142857142857142,-0.03571428571428571,-0.03571428571428571,0.0,0.0,0.0,ok,,111,2,6
fetch-20261006T122600Z-dfc47335,v2.1-f4676a0b,written_question,agriculture,2023,2024,0.0,0.0,0.0,0.0,0.0,0.0,0.0,0.0,ok,,59,56,54
fetch-20261006T122600Z-dfc47335,v2.1-f4676a0b,written_question,agriculture,2024,2025,0.0,0.5833333333333334,0.5833333333333334,0.2916666666666667,0.2916666666666667,0.0,0.0,0.0,ok,,113,1,2
fetch-20261006T122600Z-dfc47335,v2.1-f4676a0b,written_question,civil_rights,2016,2017,0.015231853720565234,0.011867490620668249,-0.003364363099896985,-0.0038428454590978384,0.00047848235920085126,0.0,0.0,1.734723475976807e-18,ok,,113,0,4
fetch-20261006T122600Z-dfc47335,v2.1-f4676a0b,written_question,civil_rights,2017,2018,0.011867490620668249,0.0,-0.011867490620668249,-0.006643972583061397,-0.005223518037606851,0.0,0.0,-1.734723475976807e-18,ok,,113,4,0
fetch-20261006T122600Z-dfc47335,v2.1-f4676a0b,written_question,civil_rights,2018,2019,0.0,0.0,0.0,0.0,0.0,0.0,0.0,0.0,ok,,107,7,10
fetch-20261006T122600Z-dfc47335,v2.1-f4676a0b,written_question,civil_rights,2019,2020,,,,,,,,,unavailable,source_basis_changed,0,0,0
fetch-20261006T122600Z-dfc47335,v2.1-f4676a0b,written_question,civil_rights,2020,2021,,,,,,,,,unavailable,source_basis_changed,0,0,0
fetch-20261006T122600Z-dfc47335,v2.1-f4676a0b,written_question,civil_rights,2021,2022,0.0,0.07142857142857142,0.07142857142857142,0.03571428571428571,0.03571428571428571,0.0,0.0,0.0,ok,,113,4,1
fetch-20261006T122600Z-dfc47335,v2.1-f4676a0b,written_question,civil_rights,2022,2023,0.07142857142857142,0.25,0.17857142857142858,0.08928571428571429,0.08928571428571429,0.0,0.0,0.0,ok,,111,2,6
fetch-20261006T122600Z-dfc47335,v2.1-f4676a0b,written_question,civil_rights,2023,2024,0.25,0.07142857142857142,-0.17857142857142858,-0.08928571428571429,-0.08928571428571429,0.0,0.0,0.0,ok,,59,56,54
fetch-20261006T122600Z-dfc47335,v2.1-f4676a0b,written_question,civil_rights,2024,2025,0.07142857142857142,0.0,-0.07142857142857142,-0.03571428571428571,-0.03571428571428571,0.0,0.0,0.0,ok,,113,1,2
fetch-20261006T122600Z-dfc47335,v2.1-f4676a0b,written_question,commerce,2016,2017,0.04632209318874072,0.039186269655815134,-0.007135823532925585,-0.005775035897718347,-0.00047973036648477226,0.0,0.000881057268722467,1.734723475976807e-18,ok,,113,0,4
fetch-20261006T122600Z-dfc47335,v2.1-f4676a0b,written_question,commerce,2017,2018,0.039186269655815134,0.04090909090909091,0.0017228212532757747,-0.0008356065312134172,0.0025584277844891952,0.0,0.0,-3.2526065174565133e-18,ok,,113,4,0
fetch-20261006T122600Z-dfc47335,v2.1-f4676a0b,written_question,commerce,2018,2019,0.04090909090909091,0.0,-0.04090909090909091,-0.009090909090909092,-0.009090909090909092,0.0,0.022727272727272728,0.0,ok,,107,7,10
fetch-20261006T122600Z-dfc47335,v2.1-f4676a0b,written_question,commerce,2019,2020,,,,,,,,,unavailable,source_basis_changed,0,0,0
fetch-20261006T122600Z-dfc47335,v2.1-f4676a0b,written_question,commerce,2020,2021,,,,,,,,,unavailable,source_basis_changed,0,0,0
fetch-20261006T122600Z-dfc47335,v2.1-f4676a0b,written_question,commerce,2021,2022,0.08333333333333333,0.07142857142857142,-0.011904761904761904,-0.005952380952380952,-0.005952380952380952,0.0,0.0,0.0,ok,,113,4,1
fetch-20261006T122600Z-dfc47335,v2.1-f4676a0b,written_question,commerce,2022,2023,0.07142857142857142,0.0,-0.07142857142857142,-0.03571428571428571,-0.03571428571428571,0.0,0.0,0.0,ok,,111,2,6
fetch-20261006T122600Z-dfc47335,v2.1-f4676a0b,written_question,commerce,2023,2024,0.0,0.07142857142857142,0.07142857142857142,0.03571428571428571,0.03571428571428571,0.0,0.0,0.0,ok,,59,56,54
fetch-20261006T122600Z-dfc47335,v2.1-f4676a0b,written_question,commerce,2024,2025,0.07142857142857142,0.08333333333333333,0.011904761904761904,0.005952380952380952,0.005952380952380952,0.0,0.0,0.0,ok,,113,1,2
fetch-20261006T122600Z-dfc47335,v2.1-f4676a0b,written_question,cross_strait,2016,2017,0.02480360541266032,0.0212743063045927,-0.003529299108067617,-0.003669291562334631,0.00013999245426701487,0.0,0.0,-8.673617379884035e-19,ok,,113,0,4
fetch-20261006T122600Z-dfc47335,v2.1-f4676a0b,written_question,cross_strait,2017,2018,0.0212743063045927,0.06818181818181818,0.04690751187722547,0.017125721540322516,0.029781790336902966,0.0,0.0,-1.3877787807814457e-17,ok,,113,4,0
fetch-20261006T122600Z-dfc47335,v2.1-f4676a0b,written_question,cross_strait,2018,2019,0.06818181818181818,0.0,-0.06818181818181818,-0.022727272727272728,-0.022727272727272728,0.0,0.022727272727272728,0.0,ok,,107,7,10
fetch-20261006T122600Z-dfc47335,v2.1-f4676a0b,written_question,cross_strait,2019,2020,,,,,,,,,unavailable,source_basis_changed,0,0,0
fetch-20261006T122600Z-dfc47335,v2.1-f4676a0b,written_question,cross_strait,2020,2021,,,,,,,,,unavailable,source_basis_changed,0,0,0
fetch-20261006T122600Z-dfc47335,v2.1-f4676a0b,written_question,cross_strait,2021,2022,0.0,0.0,0.0,0.0,0.0,0.0,0.0,0.0,ok,,113,4,1
fetch-20261006T122600Z-dfc47335,v2.1-f4676a0b,written_question,cross_strait,2022,2023,0.0,0.0,0.0,0.0,0.0,0.0,0.0,0.0,ok,,111,2,6
fetch-20261006T122600Z-dfc47335,v2.1-f4676a0b,written_question,cross_strait,2023,2024,0.0,0.0,0.0,0.0,0.0,0.0,0.0,0.0,ok,,59,56,54
fetch-20261006T122600Z-dfc47335,v2.1-f4676a0b,written_question,cross_strait,2024,2025,0.0,0.0,0.0,0.0,0.0,0.0,0.0,0.0,ok,,113,1,2
fetch-20261006T122600Z-dfc47335,v2.1-f4676a0b,written_question,culture,2016,2017,0.0434411865180006,0.039280347881853056,-0.004160838636147544,-0.0077654663627058675,0.004779370751521603,0.0,0.0011747430249632893,8.673617379884035e-18,ok,,113,0,4
fetch-20261006T122600Z-dfc47335,v2.1-f4676a0b,written_question,culture,2017,2018,0.039280347881853056,0.045454545454545456,0.0061741975726924,-0.0004640375772901641,0.006638235149982563,0.0,0.0,8.673617379884035e-19,ok,,113,4,0
fetch-20261006T122600Z-dfc47335,v2.1-f4676a0b,written_question,culture,2018,2019,0.045454545454545456,0.0,-0.045454545454545456,-0.022727272727272728,-0.022727272727272728,0.0,0.0,0.0,ok,,107,7,10
fetch-20261006T122600Z-dfc47335,v2.1-f4676a0b,written_question,culture,2019,2020,,,,,,,,,unavailable,source_basis_changed,0,0,0
fetch-20261006T122600Z-dfc47335,v2.1-f4676a0b,written_question,culture,2020,2021,,,,,,,,,unavailable,source_basis_changed,0,0,0
fetch-20261006T122600Z-dfc47335,v2.1-f4676a0b,written_question,culture,2021,2022,0.0,0.0,0.0,0.0,0.0,0.0,0.0,0.0,ok,,113,4,1
fetch-20261006T122600Z-dfc47335,v2.1-f4676a0b,written_question,culture,2022,2023,0.0,0.0,0.0,0.0,0.0,0.0,0.0,0.0,ok,,111,2,6
fetch-20261006T122600Z-dfc47335,v2.1-f4676a0b,written_question,culture,2023,2024,0.0,0.0,0.0,0.0,0.0,0.0,0.0,0.0,ok,,59,56,54
fetch-20261006T122600Z-dfc47335,v2.1-f4676a0b,written_question,culture,2024,2025,0.0,0.0,0.0,0.0,0.0,0.0,0.0,0.0,ok,,113,1,2
fetch-20261006T122600Z-dfc47335,v2.1-f4676a0b,written_question,defense,2016,2017,0.0400046423718008,0.039589417962506056,-0.0004152244092947427,0.010030400003632868,-0.01044562441292761,0.0,0.0,-1.734723475976807e-18,ok,,113,0,4
fetch-20261006T122600Z-dfc47335,v2.1-f4676a0b,written_question,defense,2017,2018,0.039589417962506056,0.09090909090909091,0.051319672946584856,0.024329014458578213,0.026990658488006632,0.0,0.0,6.938893903907228e-18,ok,,113,4,0
fetch-20261006T122600Z-dfc47335,v2.1-f4676a0b,written_question,defense,2018,2019,0.09090909090909091,0.1111111111111111,0.020202020202020193,0.05555555555555555,0.05555555555555555,0.0,0.09090909090909091,0.0,ok,,107,7,10
fetch-20261006T122600Z-dfc47335,v2.1-f4676a0b,written_question,defense,2019,2020,,,,,,,,,unavailable,source_basis_changed,0,0,0
fetch-20261006T122600Z-dfc47335,v2.1-f4676a0b,written_question,defense,2020,2021,,,,,,,,,unavailable,source_basis_changed,0,0,0
fetch-20261006T122600Z-dfc47335,v2.1-f4676a0b,written_question,defense,2021,2022,0.0,0.0,0.0,0.0,0.0,0.0,0.0,0.0,ok,,113,4,1
fetch-20261006T122600Z-dfc47335,v2.1-f4676a0b,written_question,defense,2022,2023,0.0,0.0,0.0,0.0,0.0,0.0,0.0,0.0,ok,,111,2,6
fetch-20261006T122600Z-dfc47335,v2.1-f4676a0b,written_question,defense,2023,2024,0.0,0.0,0.0,0.0,0.0,0.0,0.0,0.0,ok,,59,56,54
fetch-20261006T122600Z-dfc47335,v2.1-f4676a0b,written_question,defense,2024,2025,0.0,0.0,0.0,0.0,0.0,0.0,0.0,0.0,ok,,113,1,2
fetch-20261006T122600Z-dfc47335,v2.1-f4676a0b,written_question,education,2016,2017,0.057292105924892645,0.060028758813422574,0.0027366528885299293,0.001359567894384304,0.004607628312794681,0.0,0.0032305433186490457,-9.974659986866641e-18,ok,,113,0,4
fetch-20261006T122600Z-dfc47335,v2.1-f4676a0b,written_question,education,2017,2018,0.060028758813422574,0.15454545454545454,0.09451669573203197,0.046459533105507676,0.04805716262652429,0.0,0.0,0.0,ok,,113,4,0
fetch-20261006T122600Z-dfc47335,v2.1-f4676a0b,written_question,education,2018,2019,0.15454545454545454,0.2222222222222222,0.06767676767676767,0.03383838383838382,0.03383838383838382,0.0,0.0,2.7755575615628914e-17,ok,,107,7,10
fetch-20261006T122600Z-dfc47335,v2.1-f4676a0b,written_question,education,2019,2020,,,,,,,,,unavailable,source_basis_changed,0,0,0
fetch-20261006T122600Z-dfc47335,v2.1-f4676a0b,written_question,education,2020,2021,,,,,,,,,unavailable,source_basis_changed,0,0,0
fetch-20261006T122600Z-dfc47335,v2.1-f4676a0b,written_question,education,2021,2022,0.0,0.0,0.0,0.0,0.0,0.0,0.0,0.0,ok,,113,4,1
fetch-20261006T122600Z-dfc47335,v2.1-f4676a0b,written_question,education,2022,2023,0.0,0.0,0.0,0.0,0.0,0.0,0.0,0.0,ok,,111,2,6
fetch-20261006T122600Z-dfc47335,v2.1-f4676a0b,written_question,education,2023,2024,0.0,0.0,0.0,0.0,0.0,0.0,0.0,0.0,ok,,59,56,54
fetch-20261006T122600Z-dfc47335,v2.1-f4676a0b,written_question,education,2024,2025,0.0,0.08333333333333333,0.08333333333333333,0.041666666666666664,0.041666666666666664,0.0,0.0,0.0,ok,,113,1,2
fetch-20261006T122600Z-dfc47335,v2.1-f4676a0b,written_question,energy,2016,2017,0.03512975724516271,0.025922119385940218,-0.00920763785922249,-0.010043020727777827,0.0008353828685553387,0.0,0.0,0.0,ok,,113,0,4
fetch-20261006T122600Z-dfc47335,v2.1-f4676a0b,written_question,energy,2017,2018,0.025922119385940218,0.0,-0.025922119385940218,-0.018721792016202433,-0.007200327369737786,0.0,0.0,0.0,ok,,113,4,0
fetch-20261006T122600Z-dfc47335,v2.1-f4676a0b,written_question,energy,2018,2019,0.0,0.3333333333333333,0.3333333333333333,0.16666666666666666,0.16666666666666666,0.0,0.0,0.0,ok,,107,7,10
fetch-20261006T122600Z-dfc47335,v2.1-f4676a0b,written_question,energy,2019,2020,,,,,,,,,unavailable,source_basis_changed,0,0,0
fetch-20261006T122600Z-dfc47335,v2.1-f4676a0b,written_question,energy,2020,2021,,,,,,,,,unavailable,source_basis_changed,0,0,0
fetch-20261006T122600Z-dfc47335,v2.1-f4676a0b,written_question,energy,2021,2022,0.0,0.07142857142857142,0.07142857142857142,0.03571428571428571,0.03571428571428571,0.0,0.0,0.0,ok,,113,4,1
fetch-20261006T122600Z-dfc47335,v2.1-f4676a0b,written_question,energy,2022,2023,0.07142857142857142,0.0,-0.07142857142857142,-0.03571428571428571,-0.03571428571428571,0.0,0.0,0.0,ok,,111,2,6
fetch-20261006T122600Z-dfc47335,v2.1-f4676a0b,written_question,energy,2023,2024,0.0,0.0,0.0,0.0,0.0,0.0,0.0,0.0,ok,,59,56,54
fetch-20261006T122600Z-dfc47335,v2.1-f4676a0b,written_question,energy,2024,2025,0.0,0.0,0.0,0.0,0.0,0.0,0.0,0.0,ok,,113,1,2
fetch-20261006T122600Z-dfc47335,v2.1-f4676a0b,written_question,environment,2016,2017,0.029633277239623827,0.03147868173982909,0.001845404500205261,0.002516275585341155,-0.0006708710851358994,0.0,0.0,5.421010862427522e-18,ok,,113,0,4
fetch-20261006T122600Z-dfc47335,v2.1-f4676a0b,written_question,environment,2017,2018,0.03147868173982909,0.0,-0.03147868173982909,-0.022106215787925824,-0.009372465951903263,0.0,0.0,0.0,ok,,113,4,0
fetch-20261006T122600Z-dfc47335,v2.1-f4676a0b,written_question,environment,2018,2019,0.0,0.0,0.0,0.0,0.0,0.0,0.0,0.0,ok,,107,7,10
fetch-20261006T122600Z-dfc47335,v2.1-f4676a0b,written_question,environment,2019,2020,,,,,,,,,unavailable,source_basis_changed,0,0,0
fetch-20261006T122600Z-dfc47335,v2.1-f4676a0b,written_question,environment,2020,2021,,,,,,,,,unavailable,source_basis_changed,0,0,0
fetch-20261006T122600Z-dfc47335,v2.1-f4676a0b,written_question,environment,2021,2022,0.0,0.0,0.0,0.0,0.0,0.0,0.0,0.0,ok,,113,4,1
fetch-20261006T122600Z-dfc47335,v2.1-f4676a0b,written_question,environment,2022,2023,0.0,0.0,0.0,0.0,0.0,0.0,0.0,0.0,ok,,111,2,6
fetch-20261006T122600Z-dfc47335,v2.1-f4676a0b,written_question,environment,2023,2024,0.0,0.0,0.0,0.0,0.0,0.0,0.0,0.0,ok,,59,56,54
fetch-20261006T122600Z-dfc47335,v2.1-f4676a0b,written_question,environment,2024,2025,0.0,0.0,0.0,0.0,0.0,0.0,0.0,0.0,ok,,113,1,2
fetch-20261006T122600Z-dfc47335,v2.1-f4676a0b,written_question,foreign_trade,2016,2017,0.021759078782280897,0.023425251954192833,0.001666173171911936,0.0007672211059110072,0.0017800093347233948,0.0,0.000881057268722467,1.0842021724855044e-18,ok,,113,0,4
fetch-20261006T122600Z-dfc47335,v2.1-f4676a0b,written_question,foreign_trade,2017,2018,0.023425251954192833,0.0,-0.023425251954192833,-0.019314005027339102,-0.004111246926853729,0.0,0.0,-3.469446951953614e-18,ok,,113,4,0
fetch-20261006T122600Z-dfc47335,v2.1-f4676a0b,written_question,foreign_trade,2018,2019,0.0,0.0,0.0,0.0,0.0,0.0,0.0,0.0,ok,,107,7,10
fetch-20261006T122600Z-dfc47335,v2.1-f4676a0b,written_question,foreign_trade,2019,2020,,,,,,,,,unavailable,source_basis_changed,0,0,0
fetch-20261006T122600Z-dfc47335,v2.1-f4676a0b,written_question,foreign_trade,2020,2021,,,,,,,,,unavailable,source_basis_changed,0,0,0
fetch-20261006T122600Z-dfc47335,v2.1-f4676a0b,written_question,foreign_trade,2021,2022,0.0,0.07142857142857142,0.07142857142857142,0.03571428571428571,0.03571428571428571,0.0,0.0,0.0,ok,,113,4,1
fetch-20261006T122600Z-dfc47335,v2.1-f4676a0b,written_question,foreign_trade,2022,2023,0.07142857142857142,0.0,-0.07142857142857142,-0.03571428571428571,-0.03571428571428571,0.0,0.0,0.0,ok,,111,2,6
fetch-20261006T122600Z-dfc47335,v2.1-f4676a0b,written_question,foreign_trade,2023,2024,0.0,0.0,0.0,0.0,0.0,0.0,0.0,0.0,ok,,59,56,54
fetch-20261006T122600Z-dfc47335,v2.1-f4676a0b,written_question,foreign_trade,2024,2025,0.0,0.08333333333333333,0.08333333333333333,0.041666666666666664,0.041666666666666664,0.0,0.0,0.0,ok,,113,1,2
fetch-20261006T122600Z-dfc47335,v2.1-f4676a0b,written_question,government,2016,2017,0.043225736974912624,0.032256276547448025,-0.010969460427464599,-0.01357544674283457,0.003633886462212844,0.0,0.0010279001468428781,5.204170427930421e-18,ok,,113,0,4
fetch-20261006T122600Z-dfc47335,v2.1-f4676a0b,written_question,government,2017,2018,0.032256276547448025,0.0,-0.032256276547448025,-0.017244209702295444,-0.015012066845152583,0.0,0.0,0.0,ok,,113,4,0
fetch-20261006T122600Z-dfc47335,v2.1-f4676a0b,written_question,government,2018,2019,0.0,0.0,0.0,0.0,0.0,0.0,0.0,0.0,ok,,107,7,10
fetch-20261006T122600Z-dfc47335,v2.1-f4676a0b,written_question,government,2019,2020,,,,,,,,,unavailable,source_basis_changed,0,0,0
fetch-20261006T122600Z-dfc47335,v2.1-f4676a0b,written_question,government,2020,2021,,,,,,,,,unavailable,source_basis_changed,0,0,0
fetch-20261006T122600Z-dfc47335,v2.1-f4676a0b,written_question,government,2021,2022,0.0,0.07142857142857142,0.07142857142857142,0.03571428571428571,0.03571428571428571,0.0,0.0,0.0,ok,,113,4,1
fetch-20261006T122600Z-dfc47335,v2.1-f4676a0b,written_question,government,2022,2023,0.07142857142857142,0.0,-0.07142857142857142,-0.03571428571428571,-0.03571428571428571,0.0,0.0,0.0,ok,,111,2,6
fetch-20261006T122600Z-dfc47335,v2.1-f4676a0b,written_question,government,2023,2024,0.0,0.0,0.0,0.0,0.0,0.0,0.0,0.0,ok,,59,56,54
fetch-20261006T122600Z-dfc47335,v2.1-f4676a0b,written_question,government,2024,2025,0.0,0.0,0.0,0.0,0.0,0.0,0.0,0.0,ok,,113,1,2
fetch-20261006T122600Z-dfc47335,v2.1-f4676a0b,written_question,health,2016,2017,0.04442978618530528,0.045671175504933575,0.0012413893196282985,-0.00016726916491476983,0.0014086584845430683,0.0,0.0,0.0,ok,,113,0,4
fetch-20261006T122600Z-dfc47335,v2.1-f4676a0b,written_question,health,2017,2018,0.045671175504933575,0.10909090909090909,0.06341973358597551,0.04255885969312667,0.020860873892848842,0.0,0.0,0.0,ok,,113,4,0
fetch-20261006T122600Z-dfc47335,v2.1-f4676a0b,written_question,health,2018,2019,0.10909090909090909,0.1111111111111111,0.0020202020202020193,0.0010101010101010027,0.0010101010101010027,0.0,0.0,1.3877787807814457e-17,ok,,107,7,10
fetch-20261006T122600Z-dfc47335,v2.1-f4676a0b,written_question,health,2019,2020,,,,,,,,,unavailable,source_basis_changed,0,0,0
fetch-20261006T122600Z-dfc47335,v2.1-f4676a0b,written_question,health,2020,2021,,,,,,,,,unavailable,source_basis_changed,0,0,0
fetch-20261006T122600Z-dfc47335,v2.1-f4676a0b,written_question,health,2021,2022,0.08333333333333333,0.07142857142857142,-0.011904761904761904,-0.005952380952380952,-0.005952380952380952,0.0,0.0,0.0,ok,,113,4,1
fetch-20261006T122600Z-dfc47335,v2.1-f4676a0b,written_question,health,2022,2023,0.07142857142857142,0.0,-0.07142857142857142,-0.03571428571428571,-0.03571428571428571,0.0,0.0,0.0,ok,,111,2,6
fetch-20261006T122600Z-dfc47335,v2.1-f4676a0b,written_question,health,2023,2024,0.0,0.0,0.0,0.0,0.0,0.0,0.0,0.0,ok,,59,56,54
fetch-20261006T122600Z-dfc47335,v2.1-f4676a0b,written_question,health,2024,2025,0.0,0.0,0.0,0.0,0.0,0.0,0.0,0.0,ok,,113,1,2
fetch-20261006T122600Z-dfc47335,v2.1-f4676a0b,written_question,housing,2016,2017,0.016952309181607172,0.014245286135879935,-0.0027070230457272373,-0.0027287954739326566,2.177242820541757e-05,0.0,0.0,1.734723475976807e-18,ok,,113,0,4
fetch-20261006T122600Z-dfc47335,v2.1-f4676a0b,written_question,housing,2017,2018,0.014245286135879935,0.0,-0.014245286135879935,-0.015171346829101064,0.000926060693221132,0.0,0.0,-3.469446951953614e-18,ok,,113,4,0
fetch-20261006T122600Z-dfc47335,v2.1-f4676a0b,written_question,housing,2018,2019,0.0,0.0,0.0,0.0,0.0,0.0,0.0,0.0,ok,,107,7,10
fetch-20261006T122600Z-dfc47335,v2.1-f4676a0b,written_question,housing,2019,2020,,,,,,,,,unavailable,source_basis_changed,0,0,0
fetch-20261006T122600Z-dfc47335,v2.1-f4676a0b,written_question,housing,2020,2021,,,,,,,,,unavailable,source_basis_changed,0,0,0
fetch-20261006T122600Z-dfc47335,v2.1-f4676a0b,written_question,housing,2021,2022,0.0,0.07142857142857142,0.07142857142857142,0.03571428571428571,0.03571428571428571,0.0,0.0,0.0,ok,,113,4,1
fetch-20261006T122600Z-dfc47335,v2.1-f4676a0b,written_question,housing,2022,2023,0.07142857142857142,0.0,-0.07142857142857142,-0.03571428571428571,-0.03571428571428571,0.0,0.0,0.0,ok,,111,2,6
fetch-20261006T122600Z-dfc47335,v2.1-f4676a0b,written_question,housing,2023,2024,0.0,0.07142857142857142,0.07142857142857142,0.03571428571428571,0.03571428571428571,0.0,0.0,0.0,ok,,59,56,54
fetch-20261006T122600Z-dfc47335,v2.1-f4676a0b,written_question,housing,2024,2025,0.07142857142857142,0.0,-0.07142857142857142,-0.03571428571428571,-0.03571428571428571,0.0,0.0,0.0,ok,,113,1,2
fetch-20261006T122600Z-dfc47335,v2.1-f4676a0b,written_question,immigration,2016,2017,0.006258671917612976,0.007350048596628915,0.0010913766790159388,-0.0016854633431324774,0.0027768400221484164,0.0,0.0,-2.168404344971009e-19,ok,,113,0,4
fetch-20261006T122600Z-dfc47335,v2.1-f4676a0b,written_question,immigration,2017,2018,0.007350048596628915,0.0,-0.007350048596628915,-0.009041185914476075,0.001691137317847158,0.0,0.0,1.734723475976807e-18,ok,,113,4,0
fetch-20261006T122600Z-dfc47335,v2.1-f4676a0b,written_question,immigration,2018,2019,0.0,0.0,0.0,0.0,0.0,0.0,0.0,0.0,ok,,107,7,10
fetch-20261006T122600Z-dfc47335,v2.1-f4676a0b,written_question,immigration,2019,2020,,,,,,,,,unavailable,source_basis_changed,0,0,0
fetch-20261006T122600Z-dfc47335,v2.1-f4676a0b,written_question,immigration,2020,2021,,,,,,,,,unavailable,source_basis_changed,0,0,0
fetch-20261006T122600Z-dfc47335,v2.1-f4676a0b,written_question,immigration,2021,2022,0.0,0.0,0.0,0.0,0.0,0.0,0.0,0.0,ok,,113,4,1
fetch-20261006T122600Z-dfc47335,v2.1-f4676a0b,written_question,immigration,2022,2023,0.0,0.0,0.0,0.0,0.0,0.0,0.0,0.0,ok,,111,2,6
fetch-20261006T122600Z-dfc47335,v2.1-f4676a0b,written_question,immigration,2023,2024,0.0,0.0,0.0,0.0,0.0,0.0,0.0,0.0,ok,,59,56,54
fetch-20261006T122600Z-dfc47335,v2.1-f4676a0b,written_question,immigration,2024,2025,0.0,0.0,0.0,0.0,0.0,0.0,0.0,0.0,ok,,113,1,2
fetch-20261006T122600Z-dfc47335,v2.1-f4676a0b,written_question,indigenous,2016,2017,0.02680589286945486,0.02458880277677999,-0.002217090092674869,-0.001346062288606037,-0.0008710278040688291,0.0,0.0,-3.0357660829594124e-18,ok,,113,0,4
fetch-20261006T122600Z-dfc47335,v2.1-f4676a0b,written_question,indigenous,2017,2018,0.02458880277677999,0.0,-0.02458880277677999,-0.021448441792430398,-0.0031403609843495927,0.0,0.0,0.0,ok,,113,4,0
fetch-20261006T122600Z-dfc47335,v2.1-f4676a0b,written_question,indigenous,2018,2019,0.0,0.0,0.0,0.0,0.0,0.0,0.0,0.0,ok,,107,7,10
fetch-20261006T122600Z-dfc47335,v2.1-f4676a0b,written_question,indigenous,2019,2020,,,,,,,,,unavailable,source_basis_changed,0,0,0
fetch-20261006T122600Z-dfc47335,v2.1-f4676a0b,written_question,indigenous,2020,2021,,,,,,,,,unavailable,source_basis_changed,0,0,0
fetch-20261006T122600Z-dfc47335,v2.1-f4676a0b,written_question,indigenous,2021,2022,0.0,0.0,0.0,0.0,0.0,0.0,0.0,0.0,ok,,113,4,1
fetch-20261006T122600Z-dfc47335,v2.1-f4676a0b,written_question,indigenous,2022,2023,0.0,0.0,0.0,0.0,0.0,0.0,0.0,0.0,ok,,111,2,6
fetch-20261006T122600Z-dfc47335,v2.1-f4676a0b,written_question,indigenous,2023,2024,0.0,0.07142857142857142,0.07142857142857142,0.03571428571428571,0.03571428571428571,0.0,0.0,0.0,ok,,59,56,54
fetch-20261006T122600Z-dfc47335,v2.1-f4676a0b,written_question,indigenous,2024,2025,0.07142857142857142,0.0,-0.07142857142857142,-0.03571428571428571,-0.03571428571428571,0.0,0.0,0.0,ok,,113,1,2
fetch-20261006T122600Z-dfc47335,v2.1-f4676a0b,written_question,international,2016,2017,0.029055287529992858,0.02923177490323745,0.00017648737324459096,-0.00037104057958471746,0.0005475279528293159,0.0,0.0,-7.48099499014998e-18,ok,,113,0,4
fetch-20261006T122600Z-dfc47335,v2.1-f4676a0b,written_question,international,2017,2018,0.02923177490323745,0.022727272727272728,-0.006504502175964721,-0.00972684032032742,0.003222338144362698,0.0,0.0,8.673617379884035e-19,ok,,113,4,0
fetch-20261006T122600Z-dfc47335,v2.1-f4676a0b,written_question,international,2018,2019,0.022727272727272728,0.0,-0.022727272727272728,0.0,0.0,0.0,0.022727272727272728,0.0,ok,,107,7,10
fetch-20261006T122600Z-dfc47335,v2.1-f4676a0b,written_question,international,2019,2020,,,,,,,,,unavailable,source_basis_changed,0,0,0
fetch-20261006T122600Z-dfc47335,v2.1-f4676a0b,written_question,international,2020,2021,,,,,,,,,unavailable,source_basis_changed,0,0,0
fetch-20261006T122600Z-dfc47335,v2.1-f4676a0b,written_question,international,2021,2022,0.0,0.0,0.0,0.0,0.0,0.0,0.0,0.0,ok,,113,4,1
fetch-20261006T122600Z-dfc47335,v2.1-f4676a0b,written_question,international,2022,2023,0.0,0.0,0.0,0.0,0.0,0.0,0.0,0.0,ok,,111,2,6
fetch-20261006T122600Z-dfc47335,v2.1-f4676a0b,written_question,international,2023,2024,0.0,0.0,0.0,0.0,0.0,0.0,0.0,0.0,ok,,59,56,54
fetch-20261006T122600Z-dfc47335,v2.1-f4676a0b,written_question,international,2024,2025,0.0,0.0,0.0,0.0,0.0,0.0,0.0,0.0,ok,,113,1,2
fetch-20261006T122600Z-dfc47335,v2.1-f4676a0b,written_question,labor,2016,2017,0.045582589694939,0.04268713502864638,-0.002895454666292624,-0.002383306673927908,-0.0002184622361238917,0.0,0.0002936857562408223,-2.168404344971009e-18,ok,,113,0,4
fetch-20261006T122600Z-dfc47335,v2.1-f4676a0b,written_question,labor,2017,2018,0.04268713502864638,0.0,-0.04268713502864638,-0.02590431295575045,-0.016782822072895928,0.0,0.0,0.0,ok,,113,4,0
fetch-20261006T122600Z-dfc47335,v2.1-f4676a0b,written_question,labor,2018,2019,0.0,0.0,0.0,0.0,0.0,0.0,0.0,0.0,ok,,107,7,10
fetch-20261006T122600Z-dfc47335,v2.1-f4676a0b,written_question,labor,2019,2020,,,,,,,,,unavailable,source_basis_changed,0,0,0
fetch-20261006T122600Z-dfc47335,v2.1-f4676a0b,written_question,labor,2020,2021,,,,,,,,,unavailable,source_basis_changed,0,0,0
fetch-20261006T122600Z-dfc47335,v2.1-f4676a0b,written_question,labor,2021,2022,0.0,0.07142857142857142,0.07142857142857142,0.03571428571428571,0.03571428571428571,0.0,0.0,0.0,ok,,113,4,1
fetch-20261006T122600Z-dfc47335,v2.1-f4676a0b,written_question,labor,2022,2023,0.07142857142857142,0.0,-0.07142857142857142,-0.03571428571428571,-0.03571428571428571,0.0,0.0,0.0,ok,,111,2,6
fetch-20261006T122600Z-dfc47335,v2.1-f4676a0b,written_question,labor,2023,2024,0.0,0.0,0.0,0.0,0.0,0.0,0.0,0.0,ok,,59,56,54
fetch-20261006T122600Z-dfc47335,v2.1-f4676a0b,written_question,labor,2024,2025,0.0,0.08333333333333333,0.08333333333333333,0.041666666666666664,0.041666666666666664,0.0,0.0,0.0,ok,,113,1,2
fetch-20261006T122600Z-dfc47335,v2.1-f4676a0b,written_question,law_crime,2016,2017,0.06897875512482336,0.0592690369430607,-0.00970971818176266,-0.01658899911476659,0.006879280933003942,0.0,0.0,-1.3877787807814457e-17,ok,,113,0,4
fetch-20261006T122600Z-dfc47335,v2.1-f4676a0b,written_question,law_crime,2017,2018,0.0592690369430607,0.018181818181818184,-0.04108721876124252,-0.03756041903060154,-0.003526799730640986,0.0,0.0,0.0,ok,,113,4,0
fetch-20261006T122600Z-dfc47335,v2.1-f4676a0b,written_question,law_crime,2018,2019,0.018181818181818184,0.0,-0.018181818181818184,-0.009090909090909092,-0.009090909090909092,0.0,0.0,0.0,ok,,107,7,10
fetch-20261006T122600Z-dfc47335,v2.1-f4676a0b,written_question,law_crime,2019,2020,,,,,,,,,unavailable,source_basis_changed,0,0,0
fetch-20261006T122600Z-dfc47335,v2.1-f4676a0b,written_question,law_crime,2020,2021,,,,,,,,,unavailable,source_basis_changed,0,0,0
fetch-20261006T122600Z-dfc47335,v2.1-f4676a0b,written_question,law_crime,2021,2022,0.0,0.07142857142857142,0.07142857142857142,0.03571428571428571,0.03571428571428571,0.0,0.0,0.0,ok,,113,4,1
fetch-20261006T122600Z-dfc47335,v2.1-f4676a0b,written_question,law_crime,2022,2023,0.07142857142857142,0.25,0.17857142857142858,0.08928571428571429,0.08928571428571429,0.0,0.0,0.0,ok,,111,2,6
fetch-20261006T122600Z-dfc47335,v2.1-f4676a0b,written_question,law_crime,2023,2024,0.25,0.07142857142857142,-0.17857142857142858,-0.08928571428571429,-0.08928571428571429,0.0,0.0,0.0,ok,,59,56,54
fetch-20261006T122600Z-dfc47335,v2.1-f4676a0b,written_question,law_crime,2024,2025,0.07142857142857142,0.08333333333333333,0.011904761904761904,0.005952380952380952,0.005952380952380952,0.0,0.0,0.0,ok,,113,1,2
fetch-20261006T122600Z-dfc47335,v2.1-f4676a0b,written_question,macroeconomy,2016,2017,0.03291520562512652,0.05083181730621904,0.017916611681092515,0.019783754630503768,-0.0018671429494112508,0.0,0.0,-3.469446951953614e-18,ok,,113,0,4
fetch-20261006T122600Z-dfc47335,v2.1-f4676a0b,written_question,macroeconomy,2017,2018,0.05083181730621904,0.0,-0.05083181730621904,-0.0375802292112014,-0.01325158809501763,0.0,0.0,0.0,ok,,113,4,0
fetch-20261006T122600Z-dfc47335,v2.1-f4676a0b,written_question,macroeconomy,2018,2019,0.0,0.1111111111111111,0.1111111111111111,0.05555555555555555,0.05555555555555555,0.0,0.0,0.0,ok,,107,7,10
fetch-20261006T122600Z-dfc47335,v2.1-f4676a0b,written_question,macroeconomy,2019,2020,,,,,,,,,unavailable,source_basis_changed,0,0,0
fetch-20261006T122600Z-dfc47335,v2.1-f4676a0b,written_question,macroeconomy,2020,2021,,,,,,,,,unavailable,source_basis_changed,0,0,0
fetch-20261006T122600Z-dfc47335,v2.1-f4676a0b,written_question,macroeconomy,2021,2022,0.0,0.07142857142857142,0.07142857142857142,0.03571428571428571,0.03571428571428571,0.0,0.0,0.0,ok,,113,4,1
fetch-20261006T122600Z-dfc47335,v2.1-f4676a0b,written_question,macroeconomy,2022,2023,0.07142857142857142,0.0,-0.07142857142857142,-0.03571428571428571,-0.03571428571428571,0.0,0.0,0.0,ok,,111,2,6
fetch-20261006T122600Z-dfc47335,v2.1-f4676a0b,written_question,macroeconomy,2023,2024,0.0,0.0,0.0,0.0,0.0,0.0,0.0,0.0,ok,,59,56,54
fetch-20261006T122600Z-dfc47335,v2.1-f4676a0b,written_question,macroeconomy,2024,2025,0.0,0.0,0.0,0.0,0.0,0.0,0.0,0.0,ok,,113,1,2
fetch-20261006T122600Z-dfc47335,v2.1-f4676a0b,written_question,public_lands,2016,2017,0.026183130574689104,0.023002836407199342,-0.003180294167489762,-0.002048334734832177,-0.0011319594326575804,0.0,0.0,-4.336808689942018e-18,ok,,113,0,4
fetch-20261006T122600Z-dfc47335,v2.1-f4676a0b,written_question,public_lands,2017,2018,0.023002836407199342,0.0,-0.023002836407199342,-0.03825331214299361,0.015250475735794269,0.0,0.0,-3.469446951953614e-18,ok,,113,4,0
fetch-20261006T122600Z-dfc47335,v2.1-f4676a0b,written_question,public_lands,2018,2019,0.0,0.0,0.0,0.0,0.0,0.0,0.0,0.0,ok,,107,7,10
fetch-20261006T122600Z-dfc47335,v2.1-f4676a0b,written_question,public_lands,2019,2020,,,,,,,,,unavailable,source_basis_changed,0,0,0
fetch-20261006T122600Z-dfc47335,v2.1-f4676a0b,written_question,public_lands,2020,2021,,,,,,,,,unavailable,source_basis_changed,0,0,0
fetch-20261006T122600Z-dfc47335,v2.1-f4676a0b,written_question,public_lands,2021,2022,0.0,0.0,0.0,0.0,0.0,0.0,0.0,0.0,ok,,113,4,1
fetch-20261006T122600Z-dfc47335,v2.1-f4676a0b,written_question,public_lands,2022,2023,0.0,0.0,0.0,0.0,0.0,0.0,0.0,0.0,ok,,111,2,6
fetch-20261006T122600Z-dfc47335,v2.1-f4676a0b,written_question,public_lands,2023,2024,0.0,0.07142857142857142,0.07142857142857142,0.03571428571428571,0.03571428571428571,0.0,0.0,0.0,ok,,59,56,54
fetch-20261006T122600Z-dfc47335,v2.1-f4676a0b,written_question,public_lands,2024,2025,0.07142857142857142,0.0,-0.07142857142857142,-0.03571428571428571,-0.03571428571428571,0.0,0.0,0.0,ok,,113,1,2
fetch-20261006T122600Z-dfc47335,v2.1-f4676a0b,written_question,social_welfare,2016,2017,0.026683700766415214,0.04142650741197675,0.014742806645561539,0.013100627896145852,0.0016421787494156888,0.0,0.0,-1.734723475976807e-18,ok,,113,0,4
fetch-20261006T122600Z-dfc47335,v2.1-f4676a0b,written_question,social_welfare,2017,2018,0.04142650741197675,0.045454545454545456,0.004028038042568703,-0.011654923646635786,0.015682961689204487,0.0,0.0,1.734723475976807e-18,ok,,113,4,0
fetch-20261006T122600Z-dfc47335,v2.1-f4676a0b,written_question,social_welfare,2018,2019,0.045454545454545456,0.0,-0.045454545454545456,-0.022727272727272728,-0.022727272727272728,0.0,0.0,0.0,ok,,107,7,10
fetch-20261006T122600Z-dfc47335,v2.1-f4676a0b,written_question,social_welfare,2019,2020,,,,,,,,,unavailable,source_basis_changed,0,0,0
fetch-20261006T122600Z-dfc47335,v2.1-f4676a0b,written_question,social_welfare,2020,2021,,,,,,,,,unavailable,source_basis_changed,0,0,0
fetch-20261006T122600Z-dfc47335,v2.1-f4676a0b,written_question,social_welfare,2021,2022,0.0,0.07142857142857142,0.07142857142857142,0.03571428571428571,0.03571428571428571,0.0,0.0,0.0,ok,,113,4,1
fetch-20261006T122600Z-dfc47335,v2.1-f4676a0b,written_question,social_welfare,2022,2023,0.07142857142857142,0.0,-0.07142857142857142,-0.03571428571428571,-0.03571428571428571,0.0,0.0,0.0,ok,,111,2,6
fetch-20261006T122600Z-dfc47335,v2.1-f4676a0b,written_question,social_welfare,2023,2024,0.0,0.0,0.0,0.0,0.0,0.0,0.0,0.0,ok,,59,56,54
fetch-20261006T122600Z-dfc47335,v2.1-f4676a0b,written_question,social_welfare,2024,2025,0.0,0.0,0.0,0.0,0.0,0.0,0.0,0.0,ok,,113,1,2
fetch-20261006T122600Z-dfc47335,v2.1-f4676a0b,written_question,technology,2016,2017,0.048233047683655425,0.046935115041038616,-0.0012979326426168086,0.0017987780623236994,-0.0017751248018568033,0.0,0.0013215859030837004,-4.336808689942018e-18,ok,,113,0,4
fetch-20261006T122600Z-dfc47335,v2.1-f4676a0b,written_question,technology,2017,2018,0.046935115041038616,0.018181818181818184,-0.028753296859220432,-0.03581264999878241,0.007059353139561982,0.0,0.0,0.0,ok,,113,4,0
fetch-20261006T122600Z-dfc47335,v2.1-f4676a0b,written_question,technology,2018,2019,0.018181818181818184,0.1111111111111111,0.09292929292929292,0.04646464646464646,0.04646464646464646,0.0,0.0,0.0,ok,,107,7,10
fetch-20261006T122600Z-dfc47335,v2.1-f4676a0b,written_question,technology,2019,2020,,,,,,,,,unavailable,source_basis_changed,0,0,0
fetch-20261006T122600Z-dfc47335,v2.1-f4676a0b,written_question,technology,2020,2021,,,,,,,,,unavailable,source_basis_changed,0,0,0
fetch-20261006T122600Z-dfc47335,v2.1-f4676a0b,written_question,technology,2021,2022,0.0,0.07142857142857142,0.07142857142857142,0.03571428571428571,0.03571428571428571,0.0,0.0,0.0,ok,,113,4,1
fetch-20261006T122600Z-dfc47335,v2.1-f4676a0b,written_question,technology,2022,2023,0.07142857142857142,0.0,-0.07142857142857142,-0.03571428571428571,-0.03571428571428571,0.0,0.0,0.0,ok,,111,2,6
fetch-20261006T122600Z-dfc47335,v2.1-f4676a0b,written_question,technology,2023,2024,0.0,0.0,0.0,0.0,0.0,0.0,0.0,0.0,ok,,59,56,54
fetch-20261006T122600Z-dfc47335,v2.1-f4676a0b,written_question,technology,2024,2025,0.0,0.0,0.0,0.0,0.0,0.0,0.0,0.0,ok,,113,1,2
fetch-20261006T122600Z-dfc47335,v2.1-f4676a0b,written_question,transitional_justice,2016,2017,0.011091312764146995,0.0046306656823285825,-0.006460647081818412,-0.00642948684986849,-3.116023194992424e-05,0.0,0.0,1.734723475976807e-18,ok,,113,0,4
fetch-20261006T122600Z-dfc47335,v2.1-f4676a0b,written_question,transitional_justice,2017,2018,0.0046306656823285825,0.0,-0.0046306656823285825,-0.0023153328411642912,-0.0023153328411642912,0.0,0.0,0.0,ok,,113,4,0
fetch-20261006T122600Z-dfc47335,v2.1-f4676a0b,written_question,transitional_justice,2018,2019,0.0,0.0,0.0,0.0,0.0,0.0,0.0,0.0,ok,,107,7,10
fetch-20261006T122600Z-dfc47335,v2.1-f4676a0b,written_question,transitional_justice,2019,2020,,,,,,,,,unavailable,source_basis_changed,0,0,0
fetch-20261006T122600Z-dfc47335,v2.1-f4676a0b,written_question,transitional_justice,2020,2021,,,,,,,,,unavailable,source_basis_changed,0,0,0
fetch-20261006T122600Z-dfc47335,v2.1-f4676a0b,written_question,transitional_justice,2021,2022,0.0,0.0,0.0,0.0,0.0,0.0,0.0,0.0,ok,,113,4,1
fetch-20261006T122600Z-dfc47335,v2.1-f4676a0b,written_question,transitional_justice,2022,2023,0.0,0.0,0.0,0.0,0.0,0.0,0.0,0.0,ok,,111,2,6
fetch-20261006T122600Z-dfc47335,v2.1-f4676a0b,written_question,transitional_justice,2023,2024,0.0,0.0,0.0,0.0,0.0,0.0,0.0,0.0,ok,,59,56,54
fetch-20261006T122600Z-dfc47335,v2.1-f4676a0b,written_question,transitional_justice,2024,2025,0.0,0.0,0.0,0.0,0.0,0.0,0.0,0.0,ok,,113,1,2
fetch-20261006T122600Z-dfc47335,v2.1-f4676a0b,written_question,transportation,2016,2017,0.08218473542030162,0.10187754542164427,0.019692810001342653,0.018463015518575286,0.0012297944827673634,0.0,0.0,3.469446951953614e-18,ok,,113,0,4
fetch-20261006T122600Z-dfc47335,v2.1-f4676a0b,written_question,transportation,2017,2018,0.10187754542164427,0.022727272727272728,-0.07915027269437155,-0.10953609085566884,0.030385818161297286,0.0,0.0,0.0,ok,,113,4,0
fetch-20261006T122600Z-dfc47335,v2.1-f4676a0b,written_question,transportation,2018,2019,0.022727272727272728,0.0,-0.022727272727272728,0.0,0.0,0.0,0.022727272727272728,0.0,ok,,107,7,10
fetch-20261006T122600Z-dfc47335,v2.1-f4676a0b,written_question,transportation,2019,2020,,,,,,,,,unavailable,source_basis_changed,0,0,0
fetch-20261006T122600Z-dfc47335,v2.1-f4676a0b,written_question,transportation,2020,2021,,,,,,,,,unavailable,source_basis_changed,0,0,0
fetch-20261006T122600Z-dfc47335,v2.1-f4676a0b,written_question,transportation,2021,2022,0.08333333333333333,0.07142857142857142,-0.011904761904761904,-0.005952380952380952,-0.005952380952380952,0.0,0.0,0.0,ok,,113,4,1
fetch-20261006T122600Z-dfc47335,v2.1-f4676a0b,written_question,transportation,2022,2023,0.07142857142857142,0.0,-0.07142857142857142,-0.03571428571428571,-0.03571428571428571,0.0,0.0,0.0,ok,,111,2,6
fetch-20261006T122600Z-dfc47335,v2.1-f4676a0b,written_question,transportation,2023,2024,0.0,0.07142857142857142,0.07142857142857142,0.03571428571428571,0.03571428571428571,0.0,0.0,0.0,ok,,59,56,54
fetch-20261006T122600Z-dfc47335,v2.1-f4676a0b,written_question,transportation,2024,2025,0.07142857142857142,0.0,-0.07142857142857142,-0.03571428571428571,-0.03571428571428571,0.0,0.0,0.0,ok,,113,1,2
fetch-20261006T122600Z-dfc47335,v2.1-f4676a0b,written_question,unclassified,2016,2017,0.1359157228294038,0.15114493376412752,0.015229210934723708,0.013197733018645491,0.0029125351848007072,0.0,0.000881057268722467,-2.2551405187698492e-17,ok,,113,0,4
fetch-20261006T122600Z-dfc47335,v2.1-f4676a0b,written_question,unclassified,2017,2018,0.15114493376412752,0.36363636363636365,0.21249142987223613,-0.02852926124956965,0.2410206911218057,0.0,0.0,5.551115123125783e-17,ok,,113,4,0
fetch-20261006T122600Z-dfc47335,v2.1-f4676a0b,written_question,unclassified,2018,2019,0.36363636363636365,0.0,-0.36363636363636365,-0.09090909090909091,-0.09090909090909091,0.0,0.18181818181818182,0.0,ok,,107,7,10
fetch-20261006T122600Z-dfc47335,v2.1-f4676a0b,written_question,unclassified,2019,2020,,,,,,,,,unavailable,source_basis_changed,0,0,0
fetch-20261006T122600Z-dfc47335,v2.1-f4676a0b,written_question,unclassified,2020,2021,,,,,,,,,unavailable,source_basis_changed,0,0,0
fetch-20261006T122600Z-dfc47335,v2.1-f4676a0b,written_question,unclassified,2021,2022,0.75,0.0,-0.75,-0.375,-0.375,0.0,0.0,0.0,ok,,113,4,1
fetch-20261006T122600Z-dfc47335,v2.1-f4676a0b,written_question,unclassified,2022,2023,0.0,0.5,0.5,0.25,0.25,0.0,0.0,0.0,ok,,111,2,6
fetch-20261006T122600Z-dfc47335,v2.1-f4676a0b,written_question,unclassified,2023,2024,0.5,0.5,0.0,-0.25,-0.25,0.5,0.0,0.0,ok,,59,56,54
fetch-20261006T122600Z-dfc47335,v2.1-f4676a0b,written_question,unclassified,2024,2025,0.5,0.0,-0.5,-0.25,-0.25,0.0,0.0,0.0,ok,,113,1,2
