run_id,annotation_version,leg_year,activity,topic_id,numerator,denominator,share,persons_included,persons_excluded,status
fetch-20261006T122600Z-dfc47335,v2.1-f4676a0b,2016,bill_cosign,agriculture,707.1500000000004,29244.0,0.02418102858706061,117,0,ok
fetch-20261006T122600Z-dfc47335,v2.1-f4676a0b,2016,bill_cosign,civil_rights,963.0000000000005,29244.0,0.032929831760361114,117,0,ok
fetch-20261006T122600Z-dfc47335,v2.1-f4676a0b,2016,bill_cosign,commerce,1225.7666666666662,29244.0,0.041915150686180624,117,0,ok
fetch-20261006T122600Z-dfc47335,v2.1-f4676a0b,2016,bill_cosign,cross_strait,156.33333333333331,29244.0,0.005345825924406146,117,0,ok
fetch-20261006T122600Z-dfc47335,v2.1-f4676a0b,2016,bill_cosign,culture,1088.75,29244.0,0.03722985911639994,117,0,ok
fetch-20261006T122600Z-dfc47335,v2.1-f4676a0b,2016,bill_cosign,defense,794.6666666666671,29244.0,0.02717366525327134,117,0,ok
fetch-20261006T122600Z-dfc47335,v2.1-f4676a0b,2016,bill_cosign,education,1592.0833333333328,29244.0,0.0544413668900743,117,0,ok
fetch-20261006T122600Z-dfc47335,v2.1-f4676a0b,2016,bill_cosign,energy,436.1666666666666,29244.0,0.014914740345597954,117,0,ok
fetch-20261006T122600Z-dfc47335,v2.1-f4676a0b,2016,bill_cosign,environment,1119.4333333333334,29244.0,0.038279077189622944,117,0,ok
fetch-20261006T122600Z-dfc47335,v2.1-f4676a0b,2016,bill_cosign,foreign_trade,91.16666666666664,29244.0,0.0031174485934436684,117,0,ok
fetch-20261006T122600Z-dfc47335,v2.1-f4676a0b,2016,bill_cosign,government,2563.1833333333325,29244.0,0.08764817854374683,117,0,ok
fetch-20261006T122600Z-dfc47335,v2.1-f4676a0b,2016,bill_cosign,health,1512.0,29244.0,0.051702913418137056,117,0,ok
fetch-20261006T122600Z-dfc47335,v2.1-f4676a0b,2016,bill_cosign,housing,305.4166666666667,29244.0,0.010443737746774267,117,0,ok
fetch-20261006T122600Z-dfc47335,v2.1-f4676a0b,2016,bill_cosign,immigration,394.4999999999999,29244.0,0.013489946655724247,117,0,ok
fetch-20261006T122600Z-dfc47335,v2.1-f4676a0b,2016,bill_cosign,indigenous,609.3833333333338,29244.0,0.020837892673140946,117,0,ok
fetch-20261006T122600Z-dfc47335,v2.1-f4676a0b,2016,bill_cosign,international,165.46666666666667,29244.0,0.005658140701226462,117,0,ok
fetch-20261006T122600Z-dfc47335,v2.1-f4676a0b,2016,bill_cosign,labor,2002.916666666666,29244.0,0.06848983267222904,117,0,ok
fetch-20261006T122600Z-dfc47335,v2.1-f4676a0b,2016,bill_cosign,law_crime,3524.583333333334,29244.0,0.12052329822641683,117,0,ok
fetch-20261006T122600Z-dfc47335,v2.1-f4676a0b,2016,bill_cosign,macroeconomy,862.3500000000001,29244.0,0.02948810012310218,117,0,ok
fetch-20261006T122600Z-dfc47335,v2.1-f4676a0b,2016,bill_cosign,public_lands,585.6333333333333,29244.0,0.020025760269912915,117,0,ok
fetch-20261006T122600Z-dfc47335,v2.1-f4676a0b,2016,bill_cosign,social_welfare,703.75,29244.0,0.0240647654219669,117,0,ok
fetch-20261006T122600Z-dfc47335,v2.1-f4676a0b,2016,bill_cosign,technology,696.6333333333339,29244.0,0.02382141065973649,117,0,ok
fetch-20261006T122600Z-dfc47335,v2.1-f4676a0b,2016,bill_cosign,transitional_justice,263.5000000000001,29244.0,0.009010395294761322,117,0,ok
fetch-20261006T122600Z-dfc47335,v2.1-f4676a0b,2016,bill_cosign,transportation,1763.1666666666667,29244.0,0.06029156978069576,117,0,ok
fetch-20261006T122600Z-dfc47335,v2.1-f4676a0b,2016,bill_cosign,unclassified,5117.0,29244.0,0.17497606346601013,117,0,ok
fetch-20261006T122600Z-dfc47335,v2.1-f4676a0b,2016,bill_primary,agriculture,133.06666666666666,4105.0,0.03241575314656922,117,0,ok
fetch-20261006T122600Z-dfc47335,v2.1-f4676a0b,2016,bill_primary,civil_rights,148.16666666666666,4105.0,0.03609419407226959,117,0,ok
fetch-20261006T122600Z-dfc47335,v2.1-f4676a0b,2016,bill_primary,commerce,137.58333333333331,4105.0,0.033516037352821756,117,0,ok
fetch-20261006T122600Z-dfc47335,v2.1-f4676a0b,2016,bill_primary,cross_strait,23.666666666666668,4105.0,0.005765326837190419,117,0,ok
fetch-20261006T122600Z-dfc47335,v2.1-f4676a0b,2016,bill_primary,culture,150.58333333333331,4105.0,0.03668290702395452,117,0,ok
fetch-20261006T122600Z-dfc47335,v2.1-f4676a0b,2016,bill_primary,defense,105.58333333333334,4105.0,0.025720665854648803,117,0,ok
fetch-20261006T122600Z-dfc47335,v2.1-f4676a0b,2016,bill_primary,education,239.08333333333334,4105.0,0.05824198132358912,117,0,ok
fetch-20261006T122600Z-dfc47335,v2.1-f4676a0b,2016,bill_primary,energy,66.91666666666669,4105.0,0.016301258627689812,117,0,ok
fetch-20261006T122600Z-dfc47335,v2.1-f4676a0b,2016,bill_primary,environment,207.8333333333333,4105.0,0.05062931384490458,117,0,ok
fetch-20261006T122600Z-dfc47335,v2.1-f4676a0b,2016,bill_primary,foreign_trade,7.833333333333333,4105.0,0.001908241981323589,117,0,ok
fetch-20261006T122600Z-dfc47335,v2.1-f4676a0b,2016,bill_primary,government,341.9166666666668,4105.0,0.08329273244011372,117,0,ok
fetch-20261006T122600Z-dfc47335,v2.1-f4676a0b,2016,bill_primary,health,192.83333333333337,4105.0,0.046975233455136024,117,0,ok
fetch-20261006T122600Z-dfc47335,v2.1-f4676a0b,2016,bill_primary,housing,49.16666666666667,4105.0,0.011977263499796997,117,0,ok
fetch-20261006T122600Z-dfc47335,v2.1-f4676a0b,2016,bill_primary,immigration,75.99999999999999,4105.0,0.018514007308160777,117,0,ok
fetch-20261006T122600Z-dfc47335,v2.1-f4676a0b,2016,bill_primary,indigenous,86.48333333333335,4105.0,0.02106780349167682,117,0,ok
fetch-20261006T122600Z-dfc47335,v2.1-f4676a0b,2016,bill_primary,international,22.733333333333334,4105.0,0.005537961835160374,117,0,ok
fetch-20261006T122600Z-dfc47335,v2.1-f4676a0b,2016,bill_primary,labor,258.75000000000006,4105.0,0.06303288672350793,117,0,ok
fetch-20261006T122600Z-dfc47335,v2.1-f4676a0b,2016,bill_primary,law_crime,512.9999999999999,4105.0,0.12496954933008524,117,0,ok
fetch-20261006T122600Z-dfc47335,v2.1-f4676a0b,2016,bill_primary,macroeconomy,103.24999999999997,4105.0,0.025152253349573685,117,0,ok
fetch-20261006T122600Z-dfc47335,v2.1-f4676a0b,2016,bill_primary,public_lands,81.23333333333332,4105.0,0.019788875355257814,117,0,ok
fetch-20261006T122600Z-dfc47335,v2.1-f4676a0b,2016,bill_primary,social_welfare,96.16666666666661,4105.0,0.02342671538773852,117,0,ok
fetch-20261006T122600Z-dfc47335,v2.1-f4676a0b,2016,bill_primary,technology,82.81666666666666,4105.0,0.020174583840844498,117,0,ok
fetch-20261006T122600Z-dfc47335,v2.1-f4676a0b,2016,bill_primary,transitional_justice,48.50000000000001,4105.0,0.011814859926918393,117,0,ok
fetch-20261006T122600Z-dfc47335,v2.1-f4676a0b,2016,bill_primary,transportation,227.83333333333337,4105.0,0.055501421031262696,117,0,ok
fetch-20261006T122600Z-dfc47335,v2.1-f4676a0b,2016,bill_primary,unclassified,704.0,4105.0,0.17149817295980513,117,0,ok
fetch-20261006T122600Z-dfc47335,v2.1-f4676a0b,2016,speech,agriculture,275.6483905584848,12181.0,0.022629372839543943,117,0,ok
fetch-20261006T122600Z-dfc47335,v2.1-f4676a0b,2016,speech,civil_rights,186.38199522376684,12181.0,0.015301042215234121,117,0,ok
fetch-20261006T122600Z-dfc47335,v2.1-f4676a0b,2016,speech,commerce,336.76659357484857,12181.0,0.027646875755262177,117,0,ok
fetch-20261006T122600Z-dfc47335,v2.1-f4676a0b,2016,speech,cross_strait,188.29501214378624,12181.0,0.01545809146570776,117,0,ok
fetch-20261006T122600Z-dfc47335,v2.1-f4676a0b,2016,speech,culture,365.99894395858473,12181.0,0.030046707491879543,117,0,ok
fetch-20261006T122600Z-dfc47335,v2.1-f4676a0b,2016,speech,defense,258.4277248711999,12181.0,0.021215641151892284,117,0,ok
fetch-20261006T122600Z-dfc47335,v2.1-f4676a0b,2016,speech,education,586.9038367556795,12181.0,0.04818190926489447,117,0,ok
fetch-20261006T122600Z-dfc47335,v2.1-f4676a0b,2016,speech,energy,261.95405103994597,12181.0,0.021505135131758144,117,0,ok
fetch-20261006T122600Z-dfc47335,v2.1-f4676a0b,2016,speech,environment,233.9853626113869,12181.0,0.019209043806862072,117,0,ok
fetch-20261006T122600Z-dfc47335,v2.1-f4676a0b,2016,speech,foreign_trade,124.56732701519651,12181.0,0.010226362943534727,117,0,ok
fetch-20261006T122600Z-dfc47335,v2.1-f4676a0b,2016,speech,government,348.6690032414206,12181.0,0.02862400486342834,117,0,ok
fetch-20261006T122600Z-dfc47335,v2.1-f4676a0b,2016,speech,health,451.57064565785487,12181.0,0.0370717219980178,117,0,ok
fetch-20261006T122600Z-dfc47335,v2.1-f4676a0b,2016,speech,housing,115.57224092966223,12181.0,0.00948791075688878,117,0,ok
fetch-20261006T122600Z-dfc47335,v2.1-f4676a0b,2016,speech,immigration,75.41446439402297,12181.0,0.0061911554383074436,117,0,ok
fetch-20261006T122600Z-dfc47335,v2.1-f4676a0b,2016,speech,indigenous,367.784019359499,12181.0,0.030193253374887034,117,0,ok
fetch-20261006T122600Z-dfc47335,v2.1-f4676a0b,2016,speech,international,205.14133283188073,12181.0,0.016841091275911726,117,0,ok
fetch-20261006T122600Z-dfc47335,v2.1-f4676a0b,2016,speech,labor,432.6199356448278,12181.0,0.035515962207111715,117,0,ok
fetch-20261006T122600Z-dfc47335,v2.1-f4676a0b,2016,speech,law_crime,756.5854881273187,12181.0,0.062111935647920426,117,0,ok
fetch-20261006T122600Z-dfc47335,v2.1-f4676a0b,2016,speech,macroeconomy,224.57383198956558,12181.0,0.018436403578488268,117,0,ok
fetch-20261006T122600Z-dfc47335,v2.1-f4676a0b,2016,speech,public_lands,140.01109607961877,12181.0,0.011494220185503551,117,0,ok
fetch-20261006T122600Z-dfc47335,v2.1-f4676a0b,2016,speech,social_welfare,177.47049332136928,12181.0,0.014569451877626573,117,0,ok
fetch-20261006T122600Z-dfc47335,v2.1-f4676a0b,2016,speech,technology,225.8518935231721,12181.0,0.018541326124552344,117,0,ok
fetch-20261006T122600Z-dfc47335,v2.1-f4676a0b,2016,speech,transitional_justice,160.7470792865804,12181.0,0.013196542097248206,117,0,ok
fetch-20261006T122600Z-dfc47335,v2.1-f4676a0b,2016,speech,transportation,524.5604773487656,12181.0,0.043063827054327694,117,0,ok
fetch-20261006T122600Z-dfc47335,v2.1-f4676a0b,2016,speech,unclassified,5155.498760511563,12181.0,0.42324101145321097,117,0,ok
fetch-20261006T122600Z-dfc47335,v2.1-f4676a0b,2016,written_question,agriculture,47.54119390515998,1135.0,0.04188651445388544,117,0,ok
fetch-20261006T122600Z-dfc47335,v2.1-f4676a0b,2016,written_question,civil_rights,17.288153972841542,1135.0,0.015231853720565234,117,0,ok
fetch-20261006T122600Z-dfc47335,v2.1-f4676a0b,2016,written_question,commerce,52.57557576922075,1135.0,0.04632209318874075,117,0,ok
fetch-20261006T122600Z-dfc47335,v2.1-f4676a0b,2016,written_question,cross_strait,28.15209214336946,1135.0,0.02480360541266032,117,0,ok
fetch-20261006T122600Z-dfc47335,v2.1-f4676a0b,2016,written_question,culture,49.305746697930694,1135.0,0.043441186518000614,117,0,ok
fetch-20261006T122600Z-dfc47335,v2.1-f4676a0b,2016,written_question,defense,45.40526909199392,1135.0,0.04000464237180081,117,0,ok
fetch-20261006T122600Z-dfc47335,v2.1-f4676a0b,2016,written_question,education,65.02654022475318,1135.0,0.057292105924892665,117,0,ok
fetch-20261006T122600Z-dfc47335,v2.1-f4676a0b,2016,written_question,energy,39.87227447325967,1135.0,0.03512975724516271,117,0,ok
fetch-20261006T122600Z-dfc47335,v2.1-f4676a0b,2016,written_question,environment,33.63376966697304,1135.0,0.02963327723962382,117,0,ok
fetch-20261006T122600Z-dfc47335,v2.1-f4676a0b,2016,written_question,foreign_trade,24.696554417888816,1135.0,0.021759078782280894,117,0,ok
fetch-20261006T122600Z-dfc47335,v2.1-f4676a0b,2016,written_question,government,49.06121146652587,1135.0,0.04322573697491266,117,0,ok
fetch-20261006T122600Z-dfc47335,v2.1-f4676a0b,2016,written_question,health,50.427807320321506,1135.0,0.04442978618530529,117,0,ok
fetch-20261006T122600Z-dfc47335,v2.1-f4676a0b,2016,written_question,housing,19.240870921124138,1135.0,0.01695230918160717,117,0,ok
fetch-20261006T122600Z-dfc47335,v2.1-f4676a0b,2016,written_question,immigration,7.1035926264907285,1135.0,0.006258671917612976,117,0,ok
fetch-20261006T122600Z-dfc47335,v2.1-f4676a0b,2016,written_question,indigenous,30.42468840683125,1135.0,0.026805892869454846,117,0,ok
fetch-20261006T122600Z-dfc47335,v2.1-f4676a0b,2016,written_question,international,32.977751346541886,1135.0,0.02905528752999285,117,0,ok
fetch-20261006T122600Z-dfc47335,v2.1-f4676a0b,2016,written_question,labor,51.73623930375579,1135.0,0.04558258969493902,117,0,ok
fetch-20261006T122600Z-dfc47335,v2.1-f4676a0b,2016,written_question,law_crime,78.2908870666745,1135.0,0.06897875512482335,117,0,ok
fetch-20261006T122600Z-dfc47335,v2.1-f4676a0b,2016,written_question,macroeconomy,37.358758384518595,1135.0,0.032915205625126516,117,0,ok
fetch-20261006T122600Z-dfc47335,v2.1-f4676a0b,2016,written_question,public_lands,29.717853202272124,1135.0,0.026183130574689097,117,0,ok
fetch-20261006T122600Z-dfc47335,v2.1-f4676a0b,2016,written_question,social_welfare,30.286000369881265,1135.0,0.02668370076641521,117,0,ok
fetch-20261006T122600Z-dfc47335,v2.1-f4676a0b,2016,written_question,technology,54.744509120948926,1135.0,0.04823304768365544,117,0,ok
fetch-20261006T122600Z-dfc47335,v2.1-f4676a0b,2016,written_question,transitional_justice,12.588639987306841,1135.0,0.011091312764146996,117,0,ok
fetch-20261006T122600Z-dfc47335,v2.1-f4676a0b,2016,written_question,transportation,93.27967470204236,1135.0,0.08218473542030164,117,0,ok
fetch-20261006T122600Z-dfc47335,v2.1-f4676a0b,2016,written_question,unclassified,154.2643454113733,1135.0,0.1359157228294038,117,0,ok
fetch-20261006T122600Z-dfc47335,v2.1-f4676a0b,2017,bill_cosign,agriculture,350.9166666666665,21987.0,0.015960188596291742,113,0,ok
fetch-20261006T122600Z-dfc47335,v2.1-f4676a0b,2017,bill_cosign,civil_rights,799.8666666666671,21987.0,0.03637907248222436,113,0,ok
fetch-20261006T122600Z-dfc47335,v2.1-f4676a0b,2017,bill_cosign,commerce,881.5000000000005,21987.0,0.040091872470095984,113,0,ok
fetch-20261006T122600Z-dfc47335,v2.1-f4676a0b,2017,bill_cosign,cross_strait,64.0,21987.0,0.00291081093373357,113,0,ok
fetch-20261006T122600Z-dfc47335,v2.1-f4676a0b,2017,bill_cosign,culture,551.0333333333334,21987.0,0.025061778929973775,113,0,ok
fetch-20261006T122600Z-dfc47335,v2.1-f4676a0b,2017,bill_cosign,defense,543.1166666666668,21987.0,0.02470171768166038,113,0,ok
fetch-20261006T122600Z-dfc47335,v2.1-f4676a0b,2017,bill_cosign,education,1554.3333333333333,21987.0,0.07069328845833144,113,0,ok
fetch-20261006T122600Z-dfc47335,v2.1-f4676a0b,2017,bill_cosign,energy,317.1666666666667,21987.0,0.014425190642955686,113,0,ok
fetch-20261006T122600Z-dfc47335,v2.1-f4676a0b,2017,bill_cosign,environment,958.6666666666669,21987.0,0.04360152211155077,113,0,ok
fetch-20261006T122600Z-dfc47335,v2.1-f4676a0b,2017,bill_cosign,foreign_trade,67.00000000000001,21987.0,0.0030472551962523317,113,0,ok
fetch-20261006T122600Z-dfc47335,v2.1-f4676a0b,2017,bill_cosign,government,1552.6666666666667,21987.0,0.07061748609026547,113,0,ok
fetch-20261006T122600Z-dfc47335,v2.1-f4676a0b,2017,bill_cosign,health,1056.666666666667,21987.0,0.04805870135383031,113,0,ok
fetch-20261006T122600Z-dfc47335,v2.1-f4676a0b,2017,bill_cosign,housing,224.16666666666677,21987.0,0.010195418504874097,113,0,ok
fetch-20261006T122600Z-dfc47335,v2.1-f4676a0b,2017,bill_cosign,immigration,217.6666666666668,21987.0,0.009899789269416783,113,0,ok
fetch-20261006T122600Z-dfc47335,v2.1-f4676a0b,2017,bill_cosign,indigenous,544.3333333333331,21987.0,0.02475705341034853,113,0,ok
fetch-20261006T122600Z-dfc47335,v2.1-f4676a0b,2017,bill_cosign,international,118.66666666666661,21987.0,0.005397128606297658,113,0,ok
fetch-20261006T122600Z-dfc47335,v2.1-f4676a0b,2017,bill_cosign,labor,1402.2500000000005,21987.0,0.06377632237231093,113,0,ok
fetch-20261006T122600Z-dfc47335,v2.1-f4676a0b,2017,bill_cosign,law_crime,2693.95,21987.0,0.12252467367080547,113,0,ok
fetch-20261006T122600Z-dfc47335,v2.1-f4676a0b,2017,bill_cosign,macroeconomy,1110.5833333333328,21987.0,0.05051090796076467,113,0,ok
fetch-20261006T122600Z-dfc47335,v2.1-f4676a0b,2017,bill_cosign,public_lands,326.4166666666666,21987.0,0.014845893785721861,113,0,ok
fetch-20261006T122600Z-dfc47335,v2.1-f4676a0b,2017,bill_cosign,social_welfare,572.2500000000002,21987.0,0.026026743075453686,113,0,ok
fetch-20261006T122600Z-dfc47335,v2.1-f4676a0b,2017,bill_cosign,technology,339.24999999999983,21987.0,0.015429572019829892,113,0,ok
fetch-20261006T122600Z-dfc47335,v2.1-f4676a0b,2017,bill_cosign,transitional_justice,47.7,21987.0,0.0021694637740483015,113,0,ok
fetch-20261006T122600Z-dfc47335,v2.1-f4676a0b,2017,bill_cosign,transportation,1381.833333333333,21987.0,0.06284774336350266,113,0,ok
fetch-20261006T122600Z-dfc47335,v2.1-f4676a0b,2017,bill_cosign,unclassified,4311.0,21987.0,0.19607040523945968,113,0,ok
fetch-20261006T122600Z-dfc47335,v2.1-f4676a0b,2017,bill_primary,agriculture,52.36666666666667,2893.0,0.018101163728540155,113,0,ok
fetch-20261006T122600Z-dfc47335,v2.1-f4676a0b,2017,bill_primary,civil_rights,127.01666666666664,2893.0,0.043904827745131915,113,0,ok
fetch-20261006T122600Z-dfc47335,v2.1-f4676a0b,2017,bill_primary,commerce,107.66666666666664,2893.0,0.03721626915543264,113,0,ok
fetch-20261006T122600Z-dfc47335,v2.1-f4676a0b,2017,bill_primary,cross_strait,7.0,2893.0,0.0024196335983408227,113,0,ok
fetch-20261006T122600Z-dfc47335,v2.1-f4676a0b,2017,bill_primary,culture,86.76666666666665,2893.0,0.02999193455467219,113,0,ok
fetch-20261006T122600Z-dfc47335,v2.1-f4676a0b,2017,bill_primary,defense,60.183333333333316,2893.0,0.020803087913354067,113,0,ok
fetch-20261006T122600Z-dfc47335,v2.1-f4676a0b,2017,bill_primary,education,246.86666666666667,2893.0,0.08533241156815302,113,0,ok
fetch-20261006T122600Z-dfc47335,v2.1-f4676a0b,2017,bill_primary,energy,43.99999999999999,2893.0,0.01520912547528517,113,0,ok
fetch-20261006T122600Z-dfc47335,v2.1-f4676a0b,2017,bill_primary,environment,136.25,2893.0,0.047096439681991016,113,0,ok
fetch-20261006T122600Z-dfc47335,v2.1-f4676a0b,2017,bill_primary,foreign_trade,5.533333333333333,2893.0,0.0019126627491646503,113,0,ok
fetch-20261006T122600Z-dfc47335,v2.1-f4676a0b,2017,bill_primary,government,194.58333333333334,2893.0,0.06726005300149787,113,0,ok
fetch-20261006T122600Z-dfc47335,v2.1-f4676a0b,2017,bill_primary,health,144.11666666666665,2893.0,0.04981564696393593,113,0,ok
fetch-20261006T122600Z-dfc47335,v2.1-f4676a0b,2017,bill_primary,housing,24.249999999999996,2893.0,0.008382302108537848,113,0,ok
fetch-20261006T122600Z-dfc47335,v2.1-f4676a0b,2017,bill_primary,immigration,28.583333333333325,2893.0,0.009880170526558357,113,0,ok
fetch-20261006T122600Z-dfc47335,v2.1-f4676a0b,2017,bill_primary,indigenous,57.83333333333334,2893.0,0.0199907823481968,113,0,ok
fetch-20261006T122600Z-dfc47335,v2.1-f4676a0b,2017,bill_primary,international,16.449999999999996,2893.0,0.005686138956100932,113,0,ok
fetch-20261006T122600Z-dfc47335,v2.1-f4676a0b,2017,bill_primary,labor,204.1666666666667,2893.0,0.070572646618274,113,0,ok
fetch-20261006T122600Z-dfc47335,v2.1-f4676a0b,2017,bill_primary,law_crime,339.76666666666665,2893.0,0.11744440603756193,113,0,ok
fetch-20261006T122600Z-dfc47335,v2.1-f4676a0b,2017,bill_primary,macroeconomy,136.66666666666666,2893.0,0.047240465491416056,113,0,ok
fetch-20261006T122600Z-dfc47335,v2.1-f4676a0b,2017,bill_primary,public_lands,35.33333333333332,2893.0,0.01221338863924415,113,0,ok
fetch-20261006T122600Z-dfc47335,v2.1-f4676a0b,2017,bill_primary,social_welfare,75.41666666666666,2893.0,0.02606867150593386,113,0,ok
fetch-20261006T122600Z-dfc47335,v2.1-f4676a0b,2017,bill_primary,technology,36.58333333333333,2893.0,0.012645466067519298,113,0,ok
fetch-20261006T122600Z-dfc47335,v2.1-f4676a0b,2017,bill_primary,transitional_justice,4.1,2893.0,0.0014172139647424817,113,0,ok
fetch-20261006T122600Z-dfc47335,v2.1-f4676a0b,2017,bill_primary,transportation,184.50000000000003,2893.0,0.0637746284134117,113,0,ok
fetch-20261006T122600Z-dfc47335,v2.1-f4676a0b,2017,bill_primary,unclassified,537.0,2893.0,0.18562046318700312,113,0,ok
fetch-20261006T122600Z-dfc47335,v2.1-f4676a0b,2017,speech,agriculture,199.50697687678752,10370.0,0.019238859872399955,113,0,ok
fetch-20261006T122600Z-dfc47335,v2.1-f4676a0b,2017,speech,civil_rights,87.05742808749947,10370.0,0.008395123248553469,113,0,ok
fetch-20261006T122600Z-dfc47335,v2.1-f4676a0b,2017,speech,commerce,292.43302793515693,10370.0,0.028199906261828056,113,0,ok
fetch-20261006T122600Z-dfc47335,v2.1-f4676a0b,2017,speech,cross_strait,122.17452100193363,10370.0,0.01178153529430411,113,0,ok
fetch-20261006T122600Z-dfc47335,v2.1-f4676a0b,2017,speech,culture,308.76311392832895,10370.0,0.029774649366280517,113,0,ok
fetch-20261006T122600Z-dfc47335,v2.1-f4676a0b,2017,speech,defense,190.44497191366344,10370.0,0.01836499246997719,113,0,ok
fetch-20261006T122600Z-dfc47335,v2.1-f4676a0b,2017,speech,education,494.97056064329314,10370.0,0.047731008740915445,113,0,ok
fetch-20261006T122600Z-dfc47335,v2.1-f4676a0b,2017,speech,energy,198.5434700375103,10370.0,0.019145946966008708,113,0,ok
fetch-20261006T122600Z-dfc47335,v2.1-f4676a0b,2017,speech,environment,205.58983770472966,10370.0,0.019825442401613276,113,0,ok
fetch-20261006T122600Z-dfc47335,v2.1-f4676a0b,2017,speech,foreign_trade,60.514076398095376,10370.0,0.005835494348900229,113,0,ok
fetch-20261006T122600Z-dfc47335,v2.1-f4676a0b,2017,speech,government,409.2469498319768,10370.0,0.0394645081805185,113,0,ok
fetch-20261006T122600Z-dfc47335,v2.1-f4676a0b,2017,speech,health,378.68816208271284,10370.0,0.036517662688786194,113,0,ok
fetch-20261006T122600Z-dfc47335,v2.1-f4676a0b,2017,speech,housing,107.08120577464416,10370.0,0.010326056487429524,113,0,ok
fetch-20261006T122600Z-dfc47335,v2.1-f4676a0b,2017,speech,immigration,38.362971212446496,10370.0,0.0036994186318656218,113,0,ok
fetch-20261006T122600Z-dfc47335,v2.1-f4676a0b,2017,speech,indigenous,275.6002707348865,10370.0,0.026576689559776906,113,0,ok
fetch-20261006T122600Z-dfc47335,v2.1-f4676a0b,2017,speech,international,152.47973433605583,10370.0,0.01470392809412303,113,0,ok
fetch-20261006T122600Z-dfc47335,v2.1-f4676a0b,2017,speech,labor,440.1653902416838,10370.0,0.042446035703151766,113,0,ok
fetch-20261006T122600Z-dfc47335,v2.1-f4676a0b,2017,speech,law_crime,626.9971643829745,10370.0,0.06046260022979503,113,0,ok
fetch-20261006T122600Z-dfc47335,v2.1-f4676a0b,2017,speech,macroeconomy,246.72980754728076,10370.0,0.023792652608223795,113,0,ok
fetch-20261006T122600Z-dfc47335,v2.1-f4676a0b,2017,speech,public_lands,122.01687019346717,10370.0,0.011766332709109659,113,0,ok
fetch-20261006T122600Z-dfc47335,v2.1-f4676a0b,2017,speech,social_welfare,276.8639854080482,10370.0,0.026698552112637244,113,0,ok
fetch-20261006T122600Z-dfc47335,v2.1-f4676a0b,2017,speech,technology,187.15529141266703,10370.0,0.018047761949148217,113,0,ok
fetch-20261006T122600Z-dfc47335,v2.1-f4676a0b,2017,speech,transitional_justice,84.09608179253837,10370.0,0.008109554656946806,113,0,ok
fetch-20261006T122600Z-dfc47335,v2.1-f4676a0b,2017,speech,transportation,465.1607052710608,10370.0,0.044856384307720425,113,0,ok
fetch-20261006T122600Z-dfc47335,v2.1-f4676a0b,2017,speech,unclassified,4399.357425250558,10370.0,0.4242389031099863,113,0,ok
fetch-20261006T122600Z-dfc47335,v2.1-f4676a0b,2017,written_question,agriculture,19.318256545708234,589.0,0.03279839821003096,113,0,ok
fetch-20261006T122600Z-dfc47335,v2.1-f4676a0b,2017,written_question,civil_rights,6.989951975573598,589.0,0.011867490620668249,113,0,ok
fetch-20261006T122600Z-dfc47335,v2.1-f4676a0b,2017,written_question,commerce,23.080712827275107,589.0,0.03918626965581512,113,0,ok
fetch-20261006T122600Z-dfc47335,v2.1-f4676a0b,2017,written_question,cross_strait,12.5305664134051,589.0,0.0212743063045927,113,0,ok
fetch-20261006T122600Z-dfc47335,v2.1-f4676a0b,2017,written_question,culture,23.13612490241145,589.0,0.039280347881853056,113,0,ok
fetch-20261006T122600Z-dfc47335,v2.1-f4676a0b,2017,written_question,defense,23.31816717991607,589.0,0.03958941796250606,113,0,ok
fetch-20261006T122600Z-dfc47335,v2.1-f4676a0b,2017,written_question,education,35.356938941105895,589.0,0.060028758813422574,113,0,ok
fetch-20261006T122600Z-dfc47335,v2.1-f4676a0b,2017,written_question,energy,15.268128318318789,589.0,0.025922119385940218,113,0,ok
fetch-20261006T122600Z-dfc47335,v2.1-f4676a0b,2017,written_question,environment,18.540943544759333,589.0,0.03147868173982909,113,0,ok
fetch-20261006T122600Z-dfc47335,v2.1-f4676a0b,2017,written_question,foreign_trade,13.797473401019579,589.0,0.023425251954192833,113,0,ok
fetch-20261006T122600Z-dfc47335,v2.1-f4676a0b,2017,written_question,government,18.998946886446884,589.0,0.03225627654744802,113,0,ok
fetch-20261006T122600Z-dfc47335,v2.1-f4676a0b,2017,written_question,health,26.900322372405878,589.0,0.045671175504933575,113,0,ok
fetch-20261006T122600Z-dfc47335,v2.1-f4676a0b,2017,written_question,housing,8.390473534033282,589.0,0.014245286135879935,113,0,ok
fetch-20261006T122600Z-dfc47335,v2.1-f4676a0b,2017,written_question,immigration,4.329178623414432,589.0,0.007350048596628917,113,0,ok
fetch-20261006T122600Z-dfc47335,v2.1-f4676a0b,2017,written_question,indigenous,14.482804835523416,589.0,0.02458880277677999,113,0,ok
fetch-20261006T122600Z-dfc47335,v2.1-f4676a0b,2017,written_question,international,17.217515418006858,589.0,0.02923177490323745,113,0,ok
fetch-20261006T122600Z-dfc47335,v2.1-f4676a0b,2017,written_question,labor,25.142722531872714,589.0,0.04268713502864637,113,0,ok
fetch-20261006T122600Z-dfc47335,v2.1-f4676a0b,2017,written_question,law_crime,34.90946275946276,589.0,0.05926903694306072,113,0,ok
fetch-20261006T122600Z-dfc47335,v2.1-f4676a0b,2017,written_question,macroeconomy,29.939940393363003,589.0,0.05083181730621902,113,0,ok
fetch-20261006T122600Z-dfc47335,v2.1-f4676a0b,2017,written_question,public_lands,13.548670643840417,589.0,0.02300283640719935,113,0,ok
fetch-20261006T122600Z-dfc47335,v2.1-f4676a0b,2017,written_question,social_welfare,24.40021286565431,589.0,0.04142650741197676,113,0,ok
fetch-20261006T122600Z-dfc47335,v2.1-f4676a0b,2017,written_question,technology,27.64478275917174,589.0,0.04693511504103861,113,0,ok
fetch-20261006T122600Z-dfc47335,v2.1-f4676a0b,2017,written_question,transitional_justice,2.727462086891535,589.0,0.0046306656823285825,113,0,ok
fetch-20261006T122600Z-dfc47335,v2.1-f4676a0b,2017,written_question,transportation,60.00587425334848,589.0,0.10187754542164427,113,0,ok
fetch-20261006T122600Z-dfc47335,v2.1-f4676a0b,2017,written_question,unclassified,89.0243659870711,589.0,0.15114493376412752,113,0,ok
fetch-20261006T122600Z-dfc47335,v2.1-f4676a0b,2018,bill_cosign,agriculture,416.0,17264.0,0.024096385542168676,117,0,ok
fetch-20261006T122600Z-dfc47335,v2.1-f4676a0b,2018,bill_cosign,civil_rights,898.9166666666673,17264.0,0.05206885233240659,117,0,ok
fetch-20261006T122600Z-dfc47335,v2.1-f4676a0b,2018,bill_cosign,commerce,839.0,17264.0,0.0485982391102873,117,0,ok
fetch-20261006T122600Z-dfc47335,v2.1-f4676a0b,2018,bill_cosign,cross_strait,8.0,17264.0,0.0004633920296570899,117,0,ok
fetch-20261006T122600Z-dfc47335,v2.1-f4676a0b,2018,bill_cosign,culture,486.08333333333314,17264.0,0.02815589280197713,117,0,ok
fetch-20261006T122600Z-dfc47335,v2.1-f4676a0b,2018,bill_cosign,defense,373.4166666666666,17264.0,0.02162978838430645,117,0,ok
fetch-20261006T122600Z-dfc47335,v2.1-f4676a0b,2018,bill_cosign,education,1384.5833333333328,17264.0,0.08020061013283902,117,0,ok
fetch-20261006T122600Z-dfc47335,v2.1-f4676a0b,2018,bill_cosign,energy,318.0,17264.0,0.018419833178869322,117,0,ok
fetch-20261006T122600Z-dfc47335,v2.1-f4676a0b,2018,bill_cosign,environment,452.6666666666664,17264.0,0.026220265678096988,117,0,ok
fetch-20261006T122600Z-dfc47335,v2.1-f4676a0b,2018,bill_cosign,foreign_trade,72.00000000000001,17264.0,0.00417052826691381,117,0,ok
fetch-20261006T122600Z-dfc47335,v2.1-f4676a0b,2018,bill_cosign,government,975.7500000000002,17264.0,0.056519346617238196,117,0,ok
fetch-20261006T122600Z-dfc47335,v2.1-f4676a0b,2018,bill_cosign,health,935.166666666667,17264.0,0.05416859746679026,117,0,ok
fetch-20261006T122600Z-dfc47335,v2.1-f4676a0b,2018,bill_cosign,housing,93.75,17264.0,0.0054303753475440225,117,0,ok
fetch-20261006T122600Z-dfc47335,v2.1-f4676a0b,2018,bill_cosign,immigration,223.50000000000009,17264.0,0.012946014828544954,117,0,ok
fetch-20261006T122600Z-dfc47335,v2.1-f4676a0b,2018,bill_cosign,indigenous,203.33333333333334,17264.0,0.01177788075378437,117,0,ok
fetch-20261006T122600Z-dfc47335,v2.1-f4676a0b,2018,bill_cosign,international,139.4166666666666,17264.0,0.008075571516836574,117,0,ok
fetch-20261006T122600Z-dfc47335,v2.1-f4676a0b,2018,bill_cosign,labor,1160.2500000000002,17264.0,0.06720632530120484,117,0,ok
fetch-20261006T122600Z-dfc47335,v2.1-f4676a0b,2018,bill_cosign,law_crime,2067.8333333333326,17264.0,0.11977718566573983,117,0,ok
fetch-20261006T122600Z-dfc47335,v2.1-f4676a0b,2018,bill_cosign,macroeconomy,606.0833333333333,17264.0,0.035106773246833485,117,0,ok
fetch-20261006T122600Z-dfc47335,v2.1-f4676a0b,2018,bill_cosign,public_lands,285.3333333333334,17264.0,0.016527649057769545,117,0,ok
fetch-20261006T122600Z-dfc47335,v2.1-f4676a0b,2018,bill_cosign,social_welfare,582.9166666666667,17264.0,0.033764867160951506,117,0,ok
fetch-20261006T122600Z-dfc47335,v2.1-f4676a0b,2018,bill_cosign,technology,470.33333333333326,17264.0,0.02724358974358974,117,0,ok
fetch-20261006T122600Z-dfc47335,v2.1-f4676a0b,2018,bill_cosign,transitional_justice,142.16666666666666,17264.0,0.0082348625270312,117,0,ok
fetch-20261006T122600Z-dfc47335,v2.1-f4676a0b,2018,bill_cosign,transportation,739.5000000000002,17264.0,0.04283480074142726,117,0,ok
fetch-20261006T122600Z-dfc47335,v2.1-f4676a0b,2018,bill_cosign,unclassified,3390.0,17264.0,0.19636237256719186,117,0,ok
fetch-20261006T122600Z-dfc47335,v2.1-f4676a0b,2018,bill_primary,agriculture,63.66666666666667,2212.0,0.028782399035563594,117,0,ok
fetch-20261006T122600Z-dfc47335,v2.1-f4676a0b,2018,bill_primary,civil_rights,138.49999999999997,2212.0,0.06261301989150089,117,0,ok
fetch-20261006T122600Z-dfc47335,v2.1-f4676a0b,2018,bill_primary,commerce,76.16666666666667,2212.0,0.0344333936106088,117,0,ok
fetch-20261006T122600Z-dfc47335,v2.1-f4676a0b,2018,bill_primary,cross_strait,0.5,2212.0,0.0002260397830018083,117,0,ok
fetch-20261006T122600Z-dfc47335,v2.1-f4676a0b,2018,bill_primary,culture,53.083333333333336,2212.0,0.02399789029535865,117,0,ok
fetch-20261006T122600Z-dfc47335,v2.1-f4676a0b,2018,bill_primary,defense,58.833333333333336,2212.0,0.026597347799879448,117,0,ok
fetch-20261006T122600Z-dfc47335,v2.1-f4676a0b,2018,bill_primary,education,194.75000000000003,2212.0,0.08804249547920436,117,0,ok
fetch-20261006T122600Z-dfc47335,v2.1-f4676a0b,2018,bill_primary,energy,31.0,2212.0,0.014014466546112115,117,0,ok
fetch-20261006T122600Z-dfc47335,v2.1-f4676a0b,2018,bill_primary,environment,52.500000000000014,2212.0,0.02373417721518988,117,0,ok
fetch-20261006T122600Z-dfc47335,v2.1-f4676a0b,2018,bill_primary,foreign_trade,9.833333333333332,2212.0,0.00444544906570223,117,0,ok
fetch-20261006T122600Z-dfc47335,v2.1-f4676a0b,2018,bill_primary,government,119.0833333333333,2212.0,0.053835141651597335,117,0,ok
fetch-20261006T122600Z-dfc47335,v2.1-f4676a0b,2018,bill_primary,health,111.41666666666667,2212.0,0.05036919831223629,117,0,ok
fetch-20261006T122600Z-dfc47335,v2.1-f4676a0b,2018,bill_primary,housing,10.25,2212.0,0.004633815551537071,117,0,ok
fetch-20261006T122600Z-dfc47335,v2.1-f4676a0b,2018,bill_primary,immigration,31.416666666666664,2212.0,0.014202833031946955,117,0,ok
fetch-20261006T122600Z-dfc47335,v2.1-f4676a0b,2018,bill_primary,indigenous,24.166666666666664,2212.0,0.010925256178420734,117,0,ok
fetch-20261006T122600Z-dfc47335,v2.1-f4676a0b,2018,bill_primary,international,24.999999999999993,2212.0,0.011301989150090412,117,0,ok
fetch-20261006T122600Z-dfc47335,v2.1-f4676a0b,2018,bill_primary,labor,153.49999999999994,2212.0,0.06939421338155513,117,0,ok
fetch-20261006T122600Z-dfc47335,v2.1-f4676a0b,2018,bill_primary,law_crime,270.83333333333337,2212.0,0.12243821579264619,117,0,ok
fetch-20261006T122600Z-dfc47335,v2.1-f4676a0b,2018,bill_primary,macroeconomy,80.16666666666667,2212.0,0.03624171187462327,117,0,ok
fetch-20261006T122600Z-dfc47335,v2.1-f4676a0b,2018,bill_primary,public_lands,37.333333333333336,2212.0,0.01687763713080169,117,0,ok
fetch-20261006T122600Z-dfc47335,v2.1-f4676a0b,2018,bill_primary,social_welfare,100.16666666666664,2212.0,0.04528330319469559,117,0,ok
fetch-20261006T122600Z-dfc47335,v2.1-f4676a0b,2018,bill_primary,technology,52.0,2212.0,0.023508137432188065,117,0,ok
fetch-20261006T122600Z-dfc47335,v2.1-f4676a0b,2018,bill_primary,transitional_justice,12.0,2212.0,0.0054249547920434,117,0,ok
fetch-20261006T122600Z-dfc47335,v2.1-f4676a0b,2018,bill_primary,transportation,99.83333333333333,2212.0,0.045132610006027724,117,0,ok
fetch-20261006T122600Z-dfc47335,v2.1-f4676a0b,2018,bill_primary,unclassified,406.0,2212.0,0.18354430379746836,117,0,ok
fetch-20261006T122600Z-dfc47335,v2.1-f4676a0b,2018,speech,agriculture,181.54789478365527,8316.0,0.021831156178890726,117,0,ok
fetch-20261006T122600Z-dfc47335,v2.1-f4676a0b,2018,speech,civil_rights,83.07731806290215,8316.0,0.00999005748712147,117,0,ok
fetch-20261006T122600Z-dfc47335,v2.1-f4676a0b,2018,speech,commerce,311.2301651410006,8316.0,0.03742546478367011,117,0,ok
fetch-20261006T122600Z-dfc47335,v2.1-f4676a0b,2018,speech,cross_strait,72.00375375266289,8316.0,0.008658460047217759,117,0,ok
fetch-20261006T122600Z-dfc47335,v2.1-f4676a0b,2018,speech,culture,236.5752703003464,8316.0,0.028448204701821356,117,0,ok
fetch-20261006T122600Z-dfc47335,v2.1-f4676a0b,2018,speech,defense,271.8193743573059,8316.0,0.03268631245277848,117,0,ok
fetch-20261006T122600Z-dfc47335,v2.1-f4676a0b,2018,speech,education,433.14171835162114,8316.0,0.052085343717126156,117,0,ok
fetch-20261006T122600Z-dfc47335,v2.1-f4676a0b,2018,speech,energy,264.00769654893384,8316.0,0.03174695725696655,117,0,ok
fetch-20261006T122600Z-dfc47335,v2.1-f4676a0b,2018,speech,environment,229.34260746979052,8316.0,0.027578476126718435,117,0,ok
fetch-20261006T122600Z-dfc47335,v2.1-f4676a0b,2018,speech,foreign_trade,50.60719564220452,8316.0,0.006085521361496455,117,0,ok
fetch-20261006T122600Z-dfc47335,v2.1-f4676a0b,2018,speech,government,326.38373362021684,8316.0,0.03924768321551429,117,0,ok
fetch-20261006T122600Z-dfc47335,v2.1-f4676a0b,2018,speech,health,274.9084031276108,8316.0,0.03305776853386373,117,0,ok
fetch-20261006T122600Z-dfc47335,v2.1-f4676a0b,2018,speech,housing,81.46838212400414,8316.0,0.009796582746994244,117,0,ok
fetch-20261006T122600Z-dfc47335,v2.1-f4676a0b,2018,speech,immigration,32.29991996127113,8316.0,0.003884069259412113,117,0,ok
fetch-20261006T122600Z-dfc47335,v2.1-f4676a0b,2018,speech,indigenous,246.55387980227027,8316.0,0.029648133694356694,117,0,ok
fetch-20261006T122600Z-dfc47335,v2.1-f4676a0b,2018,speech,international,108.6246678328473,8316.0,0.013062129369029256,117,0,ok
fetch-20261006T122600Z-dfc47335,v2.1-f4676a0b,2018,speech,labor,238.8528405282979,8316.0,0.02872208279561062,117,0,ok
fetch-20261006T122600Z-dfc47335,v2.1-f4676a0b,2018,speech,law_crime,536.2059985394158,8316.0,0.06447883580320055,117,0,ok
fetch-20261006T122600Z-dfc47335,v2.1-f4676a0b,2018,speech,macroeconomy,128.028731692872,8316.0,0.015395470381538238,117,0,ok
fetch-20261006T122600Z-dfc47335,v2.1-f4676a0b,2018,speech,public_lands,107.78258784182631,8316.0,0.012960869148848763,117,0,ok
fetch-20261006T122600Z-dfc47335,v2.1-f4676a0b,2018,speech,social_welfare,146.42422529902464,8316.0,0.017607530699738413,117,0,ok
fetch-20261006T122600Z-dfc47335,v2.1-f4676a0b,2018,speech,technology,179.7417183613591,8316.0,0.021613963246916678,117,0,ok
fetch-20261006T122600Z-dfc47335,v2.1-f4676a0b,2018,speech,transitional_justice,45.34523519815872,8316.0,0.0054527699853485715,117,0,ok
fetch-20261006T122600Z-dfc47335,v2.1-f4676a0b,2018,speech,transportation,292.92170443054835,8316.0,0.03522387018164362,117,0,ok
fetch-20261006T122600Z-dfc47335,v2.1-f4676a0b,2018,speech,unclassified,3437.104977229853,8316.0,0.41331228682417664,117,0,ok
fetch-20261006T122600Z-dfc47335,v2.1-f4676a0b,2018,written_question,agriculture,0.0,11.0,0.0,117,0,ok
fetch-20261006T122600Z-dfc47335,v2.1-f4676a0b,2018,written_question,civil_rights,0.0,11.0,0.0,117,0,ok
fetch-20261006T122600Z-dfc47335,v2.1-f4676a0b,2018,written_question,commerce,0.45,11.0,0.04090909090909091,117,0,ok
fetch-20261006T122600Z-dfc47335,v2.1-f4676a0b,2018,written_question,cross_strait,0.75,11.0,0.06818181818181818,117,0,ok
fetch-20261006T122600Z-dfc47335,v2.1-f4676a0b,2018,written_question,culture,0.5,11.0,0.045454545454545456,117,0,ok
fetch-20261006T122600Z-dfc47335,v2.1-f4676a0b,2018,written_question,defense,1.0,11.0,0.09090909090909091,117,0,ok
fetch-20261006T122600Z-dfc47335,v2.1-f4676a0b,2018,written_question,education,1.7,11.0,0.15454545454545454,117,0,ok
fetch-20261006T122600Z-dfc47335,v2.1-f4676a0b,2018,written_question,energy,0.0,11.0,0.0,117,0,ok
fetch-20261006T122600Z-dfc47335,v2.1-f4676a0b,2018,written_question,environment,0.0,11.0,0.0,117,0,ok
fetch-20261006T122600Z-dfc47335,v2.1-f4676a0b,2018,written_question,foreign_trade,0.0,11.0,0.0,117,0,ok
fetch-20261006T122600Z-dfc47335,v2.1-f4676a0b,2018,written_question,government,0.0,11.0,0.0,117,0,ok
fetch-20261006T122600Z-dfc47335,v2.1-f4676a0b,2018,written_question,health,1.2,11.0,0.10909090909090909,117,0,ok
fetch-20261006T122600Z-dfc47335,v2.1-f4676a0b,2018,written_question,housing,0.0,11.0,0.0,117,0,ok
fetch-20261006T122600Z-dfc47335,v2.1-f4676a0b,2018,written_question,immigration,0.0,11.0,0.0,117,0,ok
fetch-20261006T122600Z-dfc47335,v2.1-f4676a0b,2018,written_question,indigenous,0.0,11.0,0.0,117,0,ok
fetch-20261006T122600Z-dfc47335,v2.1-f4676a0b,2018,written_question,international,0.25,11.0,0.022727272727272728,117,0,ok
fetch-20261006T122600Z-dfc47335,v2.1-f4676a0b,2018,written_question,labor,0.0,11.0,0.0,117,0,ok
fetch-20261006T122600Z-dfc47335,v2.1-f4676a0b,2018,written_question,law_crime,0.2,11.0,0.018181818181818184,117,0,ok
fetch-20261006T122600Z-dfc47335,v2.1-f4676a0b,2018,written_question,macroeconomy,0.0,11.0,0.0,117,0,ok
fetch-20261006T122600Z-dfc47335,v2.1-f4676a0b,2018,written_question,public_lands,0.0,11.0,0.0,117,0,ok
fetch-20261006T122600Z-dfc47335,v2.1-f4676a0b,2018,written_question,social_welfare,0.5,11.0,0.045454545454545456,117,0,ok
fetch-20261006T122600Z-dfc47335,v2.1-f4676a0b,2018,written_question,technology,0.2,11.0,0.018181818181818184,117,0,ok
fetch-20261006T122600Z-dfc47335,v2.1-f4676a0b,2018,written_question,transitional_justice,0.0,11.0,0.0,117,0,ok
fetch-20261006T122600Z-dfc47335,v2.1-f4676a0b,2018,written_question,transportation,0.25,11.0,0.022727272727272728,117,0,ok
fetch-20261006T122600Z-dfc47335,v2.1-f4676a0b,2018,written_question,unclassified,4.0,11.0,0.36363636363636365,117,0,ok
fetch-20261006T122600Z-dfc47335,v2.1-f4676a0b,2019,bill_cosign,agriculture,434.4999999999999,16252.0,0.02673517105587004,114,0,ok
fetch-20261006T122600Z-dfc47335,v2.1-f4676a0b,2019,bill_cosign,civil_rights,587.5833333333334,16252.0,0.03615452457133481,114,0,ok
fetch-20261006T122600Z-dfc47335,v2.1-f4676a0b,2019,bill_cosign,commerce,329.16666666666663,16252.0,0.020253917466568214,114,0,ok
fetch-20261006T122600Z-dfc47335,v2.1-f4676a0b,2019,bill_cosign,cross_strait,28.0,16252.0,0.0017228648781688408,114,0,ok
fetch-20261006T122600Z-dfc47335,v2.1-f4676a0b,2019,bill_cosign,culture,636.5833333333335,16252.0,0.03916953810813029,114,0,ok
fetch-20261006T122600Z-dfc47335,v2.1-f4676a0b,2019,bill_cosign,defense,435.24999999999983,16252.0,0.02678131922224956,114,0,ok
fetch-20261006T122600Z-dfc47335,v2.1-f4676a0b,2019,bill_cosign,education,800.2500000000003,16252.0,0.04924009352695055,114,0,ok
fetch-20261006T122600Z-dfc47335,v2.1-f4676a0b,2019,bill_cosign,energy,103.3333333333333,16252.0,0.006358191812289768,114,0,ok
fetch-20261006T122600Z-dfc47335,v2.1-f4676a0b,2019,bill_cosign,environment,371.83333333333303,16252.0,0.022879235376158814,114,0,ok
fetch-20261006T122600Z-dfc47335,v2.1-f4676a0b,2019,bill_cosign,foreign_trade,174.0,16252.0,0.010706374600049225,114,0,ok
fetch-20261006T122600Z-dfc47335,v2.1-f4676a0b,2019,bill_cosign,government,1069.0,16252.0,0.0657765198129461,114,0,ok
fetch-20261006T122600Z-dfc47335,v2.1-f4676a0b,2019,bill_cosign,health,1028.0000000000005,16252.0,0.06325375338419889,114,0,ok
fetch-20261006T122600Z-dfc47335,v2.1-f4676a0b,2019,bill_cosign,housing,111.66666666666664,16252.0,0.006870949216506685,114,0,ok
fetch-20261006T122600Z-dfc47335,v2.1-f4676a0b,2019,bill_cosign,immigration,194.5,16252.0,0.01196775781442284,114,0,ok
fetch-20261006T122600Z-dfc47335,v2.1-f4676a0b,2019,bill_cosign,indigenous,387.5833333333332,16252.0,0.023848346870128795,114,0,ok
fetch-20261006T122600Z-dfc47335,v2.1-f4676a0b,2019,bill_cosign,international,25.0,16252.0,0.0015382722126507508,114,0,ok
fetch-20261006T122600Z-dfc47335,v2.1-f4676a0b,2019,bill_cosign,labor,1272.4166666666667,16252.0,0.07829292804988104,114,0,ok
fetch-20261006T122600Z-dfc47335,v2.1-f4676a0b,2019,bill_cosign,law_crime,1795.249999999999,16252.0,0.11046332759045036,114,0,ok
fetch-20261006T122600Z-dfc47335,v2.1-f4676a0b,2019,bill_cosign,macroeconomy,621.1666666666665,16252.0,0.038220936910328976,114,0,ok
fetch-20261006T122600Z-dfc47335,v2.1-f4676a0b,2019,bill_cosign,public_lands,105.99999999999999,16252.0,0.006522274181639182,114,0,ok
fetch-20261006T122600Z-dfc47335,v2.1-f4676a0b,2019,bill_cosign,social_welfare,687.6666666666663,16252.0,0.04231274099597996,114,0,ok
fetch-20261006T122600Z-dfc47335,v2.1-f4676a0b,2019,bill_cosign,technology,380.25,16252.0,0.02339712035441792,114,0,ok
fetch-20261006T122600Z-dfc47335,v2.1-f4676a0b,2019,bill_cosign,transitional_justice,20.666666666666668,16252.0,0.001271638362457954,114,0,ok
fetch-20261006T122600Z-dfc47335,v2.1-f4676a0b,2019,bill_cosign,transportation,1302.3333333333328,16252.0,0.08013372713101974,114,0,ok
fetch-20261006T122600Z-dfc47335,v2.1-f4676a0b,2019,bill_cosign,unclassified,3350.0,16252.0,0.20612847649520058,114,0,ok
fetch-20261006T122600Z-dfc47335,v2.1-f4676a0b,2019,bill_primary,agriculture,69.33333333333334,2127.0,0.032596771665883095,114,0,ok
fetch-20261006T122600Z-dfc47335,v2.1-f4676a0b,2019,bill_primary,civil_rights,76.91666666666664,2127.0,0.03616204356683904,114,0,ok
fetch-20261006T122600Z-dfc47335,v2.1-f4676a0b,2019,bill_primary,commerce,33.66666666666666,2127.0,0.015828240087760535,114,0,ok
fetch-20261006T122600Z-dfc47335,v2.1-f4676a0b,2019,bill_primary,cross_strait,4.0,2127.0,0.0018805829807240243,114,0,ok
fetch-20261006T122600Z-dfc47335,v2.1-f4676a0b,2019,bill_primary,culture,65.41666666666667,2127.0,0.030755367497257484,114,0,ok
fetch-20261006T122600Z-dfc47335,v2.1-f4676a0b,2019,bill_primary,defense,48.41666666666667,2127.0,0.022762889829180382,114,0,ok
fetch-20261006T122600Z-dfc47335,v2.1-f4676a0b,2019,bill_primary,education,111.08333333333333,2127.0,0.05222535652719009,114,0,ok
fetch-20261006T122600Z-dfc47335,v2.1-f4676a0b,2019,bill_primary,energy,19.666666666666664,2127.0,0.009246199655226453,114,0,ok
fetch-20261006T122600Z-dfc47335,v2.1-f4676a0b,2019,bill_primary,environment,51.833333333333336,2127.0,0.024369221125215484,114,0,ok
fetch-20261006T122600Z-dfc47335,v2.1-f4676a0b,2019,bill_primary,foreign_trade,30.0,2127.0,0.014104372355430184,114,0,ok
fetch-20261006T122600Z-dfc47335,v2.1-f4676a0b,2019,bill_primary,government,126.3333333333333,2127.0,0.05939507914120042,114,0,ok
fetch-20261006T122600Z-dfc47335,v2.1-f4676a0b,2019,bill_primary,health,128.08333333333331,2127.0,0.06021783419526719,114,0,ok
fetch-20261006T122600Z-dfc47335,v2.1-f4676a0b,2019,bill_primary,housing,16.666666666666664,2127.0,0.007835762419683433,114,0,ok
fetch-20261006T122600Z-dfc47335,v2.1-f4676a0b,2019,bill_primary,immigration,25.25,2127.0,0.011871180065820405,114,0,ok
fetch-20261006T122600Z-dfc47335,v2.1-f4676a0b,2019,bill_primary,indigenous,36.416666666666664,2127.0,0.017121140887008304,114,0,ok
fetch-20261006T122600Z-dfc47335,v2.1-f4676a0b,2019,bill_primary,international,4.75,2127.0,0.002233192289609779,114,0,ok
fetch-20261006T122600Z-dfc47335,v2.1-f4676a0b,2019,bill_primary,labor,204.0833333333334,2127.0,0.0959489108290237,114,0,ok
fetch-20261006T122600Z-dfc47335,v2.1-f4676a0b,2019,bill_primary,law_crime,201.16666666666677,2127.0,0.09457765240557911,114,0,ok
fetch-20261006T122600Z-dfc47335,v2.1-f4676a0b,2019,bill_primary,macroeconomy,84.08333333333333,2127.0,0.03953142140730293,114,0,ok
fetch-20261006T122600Z-dfc47335,v2.1-f4676a0b,2019,bill_primary,public_lands,9.333333333333334,2127.0,0.004388026955022724,114,0,ok
fetch-20261006T122600Z-dfc47335,v2.1-f4676a0b,2019,bill_primary,social_welfare,122.41666666666663,2127.0,0.05755367497257481,114,0,ok
fetch-20261006T122600Z-dfc47335,v2.1-f4676a0b,2019,bill_primary,technology,47.916666666666664,2127.0,0.022527816956589876,114,0,ok
fetch-20261006T122600Z-dfc47335,v2.1-f4676a0b,2019,bill_primary,transitional_justice,2.666666666666667,2127.0,0.0012537219871493499,114,0,ok
fetch-20261006T122600Z-dfc47335,v2.1-f4676a0b,2019,bill_primary,transportation,182.50000000000006,2127.0,0.08580159849553365,114,0,ok
fetch-20261006T122600Z-dfc47335,v2.1-f4676a0b,2019,bill_primary,unclassified,425.0,2127.0,0.1998119417019276,114,0,ok
fetch-20261006T122600Z-dfc47335,v2.1-f4676a0b,2019,speech,agriculture,149.12817513534188,6711.0,0.022221453603835775,114,0,ok
fetch-20261006T122600Z-dfc47335,v2.1-f4676a0b,2019,speech,civil_rights,103.83302741621443,6711.0,0.01547206488097369,114,0,ok
fetch-20261006T122600Z-dfc47335,v2.1-f4676a0b,2019,speech,commerce,187.04301389088056,6711.0,0.027871109207402853,114,0,ok
fetch-20261006T122600Z-dfc47335,v2.1-f4676a0b,2019,speech,cross_strait,100.80037892438092,6711.0,0.015020172690266865,114,0,ok
fetch-20261006T122600Z-dfc47335,v2.1-f4676a0b,2019,speech,culture,142.64060714462778,6711.0,0.02125474700411679,114,0,ok
fetch-20261006T122600Z-dfc47335,v2.1-f4676a0b,2019,speech,defense,158.34046713939202,6711.0,0.02359416884806914,114,0,ok
fetch-20261006T122600Z-dfc47335,v2.1-f4676a0b,2019,speech,education,254.1092333125854,6711.0,0.03786458550329092,114,0,ok
fetch-20261006T122600Z-dfc47335,v2.1-f4676a0b,2019,speech,energy,93.56201502202211,6711.0,0.013941590675312488,114,0,ok
fetch-20261006T122600Z-dfc47335,v2.1-f4676a0b,2019,speech,environment,102.09141734241321,6711.0,0.015212549149517689,114,0,ok
fetch-20261006T122600Z-dfc47335,v2.1-f4676a0b,2019,speech,foreign_trade,65.00585925189857,6711.0,0.00968646390283096,114,0,ok
fetch-20261006T122600Z-dfc47335,v2.1-f4676a0b,2019,speech,government,292.48494886194396,6711.0,0.04358291593830189,114,0,ok
fetch-20261006T122600Z-dfc47335,v2.1-f4676a0b,2019,speech,health,247.31275099324876,6711.0,0.03685184786071357,114,0,ok
fetch-20261006T122600Z-dfc47335,v2.1-f4676a0b,2019,speech,housing,33.44075896284921,6711.0,0.004982977047064403,114,0,ok
fetch-20261006T122600Z-dfc47335,v2.1-f4676a0b,2019,speech,immigration,26.45840121224119,6711.0,0.003942542275702755,114,0,ok
fetch-20261006T122600Z-dfc47335,v2.1-f4676a0b,2019,speech,indigenous,138.62803753539714,6711.0,0.020656837659871426,114,0,ok
fetch-20261006T122600Z-dfc47335,v2.1-f4676a0b,2019,speech,international,83.42007205220594,6711.0,0.012430348987066896,114,0,ok
fetch-20261006T122600Z-dfc47335,v2.1-f4676a0b,2019,speech,labor,201.62975594225807,6711.0,0.030044666360044416,114,0,ok
fetch-20261006T122600Z-dfc47335,v2.1-f4676a0b,2019,speech,law_crime,567.4871265418711,6711.0,0.08456074005988246,114,0,ok
fetch-20261006T122600Z-dfc47335,v2.1-f4676a0b,2019,speech,macroeconomy,115.90462826560525,6711.0,0.017270843133006298,114,0,ok
fetch-20261006T122600Z-dfc47335,v2.1-f4676a0b,2019,speech,public_lands,71.03918436747232,6711.0,0.010585484185288678,114,0,ok
fetch-20261006T122600Z-dfc47335,v2.1-f4676a0b,2019,speech,social_welfare,117.32125770976151,6711.0,0.017481933796716066,114,0,ok
fetch-20261006T122600Z-dfc47335,v2.1-f4676a0b,2019,speech,technology,155.54088832626394,6711.0,0.023177006157988966,114,0,ok
fetch-20261006T122600Z-dfc47335,v2.1-f4676a0b,2019,speech,transitional_justice,46.764548275244806,6711.0,0.006968342761919953,114,0,ok
fetch-20261006T122600Z-dfc47335,v2.1-f4676a0b,2019,speech,transportation,333.43899256799483,6711.0,0.04968544070451421,114,0,ok
fetch-20261006T122600Z-dfc47335,v2.1-f4676a0b,2019,speech,unclassified,2923.5744538058843,6711.0,0.4356391676063007,114,0,ok
fetch-20261006T122600Z-dfc47335,v2.1-f4676a0b,2019,written_question,agriculture,0.0,3.0,0.0,114,0,ok
fetch-20261006T122600Z-dfc47335,v2.1-f4676a0b,2019,written_question,civil_rights,0.0,3.0,0.0,114,0,ok
fetch-20261006T122600Z-dfc47335,v2.1-f4676a0b,2019,written_question,commerce,0.0,3.0,0.0,114,0,ok
fetch-20261006T122600Z-dfc47335,v2.1-f4676a0b,2019,written_question,cross_strait,0.0,3.0,0.0,114,0,ok
fetch-20261006T122600Z-dfc47335,v2.1-f4676a0b,2019,written_question,culture,0.0,3.0,0.0,114,0,ok
fetch-20261006T122600Z-dfc47335,v2.1-f4676a0b,2019,written_question,defense,0.3333333333333333,3.0,0.1111111111111111,114,0,ok
fetch-20261006T122600Z-dfc47335,v2.1-f4676a0b,2019,written_question,education,0.6666666666666666,3.0,0.2222222222222222,114,0,ok
fetch-20261006T122600Z-dfc47335,v2.1-f4676a0b,2019,written_question,energy,1.0,3.0,0.3333333333333333,114,0,ok
fetch-20261006T122600Z-dfc47335,v2.1-f4676a0b,2019,written_question,environment,0.0,3.0,0.0,114,0,ok
fetch-20261006T122600Z-dfc47335,v2.1-f4676a0b,2019,written_question,foreign_trade,0.0,3.0,0.0,114,0,ok
fetch-20261006T122600Z-dfc47335,v2.1-f4676a0b,2019,written_question,government,0.0,3.0,0.0,114,0,ok
fetch-20261006T122600Z-dfc47335,v2.1-f4676a0b,2019,written_question,health,0.3333333333333333,3.0,0.1111111111111111,114,0,ok
fetch-20261006T122600Z-dfc47335,v2.1-f4676a0b,2019,written_question,housing,0.0,3.0,0.0,114,0,ok
fetch-20261006T122600Z-dfc47335,v2.1-f4676a0b,2019,written_question,immigration,0.0,3.0,0.0,114,0,ok
fetch-20261006T122600Z-dfc47335,v2.1-f4676a0b,2019,written_question,indigenous,0.0,3.0,0.0,114,0,ok
fetch-20261006T122600Z-dfc47335,v2.1-f4676a0b,2019,written_question,international,0.0,3.0,0.0,114,0,ok
fetch-20261006T122600Z-dfc47335,v2.1-f4676a0b,2019,written_question,labor,0.0,3.0,0.0,114,0,ok
fetch-20261006T122600Z-dfc47335,v2.1-f4676a0b,2019,written_question,law_crime,0.0,3.0,0.0,114,0,ok
fetch-20261006T122600Z-dfc47335,v2.1-f4676a0b,2019,written_question,macroeconomy,0.3333333333333333,3.0,0.1111111111111111,114,0,ok
fetch-20261006T122600Z-dfc47335,v2.1-f4676a0b,2019,written_question,public_lands,0.0,3.0,0.0,114,0,ok
fetch-20261006T122600Z-dfc47335,v2.1-f4676a0b,2019,written_question,social_welfare,0.0,3.0,0.0,114,0,ok
fetch-20261006T122600Z-dfc47335,v2.1-f4676a0b,2019,written_question,technology,0.3333333333333333,3.0,0.1111111111111111,114,0,ok
fetch-20261006T122600Z-dfc47335,v2.1-f4676a0b,2019,written_question,transitional_justice,0.0,3.0,0.0,114,0,ok
fetch-20261006T122600Z-dfc47335,v2.1-f4676a0b,2019,written_question,transportation,0.0,3.0,0.0,114,0,ok
fetch-20261006T122600Z-dfc47335,v2.1-f4676a0b,2019,written_question,unclassified,0.0,3.0,0.0,114,0,ok
fetch-20261006T122600Z-dfc47335,v2.1-f4676a0b,2020,bill_cosign,agriculture,787.3166666666668,28142.0,0.02797657119844598,113,0,ok
fetch-20261006T122600Z-dfc47335,v2.1-f4676a0b,2020,bill_cosign,civil_rights,922.833333333333,28142.0,0.03279203089095775,113,0,ok
fetch-20261006T122600Z-dfc47335,v2.1-f4676a0b,2020,bill_cosign,commerce,589.8166666666668,28142.0,0.020958590955392896,113,0,ok
fetch-20261006T122600Z-dfc47335,v2.1-f4676a0b,2020,bill_cosign,cross_strait,53.166666666666664,28142.0,0.001889228436737498,113,0,ok
fetch-20261006T122600Z-dfc47335,v2.1-f4676a0b,2020,bill_cosign,culture,824.9166666666666,28142.0,0.029312652500414562,113,0,ok
fetch-20261006T122600Z-dfc47335,v2.1-f4676a0b,2020,bill_cosign,defense,661.5833333333333,28142.0,0.023508753227678675,113,0,ok
fetch-20261006T122600Z-dfc47335,v2.1-f4676a0b,2020,bill_cosign,education,1727.0999999999995,28142.0,0.061370904697604985,113,0,ok
fetch-20261006T122600Z-dfc47335,v2.1-f4676a0b,2020,bill_cosign,energy,221.50000000000006,28142.0,0.007870798095373464,113,0,ok
fetch-20261006T122600Z-dfc47335,v2.1-f4676a0b,2020,bill_cosign,environment,454.4166666666664,28142.0,0.016147276905218763,113,0,ok
fetch-20261006T122600Z-dfc47335,v2.1-f4676a0b,2020,bill_cosign,foreign_trade,313.75000000000006,28142.0,0.011148816715229907,113,0,ok
fetch-20261006T122600Z-dfc47335,v2.1-f4676a0b,2020,bill_cosign,government,3181.5999999999995,28142.0,0.11305521995593773,113,0,ok
fetch-20261006T122600Z-dfc47335,v2.1-f4676a0b,2020,bill_cosign,health,1994.7499999999993,28142.0,0.07088160045483616,113,0,ok
fetch-20261006T122600Z-dfc47335,v2.1-f4676a0b,2020,bill_cosign,housing,303.16666666666663,28142.0,0.010772747731741405,113,0,ok
fetch-20261006T122600Z-dfc47335,v2.1-f4676a0b,2020,bill_cosign,immigration,426.1666666666665,28142.0,0.015143439224883324,113,0,ok
fetch-20261006T122600Z-dfc47335,v2.1-f4676a0b,2020,bill_cosign,indigenous,704.0166666666669,28142.0,0.02501658256935068,113,0,ok
fetch-20261006T122600Z-dfc47335,v2.1-f4676a0b,2020,bill_cosign,international,65.15000000000002,28142.0,0.0023150451282780192,113,0,ok
fetch-20261006T122600Z-dfc47335,v2.1-f4676a0b,2020,bill_cosign,labor,2007.683333333333,28142.0,0.07134117451969771,113,0,ok
fetch-20261006T122600Z-dfc47335,v2.1-f4676a0b,2020,bill_cosign,law_crime,3071.4166666666674,28142.0,0.10913995688531972,113,0,ok
fetch-20261006T122600Z-dfc47335,v2.1-f4676a0b,2020,bill_cosign,macroeconomy,995.8166666666665,28142.0,0.03538542629047923,113,0,ok
fetch-20261006T122600Z-dfc47335,v2.1-f4676a0b,2020,bill_cosign,public_lands,340.0833333333332,28142.0,0.012084547414303646,113,0,ok
fetch-20261006T122600Z-dfc47335,v2.1-f4676a0b,2020,bill_cosign,social_welfare,1252.7499999999998,28142.0,0.04451531518726458,113,0,ok
fetch-20261006T122600Z-dfc47335,v2.1-f4676a0b,2020,bill_cosign,technology,1057.083333333333,28142.0,0.03756248075237485,113,0,ok
fetch-20261006T122600Z-dfc47335,v2.1-f4676a0b,2020,bill_cosign,transitional_justice,112.66666666666664,28142.0,0.004003506028948427,113,0,ok
fetch-20261006T122600Z-dfc47335,v2.1-f4676a0b,2020,bill_cosign,transportation,1421.2499999999998,28142.0,0.05050280719209721,113,0,ok
fetch-20261006T122600Z-dfc47335,v2.1-f4676a0b,2020,bill_cosign,unclassified,4652.0,28142.0,0.16530452704143273,113,0,ok
fetch-20261006T122600Z-dfc47335,v2.1-f4676a0b,2020,bill_primary,agriculture,144.51666666666668,3750.0,0.03853777777777778,113,0,ok
fetch-20261006T122600Z-dfc47335,v2.1-f4676a0b,2020,bill_primary,civil_rights,131.33333333333331,3750.0,0.03502222222222222,113,0,ok
fetch-20261006T122600Z-dfc47335,v2.1-f4676a0b,2020,bill_primary,commerce,73.35000000000001,3750.0,0.01956,113,0,ok
fetch-20261006T122600Z-dfc47335,v2.1-f4676a0b,2020,bill_primary,cross_strait,5.833333333333333,3750.0,0.0015555555555555555,113,0,ok
fetch-20261006T122600Z-dfc47335,v2.1-f4676a0b,2020,bill_primary,culture,126.16666666666667,3750.0,0.03364444444444445,113,0,ok
fetch-20261006T122600Z-dfc47335,v2.1-f4676a0b,2020,bill_primary,defense,97.89999999999998,3750.0,0.02610666666666666,113,0,ok
fetch-20261006T122600Z-dfc47335,v2.1-f4676a0b,2020,bill_primary,education,249.60000000000005,3750.0,0.06656000000000001,113,0,ok
fetch-20261006T122600Z-dfc47335,v2.1-f4676a0b,2020,bill_primary,energy,25.166666666666668,3750.0,0.006711111111111111,113,0,ok
fetch-20261006T122600Z-dfc47335,v2.1-f4676a0b,2020,bill_primary,environment,52.333333333333336,3750.0,0.013955555555555556,113,0,ok
fetch-20261006T122600Z-dfc47335,v2.1-f4676a0b,2020,bill_primary,foreign_trade,51.08333333333335,3750.0,0.013622222222222227,113,0,ok
fetch-20261006T122600Z-dfc47335,v2.1-f4676a0b,2020,bill_primary,government,364.26666666666654,3750.0,0.09713777777777774,113,0,ok
fetch-20261006T122600Z-dfc47335,v2.1-f4676a0b,2020,bill_primary,health,296.40000000000003,3750.0,0.07904000000000001,113,0,ok
fetch-20261006T122600Z-dfc47335,v2.1-f4676a0b,2020,bill_primary,housing,27.999999999999996,3750.0,0.007466666666666666,113,0,ok
fetch-20261006T122600Z-dfc47335,v2.1-f4676a0b,2020,bill_primary,immigration,70.5,3750.0,0.0188,113,0,ok
fetch-20261006T122600Z-dfc47335,v2.1-f4676a0b,2020,bill_primary,indigenous,67.75,3750.0,0.01806666666666667,113,0,ok
fetch-20261006T122600Z-dfc47335,v2.1-f4676a0b,2020,bill_primary,international,10.183333333333334,3750.0,0.0027155555555555557,113,0,ok
fetch-20261006T122600Z-dfc47335,v2.1-f4676a0b,2020,bill_primary,labor,285.83333333333326,3750.0,0.0762222222222222,113,0,ok
fetch-20261006T122600Z-dfc47335,v2.1-f4676a0b,2020,bill_primary,law_crime,346.08333333333326,3750.0,0.09228888888888886,113,0,ok
fetch-20261006T122600Z-dfc47335,v2.1-f4676a0b,2020,bill_primary,macroeconomy,154.93333333333337,3750.0,0.041315555555555564,113,0,ok
fetch-20261006T122600Z-dfc47335,v2.1-f4676a0b,2020,bill_primary,public_lands,37.583333333333336,3750.0,0.010022222222222222,113,0,ok
fetch-20261006T122600Z-dfc47335,v2.1-f4676a0b,2020,bill_primary,social_welfare,183.51666666666668,3750.0,0.04893777777777778,113,0,ok
fetch-20261006T122600Z-dfc47335,v2.1-f4676a0b,2020,bill_primary,technology,134.83333333333331,3750.0,0.03595555555555555,113,0,ok
fetch-20261006T122600Z-dfc47335,v2.1-f4676a0b,2020,bill_primary,transitional_justice,12.0,3750.0,0.0032,113,0,ok
fetch-20261006T122600Z-dfc47335,v2.1-f4676a0b,2020,bill_primary,transportation,188.83333333333331,3750.0,0.05035555555555555,113,0,ok
fetch-20261006T122600Z-dfc47335,v2.1-f4676a0b,2020,bill_primary,unclassified,612.0,3750.0,0.1632,113,0,ok
fetch-20261006T122600Z-dfc47335,v2.1-f4676a0b,2020,speech,agriculture,321.86771360881863,10630.0,0.03027918284184559,113,0,ok
fetch-20261006T122600Z-dfc47335,v2.1-f4676a0b,2020,speech,civil_rights,94.91724783945834,10630.0,0.008929186062037473,113,0,ok
fetch-20261006T122600Z-dfc47335,v2.1-f4676a0b,2020,speech,commerce,273.715860173684,10630.0,0.025749375369114206,113,0,ok
fetch-20261006T122600Z-dfc47335,v2.1-f4676a0b,2020,speech,cross_strait,79.65111204980194,10630.0,0.007493049110987953,113,0,ok
fetch-20261006T122600Z-dfc47335,v2.1-f4676a0b,2020,speech,culture,251.52837909924577,10630.0,0.023662124092120956,113,0,ok
fetch-20261006T122600Z-dfc47335,v2.1-f4676a0b,2020,speech,defense,270.3566317904978,10630.0,0.025433361410206752,113,0,ok
fetch-20261006T122600Z-dfc47335,v2.1-f4676a0b,2020,speech,education,349.90959573800234,10630.0,0.032917177397742456,113,0,ok
fetch-20261006T122600Z-dfc47335,v2.1-f4676a0b,2020,speech,energy,114.26470117252595,10630.0,0.010749266337961048,113,0,ok
fetch-20261006T122600Z-dfc47335,v2.1-f4676a0b,2020,speech,environment,179.81039370423156,10630.0,0.016915370997575875,113,0,ok
fetch-20261006T122600Z-dfc47335,v2.1-f4676a0b,2020,speech,foreign_trade,274.6222886862312,10630.0,0.02583464616051093,113,0,ok
fetch-20261006T122600Z-dfc47335,v2.1-f4676a0b,2020,speech,government,257.0112670626635,10630.0,0.02417791787983664,113,0,ok
fetch-20261006T122600Z-dfc47335,v2.1-f4676a0b,2020,speech,health,823.342450286328,10630.0,0.07745460491875146,113,0,ok
fetch-20261006T122600Z-dfc47335,v2.1-f4676a0b,2020,speech,housing,144.30588977861524,10630.0,0.01357534240626672,113,0,ok
fetch-20261006T122600Z-dfc47335,v2.1-f4676a0b,2020,speech,immigration,26.580079968191278,10630.0,0.002500477889763996,113,0,ok
fetch-20261006T122600Z-dfc47335,v2.1-f4676a0b,2020,speech,indigenous,237.88420813008108,10630.0,0.022378570849490225,113,0,ok
fetch-20261006T122600Z-dfc47335,v2.1-f4676a0b,2020,speech,international,124.0029232455894,10630.0,0.011665373776631176,113,0,ok
fetch-20261006T122600Z-dfc47335,v2.1-f4676a0b,2020,speech,labor,284.60901996018225,10630.0,0.026774131698982337,113,0,ok
fetch-20261006T122600Z-dfc47335,v2.1-f4676a0b,2020,speech,law_crime,671.4116682588486,10630.0,0.06316196314758689,113,0,ok
fetch-20261006T122600Z-dfc47335,v2.1-f4676a0b,2020,speech,macroeconomy,179.43235342520097,10630.0,0.016879807471796893,113,0,ok
fetch-20261006T122600Z-dfc47335,v2.1-f4676a0b,2020,speech,public_lands,113.22567364890588,10630.0,0.010651521509774777,113,0,ok
fetch-20261006T122600Z-dfc47335,v2.1-f4676a0b,2020,speech,social_welfare,107.04454633583701,10630.0,0.010070041988319569,113,0,ok
fetch-20261006T122600Z-dfc47335,v2.1-f4676a0b,2020,speech,technology,255.6736615209605,10630.0,0.024052084809121403,113,0,ok
fetch-20261006T122600Z-dfc47335,v2.1-f4676a0b,2020,speech,transitional_justice,54.32119614829342,10630.0,0.005110178377073699,113,0,ok
fetch-20261006T122600Z-dfc47335,v2.1-f4676a0b,2020,speech,transportation,329.91339858930394,10630.0,0.031036067600122667,113,0,ok
fetch-20261006T122600Z-dfc47335,v2.1-f4676a0b,2020,speech,unclassified,4810.597739778502,10630.0,0.45254917589637833,113,0,ok
fetch-20261006T122600Z-dfc47335,v2.1-f4676a0b,2020,written_question,agriculture,0.3333333333333333,2.0,0.16666666666666666,113,0,ok
fetch-20261006T122600Z-dfc47335,v2.1-f4676a0b,2020,written_question,civil_rights,0.0,2.0,0.0,113,0,ok
fetch-20261006T122600Z-dfc47335,v2.1-f4676a0b,2020,written_question,commerce,0.0,2.0,0.0,113,0,ok
fetch-20261006T122600Z-dfc47335,v2.1-f4676a0b,2020,written_question,cross_strait,0.0,2.0,0.0,113,0,ok
fetch-20261006T122600Z-dfc47335,v2.1-f4676a0b,2020,written_question,culture,0.0,2.0,0.0,113,0,ok
fetch-20261006T122600Z-dfc47335,v2.1-f4676a0b,2020,written_question,defense,0.0,2.0,0.0,113,0,ok
fetch-20261006T122600Z-dfc47335,v2.1-f4676a0b,2020,written_question,education,0.3333333333333333,2.0,0.16666666666666666,113,0,ok
fetch-20261006T122600Z-dfc47335,v2.1-f4676a0b,2020,written_question,energy,0.0,2.0,0.0,113,0,ok
fetch-20261006T122600Z-dfc47335,v2.1-f4676a0b,2020,written_question,environment,0.0,2.0,0.0,113,0,ok
fetch-20261006T122600Z-dfc47335,v2.1-f4676a0b,2020,written_question,foreign_trade,0.3333333333333333,2.0,0.16666666666666666,113,0,ok
fetch-20261006T122600Z-dfc47335,v2.1-f4676a0b,2020,written_question,government,0.0,2.0,0.0,113,0,ok
fetch-20261006T122600Z-dfc47335,v2.1-f4676a0b,2020,written_question,health,0.6666666666666666,2.0,0.3333333333333333,113,0,ok
fetch-20261006T122600Z-dfc47335,v2.1-f4676a0b,2020,written_question,housing,0.0,2.0,0.0,113,0,ok
fetch-20261006T122600Z-dfc47335,v2.1-f4676a0b,2020,written_question,immigration,0.0,2.0,0.0,113,0,ok
fetch-20261006T122600Z-dfc47335,v2.1-f4676a0b,2020,written_question,indigenous,0.0,2.0,0.0,113,0,ok
fetch-20261006T122600Z-dfc47335,v2.1-f4676a0b,2020,written_question,international,0.0,2.0,0.0,113,0,ok
fetch-20261006T122600Z-dfc47335,v2.1-f4676a0b,2020,written_question,labor,0.0,2.0,0.0,113,0,ok
fetch-20261006T122600Z-dfc47335,v2.1-f4676a0b,2020,written_question,law_crime,0.0,2.0,0.0,113,0,ok
fetch-20261006T122600Z-dfc47335,v2.1-f4676a0b,2020,written_question,macroeconomy,0.0,2.0,0.0,113,0,ok
fetch-20261006T122600Z-dfc47335,v2.1-f4676a0b,2020,written_question,public_lands,0.0,2.0,0.0,113,0,ok
fetch-20261006T122600Z-dfc47335,v2.1-f4676a0b,2020,written_question,social_welfare,0.0,2.0,0.0,113,0,ok
fetch-20261006T122600Z-dfc47335,v2.1-f4676a0b,2020,written_question,technology,0.3333333333333333,2.0,0.16666666666666666,113,0,ok
fetch-20261006T122600Z-dfc47335,v2.1-f4676a0b,2020,written_question,transitional_justice,0.0,2.0,0.0,113,0,ok
fetch-20261006T122600Z-dfc47335,v2.1-f4676a0b,2020,written_question,transportation,0.0,2.0,0.0,113,0,ok
fetch-20261006T122600Z-dfc47335,v2.1-f4676a0b,2020,written_question,unclassified,0.0,2.0,0.0,113,0,ok
fetch-20261006T122600Z-dfc47335,v2.1-f4676a0b,2021,bill_cosign,agriculture,478.33333333333314,26946.0,0.017751552487691426,114,0,ok
fetch-20261006T122600Z-dfc47335,v2.1-f4676a0b,2021,bill_cosign,civil_rights,978.9166666666672,26946.0,0.036328830500507205,114,0,ok
fetch-20261006T122600Z-dfc47335,v2.1-f4676a0b,2021,bill_cosign,commerce,667.7738095238095,26946.0,0.024781927170036723,114,0,ok
fetch-20261006T122600Z-dfc47335,v2.1-f4676a0b,2021,bill_cosign,cross_strait,57.33333333333334,26946.0,0.0021277122145525623,114,0,ok
fetch-20261006T122600Z-dfc47335,v2.1-f4676a0b,2021,bill_cosign,culture,788.3333333333334,26946.0,0.02925604295009773,114,0,ok
fetch-20261006T122600Z-dfc47335,v2.1-f4676a0b,2021,bill_cosign,defense,962.8333333333334,26946.0,0.03573195774264579,114,0,ok
fetch-20261006T122600Z-dfc47335,v2.1-f4676a0b,2021,bill_cosign,education,1879.4571428571423,26946.0,0.06974902185323024,114,0,ok
fetch-20261006T122600Z-dfc47335,v2.1-f4676a0b,2021,bill_cosign,energy,96.73333333333332,26946.0,0.0035898958410648454,114,0,ok
fetch-20261006T122600Z-dfc47335,v2.1-f4676a0b,2021,bill_cosign,environment,540.4,26946.0,0.0200549246641431,114,0,ok
fetch-20261006T122600Z-dfc47335,v2.1-f4676a0b,2021,bill_cosign,foreign_trade,177.83333333333334,26946.0,0.006599618991068557,114,0,ok
fetch-20261006T122600Z-dfc47335,v2.1-f4676a0b,2021,bill_cosign,government,2118.8738095238095,26946.0,0.07863407591196503,114,0,ok
fetch-20261006T122600Z-dfc47335,v2.1-f4676a0b,2021,bill_cosign,health,1741.5833333333328,26946.0,0.06463235112199706,114,0,ok
fetch-20261006T122600Z-dfc47335,v2.1-f4676a0b,2021,bill_cosign,housing,546.1666666666665,26946.0,0.020268932927583555,114,0,ok
fetch-20261006T122600Z-dfc47335,v2.1-f4676a0b,2021,bill_cosign,immigration,248.50000000000014,26946.0,0.009222147999703115,114,0,ok
fetch-20261006T122600Z-dfc47335,v2.1-f4676a0b,2021,bill_cosign,indigenous,428.50000000000006,26946.0,0.01590217471980999,114,0,ok
fetch-20261006T122600Z-dfc47335,v2.1-f4676a0b,2021,bill_cosign,international,185.33333333333334,26946.0,0.006877953437739677,114,0,ok
fetch-20261006T122600Z-dfc47335,v2.1-f4676a0b,2021,bill_cosign,labor,1456.207142857143,26946.0,0.05404168124609007,114,0,ok
fetch-20261006T122600Z-dfc47335,v2.1-f4676a0b,2021,bill_cosign,law_crime,2731.97380952381,26946.0,0.1013869891458402,114,0,ok
fetch-20261006T122600Z-dfc47335,v2.1-f4676a0b,2021,bill_cosign,macroeconomy,1237.107142857143,26946.0,0.045910604277337744,114,0,ok
fetch-20261006T122600Z-dfc47335,v2.1-f4676a0b,2021,bill_cosign,public_lands,243.6666666666667,26946.0,0.009042776911848389,114,0,ok
fetch-20261006T122600Z-dfc47335,v2.1-f4676a0b,2021,bill_cosign,social_welfare,1484.1904761904768,26946.0,0.05508017799266967,114,0,ok
fetch-20261006T122600Z-dfc47335,v2.1-f4676a0b,2021,bill_cosign,technology,2133.299999999999,26946.0,0.07916945001113333,114,0,ok
fetch-20261006T122600Z-dfc47335,v2.1-f4676a0b,2021,bill_cosign,transitional_justice,92.0,26946.0,0.0034142358791657387,114,0,ok
fetch-20261006T122600Z-dfc47335,v2.1-f4676a0b,2021,bill_cosign,transportation,1566.65,26946.0,0.05814035478364136,114,0,ok
fetch-20261006T122600Z-dfc47335,v2.1-f4676a0b,2021,bill_cosign,unclassified,4104.0,26946.0,0.1523046092184369,114,0,ok
fetch-20261006T122600Z-dfc47335,v2.1-f4676a0b,2021,bill_primary,agriculture,82.98333333333336,4291.0,0.019338926435174403,114,0,ok
fetch-20261006T122600Z-dfc47335,v2.1-f4676a0b,2021,bill_primary,civil_rights,201.6666666666667,4291.0,0.04699759185892955,114,0,ok
fetch-20261006T122600Z-dfc47335,v2.1-f4676a0b,2021,bill_primary,commerce,95.53571428571426,4291.0,0.02226420747744448,114,0,ok
fetch-20261006T122600Z-dfc47335,v2.1-f4676a0b,2021,bill_primary,cross_strait,8.833333333333332,4291.0,0.0020585722053911284,114,0,ok
fetch-20261006T122600Z-dfc47335,v2.1-f4676a0b,2021,bill_primary,culture,136.53333333333327,4291.0,0.03181853491804551,114,0,ok
fetch-20261006T122600Z-dfc47335,v2.1-f4676a0b,2021,bill_primary,defense,138.58333333333331,4291.0,0.032296279033636285,114,0,ok
fetch-20261006T122600Z-dfc47335,v2.1-f4676a0b,2021,bill_primary,education,346.9690476190476,4291.0,0.08085971745957764,114,0,ok
fetch-20261006T122600Z-dfc47335,v2.1-f4676a0b,2021,bill_primary,energy,9.283333333333331,4291.0,0.0021634428649110536,114,0,ok
fetch-20261006T122600Z-dfc47335,v2.1-f4676a0b,2021,bill_primary,environment,70.7,4291.0,0.016476345840130507,114,0,ok
fetch-20261006T122600Z-dfc47335,v2.1-f4676a0b,2021,bill_primary,foreign_trade,17.500000000000004,4291.0,0.004078303425774878,114,0,ok
fetch-20261006T122600Z-dfc47335,v2.1-f4676a0b,2021,bill_primary,government,292.2690476190476,4291.0,0.06811210618015559,114,0,ok
fetch-20261006T122600Z-dfc47335,v2.1-f4676a0b,2021,bill_primary,health,305.48333333333323,4291.0,0.07119164142002639,114,0,ok
fetch-20261006T122600Z-dfc47335,v2.1-f4676a0b,2021,bill_primary,housing,73.83333333333334,4291.0,0.01720655635826925,114,0,ok
fetch-20261006T122600Z-dfc47335,v2.1-f4676a0b,2021,bill_primary,immigration,40.333333333333336,4291.0,0.009399518371785908,114,0,ok
fetch-20261006T122600Z-dfc47335,v2.1-f4676a0b,2021,bill_primary,indigenous,61.14999999999999,4291.0,0.014250757399207642,114,0,ok
fetch-20261006T122600Z-dfc47335,v2.1-f4676a0b,2021,bill_primary,international,51.53333333333333,4291.0,0.01200963256428183,114,0,ok
fetch-20261006T122600Z-dfc47335,v2.1-f4676a0b,2021,bill_primary,labor,237.1690476190477,4291.0,0.055271276536715847,114,0,ok
fetch-20261006T122600Z-dfc47335,v2.1-f4676a0b,2021,bill_primary,law_crime,332.9023809523809,4291.0,0.07758153832495476,114,0,ok
fetch-20261006T122600Z-dfc47335,v2.1-f4676a0b,2021,bill_primary,macroeconomy,151.88571428571433,4291.0,0.0353963445084396,114,0,ok
fetch-20261006T122600Z-dfc47335,v2.1-f4676a0b,2021,bill_primary,public_lands,36.833333333333336,4291.0,0.008583857686630933,114,0,ok
fetch-20261006T122600Z-dfc47335,v2.1-f4676a0b,2021,bill_primary,social_welfare,249.2690476190477,4291.0,0.05809113204825162,114,0,ok
fetch-20261006T122600Z-dfc47335,v2.1-f4676a0b,2021,bill_primary,technology,452.96666666666636,4291.0,0.10556202905305671,114,0,ok
fetch-20261006T122600Z-dfc47335,v2.1-f4676a0b,2021,bill_primary,transitional_justice,15.5,4291.0,0.0036122116056863203,114,0,ok
fetch-20261006T122600Z-dfc47335,v2.1-f4676a0b,2021,bill_primary,transportation,197.2833333333334,4291.0,0.04597607395323547,114,0,ok
fetch-20261006T122600Z-dfc47335,v2.1-f4676a0b,2021,bill_primary,unclassified,684.0,4291.0,0.15940340247028664,114,0,ok
fetch-20261006T122600Z-dfc47335,v2.1-f4676a0b,2021,speech,agriculture,195.65363600275268,9861.0,0.019841155664004937,114,0,ok
fetch-20261006T122600Z-dfc47335,v2.1-f4676a0b,2021,speech,civil_rights,80.37880310695904,9861.0,0.008151181736837952,114,0,ok
fetch-20261006T122600Z-dfc47335,v2.1-f4676a0b,2021,speech,commerce,206.83920068094923,9861.0,0.02097547922938335,114,0,ok
fetch-20261006T122600Z-dfc47335,v2.1-f4676a0b,2021,speech,cross_strait,77.40245367115544,9861.0,0.007849351350892956,114,0,ok
fetch-20261006T122600Z-dfc47335,v2.1-f4676a0b,2021,speech,culture,243.7265464817282,9861.0,0.02471620996671009,114,0,ok
fetch-20261006T122600Z-dfc47335,v2.1-f4676a0b,2021,speech,defense,341.8177717778332,9861.0,0.03466360123494911,114,0,ok
fetch-20261006T122600Z-dfc47335,v2.1-f4676a0b,2021,speech,education,393.00425993938944,9861.0,0.039854402184300725,114,0,ok
fetch-20261006T122600Z-dfc47335,v2.1-f4676a0b,2021,speech,energy,213.7546006365079,9861.0,0.02167676712671209,114,0,ok
fetch-20261006T122600Z-dfc47335,v2.1-f4676a0b,2021,speech,environment,196.27048787908782,9861.0,0.019903710361939744,114,0,ok
fetch-20261006T122600Z-dfc47335,v2.1-f4676a0b,2021,speech,foreign_trade,119.8686706115691,9861.0,0.012155833141828323,114,0,ok
fetch-20261006T122600Z-dfc47335,v2.1-f4676a0b,2021,speech,government,316.73725903175676,9861.0,0.03212019663642194,114,0,ok
fetch-20261006T122600Z-dfc47335,v2.1-f4676a0b,2021,speech,health,701.3801949889171,9861.0,0.07112668035583786,114,0,ok
fetch-20261006T122600Z-dfc47335,v2.1-f4676a0b,2021,speech,housing,159.86058984004507,9861.0,0.016211397407975364,114,0,ok
fetch-20261006T122600Z-dfc47335,v2.1-f4676a0b,2021,speech,immigration,17.907329755349657,9861.0,0.0018159750284301448,114,0,ok
fetch-20261006T122600Z-dfc47335,v2.1-f4676a0b,2021,speech,indigenous,164.85362972098207,9861.0,0.016717739551869188,114,0,ok
fetch-20261006T122600Z-dfc47335,v2.1-f4676a0b,2021,speech,international,98.87323158224156,9861.0,0.010026694207711344,114,0,ok
fetch-20261006T122600Z-dfc47335,v2.1-f4676a0b,2021,speech,labor,263.67051904741476,9861.0,0.02673872011433067,114,0,ok
fetch-20261006T122600Z-dfc47335,v2.1-f4676a0b,2021,speech,law_crime,493.93030774854793,9861.0,0.050089271650800925,114,0,ok
fetch-20261006T122600Z-dfc47335,v2.1-f4676a0b,2021,speech,macroeconomy,218.5024358305568,9861.0,0.02215824316302168,114,0,ok
fetch-20261006T122600Z-dfc47335,v2.1-f4676a0b,2021,speech,public_lands,108.44522748453696,9861.0,0.01099738641968735,114,0,ok
fetch-20261006T122600Z-dfc47335,v2.1-f4676a0b,2021,speech,social_welfare,124.20970470820527,9861.0,0.012596055644275963,114,0,ok
fetch-20261006T122600Z-dfc47335,v2.1-f4676a0b,2021,speech,technology,380.44739751264683,9861.0,0.03858101587188387,114,0,ok
fetch-20261006T122600Z-dfc47335,v2.1-f4676a0b,2021,speech,transitional_justice,16.96673741484287,9861.0,0.0017205899416735495,114,0,ok
fetch-20261006T122600Z-dfc47335,v2.1-f4676a0b,2021,speech,transportation,391.2846028308456,9861.0,0.0396800124562261,114,0,ok
fetch-20261006T122600Z-dfc47335,v2.1-f4676a0b,2021,speech,unclassified,4335.214401715179,9861.0,0.43963232955229475,114,0,ok
fetch-20261006T122600Z-dfc47335,v2.1-f4676a0b,2021,written_question,agriculture,0.0,4.0,0.0,114,0,ok
fetch-20261006T122600Z-dfc47335,v2.1-f4676a0b,2021,written_question,civil_rights,0.0,4.0,0.0,114,0,ok
fetch-20261006T122600Z-dfc47335,v2.1-f4676a0b,2021,written_question,commerce,0.3333333333333333,4.0,0.08333333333333333,114,0,ok
fetch-20261006T122600Z-dfc47335,v2.1-f4676a0b,2021,written_question,cross_strait,0.0,4.0,0.0,114,0,ok
fetch-20261006T122600Z-dfc47335,v2.1-f4676a0b,2021,written_question,culture,0.0,4.0,0.0,114,0,ok
fetch-20261006T122600Z-dfc47335,v2.1-f4676a0b,2021,written_question,defense,0.0,4.0,0.0,114,0,ok
fetch-20261006T122600Z-dfc47335,v2.1-f4676a0b,2021,written_question,education,0.0,4.0,0.0,114,0,ok
fetch-20261006T122600Z-dfc47335,v2.1-f4676a0b,2021,written_question,energy,0.0,4.0,0.0,114,0,ok
fetch-20261006T122600Z-dfc47335,v2.1-f4676a0b,2021,written_question,environment,0.0,4.0,0.0,114,0,ok
fetch-20261006T122600Z-dfc47335,v2.1-f4676a0b,2021,written_question,foreign_trade,0.0,4.0,0.0,114,0,ok
fetch-20261006T122600Z-dfc47335,v2.1-f4676a0b,2021,written_question,government,0.0,4.0,0.0,114,0,ok
fetch-20261006T122600Z-dfc47335,v2.1-f4676a0b,2021,written_question,health,0.3333333333333333,4.0,0.08333333333333333,114,0,ok
fetch-20261006T122600Z-dfc47335,v2.1-f4676a0b,2021,written_question,housing,0.0,4.0,0.0,114,0,ok
fetch-20261006T122600Z-dfc47335,v2.1-f4676a0b,2021,written_question,immigration,0.0,4.0,0.0,114,0,ok
fetch-20261006T122600Z-dfc47335,v2.1-f4676a0b,2021,written_question,indigenous,0.0,4.0,0.0,114,0,ok
fetch-20261006T122600Z-dfc47335,v2.1-f4676a0b,2021,written_question,international,0.0,4.0,0.0,114,0,ok
fetch-20261006T122600Z-dfc47335,v2.1-f4676a0b,2021,written_question,labor,0.0,4.0,0.0,114,0,ok
fetch-20261006T122600Z-dfc47335,v2.1-f4676a0b,2021,written_question,law_crime,0.0,4.0,0.0,114,0,ok
fetch-20261006T122600Z-dfc47335,v2.1-f4676a0b,2021,written_question,macroeconomy,0.0,4.0,0.0,114,0,ok
fetch-20261006T122600Z-dfc47335,v2.1-f4676a0b,2021,written_question,public_lands,0.0,4.0,0.0,114,0,ok
fetch-20261006T122600Z-dfc47335,v2.1-f4676a0b,2021,written_question,social_welfare,0.0,4.0,0.0,114,0,ok
fetch-20261006T122600Z-dfc47335,v2.1-f4676a0b,2021,written_question,technology,0.0,4.0,0.0,114,0,ok
fetch-20261006T122600Z-dfc47335,v2.1-f4676a0b,2021,written_question,transitional_justice,0.0,4.0,0.0,114,0,ok
fetch-20261006T122600Z-dfc47335,v2.1-f4676a0b,2021,written_question,transportation,0.3333333333333333,4.0,0.08333333333333333,114,0,ok
fetch-20261006T122600Z-dfc47335,v2.1-f4676a0b,2021,written_question,unclassified,3.0,4.0,0.75,114,0,ok
fetch-20261006T122600Z-dfc47335,v2.1-f4676a0b,2022,bill_cosign,agriculture,500.99999999999994,24855.0,0.020156910078455038,117,0,ok
fetch-20261006T122600Z-dfc47335,v2.1-f4676a0b,2022,bill_cosign,civil_rights,1134.4166666666663,24855.0,0.045641386709582225,117,0,ok
fetch-20261006T122600Z-dfc47335,v2.1-f4676a0b,2022,bill_cosign,commerce,607.9166666666666,24855.0,0.024458526118151948,117,0,ok
fetch-20261006T122600Z-dfc47335,v2.1-f4676a0b,2022,bill_cosign,cross_strait,30.0,24855.0,0.0012070006035003018,117,0,ok
fetch-20261006T122600Z-dfc47335,v2.1-f4676a0b,2022,bill_cosign,culture,766.833333333334,24855.0,0.03085227653724941,117,0,ok
fetch-20261006T122600Z-dfc47335,v2.1-f4676a0b,2022,bill_cosign,defense,733.2500000000002,24855.0,0.029501106417219883,117,0,ok
fetch-20261006T122600Z-dfc47335,v2.1-f4676a0b,2022,bill_cosign,education,2260.5,24855.0,0.09094749547374774,117,0,ok
fetch-20261006T122600Z-dfc47335,v2.1-f4676a0b,2022,bill_cosign,energy,348.08333333333326,24855.0,0.014004559780057664,117,0,ok
fetch-20261006T122600Z-dfc47335,v2.1-f4676a0b,2022,bill_cosign,environment,850.6500000000004,24855.0,0.03422450211225107,117,0,ok
fetch-20261006T122600Z-dfc47335,v2.1-f4676a0b,2022,bill_cosign,foreign_trade,94.33333333333331,24855.0,0.003795346342117615,117,0,ok
fetch-20261006T122600Z-dfc47335,v2.1-f4676a0b,2022,bill_cosign,government,1951.0833333333326,24855.0,0.07849862536042376,117,0,ok
fetch-20261006T122600Z-dfc47335,v2.1-f4676a0b,2022,bill_cosign,health,1145.7499999999998,24855.0,0.04609736471534902,117,0,ok
fetch-20261006T122600Z-dfc47335,v2.1-f4676a0b,2022,bill_cosign,housing,395.6666666666667,24855.0,0.015918996848387313,117,0,ok
fetch-20261006T122600Z-dfc47335,v2.1-f4676a0b,2022,bill_cosign,immigration,273.66666666666674,24855.0,0.01101052772748609,117,0,ok
fetch-20261006T122600Z-dfc47335,v2.1-f4676a0b,2022,bill_cosign,indigenous,372.4999999999998,24855.0,0.014986924160128737,117,0,ok
fetch-20261006T122600Z-dfc47335,v2.1-f4676a0b,2022,bill_cosign,international,128.84999999999997,24855.0,0.005184067592033795,117,0,ok
fetch-20261006T122600Z-dfc47335,v2.1-f4676a0b,2022,bill_cosign,labor,1217.3333333333335,24855.0,0.04897740226647892,117,0,ok
fetch-20261006T122600Z-dfc47335,v2.1-f4676a0b,2022,bill_cosign,law_crime,2660.5166666666664,24855.0,0.10704150740964258,117,0,ok
fetch-20261006T122600Z-dfc47335,v2.1-f4676a0b,2022,bill_cosign,macroeconomy,1005.0666666666668,24855.0,0.04043720244082345,117,0,ok
fetch-20261006T122600Z-dfc47335,v2.1-f4676a0b,2022,bill_cosign,public_lands,412.1666666666666,24855.0,0.016582847180312475,117,0,ok
fetch-20261006T122600Z-dfc47335,v2.1-f4676a0b,2022,bill_cosign,social_welfare,483.41666666666663,24855.0,0.019449473613625694,117,0,ok
fetch-20261006T122600Z-dfc47335,v2.1-f4676a0b,2022,bill_cosign,technology,1935.6666666666663,24855.0,0.07787836116140279,117,0,ok
fetch-20261006T122600Z-dfc47335,v2.1-f4676a0b,2022,bill_cosign,transitional_justice,106.0,24855.0,0.004264735465701066,117,0,ok
fetch-20261006T122600Z-dfc47335,v2.1-f4676a0b,2022,bill_cosign,transportation,1438.3333333333337,24855.0,0.05786897337893115,117,0,ok
fetch-20261006T122600Z-dfc47335,v2.1-f4676a0b,2022,bill_cosign,unclassified,4002.0,24855.0,0.16101388050694027,117,0,ok
fetch-20261006T122600Z-dfc47335,v2.1-f4676a0b,2022,bill_primary,agriculture,98.8333333333333,4047.0,0.024421382093731975,117,0,ok
fetch-20261006T122600Z-dfc47335,v2.1-f4676a0b,2022,bill_primary,civil_rights,177.41666666666663,4047.0,0.04383905773824231,117,0,ok
fetch-20261006T122600Z-dfc47335,v2.1-f4676a0b,2022,bill_primary,commerce,95.74999999999999,4047.0,0.02365950086483815,117,0,ok
fetch-20261006T122600Z-dfc47335,v2.1-f4676a0b,2022,bill_primary,cross_strait,3.3333333333333335,4047.0,0.0008236553825879253,117,0,ok
fetch-20261006T122600Z-dfc47335,v2.1-f4676a0b,2022,bill_primary,culture,168.10000000000002,4047.0,0.04153694094390908,117,0,ok
fetch-20261006T122600Z-dfc47335,v2.1-f4676a0b,2022,bill_primary,defense,113.0833333333333,4047.0,0.027942508854295355,117,0,ok
fetch-20261006T122600Z-dfc47335,v2.1-f4676a0b,2022,bill_primary,education,312.1666666666666,4047.0,0.07713532657935918,117,0,ok
fetch-20261006T122600Z-dfc47335,v2.1-f4676a0b,2022,bill_primary,energy,56.41666666666668,4047.0,0.013940367350300638,117,0,ok
fetch-20261006T122600Z-dfc47335,v2.1-f4676a0b,2022,bill_primary,environment,156.45,4047.0,0.03865826538176427,117,0,ok
fetch-20261006T122600Z-dfc47335,v2.1-f4676a0b,2022,bill_primary,foreign_trade,14.333333333333334,4047.0,0.0035417181451280785,117,0,ok
fetch-20261006T122600Z-dfc47335,v2.1-f4676a0b,2022,bill_primary,government,309.09999999999997,4047.0,0.0763775636273783,117,0,ok
fetch-20261006T122600Z-dfc47335,v2.1-f4676a0b,2022,bill_primary,health,213.1666666666666,4047.0,0.052672761716497804,117,0,ok
fetch-20261006T122600Z-dfc47335,v2.1-f4676a0b,2022,bill_primary,housing,47.833333333333336,4047.0,0.011819454740136728,117,0,ok
fetch-20261006T122600Z-dfc47335,v2.1-f4676a0b,2022,bill_primary,immigration,33.49999999999999,4047.0,0.008277736595008647,117,0,ok
fetch-20261006T122600Z-dfc47335,v2.1-f4676a0b,2022,bill_primary,indigenous,42.76666666666666,4047.0,0.010567498558603079,117,0,ok
fetch-20261006T122600Z-dfc47335,v2.1-f4676a0b,2022,bill_primary,international,17.316666666666666,4047.0,0.004278889712544271,117,0,ok
fetch-20261006T122600Z-dfc47335,v2.1-f4676a0b,2022,bill_primary,labor,214.08333333333337,4047.0,0.0528992669467095,117,0,ok
fetch-20261006T122600Z-dfc47335,v2.1-f4676a0b,2022,bill_primary,law_crime,401.06666666666655,4047.0,0.09910221563297913,117,0,ok
fetch-20261006T122600Z-dfc47335,v2.1-f4676a0b,2022,bill_primary,macroeconomy,161.86666666666667,4047.0,0.03999670537846965,117,0,ok
fetch-20261006T122600Z-dfc47335,v2.1-f4676a0b,2022,bill_primary,public_lands,43.16666666666666,4047.0,0.01066633720451363,117,0,ok
fetch-20261006T122600Z-dfc47335,v2.1-f4676a0b,2022,bill_primary,social_welfare,98.75,4047.0,0.024400790709167286,117,0,ok
fetch-20261006T122600Z-dfc47335,v2.1-f4676a0b,2022,bill_primary,technology,388.83333333333337,4047.0,0.09607940037888149,117,0,ok
fetch-20261006T122600Z-dfc47335,v2.1-f4676a0b,2022,bill_primary,transitional_justice,23.5,4047.0,0.005806770447244872,117,0,ok
fetch-20261006T122600Z-dfc47335,v2.1-f4676a0b,2022,bill_primary,transportation,255.16666666666677,4047.0,0.0630508195371057,117,0,ok
fetch-20261006T122600Z-dfc47335,v2.1-f4676a0b,2022,bill_primary,unclassified,601.0,4047.0,0.1485050654806029,117,0,ok
fetch-20261006T122600Z-dfc47335,v2.1-f4676a0b,2022,speech,agriculture,160.0967990998128,8394.0,0.019072766154373696,117,0,ok
fetch-20261006T122600Z-dfc47335,v2.1-f4676a0b,2022,speech,civil_rights,91.4625232954713,8394.0,0.01089617861513835,117,0,ok
fetch-20261006T122600Z-dfc47335,v2.1-f4676a0b,2022,speech,commerce,201.4277240102082,8394.0,0.0239966314045995,117,0,ok
fetch-20261006T122600Z-dfc47335,v2.1-f4676a0b,2022,speech,cross_strait,54.343595282151256,8394.0,0.006474099985960359,117,0,ok
fetch-20261006T122600Z-dfc47335,v2.1-f4676a0b,2022,speech,culture,179.94903158739663,8394.0,0.021437816486466123,117,0,ok
fetch-20261006T122600Z-dfc47335,v2.1-f4676a0b,2022,speech,defense,235.60361979719815,8394.0,0.028068098617726727,117,0,ok
fetch-20261006T122600Z-dfc47335,v2.1-f4676a0b,2022,speech,education,348.82405751369777,8394.0,0.04155635662541074,117,0,ok
fetch-20261006T122600Z-dfc47335,v2.1-f4676a0b,2022,speech,energy,213.92099161514548,8394.0,0.02548498827914528,117,0,ok
fetch-20261006T122600Z-dfc47335,v2.1-f4676a0b,2022,speech,environment,242.47434168091283,8394.0,0.02888662636179567,117,0,ok
fetch-20261006T122600Z-dfc47335,v2.1-f4676a0b,2022,speech,foreign_trade,67.7208375679339,8394.0,0.008067767163203943,117,0,ok
fetch-20261006T122600Z-dfc47335,v2.1-f4676a0b,2022,speech,government,269.5014180977971,8394.0,0.032106435322587216,117,0,ok
fetch-20261006T122600Z-dfc47335,v2.1-f4676a0b,2022,speech,health,530.7967999585288,8394.0,0.06323526327835702,117,0,ok
fetch-20261006T122600Z-dfc47335,v2.1-f4676a0b,2022,speech,housing,99.1454743717579,8394.0,0.01181146942718107,117,0,ok
fetch-20261006T122600Z-dfc47335,v2.1-f4676a0b,2022,speech,immigration,18.907960582853274,8394.0,0.002252556657475968,117,0,ok
fetch-20261006T122600Z-dfc47335,v2.1-f4676a0b,2022,speech,indigenous,169.712230563059,8394.0,0.02021827859936371,117,0,ok
fetch-20261006T122600Z-dfc47335,v2.1-f4676a0b,2022,speech,international,90.1189403110136,8394.0,0.010736113927926328,117,0,ok
fetch-20261006T122600Z-dfc47335,v2.1-f4676a0b,2022,speech,labor,168.24145786190945,8394.0,0.020043061456029243,117,0,ok
fetch-20261006T122600Z-dfc47335,v2.1-f4676a0b,2022,speech,law_crime,518.3657775723352,8394.0,0.06175432184564394,117,0,ok
fetch-20261006T122600Z-dfc47335,v2.1-f4676a0b,2022,speech,macroeconomy,175.18525556541576,8394.0,0.020870294920826277,117,0,ok
fetch-20261006T122600Z-dfc47335,v2.1-f4676a0b,2022,speech,public_lands,64.62638162667021,8394.0,0.00769911622905292,117,0,ok
fetch-20261006T122600Z-dfc47335,v2.1-f4676a0b,2022,speech,social_welfare,78.11740432088821,8394.0,0.009306338375135599,117,0,ok
fetch-20261006T122600Z-dfc47335,v2.1-f4676a0b,2022,speech,technology,321.7224023076269,8394.0,0.03832766289106825,117,0,ok
fetch-20261006T122600Z-dfc47335,v2.1-f4676a0b,2022,speech,transitional_justice,66.93237057711815,8394.0,0.007973834950812265,117,0,ok
fetch-20261006T122600Z-dfc47335,v2.1-f4676a0b,2022,speech,transportation,279.8201625985254,8394.0,0.0333357353584138,117,0,ok
fetch-20261006T122600Z-dfc47335,v2.1-f4676a0b,2022,speech,unclassified,3746.982442234573,8394.0,0.44638818706630606,117,0,ok
fetch-20261006T122600Z-dfc47335,v2.1-f4676a0b,2022,written_question,agriculture,0.07142857142857142,1.0,0.07142857142857142,117,0,ok
fetch-20261006T122600Z-dfc47335,v2.1-f4676a0b,2022,written_question,civil_rights,0.07142857142857142,1.0,0.07142857142857142,117,0,ok
fetch-20261006T122600Z-dfc47335,v2.1-f4676a0b,2022,written_question,commerce,0.07142857142857142,1.0,0.07142857142857142,117,0,ok
fetch-20261006T122600Z-dfc47335,v2.1-f4676a0b,2022,written_question,cross_strait,0.0,1.0,0.0,117,0,ok
fetch-20261006T122600Z-dfc47335,v2.1-f4676a0b,2022,written_question,culture,0.0,1.0,0.0,117,0,ok
fetch-20261006T122600Z-dfc47335,v2.1-f4676a0b,2022,written_question,defense,0.0,1.0,0.0,117,0,ok
fetch-20261006T122600Z-dfc47335,v2.1-f4676a0b,2022,written_question,education,0.0,1.0,0.0,117,0,ok
fetch-20261006T122600Z-dfc47335,v2.1-f4676a0b,2022,written_question,energy,0.07142857142857142,1.0,0.07142857142857142,117,0,ok
fetch-20261006T122600Z-dfc47335,v2.1-f4676a0b,2022,written_question,environment,0.0,1.0,0.0,117,0,ok
fetch-20261006T122600Z-dfc47335,v2.1-f4676a0b,2022,written_question,foreign_trade,0.07142857142857142,1.0,0.07142857142857142,117,0,ok
fetch-20261006T122600Z-dfc47335,v2.1-f4676a0b,2022,written_question,government,0.07142857142857142,1.0,0.07142857142857142,117,0,ok
fetch-20261006T122600Z-dfc47335,v2.1-f4676a0b,2022,written_question,health,0.07142857142857142,1.0,0.07142857142857142,117,0,ok
fetch-20261006T122600Z-dfc47335,v2.1-f4676a0b,2022,written_question,housing,0.07142857142857142,1.0,0.07142857142857142,117,0,ok
fetch-20261006T122600Z-dfc47335,v2.1-f4676a0b,2022,written_question,immigration,0.0,1.0,0.0,117,0,ok
fetch-20261006T122600Z-dfc47335,v2.1-f4676a0b,2022,written_question,indigenous,0.0,1.0,0.0,117,0,ok
fetch-20261006T122600Z-dfc47335,v2.1-f4676a0b,2022,written_question,international,0.0,1.0,0.0,117,0,ok
fetch-20261006T122600Z-dfc47335,v2.1-f4676a0b,2022,written_question,labor,0.07142857142857142,1.0,0.07142857142857142,117,0,ok
fetch-20261006T122600Z-dfc47335,v2.1-f4676a0b,2022,written_question,law_crime,0.07142857142857142,1.0,0.07142857142857142,117,0,ok
fetch-20261006T122600Z-dfc47335,v2.1-f4676a0b,2022,written_question,macroeconomy,0.07142857142857142,1.0,0.07142857142857142,117,0,ok
fetch-20261006T122600Z-dfc47335,v2.1-f4676a0b,2022,written_question,public_lands,0.0,1.0,0.0,117,0,ok
fetch-20261006T122600Z-dfc47335,v2.1-f4676a0b,2022,written_question,social_welfare,0.07142857142857142,1.0,0.07142857142857142,117,0,ok
fetch-20261006T122600Z-dfc47335,v2.1-f4676a0b,2022,written_question,technology,0.07142857142857142,1.0,0.07142857142857142,117,0,ok
fetch-20261006T122600Z-dfc47335,v2.1-f4676a0b,2022,written_question,transitional_justice,0.0,1.0,0.0,117,0,ok
fetch-20261006T122600Z-dfc47335,v2.1-f4676a0b,2022,written_question,transportation,0.07142857142857142,1.0,0.07142857142857142,117,0,ok
fetch-20261006T122600Z-dfc47335,v2.1-f4676a0b,2022,written_question,unclassified,0.0,1.0,0.0,117,0,ok
fetch-20261006T122600Z-dfc47335,v2.1-f4676a0b,2023,bill_cosign,agriculture,656.816666666667,20605.0,0.03187656717625173,113,0,ok
fetch-20261006T122600Z-dfc47335,v2.1-f4676a0b,2023,bill_cosign,civil_rights,1779.7333333333333,20605.0,0.08637385747795842,113,0,ok
fetch-20261006T122600Z-dfc47335,v2.1-f4676a0b,2023,bill_cosign,commerce,640.4166666666671,20605.0,0.031080643856669112,113,0,ok
fetch-20261006T122600Z-dfc47335,v2.1-f4676a0b,2023,bill_cosign,cross_strait,75.83333333333333,20605.0,0.0036803364879074655,113,0,ok
fetch-20261006T122600Z-dfc47335,v2.1-f4676a0b,2023,bill_cosign,culture,1235.9999999999998,20605.0,0.059985440427080795,113,0,ok
fetch-20261006T122600Z-dfc47335,v2.1-f4676a0b,2023,bill_cosign,defense,370.3166666666665,20605.0,0.017972175038421086,113,0,ok
fetch-20261006T122600Z-dfc47335,v2.1-f4676a0b,2023,bill_cosign,education,1364.9666666666672,20605.0,0.06624443905201005,113,0,ok
fetch-20261006T122600Z-dfc47335,v2.1-f4676a0b,2023,bill_cosign,energy,250.73333333333332,20605.0,0.012168567499797783,113,0,ok
fetch-20261006T122600Z-dfc47335,v2.1-f4676a0b,2023,bill_cosign,environment,792.3333333333337,20605.0,0.038453449809916704,113,0,ok
fetch-20261006T122600Z-dfc47335,v2.1-f4676a0b,2023,bill_cosign,foreign_trade,125.66666666666661,20605.0,0.0060988433228180835,113,0,ok
fetch-20261006T122600Z-dfc47335,v2.1-f4676a0b,2023,bill_cosign,government,1095.216666666667,20605.0,0.05315295640216777,113,0,ok
fetch-20261006T122600Z-dfc47335,v2.1-f4676a0b,2023,bill_cosign,health,976.1666666666671,20605.0,0.047375232548734145,113,0,ok
fetch-20261006T122600Z-dfc47335,v2.1-f4676a0b,2023,bill_cosign,housing,315.83333333333326,20605.0,0.015327994823262959,113,0,ok
fetch-20261006T122600Z-dfc47335,v2.1-f4676a0b,2023,bill_cosign,immigration,366.4166666666668,20605.0,0.017782900590471575,113,0,ok
fetch-20261006T122600Z-dfc47335,v2.1-f4676a0b,2023,bill_cosign,indigenous,292.66666666666674,20605.0,0.01420367224783629,113,0,ok
fetch-20261006T122600Z-dfc47335,v2.1-f4676a0b,2023,bill_cosign,international,51.66666666666669,20605.0,0.0025074820027501427,113,0,ok
fetch-20261006T122600Z-dfc47335,v2.1-f4676a0b,2023,bill_cosign,labor,853.2833333333338,20605.0,0.0414114697079997,113,0,ok
fetch-20261006T122600Z-dfc47335,v2.1-f4676a0b,2023,bill_cosign,law_crime,1878.3500000000001,20605.0,0.09115991264256249,113,0,ok
fetch-20261006T122600Z-dfc47335,v2.1-f4676a0b,2023,bill_cosign,macroeconomy,732.9166666666669,20605.0,0.03556984550675403,113,0,ok
fetch-20261006T122600Z-dfc47335,v2.1-f4676a0b,2023,bill_cosign,public_lands,276.49999999999994,20605.0,0.013419073040524141,113,0,ok
fetch-20261006T122600Z-dfc47335,v2.1-f4676a0b,2023,bill_cosign,social_welfare,691.5000000000001,20605.0,0.03355981557874303,113,0,ok
fetch-20261006T122600Z-dfc47335,v2.1-f4676a0b,2023,bill_cosign,technology,1290.2666666666664,20605.0,0.06261910539513062,113,0,ok
fetch-20261006T122600Z-dfc47335,v2.1-f4676a0b,2023,bill_cosign,transitional_justice,95.83333333333334,20605.0,0.004650974682520424,113,0,ok
fetch-20261006T122600Z-dfc47335,v2.1-f4676a0b,2023,bill_cosign,transportation,1070.5666666666666,20605.0,0.05195664482730729,113,0,ok
fetch-20261006T122600Z-dfc47335,v2.1-f4676a0b,2023,bill_cosign,unclassified,3325.0,20605.0,0.16136859985440427,113,0,ok
fetch-20261006T122600Z-dfc47335,v2.1-f4676a0b,2023,bill_primary,agriculture,123.81666666666666,3390.0,0.03652409046214356,113,0,ok
fetch-20261006T122600Z-dfc47335,v2.1-f4676a0b,2023,bill_primary,civil_rights,295.9500000000001,3390.0,0.08730088495575224,113,0,ok
fetch-20261006T122600Z-dfc47335,v2.1-f4676a0b,2023,bill_primary,commerce,131.58333333333334,3390.0,0.038815142576204525,113,0,ok
fetch-20261006T122600Z-dfc47335,v2.1-f4676a0b,2023,bill_primary,cross_strait,10.75,3390.0,0.0031710914454277286,113,0,ok
fetch-20261006T122600Z-dfc47335,v2.1-f4676a0b,2023,bill_primary,culture,195.41666666666666,3390.0,0.057645034414945916,113,0,ok
fetch-20261006T122600Z-dfc47335,v2.1-f4676a0b,2023,bill_primary,defense,50.199999999999996,3390.0,0.014808259587020648,113,0,ok
fetch-20261006T122600Z-dfc47335,v2.1-f4676a0b,2023,bill_primary,education,248.0666666666666,3390.0,0.07317600786627333,113,0,ok
fetch-20261006T122600Z-dfc47335,v2.1-f4676a0b,2023,bill_primary,energy,46.11666666666665,3390.0,0.01360373647984267,113,0,ok
fetch-20261006T122600Z-dfc47335,v2.1-f4676a0b,2023,bill_primary,environment,110.43333333333332,3390.0,0.03257620452310717,113,0,ok
fetch-20261006T122600Z-dfc47335,v2.1-f4676a0b,2023,bill_primary,foreign_trade,16.950000000000003,3390.0,0.005000000000000001,113,0,ok
fetch-20261006T122600Z-dfc47335,v2.1-f4676a0b,2023,bill_primary,government,137.23333333333335,3390.0,0.040481809242871196,113,0,ok
fetch-20261006T122600Z-dfc47335,v2.1-f4676a0b,2023,bill_primary,health,140.53333333333333,3390.0,0.04145526057030482,113,0,ok
fetch-20261006T122600Z-dfc47335,v2.1-f4676a0b,2023,bill_primary,housing,63.83333333333334,3390.0,0.0188298918387414,113,0,ok
fetch-20261006T122600Z-dfc47335,v2.1-f4676a0b,2023,bill_primary,immigration,53.74999999999999,3390.0,0.01585545722713864,113,0,ok
fetch-20261006T122600Z-dfc47335,v2.1-f4676a0b,2023,bill_primary,indigenous,35.91666666666667,3390.0,0.010594886922320553,113,0,ok
fetch-20261006T122600Z-dfc47335,v2.1-f4676a0b,2023,bill_primary,international,15.2,3390.0,0.00448377581120944,113,0,ok
fetch-20261006T122600Z-dfc47335,v2.1-f4676a0b,2023,bill_primary,labor,172.28333333333336,3390.0,0.05082104228121928,113,0,ok
fetch-20261006T122600Z-dfc47335,v2.1-f4676a0b,2023,bill_primary,law_crime,303.68333333333317,3390.0,0.08958210422812188,113,0,ok
fetch-20261006T122600Z-dfc47335,v2.1-f4676a0b,2023,bill_primary,macroeconomy,138.24999999999997,3390.0,0.04078171091445427,113,0,ok
fetch-20261006T122600Z-dfc47335,v2.1-f4676a0b,2023,bill_primary,public_lands,39.016666666666666,3390.0,0.011509341199606686,113,0,ok
fetch-20261006T122600Z-dfc47335,v2.1-f4676a0b,2023,bill_primary,social_welfare,129.16666666666666,3390.0,0.038102261553588986,113,0,ok
fetch-20261006T122600Z-dfc47335,v2.1-f4676a0b,2023,bill_primary,technology,260.56666666666655,3390.0,0.0768633235004916,113,0,ok
fetch-20261006T122600Z-dfc47335,v2.1-f4676a0b,2023,bill_primary,transitional_justice,17.166666666666664,3390.0,0.005063913470993117,113,0,ok
fetch-20261006T122600Z-dfc47335,v2.1-f4676a0b,2023,bill_primary,transportation,164.11666666666667,3390.0,0.048411996066863326,113,0,ok
fetch-20261006T122600Z-dfc47335,v2.1-f4676a0b,2023,bill_primary,unclassified,490.0,3390.0,0.14454277286135694,113,0,ok
fetch-20261006T122600Z-dfc47335,v2.1-f4676a0b,2023,speech,agriculture,159.4642822867571,6797.0,0.023460980180485085,113,0,ok
fetch-20261006T122600Z-dfc47335,v2.1-f4676a0b,2023,speech,civil_rights,118.80324468845107,6797.0,0.017478776620340013,113,0,ok
fetch-20261006T122600Z-dfc47335,v2.1-f4676a0b,2023,speech,commerce,190.2920656907782,6797.0,0.027996478695126996,113,0,ok
fetch-20261006T122600Z-dfc47335,v2.1-f4676a0b,2023,speech,cross_strait,48.420633403590735,6797.0,0.007123824246519161,113,0,ok
fetch-20261006T122600Z-dfc47335,v2.1-f4676a0b,2023,speech,culture,163.9889410780663,6797.0,0.024126664863626055,113,0,ok
fetch-20261006T122600Z-dfc47335,v2.1-f4676a0b,2023,speech,defense,226.76417807209893,6797.0,0.033362391948227,113,0,ok
fetch-20261006T122600Z-dfc47335,v2.1-f4676a0b,2023,speech,education,300.3250217354358,6797.0,0.04418493772773809,113,0,ok
fetch-20261006T122600Z-dfc47335,v2.1-f4676a0b,2023,speech,energy,151.74556350912223,6797.0,0.022325373474933387,113,0,ok
fetch-20261006T122600Z-dfc47335,v2.1-f4676a0b,2023,speech,environment,192.35672952652666,6797.0,0.028300239742022462,113,0,ok
fetch-20261006T122600Z-dfc47335,v2.1-f4676a0b,2023,speech,foreign_trade,72.99022011996024,6797.0,0.010738593514780086,113,0,ok
fetch-20261006T122600Z-dfc47335,v2.1-f4676a0b,2023,speech,government,214.1412536056077,6797.0,0.03150526020385577,113,0,ok
fetch-20261006T122600Z-dfc47335,v2.1-f4676a0b,2023,speech,health,303.8994035616206,6797.0,0.04471081411823166,113,0,ok
fetch-20261006T122600Z-dfc47335,v2.1-f4676a0b,2023,speech,housing,83.42438476466006,6797.0,0.012273706747779911,113,0,ok
fetch-20261006T122600Z-dfc47335,v2.1-f4676a0b,2023,speech,immigration,28.10795538534333,6797.0,0.004135347268698445,113,0,ok
fetch-20261006T122600Z-dfc47335,v2.1-f4676a0b,2023,speech,indigenous,126.89848424005575,6797.0,0.018669778466978926,113,0,ok
fetch-20261006T122600Z-dfc47335,v2.1-f4676a0b,2023,speech,international,77.87082101892682,6797.0,0.011456645728840196,113,0,ok
fetch-20261006T122600Z-dfc47335,v2.1-f4676a0b,2023,speech,labor,187.34735818550166,6797.0,0.02756324234007675,113,0,ok
fetch-20261006T122600Z-dfc47335,v2.1-f4676a0b,2023,speech,law_crime,469.4949466638712,6797.0,0.06907384826598076,113,0,ok
fetch-20261006T122600Z-dfc47335,v2.1-f4676a0b,2023,speech,macroeconomy,158.30546128826677,6797.0,0.023290490111559037,113,0,ok
fetch-20261006T122600Z-dfc47335,v2.1-f4676a0b,2023,speech,public_lands,84.03372764139709,6797.0,0.012363355545298969,113,0,ok
fetch-20261006T122600Z-dfc47335,v2.1-f4676a0b,2023,speech,social_welfare,102.85119412604188,6797.0,0.015131851423575383,113,0,ok
fetch-20261006T122600Z-dfc47335,v2.1-f4676a0b,2023,speech,technology,204.7289287498962,6797.0,0.030120483853155244,113,0,ok
fetch-20261006T122600Z-dfc47335,v2.1-f4676a0b,2023,speech,transitional_justice,14.755501933305414,6797.0,0.002170884498058763,113,0,ok
fetch-20261006T122600Z-dfc47335,v2.1-f4676a0b,2023,speech,transportation,234.94012882871692,6797.0,0.034565268328485645,113,0,ok
fetch-20261006T122600Z-dfc47335,v2.1-f4676a0b,2023,speech,unclassified,2881.0495698960012,6797.0,0.4238707620856262,113,0,ok
fetch-20261006T122600Z-dfc47335,v2.1-f4676a0b,2023,written_question,agriculture,0.0,2.0,0.0,113,0,ok
fetch-20261006T122600Z-dfc47335,v2.1-f4676a0b,2023,written_question,civil_rights,0.5,2.0,0.25,113,0,ok
fetch-20261006T122600Z-dfc47335,v2.1-f4676a0b,2023,written_question,commerce,0.0,2.0,0.0,113,0,ok
fetch-20261006T122600Z-dfc47335,v2.1-f4676a0b,2023,written_question,cross_strait,0.0,2.0,0.0,113,0,ok
fetch-20261006T122600Z-dfc47335,v2.1-f4676a0b,2023,written_question,culture,0.0,2.0,0.0,113,0,ok
fetch-20261006T122600Z-dfc47335,v2.1-f4676a0b,2023,written_question,defense,0.0,2.0,0.0,113,0,ok
fetch-20261006T122600Z-dfc47335,v2.1-f4676a0b,2023,written_question,education,0.0,2.0,0.0,113,0,ok
fetch-20261006T122600Z-dfc47335,v2.1-f4676a0b,2023,written_question,energy,0.0,2.0,0.0,113,0,ok
fetch-20261006T122600Z-dfc47335,v2.1-f4676a0b,2023,written_question,environment,0.0,2.0,0.0,113,0,ok
fetch-20261006T122600Z-dfc47335,v2.1-f4676a0b,2023,written_question,foreign_trade,0.0,2.0,0.0,113,0,ok
fetch-20261006T122600Z-dfc47335,v2.1-f4676a0b,2023,written_question,government,0.0,2.0,0.0,113,0,ok
fetch-20261006T122600Z-dfc47335,v2.1-f4676a0b,2023,written_question,health,0.0,2.0,0.0,113,0,ok
fetch-20261006T122600Z-dfc47335,v2.1-f4676a0b,2023,written_question,housing,0.0,2.0,0.0,113,0,ok
fetch-20261006T122600Z-dfc47335,v2.1-f4676a0b,2023,written_question,immigration,0.0,2.0,0.0,113,0,ok
fetch-20261006T122600Z-dfc47335,v2.1-f4676a0b,2023,written_question,indigenous,0.0,2.0,0.0,113,0,ok
fetch-20261006T122600Z-dfc47335,v2.1-f4676a0b,2023,written_question,international,0.0,2.0,0.0,113,0,ok
fetch-20261006T122600Z-dfc47335,v2.1-f4676a0b,2023,written_question,labor,0.0,2.0,0.0,113,0,ok
fetch-20261006T122600Z-dfc47335,v2.1-f4676a0b,2023,written_question,law_crime,0.5,2.0,0.25,113,0,ok
fetch-20261006T122600Z-dfc47335,v2.1-f4676a0b,2023,written_question,macroeconomy,0.0,2.0,0.0,113,0,ok
fetch-20261006T122600Z-dfc47335,v2.1-f4676a0b,2023,written_question,public_lands,0.0,2.0,0.0,113,0,ok
fetch-20261006T122600Z-dfc47335,v2.1-f4676a0b,2023,written_question,social_welfare,0.0,2.0,0.0,113,0,ok
fetch-20261006T122600Z-dfc47335,v2.1-f4676a0b,2023,written_question,technology,0.0,2.0,0.0,113,0,ok
fetch-20261006T122600Z-dfc47335,v2.1-f4676a0b,2023,written_question,transitional_justice,0.0,2.0,0.0,113,0,ok
fetch-20261006T122600Z-dfc47335,v2.1-f4676a0b,2023,written_question,transportation,0.0,2.0,0.0,113,0,ok
fetch-20261006T122600Z-dfc47335,v2.1-f4676a0b,2023,written_question,unclassified,1.0,2.0,0.5,113,0,ok
fetch-20261006T122600Z-dfc47335,v2.1-f4676a0b,2024,bill_cosign,agriculture,1383.466666666667,43655.0,0.031690909785057085,115,0,ok
fetch-20261006T122600Z-dfc47335,v2.1-f4676a0b,2024,bill_cosign,civil_rights,1778.4999999999995,43655.0,0.04073989233764745,115,0,ok
fetch-20261006T122600Z-dfc47335,v2.1-f4676a0b,2024,bill_cosign,commerce,1334.0166666666662,43655.0,0.030558164395067373,115,0,ok
fetch-20261006T122600Z-dfc47335,v2.1-f4676a0b,2024,bill_cosign,cross_strait,99.50000000000001,43655.0,0.0022792349100904824,115,0,ok
fetch-20261006T122600Z-dfc47335,v2.1-f4676a0b,2024,bill_cosign,culture,2021.4999999999998,43655.0,0.046306265032642305,115,0,ok
fetch-20261006T122600Z-dfc47335,v2.1-f4676a0b,2024,bill_cosign,defense,680.6500000000001,43655.0,0.015591570266865196,115,0,ok
fetch-20261006T122600Z-dfc47335,v2.1-f4676a0b,2024,bill_cosign,education,3514.7333333333327,43655.0,0.08051158706524643,115,0,ok
fetch-20261006T122600Z-dfc47335,v2.1-f4676a0b,2024,bill_cosign,energy,550.8499999999999,43655.0,0.012618256786164241,115,0,ok
fetch-20261006T122600Z-dfc47335,v2.1-f4676a0b,2024,bill_cosign,environment,1016.5666666666668,43655.0,0.023286374222120418,115,0,ok
fetch-20261006T122600Z-dfc47335,v2.1-f4676a0b,2024,bill_cosign,foreign_trade,119.49999999999999,43655.0,0.002737372580460428,115,0,ok
fetch-20261006T122600Z-dfc47335,v2.1-f4676a0b,2024,bill_cosign,government,2120.2166666666662,43655.0,0.04856755621730996,115,0,ok
fetch-20261006T122600Z-dfc47335,v2.1-f4676a0b,2024,bill_cosign,health,2234.6,43655.0,0.05118772191043408,115,0,ok
fetch-20261006T122600Z-dfc47335,v2.1-f4676a0b,2024,bill_cosign,housing,451.16666666666663,43655.0,0.010334822280762036,115,0,ok
fetch-20261006T122600Z-dfc47335,v2.1-f4676a0b,2024,bill_cosign,immigration,693.9166666666667,43655.0,0.015895468254877258,115,0,ok
fetch-20261006T122600Z-dfc47335,v2.1-f4676a0b,2024,bill_cosign,indigenous,1251.516666666666,43655.0,0.02866834650479134,115,0,ok
fetch-20261006T122600Z-dfc47335,v2.1-f4676a0b,2024,bill_cosign,international,138.24999999999994,43655.0,0.003166876646432252,115,0,ok
fetch-20261006T122600Z-dfc47335,v2.1-f4676a0b,2024,bill_cosign,labor,2569.433333333334,43655.0,0.05885771007521095,115,0,ok
fetch-20261006T122600Z-dfc47335,v2.1-f4676a0b,2024,bill_cosign,law_crime,3662.916666666667,43655.0,0.08390600542129577,115,0,ok
fetch-20261006T122600Z-dfc47335,v2.1-f4676a0b,2024,bill_cosign,macroeconomy,3176.6666666666665,43655.0,0.07276753331042644,115,0,ok
fetch-20261006T122600Z-dfc47335,v2.1-f4676a0b,2024,bill_cosign,public_lands,663.0000000000001,43655.0,0.015187263772763719,115,0,ok
fetch-20261006T122600Z-dfc47335,v2.1-f4676a0b,2024,bill_cosign,social_welfare,2536.183333333334,43655.0,0.05809605619822091,115,0,ok
fetch-20261006T122600Z-dfc47335,v2.1-f4676a0b,2024,bill_cosign,technology,2612.516666666667,43655.0,0.0598446149734662,115,0,ok
fetch-20261006T122600Z-dfc47335,v2.1-f4676a0b,2024,bill_cosign,transitional_justice,211.8333333333334,43655.0,0.0048524414920016815,115,0,ok
fetch-20261006T122600Z-dfc47335,v2.1-f4676a0b,2024,bill_cosign,transportation,1623.499999999999,43655.0,0.037189325392280356,115,0,ok
fetch-20261006T122600Z-dfc47335,v2.1-f4676a0b,2024,bill_cosign,unclassified,7210.0,43655.0,0.1651586301683656,115,0,ok
fetch-20261006T122600Z-dfc47335,v2.1-f4676a0b,2024,bill_primary,agriculture,201.21666666666667,8107.0,0.024820114304510504,115,0,ok
fetch-20261006T122600Z-dfc47335,v2.1-f4676a0b,2024,bill_primary,civil_rights,351.9833333333333,8107.0,0.04341721146334443,115,0,ok
fetch-20261006T122600Z-dfc47335,v2.1-f4676a0b,2024,bill_primary,commerce,226.10000000000008,8107.0,0.027889478228691263,115,0,ok
fetch-20261006T122600Z-dfc47335,v2.1-f4676a0b,2024,bill_primary,cross_strait,11.683333333333332,8107.0,0.0014411414004358372,115,0,ok
fetch-20261006T122600Z-dfc47335,v2.1-f4676a0b,2024,bill_primary,culture,344.13333333333327,8107.0,0.042448912462480975,115,0,ok
fetch-20261006T122600Z-dfc47335,v2.1-f4676a0b,2024,bill_primary,defense,111.05,8107.0,0.013698038731960033,115,0,ok
fetch-20261006T122600Z-dfc47335,v2.1-f4676a0b,2024,bill_primary,education,672.6166666666668,8107.0,0.08296739443279472,115,0,ok
fetch-20261006T122600Z-dfc47335,v2.1-f4676a0b,2024,bill_primary,energy,124.88333333333333,8107.0,0.015404383043460384,115,0,ok
fetch-20261006T122600Z-dfc47335,v2.1-f4676a0b,2024,bill_primary,environment,203.06666666666672,8107.0,0.025048312158217186,115,0,ok
fetch-20261006T122600Z-dfc47335,v2.1-f4676a0b,2024,bill_primary,foreign_trade,30.749999999999996,8107.0,0.0037930183791784872,115,0,ok
fetch-20261006T122600Z-dfc47335,v2.1-f4676a0b,2024,bill_primary,government,336.73333333333323,8107.0,0.04153612104765428,115,0,ok
fetch-20261006T122600Z-dfc47335,v2.1-f4676a0b,2024,bill_primary,health,535.4833333333335,8107.0,0.06605197154722259,115,0,ok
fetch-20261006T122600Z-dfc47335,v2.1-f4676a0b,2024,bill_primary,housing,91.6,8107.0,0.011298877513260145,115,0,ok
fetch-20261006T122600Z-dfc47335,v2.1-f4676a0b,2024,bill_primary,immigration,154.96666666666667,8107.0,0.019115167961843673,115,0,ok
fetch-20261006T122600Z-dfc47335,v2.1-f4676a0b,2024,bill_primary,indigenous,201.18333333333328,8107.0,0.02481600263147074,115,0,ok
fetch-20261006T122600Z-dfc47335,v2.1-f4676a0b,2024,bill_primary,international,27.433333333333323,8107.0,0.0033839069117223785,115,0,ok
fetch-20261006T122600Z-dfc47335,v2.1-f4676a0b,2024,bill_primary,labor,557.0666666666668,8107.0,0.0687142798404671,115,0,ok
fetch-20261006T122600Z-dfc47335,v2.1-f4676a0b,2024,bill_primary,law_crime,665.8166666666667,8107.0,0.0821286131326837,115,0,ok
fetch-20261006T122600Z-dfc47335,v2.1-f4676a0b,2024,bill_primary,macroeconomy,587.7999999999998,8107.0,0.07250524238312567,115,0,ok
fetch-20261006T122600Z-dfc47335,v2.1-f4676a0b,2024,bill_primary,public_lands,141.41666666666669,8107.0,0.017443772871181287,115,0,ok
fetch-20261006T122600Z-dfc47335,v2.1-f4676a0b,2024,bill_primary,social_welfare,596.7833333333334,8107.0,0.073613338267341,115,0,ok
fetch-20261006T122600Z-dfc47335,v2.1-f4676a0b,2024,bill_primary,technology,492.9166666666664,8107.0,0.06080136507544917,115,0,ok
fetch-20261006T122600Z-dfc47335,v2.1-f4676a0b,2024,bill_primary,transitional_justice,35.166666666666664,8107.0,0.004337815056946671,115,0,ok
fetch-20261006T122600Z-dfc47335,v2.1-f4676a0b,2024,bill_primary,transportation,315.15,8107.0,0.038873812754409764,115,0,ok
fetch-20261006T122600Z-dfc47335,v2.1-f4676a0b,2024,bill_primary,unclassified,1090.0,8107.0,0.13445170840014803,115,0,ok
fetch-20261006T122600Z-dfc47335,v2.1-f4676a0b,2024,speech,agriculture,314.8270590262114,12097.0,0.02602521774210229,115,0,ok
fetch-20261006T122600Z-dfc47335,v2.1-f4676a0b,2024,speech,civil_rights,107.78265763041537,12097.0,0.008909866713269023,115,0,ok
fetch-20261006T122600Z-dfc47335,v2.1-f4676a0b,2024,speech,commerce,309.92112414983404,12097.0,0.025619668029249736,115,0,ok
fetch-20261006T122600Z-dfc47335,v2.1-f4676a0b,2024,speech,cross_strait,106.76411714207654,12097.0,0.00882566893792482,115,0,ok
fetch-20261006T122600Z-dfc47335,v2.1-f4676a0b,2024,speech,culture,392.5485512197168,12097.0,0.03245007449943926,115,0,ok
fetch-20261006T122600Z-dfc47335,v2.1-f4676a0b,2024,speech,defense,257.7217660185468,12097.0,0.021304601638302622,115,0,ok
fetch-20261006T122600Z-dfc47335,v2.1-f4676a0b,2024,speech,education,474.68298236391877,12097.0,0.03923972740050581,115,0,ok
fetch-20261006T122600Z-dfc47335,v2.1-f4676a0b,2024,speech,energy,392.65890716089916,12097.0,0.032459197086955376,115,0,ok
fetch-20261006T122600Z-dfc47335,v2.1-f4676a0b,2024,speech,environment,246.12064787769563,12097.0,0.0203455937734724,115,0,ok
fetch-20261006T122600Z-dfc47335,v2.1-f4676a0b,2024,speech,foreign_trade,67.09732470978021,12097.0,0.005546608639313897,115,0,ok
fetch-20261006T122600Z-dfc47335,v2.1-f4676a0b,2024,speech,government,543.0467375868341,12097.0,0.04489102567469902,115,0,ok
fetch-20261006T122600Z-dfc47335,v2.1-f4676a0b,2024,speech,health,512.2994868651482,12097.0,0.04234930039391156,115,0,ok
fetch-20261006T122600Z-dfc47335,v2.1-f4676a0b,2024,speech,housing,115.38714026150394,12097.0,0.009538492209763078,115,0,ok
fetch-20261006T122600Z-dfc47335,v2.1-f4676a0b,2024,speech,immigration,95.07488133902181,12097.0,0.007859376815658578,115,0,ok
fetch-20261006T122600Z-dfc47335,v2.1-f4676a0b,2024,speech,indigenous,329.791814805745,12097.0,0.027262281128027196,115,0,ok
fetch-20261006T122600Z-dfc47335,v2.1-f4676a0b,2024,speech,international,136.22846277522586,12097.0,0.011261342711021399,115,0,ok
fetch-20261006T122600Z-dfc47335,v2.1-f4676a0b,2024,speech,labor,390.51484457914034,12097.0,0.03228195788866168,115,0,ok
fetch-20261006T122600Z-dfc47335,v2.1-f4676a0b,2024,speech,law_crime,1088.2965010233972,12097.0,0.08996416475352544,115,0,ok
fetch-20261006T122600Z-dfc47335,v2.1-f4676a0b,2024,speech,macroeconomy,272.4608002112169,12097.0,0.0225230057213538,115,0,ok
fetch-20261006T122600Z-dfc47335,v2.1-f4676a0b,2024,speech,public_lands,190.68831477996116,12097.0,0.015763273107378784,115,0,ok
fetch-20261006T122600Z-dfc47335,v2.1-f4676a0b,2024,speech,social_welfare,223.1472994376233,12097.0,0.018446499085527264,115,0,ok
fetch-20261006T122600Z-dfc47335,v2.1-f4676a0b,2024,speech,technology,474.55752761125524,12097.0,0.03922935666787263,115,0,ok
fetch-20261006T122600Z-dfc47335,v2.1-f4676a0b,2024,speech,transitional_justice,17.93660701455107,12097.0,0.0014827318355419583,115,0,ok
fetch-20261006T122600Z-dfc47335,v2.1-f4676a0b,2024,speech,transportation,459.56661872125125,12097.0,0.037990131331838574,115,0,ok
fetch-20261006T122600Z-dfc47335,v2.1-f4676a0b,2024,speech,unclassified,4577.877825689027,12097.0,0.3784308362146836,115,0,ok
fetch-20261006T122600Z-dfc47335,v2.1-f4676a0b,2024,written_question,agriculture,0.0,2.0,0.0,115,0,ok
fetch-20261006T122600Z-dfc47335,v2.1-f4676a0b,2024,written_question,civil_rights,0.14285714285714285,2.0,0.07142857142857142,115,0,ok
fetch-20261006T122600Z-dfc47335,v2.1-f4676a0b,2024,written_question,commerce,0.14285714285714285,2.0,0.07142857142857142,115,0,ok
fetch-20261006T122600Z-dfc47335,v2.1-f4676a0b,2024,written_question,cross_strait,0.0,2.0,0.0,115,0,ok
fetch-20261006T122600Z-dfc47335,v2.1-f4676a0b,2024,written_question,culture,0.0,2.0,0.0,115,0,ok
fetch-20261006T122600Z-dfc47335,v2.1-f4676a0b,2024,written_question,defense,0.0,2.0,0.0,115,0,ok
fetch-20261006T122600Z-dfc47335,v2.1-f4676a0b,2024,written_question,education,0.0,2.0,0.0,115,0,ok
fetch-20261006T122600Z-dfc47335,v2.1-f4676a0b,2024,written_question,energy,0.0,2.0,0.0,115,0,ok
fetch-20261006T122600Z-dfc47335,v2.1-f4676a0b,2024,written_question,environment,0.0,2.0,0.0,115,0,ok
fetch-20261006T122600Z-dfc47335,v2.1-f4676a0b,2024,written_question,foreign_trade,0.0,2.0,0.0,115,0,ok
fetch-20261006T122600Z-dfc47335,v2.1-f4676a0b,2024,written_question,government,0.0,2.0,0.0,115,0,ok
fetch-20261006T122600Z-dfc47335,v2.1-f4676a0b,2024,written_question,health,0.0,2.0,0.0,115,0,ok
fetch-20261006T122600Z-dfc47335,v2.1-f4676a0b,2024,written_question,housing,0.14285714285714285,2.0,0.07142857142857142,115,0,ok
fetch-20261006T122600Z-dfc47335,v2.1-f4676a0b,2024,written_question,immigration,0.0,2.0,0.0,115,0,ok
fetch-20261006T122600Z-dfc47335,v2.1-f4676a0b,2024,written_question,indigenous,0.14285714285714285,2.0,0.07142857142857142,115,0,ok
fetch-20261006T122600Z-dfc47335,v2.1-f4676a0b,2024,written_question,international,0.0,2.0,0.0,115,0,ok
fetch-20261006T122600Z-dfc47335,v2.1-f4676a0b,2024,written_question,labor,0.0,2.0,0.0,115,0,ok
fetch-20261006T122600Z-dfc47335,v2.1-f4676a0b,2024,written_question,law_crime,0.14285714285714285,2.0,0.07142857142857142,115,0,ok
fetch-20261006T122600Z-dfc47335,v2.1-f4676a0b,2024,written_question,macroeconomy,0.0,2.0,0.0,115,0,ok
fetch-20261006T122600Z-dfc47335,v2.1-f4676a0b,2024,written_question,public_lands,0.14285714285714285,2.0,0.07142857142857142,115,0,ok
fetch-20261006T122600Z-dfc47335,v2.1-f4676a0b,2024,written_question,social_welfare,0.0,2.0,0.0,115,0,ok
fetch-20261006T122600Z-dfc47335,v2.1-f4676a0b,2024,written_question,technology,0.0,2.0,0.0,115,0,ok
fetch-20261006T122600Z-dfc47335,v2.1-f4676a0b,2024,written_question,transitional_justice,0.0,2.0,0.0,115,0,ok
fetch-20261006T122600Z-dfc47335,v2.1-f4676a0b,2024,written_question,transportation,0.14285714285714285,2.0,0.07142857142857142,115,0,ok
fetch-20261006T122600Z-dfc47335,v2.1-f4676a0b,2024,written_question,unclassified,1.0,2.0,0.5,115,0,ok
fetch-20261006T122600Z-dfc47335,v2.1-f4676a0b,2025,bill_cosign,agriculture,1398.1333333333325,38655.0,0.03616953391109384,114,0,ok
fetch-20261006T122600Z-dfc47335,v2.1-f4676a0b,2025,bill_cosign,civil_rights,1397.1333333333332,38655.0,0.03614366403656275,114,0,ok
fetch-20261006T122600Z-dfc47335,v2.1-f4676a0b,2025,bill_cosign,commerce,1099.0000000000002,38655.0,0.028430992109688275,114,0,ok
fetch-20261006T122600Z-dfc47335,v2.1-f4676a0b,2025,bill_cosign,cross_strait,80.99999999999996,38655.0,0.0020954598370197895,114,0,ok
fetch-20261006T122600Z-dfc47335,v2.1-f4676a0b,2025,bill_cosign,culture,1127.5166666666664,38655.0,0.029168714698400374,114,0,ok
fetch-20261006T122600Z-dfc47335,v2.1-f4676a0b,2025,bill_cosign,defense,759.9166666666662,38655.0,0.019658948820764872,114,0,ok
fetch-20261006T122600Z-dfc47335,v2.1-f4676a0b,2025,bill_cosign,education,2317.3333333333335,38655.0,0.059949122580088825,114,0,ok
fetch-20261006T122600Z-dfc47335,v2.1-f4676a0b,2025,bill_cosign,energy,1403.8333333333333,38655.0,0.03631699219592118,114,0,ok
fetch-20261006T122600Z-dfc47335,v2.1-f4676a0b,2025,bill_cosign,environment,1432.666666666667,38655.0,0.037062906911568154,114,0,ok
fetch-20261006T122600Z-dfc47335,v2.1-f4676a0b,2025,bill_cosign,foreign_trade,416.7666666666666,38655.0,0.010781701375414994,114,0,ok
fetch-20261006T122600Z-dfc47335,v2.1-f4676a0b,2025,bill_cosign,government,1319.4499999999994,38655.0,0.03413400595007113,114,0,ok
fetch-20261006T122600Z-dfc47335,v2.1-f4676a0b,2025,bill_cosign,health,1997.9333333333332,38655.0,0.051686284654852754,114,0,ok
fetch-20261006T122600Z-dfc47335,v2.1-f4676a0b,2025,bill_cosign,housing,481.1666666666666,38655.0,0.012447721295218383,114,0,ok
fetch-20261006T122600Z-dfc47335,v2.1-f4676a0b,2025,bill_cosign,immigration,303.3333333333333,38655.0,0.007847195274436251,114,0,ok
fetch-20261006T122600Z-dfc47335,v2.1-f4676a0b,2025,bill_cosign,indigenous,665.5000000000005,38655.0,0.017216401500452734,114,0,ok
fetch-20261006T122600Z-dfc47335,v2.1-f4676a0b,2025,bill_cosign,international,113.91666666666663,38655.0,0.0029470098736687784,114,0,ok
fetch-20261006T122600Z-dfc47335,v2.1-f4676a0b,2025,bill_cosign,labor,2780.933333333331,38655.0,0.07194239641271068,114,0,ok
fetch-20261006T122600Z-dfc47335,v2.1-f4676a0b,2025,bill_cosign,law_crime,3863.0000000000005,38655.0,0.09993532531367225,114,0,ok
fetch-20261006T122600Z-dfc47335,v2.1-f4676a0b,2025,bill_cosign,macroeconomy,1997.016666666666,38655.0,0.051662570603199225,114,0,ok
fetch-20261006T122600Z-dfc47335,v2.1-f4676a0b,2025,bill_cosign,public_lands,340.9333333333333,38655.0,0.008819902556805932,114,0,ok
fetch-20261006T122600Z-dfc47335,v2.1-f4676a0b,2025,bill_cosign,social_welfare,2173.2999999999993,38655.0,0.05622299831845814,114,0,ok
fetch-20261006T122600Z-dfc47335,v2.1-f4676a0b,2025,bill_cosign,technology,3316.883333333333,38655.0,0.08580735566765835,114,0,ok
fetch-20261006T122600Z-dfc47335,v2.1-f4676a0b,2025,bill_cosign,transitional_justice,11.499999999999998,38655.0,0.00029750355710774797,114,0,ok
fetch-20261006T122600Z-dfc47335,v2.1-f4676a0b,2025,bill_cosign,transportation,1860.833333333333,38655.0,0.04813952485663777,114,0,ok
fetch-20261006T122600Z-dfc47335,v2.1-f4676a0b,2025,bill_cosign,unclassified,5996.0,38655.0,0.15511576768852672,114,0,ok
fetch-20261006T122600Z-dfc47335,v2.1-f4676a0b,2025,bill_primary,agriculture,241.0027777777778,5982.0,0.040287993610461016,114,0,ok
fetch-20261006T122600Z-dfc47335,v2.1-f4676a0b,2025,bill_primary,civil_rights,198.4611111111112,5982.0,0.03317638099483637,114,0,ok
fetch-20261006T122600Z-dfc47335,v2.1-f4676a0b,2025,bill_primary,commerce,157.56666666666663,5982.0,0.02634013150562799,114,0,ok
fetch-20261006T122600Z-dfc47335,v2.1-f4676a0b,2025,bill_primary,cross_strait,14.000000000000002,5982.0,0.0023403543965229024,114,0,ok
fetch-20261006T122600Z-dfc47335,v2.1-f4676a0b,2025,bill_primary,culture,160.69444444444443,5982.0,0.026862996396597196,114,0,ok
fetch-20261006T122600Z-dfc47335,v2.1-f4676a0b,2025,bill_primary,defense,114.70833333333333,5982.0,0.019175582302462944,114,0,ok
fetch-20261006T122600Z-dfc47335,v2.1-f4676a0b,2025,bill_primary,education,365.3777777777777,5982.0,0.06107953490099928,114,0,ok
fetch-20261006T122600Z-dfc47335,v2.1-f4676a0b,2025,bill_primary,energy,190.32500000000005,5982.0,0.03181628217987296,114,0,ok
fetch-20261006T122600Z-dfc47335,v2.1-f4676a0b,2025,bill_primary,environment,212.28333333333336,5982.0,0.03548701660537167,114,0,ok
fetch-20261006T122600Z-dfc47335,v2.1-f4676a0b,2025,bill_primary,foreign_trade,70.16666666666667,5982.0,0.011729633344477878,114,0,ok
fetch-20261006T122600Z-dfc47335,v2.1-f4676a0b,2025,bill_primary,government,196.0916666666667,5982.0,0.032780285300345484,114,0,ok
fetch-20261006T122600Z-dfc47335,v2.1-f4676a0b,2025,bill_primary,health,311.9166666666667,5982.0,0.05214253872729299,114,0,ok
fetch-20261006T122600Z-dfc47335,v2.1-f4676a0b,2025,bill_primary,housing,85.49166666666665,5982.0,0.014291485567814552,114,0,ok
fetch-20261006T122600Z-dfc47335,v2.1-f4676a0b,2025,bill_primary,immigration,56.83333333333334,5982.0,0.00950072439540845,114,0,ok
fetch-20261006T122600Z-dfc47335,v2.1-f4676a0b,2025,bill_primary,indigenous,86.54444444444444,5982.0,0.014467476503584827,114,0,ok
fetch-20261006T122600Z-dfc47335,v2.1-f4676a0b,2025,bill_primary,international,20.249999999999996,5982.0,0.003385155466399197,114,0,ok
fetch-20261006T122600Z-dfc47335,v2.1-f4676a0b,2025,bill_primary,labor,431.55000000000007,5982.0,0.07214142427281847,114,0,ok
fetch-20261006T122600Z-dfc47335,v2.1-f4676a0b,2025,bill_primary,law_crime,570.2611111111112,5982.0,0.09532950703963744,114,0,ok
fetch-20261006T122600Z-dfc47335,v2.1-f4676a0b,2025,bill_primary,macroeconomy,379.17777777777786,5982.0,0.06338645566328617,114,0,ok
fetch-20261006T122600Z-dfc47335,v2.1-f4676a0b,2025,bill_primary,public_lands,41.26944444444445,5982.0,0.006898937553400945,114,0,ok
fetch-20261006T122600Z-dfc47335,v2.1-f4676a0b,2025,bill_primary,social_welfare,400.01111111111095,5982.0,0.06686912589620711,114,0,ok
fetch-20261006T122600Z-dfc47335,v2.1-f4676a0b,2025,bill_primary,technology,520.8916666666665,5982.0,0.08707650729967678,114,0,ok
fetch-20261006T122600Z-dfc47335,v2.1-f4676a0b,2025,bill_primary,transitional_justice,2.833333333333333,5982.0,0.0004736431516772539,114,0,ok
fetch-20261006T122600Z-dfc47335,v2.1-f4676a0b,2025,bill_primary,transportation,282.29166666666663,5982.0,0.04719018165607934,114,0,ok
fetch-20261006T122600Z-dfc47335,v2.1-f4676a0b,2025,bill_primary,unclassified,872.0,5982.0,0.14577064526914077,114,0,ok
fetch-20261006T122600Z-dfc47335,v2.1-f4676a0b,2025,speech,agriculture,181.70850637974988,9858.0,0.01843259346518055,114,0,ok
fetch-20261006T122600Z-dfc47335,v2.1-f4676a0b,2025,speech,civil_rights,121.71138454363874,9858.0,0.012346458160239273,114,0,ok
fetch-20261006T122600Z-dfc47335,v2.1-f4676a0b,2025,speech,commerce,205.45041290320756,9858.0,0.020840983252506346,114,0,ok
fetch-20261006T122600Z-dfc47335,v2.1-f4676a0b,2025,speech,cross_strait,83.062271958504,9858.0,0.008425874615388922,114,0,ok
fetch-20261006T122600Z-dfc47335,v2.1-f4676a0b,2025,speech,culture,198.70135077387346,9858.0,0.02015635532297357,114,0,ok
fetch-20261006T122600Z-dfc47335,v2.1-f4676a0b,2025,speech,defense,336.62142047281975,9858.0,0.03414702987145666,114,0,ok
fetch-20261006T122600Z-dfc47335,v2.1-f4676a0b,2025,speech,education,412.304544550181,9858.0,0.04182436037230483,114,0,ok
fetch-20261006T122600Z-dfc47335,v2.1-f4676a0b,2025,speech,energy,393.6949439821148,9858.0,0.039936594033487,114,0,ok
fetch-20261006T122600Z-dfc47335,v2.1-f4676a0b,2025,speech,environment,233.07807476023433,9858.0,0.023643545826763476,114,0,ok
fetch-20261006T122600Z-dfc47335,v2.1-f4676a0b,2025,speech,foreign_trade,183.09069200766788,9858.0,0.018572803003415284,114,0,ok
fetch-20261006T122600Z-dfc47335,v2.1-f4676a0b,2025,speech,government,511.4646065865714,9858.0,0.05188320212888734,114,0,ok
fetch-20261006T122600Z-dfc47335,v2.1-f4676a0b,2025,speech,health,326.5958568364444,9858.0,0.033130032140032906,114,0,ok
fetch-20261006T122600Z-dfc47335,v2.1-f4676a0b,2025,speech,housing,108.49364225402248,9858.0,0.011005644375534843,114,0,ok
fetch-20261006T122600Z-dfc47335,v2.1-f4676a0b,2025,speech,immigration,60.05404609951265,9858.0,0.006091909728090145,114,0,ok
fetch-20261006T122600Z-dfc47335,v2.1-f4676a0b,2025,speech,indigenous,146.8072641608127,9858.0,0.0148921955935091,114,0,ok
fetch-20261006T122600Z-dfc47335,v2.1-f4676a0b,2025,speech,international,89.69443835557958,9858.0,0.00909864458871775,114,0,ok
fetch-20261006T122600Z-dfc47335,v2.1-f4676a0b,2025,speech,labor,339.339469472737,9858.0,0.03442274999723443,114,0,ok
fetch-20261006T122600Z-dfc47335,v2.1-f4676a0b,2025,speech,law_crime,750.1397471181704,9858.0,0.07609451685110269,114,0,ok
fetch-20261006T122600Z-dfc47335,v2.1-f4676a0b,2025,speech,macroeconomy,226.92823057097178,9858.0,0.02301970283738809,114,0,ok
fetch-20261006T122600Z-dfc47335,v2.1-f4676a0b,2025,speech,public_lands,116.34981391202417,9858.0,0.011802577998785167,114,0,ok
fetch-20261006T122600Z-dfc47335,v2.1-f4676a0b,2025,speech,social_welfare,165.87970466246978,9858.0,0.016826912625529496,114,0,ok
fetch-20261006T122600Z-dfc47335,v2.1-f4676a0b,2025,speech,technology,454.2874177558709,9858.0,0.046083122109542594,114,0,ok
fetch-20261006T122600Z-dfc47335,v2.1-f4676a0b,2025,speech,transitional_justice,18.923574075612365,9858.0,0.0019196159541095927,114,0,ok
fetch-20261006T122600Z-dfc47335,v2.1-f4676a0b,2025,speech,transportation,346.07179244619743,9858.0,0.03510567989918822,114,0,ok
fetch-20261006T122600Z-dfc47335,v2.1-f4676a0b,2025,speech,unclassified,3847.5467933610107,9858.0,0.39029689524863165,114,0,ok
fetch-20261006T122600Z-dfc47335,v2.1-f4676a0b,2025,written_question,agriculture,1.1666666666666667,2.0,0.5833333333333334,114,0,ok
fetch-20261006T122600Z-dfc47335,v2.1-f4676a0b,2025,written_question,civil_rights,0.0,2.0,0.0,114,0,ok
fetch-20261006T122600Z-dfc47335,v2.1-f4676a0b,2025,written_question,commerce,0.16666666666666666,2.0,0.08333333333333333,114,0,ok
fetch-20261006T122600Z-dfc47335,v2.1-f4676a0b,2025,written_question,cross_strait,0.0,2.0,0.0,114,0,ok
fetch-20261006T122600Z-dfc47335,v2.1-f4676a0b,2025,written_question,culture,0.0,2.0,0.0,114,0,ok
fetch-20261006T122600Z-dfc47335,v2.1-f4676a0b,2025,written_question,defense,0.0,2.0,0.0,114,0,ok
fetch-20261006T122600Z-dfc47335,v2.1-f4676a0b,2025,written_question,education,0.16666666666666666,2.0,0.08333333333333333,114,0,ok
fetch-20261006T122600Z-dfc47335,v2.1-f4676a0b,2025,written_question,energy,0.0,2.0,0.0,114,0,ok
fetch-20261006T122600Z-dfc47335,v2.1-f4676a0b,2025,written_question,environment,0.0,2.0,0.0,114,0,ok
fetch-20261006T122600Z-dfc47335,v2.1-f4676a0b,2025,written_question,foreign_trade,0.16666666666666666,2.0,0.08333333333333333,114,0,ok
fetch-20261006T122600Z-dfc47335,v2.1-f4676a0b,2025,written_question,government,0.0,2.0,0.0,114,0,ok
fetch-20261006T122600Z-dfc47335,v2.1-f4676a0b,2025,written_question,health,0.0,2.0,0.0,114,0,ok
fetch-20261006T122600Z-dfc47335,v2.1-f4676a0b,2025,written_question,housing,0.0,2.0,0.0,114,0,ok
fetch-20261006T122600Z-dfc47335,v2.1-f4676a0b,2025,written_question,immigration,0.0,2.0,0.0,114,0,ok
fetch-20261006T122600Z-dfc47335,v2.1-f4676a0b,2025,written_question,indigenous,0.0,2.0,0.0,114,0,ok
fetch-20261006T122600Z-dfc47335,v2.1-f4676a0b,2025,written_question,international,0.0,2.0,0.0,114,0,ok
fetch-20261006T122600Z-dfc47335,v2.1-f4676a0b,2025,written_question,labor,0.16666666666666666,2.0,0.08333333333333333,114,0,ok
fetch-20261006T122600Z-dfc47335,v2.1-f4676a0b,2025,written_question,law_crime,0.16666666666666666,2.0,0.08333333333333333,114,0,ok
fetch-20261006T122600Z-dfc47335,v2.1-f4676a0b,2025,written_question,macroeconomy,0.0,2.0,0.0,114,0,ok
fetch-20261006T122600Z-dfc47335,v2.1-f4676a0b,2025,written_question,public_lands,0.0,2.0,0.0,114,0,ok
fetch-20261006T122600Z-dfc47335,v2.1-f4676a0b,2025,written_question,social_welfare,0.0,2.0,0.0,114,0,ok
fetch-20261006T122600Z-dfc47335,v2.1-f4676a0b,2025,written_question,technology,0.0,2.0,0.0,114,0,ok
fetch-20261006T122600Z-dfc47335,v2.1-f4676a0b,2025,written_question,transitional_justice,0.0,2.0,0.0,114,0,ok
fetch-20261006T122600Z-dfc47335,v2.1-f4676a0b,2025,written_question,transportation,0.0,2.0,0.0,114,0,ok
fetch-20261006T122600Z-dfc47335,v2.1-f4676a0b,2025,written_question,unclassified,0.0,2.0,0.0,114,0,ok
