run_id,annotation_version,scope,person_id,leg_year,eligible_bills,cross_party_bills,with_independent_bills,share,excluded,status,display_name
fetch-20261006T122600Z-dfc47335,v2.1-f4676a0b,chamber,,2016,1432,428,194,0.2988826815642458,"{""organization_proposer"": 4447, ""participant_list_conflict"": 327, ""unknown_proposer"": 82, ""unresolved_participant"": 76}",ok,
fetch-20261006T122600Z-dfc47335,v2.1-f4676a0b,chamber,,2017,1204,414,192,0.3438538205980066,"{""organization_proposer"": 6883, ""participant_list_conflict"": 175, ""unknown_proposer"": 99, ""unresolved_participant"": 18}",ok,
fetch-20261006T122600Z-dfc47335,v2.1-f4676a0b,chamber,,2018,1022,292,157,0.2857142857142857,"{""organization_proposer"": 6585, ""participant_list_conflict"": 77, ""unknown_proposer"": 27, ""unresolved_participant"": 17}",ok,
fetch-20261006T122600Z-dfc47335,v2.1-f4676a0b,chamber,,2019,1013,216,174,0.21322803553800593,"{""organization_proposer"": 6601, ""unknown_proposer"": 91, ""unresolved_participant"": 3}",ok,
fetch-20261006T122600Z-dfc47335,v2.1-f4676a0b,chamber,,2020,1098,260,254,0.23679417122040072,"{""organization_proposer"": 6730, ""unknown_party"": 116, ""unknown_proposer"": 136, ""unresolved_participant"": 462}",ok,
fetch-20261006T122600Z-dfc47335,v2.1-f4676a0b,chamber,,2021,1279,283,373,0.22126661454261143,"{""organization_proposer"": 6343, ""unknown_proposer"": 8, ""unresolved_participant"": 420}",ok,
fetch-20261006T122600Z-dfc47335,v2.1-f4676a0b,chamber,,2022,1412,198,414,0.14022662889518414,"{""organization_proposer"": 11450, ""participant_list_conflict"": 2, ""unknown_proposer"": 6, ""unresolved_participant"": 285}",ok,
fetch-20261006T122600Z-dfc47335,v2.1-f4676a0b,chamber,,2023,1464,247,402,0.1687158469945355,"{""organization_proposer"": 11370, ""participant_list_conflict"": 1, ""unknown_proposer"": 8, ""unresolved_participant"": 2}",ok,
fetch-20261006T122600Z-dfc47335,v2.1-f4676a0b,chamber,,2024,2873,332,891,0.11555864949530108,"{""organization_proposer"": 5709, ""participant_list_conflict"": 8, ""unknown_proposer"": 41}",ok,
fetch-20261006T122600Z-dfc47335,v2.1-f4676a0b,chamber,,2025,2481,290,653,0.11688835147118097,"{""organization_proposer"": 7490, ""participant_list_conflict"": 1, ""unknown_proposer"": 28}",ok,
fetch-20261006T122600Z-dfc47335,v2.1-f4676a0b,person,ly1005,2016,251,77,3,0.30677290836653387,,ok,吳志揚
fetch-20261006T122600Z-dfc47335,v2.1-f4676a0b,person,ly1005,2017,203,48,3,0.23645320197044334,,ok,吳志揚
fetch-20261006T122600Z-dfc47335,v2.1-f4676a0b,person,ly1005,2018,180,37,3,0.20555555555555555,,ok,吳志揚
fetch-20261006T122600Z-dfc47335,v2.1-f4676a0b,person,ly1005,2019,125,39,1,0.312,,ok,吳志揚
fetch-20261006T122600Z-dfc47335,v2.1-f4676a0b,person,ly1008,2016,42,6,4,0.14285714285714285,,ok,吳秉叡
fetch-20261006T122600Z-dfc47335,v2.1-f4676a0b,person,ly1008,2017,113,33,35,0.2920353982300885,,ok,吳秉叡
fetch-20261006T122600Z-dfc47335,v2.1-f4676a0b,person,ly1008,2018,66,23,7,0.3484848484848485,,ok,吳秉叡
fetch-20261006T122600Z-dfc47335,v2.1-f4676a0b,person,ly1008,2019,104,7,14,0.0673076923076923,,ok,吳秉叡
fetch-20261006T122600Z-dfc47335,v2.1-f4676a0b,person,ly1008,2020,156,45,43,0.28846153846153844,,ok,吳秉叡
fetch-20261006T122600Z-dfc47335,v2.1-f4676a0b,person,ly1008,2021,203,28,69,0.13793103448275862,,ok,吳秉叡
fetch-20261006T122600Z-dfc47335,v2.1-f4676a0b,person,ly1008,2022,190,14,46,0.07368421052631578,,ok,吳秉叡
fetch-20261006T122600Z-dfc47335,v2.1-f4676a0b,person,ly1008,2023,141,12,37,0.0851063829787234,,ok,吳秉叡
fetch-20261006T122600Z-dfc47335,v2.1-f4676a0b,person,ly1008,2024,192,6,3,0.03125,,ok,吳秉叡
fetch-20261006T122600Z-dfc47335,v2.1-f4676a0b,person,ly1008,2025,200,0,0,0.0,,ok,吳秉叡
fetch-20261006T122600Z-dfc47335,v2.1-f4676a0b,person,ly1011,2016,165,38,61,0.23030303030303031,,ok,李昆澤
fetch-20261006T122600Z-dfc47335,v2.1-f4676a0b,person,ly1011,2017,222,84,71,0.3783783783783784,,ok,李昆澤
fetch-20261006T122600Z-dfc47335,v2.1-f4676a0b,person,ly1011,2018,187,61,45,0.32620320855614976,,ok,李昆澤
fetch-20261006T122600Z-dfc47335,v2.1-f4676a0b,person,ly1011,2019,213,24,38,0.11267605633802817,,ok,李昆澤
fetch-20261006T122600Z-dfc47335,v2.1-f4676a0b,person,ly1011,2020,253,66,85,0.2608695652173913,,ok,李昆澤
fetch-20261006T122600Z-dfc47335,v2.1-f4676a0b,person,ly1011,2021,257,50,97,0.19455252918287938,,ok,李昆澤
fetch-20261006T122600Z-dfc47335,v2.1-f4676a0b,person,ly1011,2022,174,31,88,0.1781609195402299,,ok,李昆澤
fetch-20261006T122600Z-dfc47335,v2.1-f4676a0b,person,ly1011,2023,225,36,75,0.16,,ok,李昆澤
fetch-20261006T122600Z-dfc47335,v2.1-f4676a0b,person,ly1011,2024,228,2,0,0.008771929824561403,,ok,李昆澤
fetch-20261006T122600Z-dfc47335,v2.1-f4676a0b,person,ly1011,2025,325,0,0,0.0,,ok,李昆澤
fetch-20261006T122600Z-dfc47335,v2.1-f4676a0b,person,ly1015,2020,272,71,67,0.2610294117647059,,ok,沈發惠
fetch-20261006T122600Z-dfc47335,v2.1-f4676a0b,person,ly1015,2021,355,63,122,0.17746478873239438,,ok,沈發惠
fetch-20261006T122600Z-dfc47335,v2.1-f4676a0b,person,ly1015,2022,326,32,108,0.09815950920245399,,ok,沈發惠
fetch-20261006T122600Z-dfc47335,v2.1-f4676a0b,person,ly1015,2023,299,33,87,0.11036789297658862,,ok,沈發惠
fetch-20261006T122600Z-dfc47335,v2.1-f4676a0b,person,ly1015,2024,283,6,3,0.02120141342756184,,ok,沈發惠
fetch-20261006T122600Z-dfc47335,v2.1-f4676a0b,person,ly1015,2025,331,0,0,0.0,,ok,沈發惠
fetch-20261006T122600Z-dfc47335,v2.1-f4676a0b,person,ly1018,2016,350,142,10,0.4057142857142857,,ok,林為洲
fetch-20261006T122600Z-dfc47335,v2.1-f4676a0b,person,ly1018,2017,302,94,7,0.31125827814569534,,ok,林為洲
fetch-20261006T122600Z-dfc47335,v2.1-f4676a0b,person,ly1018,2018,200,65,11,0.325,,ok,林為洲
fetch-20261006T122600Z-dfc47335,v2.1-f4676a0b,person,ly1018,2019,235,98,31,0.41702127659574467,,ok,林為洲
fetch-20261006T122600Z-dfc47335,v2.1-f4676a0b,person,ly1018,2020,84,1,10,0.011904761904761904,,ok,林為洲
fetch-20261006T122600Z-dfc47335,v2.1-f4676a0b,person,ly1018,2021,147,16,11,0.10884353741496598,,ok,林為洲
fetch-20261006T122600Z-dfc47335,v2.1-f4676a0b,person,ly1018,2022,126,11,6,0.0873015873015873,,ok,林為洲
fetch-20261006T122600Z-dfc47335,v2.1-f4676a0b,person,ly1018,2023,169,39,17,0.23076923076923078,,ok,林為洲
fetch-20261006T122600Z-dfc47335,v2.1-f4676a0b,person,ly1021,2016,82,25,14,0.3048780487804878,,ok,林淑芬
fetch-20261006T122600Z-dfc47335,v2.1-f4676a0b,person,ly1021,2017,64,27,22,0.421875,,ok,林淑芬
fetch-20261006T122600Z-dfc47335,v2.1-f4676a0b,person,ly1021,2018,80,23,25,0.2875,,ok,林淑芬
fetch-20261006T122600Z-dfc47335,v2.1-f4676a0b,person,ly1021,2019,80,9,23,0.1125,,ok,林淑芬
fetch-20261006T122600Z-dfc47335,v2.1-f4676a0b,person,ly1021,2020,93,31,37,0.3333333333333333,,ok,林淑芬
fetch-20261006T122600Z-dfc47335,v2.1-f4676a0b,person,ly1021,2021,77,26,38,0.33766233766233766,,ok,林淑芬
fetch-20261006T122600Z-dfc47335,v2.1-f4676a0b,person,ly1021,2022,109,16,29,0.14678899082568808,,ok,林淑芬
fetch-20261006T122600Z-dfc47335,v2.1-f4676a0b,person,ly1021,2023,154,34,47,0.22077922077922077,,ok,林淑芬
fetch-20261006T122600Z-dfc47335,v2.1-f4676a0b,person,ly1021,2024,180,10,0,0.05555555555555555,,ok,林淑芬
fetch-20261006T122600Z-dfc47335,v2.1-f4676a0b,person,ly1021,2025,218,1,0,0.0045871559633027525,,ok,林淑芬
fetch-20261006T122600Z-dfc47335,v2.1-f4676a0b,person,ly1027,2016,198,58,41,0.29292929292929293,,ok,徐國勇
fetch-20261006T122600Z-dfc47335,v2.1-f4676a0b,person,ly1033,2016,382,125,7,0.32722513089005234,,ok,張麗善
fetch-20261006T122600Z-dfc47335,v2.1-f4676a0b,person,ly1033,2017,303,89,7,0.29372937293729373,,ok,張麗善
fetch-20261006T122600Z-dfc47335,v2.1-f4676a0b,person,ly1033,2018,69,19,3,0.2753623188405797,,ok,張麗善
fetch-20261006T122600Z-dfc47335,v2.1-f4676a0b,person,ly1047,2016,173,57,40,0.32947976878612717,,ok,陳瑩
fetch-20261006T122600Z-dfc47335,v2.1-f4676a0b,person,ly1047,2017,128,39,31,0.3046875,,ok,陳瑩
fetch-20261006T122600Z-dfc47335,v2.1-f4676a0b,person,ly1047,2018,130,54,16,0.4153846153846154,,ok,陳瑩
fetch-20261006T122600Z-dfc47335,v2.1-f4676a0b,person,ly1047,2019,125,10,14,0.08,,ok,陳瑩
fetch-20261006T122600Z-dfc47335,v2.1-f4676a0b,person,ly1047,2020,178,37,46,0.20786516853932585,,ok,陳瑩
fetch-20261006T122600Z-dfc47335,v2.1-f4676a0b,person,ly1047,2021,218,60,68,0.27522935779816515,,ok,陳瑩
fetch-20261006T122600Z-dfc47335,v2.1-f4676a0b,person,ly1047,2022,162,32,58,0.19753086419753085,,ok,陳瑩
fetch-20261006T122600Z-dfc47335,v2.1-f4676a0b,person,ly1047,2023,74,13,25,0.17567567567567569,,ok,陳瑩
fetch-20261006T122600Z-dfc47335,v2.1-f4676a0b,person,ly1047,2024,198,15,1,0.07575757575757576,,ok,陳瑩
fetch-20261006T122600Z-dfc47335,v2.1-f4676a0b,person,ly1047,2025,232,1,0,0.004310344827586207,,ok,陳瑩
fetch-20261006T122600Z-dfc47335,v2.1-f4676a0b,person,ly1050,2016,217,77,4,0.3548387096774194,,ok,費鴻泰
fetch-20261006T122600Z-dfc47335,v2.1-f4676a0b,person,ly1050,2017,112,32,0,0.2857142857142857,,ok,費鴻泰
fetch-20261006T122600Z-dfc47335,v2.1-f4676a0b,person,ly1050,2018,95,22,4,0.23157894736842105,,ok,費鴻泰
fetch-20261006T122600Z-dfc47335,v2.1-f4676a0b,person,ly1050,2019,73,26,0,0.3561643835616438,,ok,費鴻泰
fetch-20261006T122600Z-dfc47335,v2.1-f4676a0b,person,ly1050,2020,56,0,5,0.0,,ok,費鴻泰
fetch-20261006T122600Z-dfc47335,v2.1-f4676a0b,person,ly1050,2021,73,3,7,0.0410958904109589,,ok,費鴻泰
fetch-20261006T122600Z-dfc47335,v2.1-f4676a0b,person,ly1050,2022,138,6,3,0.043478260869565216,,ok,費鴻泰
fetch-20261006T122600Z-dfc47335,v2.1-f4676a0b,person,ly1050,2023,111,23,9,0.2072072072072072,,ok,費鴻泰
fetch-20261006T122600Z-dfc47335,v2.1-f4676a0b,person,ly1052,2016,241,73,54,0.3029045643153527,,ok,黃偉哲
fetch-20261006T122600Z-dfc47335,v2.1-f4676a0b,person,ly1052,2017,193,87,55,0.45077720207253885,,ok,黃偉哲
fetch-20261006T122600Z-dfc47335,v2.1-f4676a0b,person,ly1052,2018,75,26,14,0.3466666666666667,,ok,黃偉哲
fetch-20261006T122600Z-dfc47335,v2.1-f4676a0b,person,ly1059,2016,50,19,11,0.38,,ok,管碧玲
fetch-20261006T122600Z-dfc47335,v2.1-f4676a0b,person,ly1059,2017,51,26,8,0.5098039215686274,,ok,管碧玲
fetch-20261006T122600Z-dfc47335,v2.1-f4676a0b,person,ly1059,2018,106,29,19,0.27358490566037735,,ok,管碧玲
fetch-20261006T122600Z-dfc47335,v2.1-f4676a0b,person,ly1059,2019,58,9,20,0.15517241379310345,,ok,管碧玲
fetch-20261006T122600Z-dfc47335,v2.1-f4676a0b,person,ly1059,2020,144,50,29,0.3472222222222222,,ok,管碧玲
fetch-20261006T122600Z-dfc47335,v2.1-f4676a0b,person,ly1059,2021,161,42,67,0.2608695652173913,,ok,管碧玲
fetch-20261006T122600Z-dfc47335,v2.1-f4676a0b,person,ly1059,2022,171,13,53,0.07602339181286549,,ok,管碧玲
fetch-20261006T122600Z-dfc47335,v2.1-f4676a0b,person,ly1062,2024,203,7,0,0.034482758620689655,,ok,蔡其昌
fetch-20261006T122600Z-dfc47335,v2.1-f4676a0b,person,ly1062,2025,244,1,0,0.004098360655737705,,ok,蔡其昌
fetch-20261006T122600Z-dfc47335,v2.1-f4676a0b,person,ly1066,2016,325,96,89,0.2953846153846154,,ok,鄭運鵬
fetch-20261006T122600Z-dfc47335,v2.1-f4676a0b,person,ly1066,2017,275,119,84,0.43272727272727274,,ok,鄭運鵬
fetch-20261006T122600Z-dfc47335,v2.1-f4676a0b,person,ly1066,2018,205,49,31,0.23902439024390243,,ok,鄭運鵬
fetch-20261006T122600Z-dfc47335,v2.1-f4676a0b,person,ly1066,2019,116,8,20,0.06896551724137931,,ok,鄭運鵬
fetch-20261006T122600Z-dfc47335,v2.1-f4676a0b,person,ly1066,2020,86,26,26,0.3023255813953488,,ok,鄭運鵬
fetch-20261006T122600Z-dfc47335,v2.1-f4676a0b,person,ly1066,2021,202,27,69,0.13366336633663367,,ok,鄭運鵬
fetch-20261006T122600Z-dfc47335,v2.1-f4676a0b,person,ly1066,2022,110,15,34,0.13636363636363635,,ok,鄭運鵬
fetch-20261006T122600Z-dfc47335,v2.1-f4676a0b,person,ly1066,2023,125,12,42,0.096,,ok,鄭運鵬
fetch-20261006T122600Z-dfc47335,v2.1-f4676a0b,person,ly1075,2024,254,21,2,0.08267716535433071,,ok,王世堅
fetch-20261006T122600Z-dfc47335,v2.1-f4676a0b,person,ly1075,2025,260,1,0,0.0038461538461538464,,ok,王世堅
fetch-20261006T122600Z-dfc47335,v2.1-f4676a0b,person,ly1088,2019,230,28,46,0.12173913043478261,,ok,余天
fetch-20261006T122600Z-dfc47335,v2.1-f4676a0b,person,ly1088,2020,312,80,87,0.2564102564102564,,ok,余天
fetch-20261006T122600Z-dfc47335,v2.1-f4676a0b,person,ly1088,2021,219,52,84,0.2374429223744292,,ok,余天
fetch-20261006T122600Z-dfc47335,v2.1-f4676a0b,person,ly1088,2022,169,32,77,0.1893491124260355,,ok,余天
fetch-20261006T122600Z-dfc47335,v2.1-f4676a0b,person,ly1088,2023,145,32,45,0.2206896551724138,,ok,余天
fetch-20261006T122600Z-dfc47335,v2.1-f4676a0b,person,ly1093,2024,488,90,270,0.18442622950819673,,ok,張嘉郡
fetch-20261006T122600Z-dfc47335,v2.1-f4676a0b,person,ly1093,2025,221,46,105,0.2081447963800905,,ok,張嘉郡
fetch-20261006T122600Z-dfc47335,v2.1-f4676a0b,person,ly1094,2016,159,57,41,0.3584905660377358,,ok,陳亭妃
fetch-20261006T122600Z-dfc47335,v2.1-f4676a0b,person,ly1094,2017,107,36,15,0.3364485981308411,,ok,陳亭妃
fetch-20261006T122600Z-dfc47335,v2.1-f4676a0b,person,ly1094,2018,112,26,46,0.23214285714285715,,ok,陳亭妃
fetch-20261006T122600Z-dfc47335,v2.1-f4676a0b,person,ly1094,2019,122,12,20,0.09836065573770492,,ok,陳亭妃
fetch-20261006T122600Z-dfc47335,v2.1-f4676a0b,person,ly1094,2020,211,78,66,0.3696682464454976,,ok,陳亭妃
fetch-20261006T122600Z-dfc47335,v2.1-f4676a0b,person,ly1094,2021,279,93,108,0.3333333333333333,,ok,陳亭妃
fetch-20261006T122600Z-dfc47335,v2.1-f4676a0b,person,ly1094,2022,303,70,177,0.23102310231023102,,ok,陳亭妃
fetch-20261006T122600Z-dfc47335,v2.1-f4676a0b,person,ly1094,2023,262,43,121,0.16412213740458015,,ok,陳亭妃
fetch-20261006T122600Z-dfc47335,v2.1-f4676a0b,person,ly1094,2024,312,14,0,0.04487179487179487,,ok,陳亭妃
fetch-20261006T122600Z-dfc47335,v2.1-f4676a0b,person,ly1094,2025,347,1,0,0.002881844380403458,,ok,陳亭妃
fetch-20261006T122600Z-dfc47335,v2.1-f4676a0b,person,ly1100,2020,122,2,11,0.01639344262295082,,ok,鄭麗文
fetch-20261006T122600Z-dfc47335,v2.1-f4676a0b,person,ly1100,2021,116,6,8,0.05172413793103448,,ok,鄭麗文
fetch-20261006T122600Z-dfc47335,v2.1-f4676a0b,person,ly1100,2022,168,15,5,0.08928571428571429,,ok,鄭麗文
fetch-20261006T122600Z-dfc47335,v2.1-f4676a0b,person,ly1100,2023,163,34,36,0.2085889570552147,,ok,鄭麗文
fetch-20261006T122600Z-dfc47335,v2.1-f4676a0b,person,ly1103,2016,389,137,9,0.35218508997429304,,ok,簡東明Uliw．Qaljupayare
fetch-20261006T122600Z-dfc47335,v2.1-f4676a0b,person,ly1103,2017,208,58,8,0.27884615384615385,,ok,簡東明Uliw．Qaljupayare
fetch-20261006T122600Z-dfc47335,v2.1-f4676a0b,person,ly1103,2019,111,54,10,0.4864864864864865,,ok,簡東明Uliw．Qaljupayare
fetch-20261006T122600Z-dfc47335,v2.1-f4676a0b,person,ly1104,2016,175,43,38,0.24571428571428572,,ok,蘇震清
fetch-20261006T122600Z-dfc47335,v2.1-f4676a0b,person,ly1104,2017,178,71,46,0.398876404494382,,ok,蘇震清
fetch-20261006T122600Z-dfc47335,v2.1-f4676a0b,person,ly1104,2018,156,59,27,0.3782051282051282,,ok,蘇震清
fetch-20261006T122600Z-dfc47335,v2.1-f4676a0b,person,ly1104,2019,110,9,19,0.08181818181818182,,ok,蘇震清
fetch-20261006T122600Z-dfc47335,v2.1-f4676a0b,person,ly1104,2021,143,48,143,0.3356643356643357,,ok,蘇震清
fetch-20261006T122600Z-dfc47335,v2.1-f4676a0b,person,ly1104,2022,148,44,148,0.2972972972972973,,ok,蘇震清
fetch-20261006T122600Z-dfc47335,v2.1-f4676a0b,person,ly1104,2023,85,13,85,0.15294117647058825,,ok,蘇震清
fetch-20261006T122600Z-dfc47335,v2.1-f4676a0b,person,ly1107,2016,381,138,4,0.36220472440944884,,ok,蔣乃辛
fetch-20261006T122600Z-dfc47335,v2.1-f4676a0b,person,ly1107,2017,342,99,5,0.2894736842105263,,ok,蔣乃辛
fetch-20261006T122600Z-dfc47335,v2.1-f4676a0b,person,ly1107,2018,281,74,8,0.26334519572953735,,ok,蔣乃辛
fetch-20261006T122600Z-dfc47335,v2.1-f4676a0b,person,ly1107,2019,237,88,11,0.37130801687763715,,ok,蔣乃辛
fetch-20261006T122600Z-dfc47335,v2.1-f4676a0b,person,ly1108,2016,174,48,51,0.27586206896551724,,ok,劉建國
fetch-20261006T122600Z-dfc47335,v2.1-f4676a0b,person,ly1108,2017,128,63,32,0.4921875,,ok,劉建國
fetch-20261006T122600Z-dfc47335,v2.1-f4676a0b,person,ly1108,2018,151,56,36,0.3708609271523179,,ok,劉建國
fetch-20261006T122600Z-dfc47335,v2.1-f4676a0b,person,ly1108,2019,146,30,20,0.2054794520547945,,ok,劉建國
fetch-20261006T122600Z-dfc47335,v2.1-f4676a0b,person,ly1108,2020,218,70,69,0.3211009174311927,,ok,劉建國
fetch-20261006T122600Z-dfc47335,v2.1-f4676a0b,person,ly1108,2021,193,70,65,0.3626943005181347,,ok,劉建國
fetch-20261006T122600Z-dfc47335,v2.1-f4676a0b,person,ly1108,2022,114,40,73,0.3508771929824561,,ok,劉建國
fetch-20261006T122600Z-dfc47335,v2.1-f4676a0b,person,ly1108,2023,191,48,64,0.2513089005235602,,ok,劉建國
fetch-20261006T122600Z-dfc47335,v2.1-f4676a0b,person,ly1108,2024,176,15,0,0.08522727272727272,,ok,劉建國
fetch-20261006T122600Z-dfc47335,v2.1-f4676a0b,person,ly1108,2025,188,1,0,0.005319148936170213,,ok,劉建國
fetch-20261006T122600Z-dfc47335,v2.1-f4676a0b,person,ly1109,2016,201,85,5,0.4228855721393035,,ok,馬文君
fetch-20261006T122600Z-dfc47335,v2.1-f4676a0b,person,ly1109,2017,199,55,8,0.27638190954773867,,ok,馬文君
fetch-20261006T122600Z-dfc47335,v2.1-f4676a0b,person,ly1109,2018,185,55,10,0.2972972972972973,,ok,馬文君
fetch-20261006T122600Z-dfc47335,v2.1-f4676a0b,person,ly1109,2019,116,50,24,0.43103448275862066,,ok,馬文君
fetch-20261006T122600Z-dfc47335,v2.1-f4676a0b,person,ly1109,2020,63,1,6,0.015873015873015872,,ok,馬文君
fetch-20261006T122600Z-dfc47335,v2.1-f4676a0b,person,ly1109,2021,44,4,1,0.09090909090909091,,ok,馬文君
fetch-20261006T122600Z-dfc47335,v2.1-f4676a0b,person,ly1109,2022,143,8,4,0.055944055944055944,,ok,馬文君
fetch-20261006T122600Z-dfc47335,v2.1-f4676a0b,person,ly1109,2023,112,16,20,0.14285714285714285,,ok,馬文君
fetch-20261006T122600Z-dfc47335,v2.1-f4676a0b,person,ly1109,2024,584,106,364,0.1815068493150685,,ok,馬文君
fetch-20261006T122600Z-dfc47335,v2.1-f4676a0b,person,ly1109,2025,489,128,286,0.261758691206544,,ok,馬文君
fetch-20261006T122600Z-dfc47335,v2.1-f4676a0b,person,ly1113,2016,407,138,6,0.33906633906633904,,ok,王育敏
fetch-20261006T122600Z-dfc47335,v2.1-f4676a0b,person,ly1113,2017,227,63,0,0.2775330396475771,,ok,王育敏
fetch-20261006T122600Z-dfc47335,v2.1-f4676a0b,person,ly1113,2018,181,43,4,0.23756906077348067,,ok,王育敏
fetch-20261006T122600Z-dfc47335,v2.1-f4676a0b,person,ly1113,2019,131,36,1,0.2748091603053435,,ok,王育敏
fetch-20261006T122600Z-dfc47335,v2.1-f4676a0b,person,ly1113,2024,432,69,236,0.1597222222222222,,ok,王育敏
fetch-20261006T122600Z-dfc47335,v2.1-f4676a0b,person,ly1113,2025,490,106,247,0.2163265306122449,,ok,王育敏
fetch-20261006T122600Z-dfc47335,v2.1-f4676a0b,person,ly1114,2016,193,58,5,0.3005181347150259,,ok,王惠美
fetch-20261006T122600Z-dfc47335,v2.1-f4676a0b,person,ly1114,2017,216,40,1,0.18518518518518517,,ok,王惠美
fetch-20261006T122600Z-dfc47335,v2.1-f4676a0b,person,ly1114,2018,53,19,7,0.3584905660377358,,ok,王惠美
fetch-20261006T122600Z-dfc47335,v2.1-f4676a0b,person,ly1115,2016,155,52,34,0.33548387096774196,,ok,尤美女
fetch-20261006T122600Z-dfc47335,v2.1-f4676a0b,person,ly1115,2017,173,88,30,0.5086705202312138,,ok,尤美女
fetch-20261006T122600Z-dfc47335,v2.1-f4676a0b,person,ly1115,2018,131,52,18,0.3969465648854962,,ok,尤美女
fetch-20261006T122600Z-dfc47335,v2.1-f4676a0b,person,ly1115,2019,109,13,17,0.11926605504587157,,ok,尤美女
fetch-20261006T122600Z-dfc47335,v2.1-f4676a0b,person,ly1116,2016,200,63,1,0.315,,ok,江啟臣
fetch-20261006T122600Z-dfc47335,v2.1-f4676a0b,person,ly1116,2017,135,19,0,0.14074074074074075,,ok,江啟臣
fetch-20261006T122600Z-dfc47335,v2.1-f4676a0b,person,ly1116,2018,115,30,6,0.2608695652173913,,ok,江啟臣
fetch-20261006T122600Z-dfc47335,v2.1-f4676a0b,person,ly1116,2019,102,37,10,0.3627450980392157,,ok,江啟臣
fetch-20261006T122600Z-dfc47335,v2.1-f4676a0b,person,ly1116,2020,29,1,0,0.034482758620689655,,ok,江啟臣
fetch-20261006T122600Z-dfc47335,v2.1-f4676a0b,person,ly1116,2021,32,3,2,0.09375,,ok,江啟臣
fetch-20261006T122600Z-dfc47335,v2.1-f4676a0b,person,ly1116,2022,55,4,4,0.07272727272727272,,ok,江啟臣
fetch-20261006T122600Z-dfc47335,v2.1-f4676a0b,person,ly1116,2023,71,2,3,0.028169014084507043,,ok,江啟臣
fetch-20261006T122600Z-dfc47335,v2.1-f4676a0b,person,ly1116,2024,2,0,2,0.0,,ok,江啟臣
fetch-20261006T122600Z-dfc47335,v2.1-f4676a0b,person,ly1118,2016,221,56,50,0.25339366515837103,,ok,何欣純
fetch-20261006T122600Z-dfc47335,v2.1-f4676a0b,person,ly1118,2017,237,85,52,0.35864978902953587,,ok,何欣純
fetch-20261006T122600Z-dfc47335,v2.1-f4676a0b,person,ly1118,2018,236,48,33,0.2033898305084746,,ok,何欣純
fetch-20261006T122600Z-dfc47335,v2.1-f4676a0b,person,ly1118,2019,218,27,35,0.12385321100917432,,ok,何欣純
fetch-20261006T122600Z-dfc47335,v2.1-f4676a0b,person,ly1118,2020,233,64,71,0.27467811158798283,,ok,何欣純
fetch-20261006T122600Z-dfc47335,v2.1-f4676a0b,person,ly1118,2021,275,75,109,0.2727272727272727,,ok,何欣純
fetch-20261006T122600Z-dfc47335,v2.1-f4676a0b,person,ly1118,2022,335,55,128,0.16417910447761194,,ok,何欣純
fetch-20261006T122600Z-dfc47335,v2.1-f4676a0b,person,ly1118,2023,280,54,95,0.19285714285714287,,ok,何欣純
fetch-20261006T122600Z-dfc47335,v2.1-f4676a0b,person,ly1118,2024,462,4,3,0.008658008658008658,,ok,何欣純
fetch-20261006T122600Z-dfc47335,v2.1-f4676a0b,person,ly1118,2025,333,0,0,0.0,,ok,何欣純
fetch-20261006T122600Z-dfc47335,v2.1-f4676a0b,person,ly1121,2016,284,88,4,0.30985915492957744,,ok,呂玉玲
fetch-20261006T122600Z-dfc47335,v2.1-f4676a0b,person,ly1121,2017,284,60,0,0.2112676056338028,,ok,呂玉玲
fetch-20261006T122600Z-dfc47335,v2.1-f4676a0b,person,ly1121,2018,225,60,11,0.26666666666666666,,ok,呂玉玲
fetch-20261006T122600Z-dfc47335,v2.1-f4676a0b,person,ly1121,2019,167,60,24,0.3592814371257485,,ok,呂玉玲
fetch-20261006T122600Z-dfc47335,v2.1-f4676a0b,person,ly1121,2020,150,4,7,0.02666666666666667,,ok,呂玉玲
fetch-20261006T122600Z-dfc47335,v2.1-f4676a0b,person,ly1121,2021,155,15,13,0.0967741935483871,,ok,呂玉玲
fetch-20261006T122600Z-dfc47335,v2.1-f4676a0b,person,ly1121,2022,107,11,8,0.102803738317757,,ok,呂玉玲
fetch-20261006T122600Z-dfc47335,v2.1-f4676a0b,person,ly1121,2023,127,18,14,0.14173228346456693,,ok,呂玉玲
fetch-20261006T122600Z-dfc47335,v2.1-f4676a0b,person,ly1121,2024,451,68,252,0.15077605321507762,,ok,呂玉玲
fetch-20261006T122600Z-dfc47335,v2.1-f4676a0b,person,ly1121,2025,282,55,154,0.1950354609929078,,ok,呂玉玲
fetch-20261006T122600Z-dfc47335,v2.1-f4676a0b,person,ly1122,2016,310,66,74,0.2129032258064516,,ok,李俊俋
fetch-20261006T122600Z-dfc47335,v2.1-f4676a0b,person,ly1122,2017,276,95,55,0.3442028985507246,,ok,李俊俋
fetch-20261006T122600Z-dfc47335,v2.1-f4676a0b,person,ly1122,2018,246,80,35,0.3252032520325203,,ok,李俊俋
fetch-20261006T122600Z-dfc47335,v2.1-f4676a0b,person,ly1122,2019,356,36,89,0.10112359550561797,,ok,李俊俋
fetch-20261006T122600Z-dfc47335,v2.1-f4676a0b,person,ly1123,2020,104,8,11,0.07692307692307693,,ok,李貴敏
fetch-20261006T122600Z-dfc47335,v2.1-f4676a0b,person,ly1123,2021,96,18,6,0.1875,,ok,李貴敏
fetch-20261006T122600Z-dfc47335,v2.1-f4676a0b,person,ly1123,2022,71,13,2,0.18309859154929578,,ok,李貴敏
fetch-20261006T122600Z-dfc47335,v2.1-f4676a0b,person,ly1123,2023,96,8,12,0.08333333333333333,,ok,李貴敏
fetch-20261006T122600Z-dfc47335,v2.1-f4676a0b,person,ly1128,2016,168,38,43,0.2261904761904762,,ok,邱志偉
fetch-20261006T122600Z-dfc47335,v2.1-f4676a0b,person,ly1128,2017,153,64,25,0.41830065359477125,,ok,邱志偉
fetch-20261006T122600Z-dfc47335,v2.1-f4676a0b,person,ly1128,2018,157,33,48,0.21019108280254778,,ok,邱志偉
fetch-20261006T122600Z-dfc47335,v2.1-f4676a0b,person,ly1128,2019,108,15,21,0.1388888888888889,,ok,邱志偉
fetch-20261006T122600Z-dfc47335,v2.1-f4676a0b,person,ly1128,2020,189,72,64,0.38095238095238093,,ok,邱志偉
fetch-20261006T122600Z-dfc47335,v2.1-f4676a0b,person,ly1128,2021,219,85,95,0.3881278538812785,,ok,邱志偉
fetch-20261006T122600Z-dfc47335,v2.1-f4676a0b,person,ly1128,2022,263,71,155,0.26996197718631176,,ok,邱志偉
fetch-20261006T122600Z-dfc47335,v2.1-f4676a0b,person,ly1128,2023,267,52,125,0.1947565543071161,,ok,邱志偉
fetch-20261006T122600Z-dfc47335,v2.1-f4676a0b,person,ly1128,2024,297,6,1,0.020202020202020204,,ok,邱志偉
fetch-20261006T122600Z-dfc47335,v2.1-f4676a0b,person,ly1128,2025,294,0,0,0.0,,ok,邱志偉
fetch-20261006T122600Z-dfc47335,v2.1-f4676a0b,person,ly1129,2016,168,60,49,0.35714285714285715,,ok,姚文智
fetch-20261006T122600Z-dfc47335,v2.1-f4676a0b,person,ly1129,2017,181,85,35,0.4696132596685083,,ok,姚文智
fetch-20261006T122600Z-dfc47335,v2.1-f4676a0b,person,ly1129,2018,62,20,10,0.3225806451612903,,ok,姚文智
fetch-20261006T122600Z-dfc47335,v2.1-f4676a0b,person,ly1130,2024,395,78,269,0.19746835443037974,,ok,徐欣瑩
fetch-20261006T122600Z-dfc47335,v2.1-f4676a0b,person,ly1130,2025,250,39,140,0.156,,ok,徐欣瑩
fetch-20261006T122600Z-dfc47335,v2.1-f4676a0b,person,ly1133,2016,172,44,31,0.2558139534883721,,ok,許智傑
fetch-20261006T122600Z-dfc47335,v2.1-f4676a0b,person,ly1133,2017,193,63,54,0.32642487046632124,,ok,許智傑
fetch-20261006T122600Z-dfc47335,v2.1-f4676a0b,person,ly1133,2018,165,32,32,0.19393939393939394,,ok,許智傑
fetch-20261006T122600Z-dfc47335,v2.1-f4676a0b,person,ly1133,2019,187,30,25,0.16042780748663102,,ok,許智傑
fetch-20261006T122600Z-dfc47335,v2.1-f4676a0b,person,ly1133,2020,286,103,93,0.36013986013986016,,ok,許智傑
fetch-20261006T122600Z-dfc47335,v2.1-f4676a0b,person,ly1133,2021,357,108,141,0.3025210084033613,,ok,許智傑
fetch-20261006T122600Z-dfc47335,v2.1-f4676a0b,person,ly1133,2022,433,63,169,0.14549653579676675,,ok,許智傑
fetch-20261006T122600Z-dfc47335,v2.1-f4676a0b,person,ly1133,2023,387,64,158,0.165374677002584,,ok,許智傑
fetch-20261006T122600Z-dfc47335,v2.1-f4676a0b,person,ly1133,2024,436,13,1,0.02981651376146789,,ok,許智傑
fetch-20261006T122600Z-dfc47335,v2.1-f4676a0b,person,ly1133,2025,412,1,0,0.0024271844660194173,,ok,許智傑
fetch-20261006T122600Z-dfc47335,v2.1-f4676a0b,person,ly1134,2016,258,112,10,0.43410852713178294,,ok,陳雪生
fetch-20261006T122600Z-dfc47335,v2.1-f4676a0b,person,ly1134,2017,203,78,14,0.3842364532019704,,ok,陳雪生
fetch-20261006T122600Z-dfc47335,v2.1-f4676a0b,person,ly1134,2018,192,87,13,0.453125,,ok,陳雪生
fetch-20261006T122600Z-dfc47335,v2.1-f4676a0b,person,ly1134,2019,160,93,31,0.58125,,ok,陳雪生
fetch-20261006T122600Z-dfc47335,v2.1-f4676a0b,person,ly1134,2020,157,16,18,0.10191082802547771,,ok,陳雪生
fetch-20261006T122600Z-dfc47335,v2.1-f4676a0b,person,ly1134,2021,151,40,40,0.26490066225165565,,ok,陳雪生
fetch-20261006T122600Z-dfc47335,v2.1-f4676a0b,person,ly1134,2022,121,16,17,0.1322314049586777,,ok,陳雪生
fetch-20261006T122600Z-dfc47335,v2.1-f4676a0b,person,ly1134,2023,120,37,30,0.30833333333333335,,ok,陳雪生
fetch-20261006T122600Z-dfc47335,v2.1-f4676a0b,person,ly1134,2024,523,111,302,0.21223709369024857,,ok,陳雪生
fetch-20261006T122600Z-dfc47335,v2.1-f4676a0b,person,ly1134,2025,603,150,352,0.24875621890547264,,ok,陳雪生
fetch-20261006T122600Z-dfc47335,v2.1-f4676a0b,person,ly1136,2016,128,43,36,0.3359375,,ok,陳歐珀
fetch-20261006T122600Z-dfc47335,v2.1-f4676a0b,person,ly1136,2017,123,51,44,0.4146341463414634,,ok,陳歐珀
fetch-20261006T122600Z-dfc47335,v2.1-f4676a0b,person,ly1136,2018,42,27,6,0.6428571428571429,,ok,陳歐珀
fetch-20261006T122600Z-dfc47335,v2.1-f4676a0b,person,ly1136,2019,174,16,31,0.09195402298850575,,ok,陳歐珀
fetch-20261006T122600Z-dfc47335,v2.1-f4676a0b,person,ly1136,2020,178,46,45,0.25842696629213485,,ok,陳歐珀
fetch-20261006T122600Z-dfc47335,v2.1-f4676a0b,person,ly1136,2021,230,66,99,0.28695652173913044,,ok,陳歐珀
fetch-20261006T122600Z-dfc47335,v2.1-f4676a0b,person,ly1136,2022,235,49,99,0.20851063829787234,,ok,陳歐珀
fetch-20261006T122600Z-dfc47335,v2.1-f4676a0b,person,ly1136,2023,267,37,116,0.13857677902621723,,ok,陳歐珀
fetch-20261006T122600Z-dfc47335,v2.1-f4676a0b,person,ly1142,2016,82,22,10,0.2682926829268293,,ok,楊曜
fetch-20261006T122600Z-dfc47335,v2.1-f4676a0b,person,ly1142,2017,79,41,15,0.5189873417721519,,ok,楊曜
fetch-20261006T122600Z-dfc47335,v2.1-f4676a0b,person,ly1142,2018,86,38,13,0.4418604651162791,,ok,楊曜
fetch-20261006T122600Z-dfc47335,v2.1-f4676a0b,person,ly1142,2019,108,28,11,0.25925925925925924,,ok,楊曜
fetch-20261006T122600Z-dfc47335,v2.1-f4676a0b,person,ly1142,2020,102,52,41,0.5098039215686274,,ok,楊曜
fetch-20261006T122600Z-dfc47335,v2.1-f4676a0b,person,ly1142,2021,165,65,67,0.3939393939393939,,ok,楊曜
fetch-20261006T122600Z-dfc47335,v2.1-f4676a0b,person,ly1142,2022,111,34,57,0.3063063063063063,,ok,楊曜
fetch-20261006T122600Z-dfc47335,v2.1-f4676a0b,person,ly1142,2023,84,8,28,0.09523809523809523,,ok,楊曜
fetch-20261006T122600Z-dfc47335,v2.1-f4676a0b,person,ly1142,2024,127,6,2,0.047244094488188976,,ok,楊曜
fetch-20261006T122600Z-dfc47335,v2.1-f4676a0b,person,ly1142,2025,95,1,0,0.010526315789473684,,ok,楊曜
fetch-20261006T122600Z-dfc47335,v2.1-f4676a0b,person,ly1144,2016,136,26,40,0.19117647058823528,,ok,趙天麟
fetch-20261006T122600Z-dfc47335,v2.1-f4676a0b,person,ly1144,2017,115,54,30,0.46956521739130436,,ok,趙天麟
fetch-20261006T122600Z-dfc47335,v2.1-f4676a0b,person,ly1144,2018,92,29,25,0.31521739130434784,,ok,趙天麟
fetch-20261006T122600Z-dfc47335,v2.1-f4676a0b,person,ly1144,2019,217,14,41,0.06451612903225806,,ok,趙天麟
fetch-20261006T122600Z-dfc47335,v2.1-f4676a0b,person,ly1144,2020,194,65,39,0.33505154639175255,,ok,趙天麟
fetch-20261006T122600Z-dfc47335,v2.1-f4676a0b,person,ly1144,2021,178,50,80,0.2808988764044944,,ok,趙天麟
fetch-20261006T122600Z-dfc47335,v2.1-f4676a0b,person,ly1144,2022,118,12,60,0.1016949152542373,,ok,趙天麟
fetch-20261006T122600Z-dfc47335,v2.1-f4676a0b,person,ly1144,2023,141,29,50,0.20567375886524822,,ok,趙天麟
fetch-20261006T122600Z-dfc47335,v2.1-f4676a0b,person,ly1145,2016,100,30,45,0.3,,ok,劉櫂豪
fetch-20261006T122600Z-dfc47335,v2.1-f4676a0b,person,ly1145,2017,152,44,29,0.2894736842105263,,ok,劉櫂豪
fetch-20261006T122600Z-dfc47335,v2.1-f4676a0b,person,ly1145,2018,39,8,8,0.20512820512820512,,ok,劉櫂豪
fetch-20261006T122600Z-dfc47335,v2.1-f4676a0b,person,ly1145,2019,44,11,12,0.25,,ok,劉櫂豪
fetch-20261006T122600Z-dfc47335,v2.1-f4676a0b,person,ly1145,2020,119,40,36,0.33613445378151263,,ok,劉櫂豪
fetch-20261006T122600Z-dfc47335,v2.1-f4676a0b,person,ly1145,2021,174,62,88,0.3563218390804598,,ok,劉櫂豪
fetch-20261006T122600Z-dfc47335,v2.1-f4676a0b,person,ly1145,2022,171,55,99,0.3216374269005848,,ok,劉櫂豪
fetch-20261006T122600Z-dfc47335,v2.1-f4676a0b,person,ly1145,2023,58,22,40,0.3793103448275862,,ok,劉櫂豪
fetch-20261006T122600Z-dfc47335,v2.1-f4676a0b,person,ly1146,2016,496,202,19,0.40725806451612906,,ok,鄭天財 Sra Kacaw
fetch-20261006T122600Z-dfc47335,v2.1-f4676a0b,person,ly1146,2017,337,101,14,0.2997032640949555,,ok,鄭天財 Sra Kacaw
fetch-20261006T122600Z-dfc47335,v2.1-f4676a0b,person,ly1146,2018,233,76,12,0.3261802575107296,,ok,鄭天財 Sra Kacaw
fetch-20261006T122600Z-dfc47335,v2.1-f4676a0b,person,ly1146,2019,171,59,6,0.34502923976608185,,ok,鄭天財 Sra Kacaw
fetch-20261006T122600Z-dfc47335,v2.1-f4676a0b,person,ly1146,2020,221,18,13,0.08144796380090498,,ok,鄭天財 Sra Kacaw
fetch-20261006T122600Z-dfc47335,v2.1-f4676a0b,person,ly1146,2021,203,36,35,0.17733990147783252,,ok,鄭天財 Sra Kacaw
fetch-20261006T122600Z-dfc47335,v2.1-f4676a0b,person,ly1146,2022,250,23,13,0.092,,ok,鄭天財 Sra Kacaw
fetch-20261006T122600Z-dfc47335,v2.1-f4676a0b,person,ly1146,2023,313,79,58,0.2523961661341853,,ok,鄭天財 Sra Kacaw
fetch-20261006T122600Z-dfc47335,v2.1-f4676a0b,person,ly1146,2024,869,159,533,0.18296892980437285,,ok,鄭天財 Sra Kacaw
fetch-20261006T122600Z-dfc47335,v2.1-f4676a0b,person,ly1146,2025,643,163,371,0.2534992223950233,,ok,鄭天財 Sra Kacaw
fetch-20261006T122600Z-dfc47335,v2.1-f4676a0b,person,ly1147,2016,82,19,18,0.23170731707317074,,ok,鄭麗君
fetch-20261006T122600Z-dfc47335,v2.1-f4676a0b,person,ly1148,2024,706,99,412,0.14022662889518414,,ok,蘇清泉
fetch-20261006T122600Z-dfc47335,v2.1-f4676a0b,person,ly1148,2025,568,88,309,0.15492957746478872,,ok,蘇清泉
fetch-20261006T122600Z-dfc47335,v2.1-f4676a0b,person,ly1149,2016,226,59,6,0.2610619469026549,,ok,顏寬恒
fetch-20261006T122600Z-dfc47335,v2.1-f4676a0b,person,ly1149,2017,195,67,5,0.3435897435897436,,ok,顏寬恒
fetch-20261006T122600Z-dfc47335,v2.1-f4676a0b,person,ly1149,2018,175,63,16,0.36,,ok,顏寬恒
fetch-20261006T122600Z-dfc47335,v2.1-f4676a0b,person,ly1149,2019,136,61,13,0.4485294117647059,,ok,顏寬恒
fetch-20261006T122600Z-dfc47335,v2.1-f4676a0b,person,ly1149,2024,574,138,345,0.24041811846689895,,ok,顏寬恒
fetch-20261006T122600Z-dfc47335,v2.1-f4676a0b,person,ly1149,2025,476,95,255,0.19957983193277312,,ok,顏寬恒
fetch-20261006T122600Z-dfc47335,v2.1-f4676a0b,person,ly1150,2016,116,114,7,0.9827586206896551,,ok,陳怡潔
fetch-20261006T122600Z-dfc47335,v2.1-f4676a0b,person,ly1150,2017,74,64,11,0.8648648648648649,,ok,陳怡潔
fetch-20261006T122600Z-dfc47335,v2.1-f4676a0b,person,ly1150,2018,55,54,13,0.9818181818181818,,ok,陳怡潔
fetch-20261006T122600Z-dfc47335,v2.1-f4676a0b,person,ly1150,2019,47,47,16,1.0,,ok,陳怡潔
fetch-20261006T122600Z-dfc47335,v2.1-f4676a0b,person,ly1154,2016,374,149,11,0.3983957219251337,,ok,徐志榮
fetch-20261006T122600Z-dfc47335,v2.1-f4676a0b,person,ly1154,2017,313,97,8,0.30990415335463256,,ok,徐志榮
fetch-20261006T122600Z-dfc47335,v2.1-f4676a0b,person,ly1154,2018,207,67,10,0.32367149758454106,,ok,徐志榮
fetch-20261006T122600Z-dfc47335,v2.1-f4676a0b,person,ly1154,2019,218,88,25,0.4036697247706422,,ok,徐志榮
fetch-20261006T122600Z-dfc47335,v2.1-f4676a0b,person,ly1154,2020,125,4,8,0.032,,ok,徐志榮
fetch-20261006T122600Z-dfc47335,v2.1-f4676a0b,person,ly1154,2021,172,16,19,0.09302325581395349,,ok,徐志榮
fetch-20261006T122600Z-dfc47335,v2.1-f4676a0b,person,ly1154,2022,176,16,13,0.09090909090909091,,ok,徐志榮
fetch-20261006T122600Z-dfc47335,v2.1-f4676a0b,person,ly1154,2023,178,26,15,0.14606741573033707,,ok,徐志榮
fetch-20261006T122600Z-dfc47335,v2.1-f4676a0b,person,ly1155,2016,274,70,58,0.25547445255474455,,ok,莊瑞雄
fetch-20261006T122600Z-dfc47335,v2.1-f4676a0b,person,ly1155,2017,253,117,60,0.4624505928853755,,ok,莊瑞雄
fetch-20261006T122600Z-dfc47335,v2.1-f4676a0b,person,ly1155,2018,253,75,72,0.2964426877470356,,ok,莊瑞雄
fetch-20261006T122600Z-dfc47335,v2.1-f4676a0b,person,ly1155,2019,181,12,32,0.06629834254143646,,ok,莊瑞雄
fetch-20261006T122600Z-dfc47335,v2.1-f4676a0b,person,ly1155,2020,247,70,92,0.2834008097165992,,ok,莊瑞雄
fetch-20261006T122600Z-dfc47335,v2.1-f4676a0b,person,ly1155,2021,399,119,174,0.2982456140350877,,ok,莊瑞雄
fetch-20261006T122600Z-dfc47335,v2.1-f4676a0b,person,ly1155,2022,320,68,140,0.2125,,ok,莊瑞雄
fetch-20261006T122600Z-dfc47335,v2.1-f4676a0b,person,ly1155,2023,354,58,120,0.1638418079096045,,ok,莊瑞雄
fetch-20261006T122600Z-dfc47335,v2.1-f4676a0b,person,ly1155,2024,303,18,1,0.0594059405940594,,ok,莊瑞雄
fetch-20261006T122600Z-dfc47335,v2.1-f4676a0b,person,ly1155,2025,387,0,0,0.0,,ok,莊瑞雄
fetch-20261006T122600Z-dfc47335,v2.1-f4676a0b,person,ly1156,2016,309,105,1,0.33980582524271846,,ok,許淑華
fetch-20261006T122600Z-dfc47335,v2.1-f4676a0b,person,ly1156,2017,315,95,6,0.30158730158730157,,ok,許淑華
fetch-20261006T122600Z-dfc47335,v2.1-f4676a0b,person,ly1156,2018,200,77,12,0.385,,ok,許淑華
fetch-20261006T122600Z-dfc47335,v2.1-f4676a0b,person,ly1156,2019,122,59,20,0.48360655737704916,,ok,許淑華
fetch-20261006T122600Z-dfc47335,v2.1-f4676a0b,person,ly1156,2020,88,3,14,0.03409090909090909,,ok,許淑華
fetch-20261006T122600Z-dfc47335,v2.1-f4676a0b,person,ly1156,2021,73,7,9,0.0958904109589041,,ok,許淑華
fetch-20261006T122600Z-dfc47335,v2.1-f4676a0b,person,ly1156,2022,48,6,6,0.125,,ok,許淑華
fetch-20261006T122600Z-dfc47335,v2.1-f4676a0b,person,ly1157,2016,230,50,74,0.21739130434782608,,ok,陳素月
fetch-20261006T122600Z-dfc47335,v2.1-f4676a0b,person,ly1157,2017,235,88,70,0.37446808510638296,,ok,陳素月
fetch-20261006T122600Z-dfc47335,v2.1-f4676a0b,person,ly1157,2018,219,45,58,0.2054794520547945,,ok,陳素月
fetch-20261006T122600Z-dfc47335,v2.1-f4676a0b,person,ly1157,2019,221,29,50,0.13122171945701358,,ok,陳素月
fetch-20261006T122600Z-dfc47335,v2.1-f4676a0b,person,ly1157,2020,313,91,107,0.29073482428115016,,ok,陳素月
fetch-20261006T122600Z-dfc47335,v2.1-f4676a0b,person,ly1157,2021,313,56,124,0.17891373801916932,,ok,陳素月
fetch-20261006T122600Z-dfc47335,v2.1-f4676a0b,person,ly1157,2022,410,55,163,0.13414634146341464,,ok,陳素月
fetch-20261006T122600Z-dfc47335,v2.1-f4676a0b,person,ly1157,2023,348,68,125,0.19540229885057472,,ok,陳素月
fetch-20261006T122600Z-dfc47335,v2.1-f4676a0b,person,ly1157,2024,463,10,3,0.02159827213822894,,ok,陳素月
fetch-20261006T122600Z-dfc47335,v2.1-f4676a0b,person,ly1157,2025,583,1,0,0.0017152658662092624,,ok,陳素月
fetch-20261006T122600Z-dfc47335,v2.1-f4676a0b,person,ly1158,2016,271,65,71,0.23985239852398524,,ok,黃國書
fetch-20261006T122600Z-dfc47335,v2.1-f4676a0b,person,ly1158,2017,217,75,63,0.3456221198156682,,ok,黃國書
fetch-20261006T122600Z-dfc47335,v2.1-f4676a0b,person,ly1158,2018,217,53,52,0.24423963133640553,,ok,黃國書
fetch-20261006T122600Z-dfc47335,v2.1-f4676a0b,person,ly1158,2019,227,24,58,0.10572687224669604,,ok,黃國書
fetch-20261006T122600Z-dfc47335,v2.1-f4676a0b,person,ly1158,2020,295,85,61,0.288135593220339,,ok,黃國書
fetch-20261006T122600Z-dfc47335,v2.1-f4676a0b,person,ly1158,2021,267,49,109,0.18352059925093633,,ok,黃國書
fetch-20261006T122600Z-dfc47335,v2.1-f4676a0b,person,ly1158,2022,194,62,194,0.31958762886597936,,ok,黃國書
fetch-20261006T122600Z-dfc47335,v2.1-f4676a0b,person,ly1158,2023,176,62,176,0.3522727272727273,,ok,黃國書
fetch-20261006T122600Z-dfc47335,v2.1-f4676a0b,person,ly1160,2016,212,78,50,0.36792452830188677,,ok,王定宇
fetch-20261006T122600Z-dfc47335,v2.1-f4676a0b,person,ly1160,2017,87,41,32,0.47126436781609193,,ok,王定宇
fetch-20261006T122600Z-dfc47335,v2.1-f4676a0b,person,ly1160,2018,73,17,20,0.2328767123287671,,ok,王定宇
fetch-20261006T122600Z-dfc47335,v2.1-f4676a0b,person,ly1160,2019,60,13,13,0.21666666666666667,,ok,王定宇
fetch-20261006T122600Z-dfc47335,v2.1-f4676a0b,person,ly1160,2020,71,41,23,0.5774647887323944,,ok,王定宇
fetch-20261006T122600Z-dfc47335,v2.1-f4676a0b,person,ly1160,2021,122,32,54,0.26229508196721313,,ok,王定宇
fetch-20261006T122600Z-dfc47335,v2.1-f4676a0b,person,ly1160,2022,94,8,43,0.0851063829787234,,ok,王定宇
fetch-20261006T122600Z-dfc47335,v2.1-f4676a0b,person,ly1160,2023,56,9,9,0.16071428571428573,,ok,王定宇
fetch-20261006T122600Z-dfc47335,v2.1-f4676a0b,person,ly1160,2024,92,4,3,0.043478260869565216,,ok,王定宇
fetch-20261006T122600Z-dfc47335,v2.1-f4676a0b,person,ly1160,2025,115,0,0,0.0,,ok,王定宇
fetch-20261006T122600Z-dfc47335,v2.1-f4676a0b,person,ly1161,2016,163,45,37,0.27607361963190186,,ok,江永昌
fetch-20261006T122600Z-dfc47335,v2.1-f4676a0b,person,ly1161,2017,189,72,50,0.38095238095238093,,ok,江永昌
fetch-20261006T122600Z-dfc47335,v2.1-f4676a0b,person,ly1161,2018,222,61,34,0.2747747747747748,,ok,江永昌
fetch-20261006T122600Z-dfc47335,v2.1-f4676a0b,person,ly1161,2019,155,21,12,0.13548387096774195,,ok,江永昌
fetch-20261006T122600Z-dfc47335,v2.1-f4676a0b,person,ly1161,2020,260,77,76,0.29615384615384616,,ok,江永昌
fetch-20261006T122600Z-dfc47335,v2.1-f4676a0b,person,ly1161,2021,414,100,154,0.24154589371980675,,ok,江永昌
fetch-20261006T122600Z-dfc47335,v2.1-f4676a0b,person,ly1161,2022,405,43,124,0.10617283950617284,,ok,江永昌
fetch-20261006T122600Z-dfc47335,v2.1-f4676a0b,person,ly1161,2023,355,84,127,0.23661971830985915,,ok,江永昌
fetch-20261006T122600Z-dfc47335,v2.1-f4676a0b,person,ly1162,2016,219,52,52,0.2374429223744292,,ok,余宛如
fetch-20261006T122600Z-dfc47335,v2.1-f4676a0b,person,ly1162,2017,178,54,39,0.30337078651685395,,ok,余宛如
fetch-20261006T122600Z-dfc47335,v2.1-f4676a0b,person,ly1162,2018,210,51,42,0.24285714285714285,,ok,余宛如
fetch-20261006T122600Z-dfc47335,v2.1-f4676a0b,person,ly1162,2019,271,16,52,0.05904059040590406,,ok,余宛如
fetch-20261006T122600Z-dfc47335,v2.1-f4676a0b,person,ly1163,2016,189,57,41,0.30158730158730157,,ok,吳玉琴
fetch-20261006T122600Z-dfc47335,v2.1-f4676a0b,person,ly1163,2017,280,95,64,0.3392857142857143,,ok,吳玉琴
fetch-20261006T122600Z-dfc47335,v2.1-f4676a0b,person,ly1163,2018,241,59,44,0.24481327800829875,,ok,吳玉琴
fetch-20261006T122600Z-dfc47335,v2.1-f4676a0b,person,ly1163,2019,256,24,45,0.09375,,ok,吳玉琴
fetch-20261006T122600Z-dfc47335,v2.1-f4676a0b,person,ly1163,2020,347,89,84,0.2564841498559078,,ok,吳玉琴
fetch-20261006T122600Z-dfc47335,v2.1-f4676a0b,person,ly1163,2021,480,118,164,0.24583333333333332,,ok,吳玉琴
fetch-20261006T122600Z-dfc47335,v2.1-f4676a0b,person,ly1163,2022,511,79,178,0.15459882583170254,,ok,吳玉琴
fetch-20261006T122600Z-dfc47335,v2.1-f4676a0b,person,ly1163,2023,418,77,127,0.18421052631578946,,ok,吳玉琴
fetch-20261006T122600Z-dfc47335,v2.1-f4676a0b,person,ly1164,2016,274,72,60,0.26277372262773724,,ok,吳思瑤
fetch-20261006T122600Z-dfc47335,v2.1-f4676a0b,person,ly1164,2017,221,92,61,0.416289592760181,,ok,吳思瑤
fetch-20261006T122600Z-dfc47335,v2.1-f4676a0b,person,ly1164,2018,126,21,22,0.16666666666666666,,ok,吳思瑤
fetch-20261006T122600Z-dfc47335,v2.1-f4676a0b,person,ly1164,2019,181,22,26,0.12154696132596685,,ok,吳思瑤
fetch-20261006T122600Z-dfc47335,v2.1-f4676a0b,person,ly1164,2020,211,55,51,0.26066350710900477,,ok,吳思瑤
fetch-20261006T122600Z-dfc47335,v2.1-f4676a0b,person,ly1164,2021,310,57,77,0.18387096774193548,,ok,吳思瑤
fetch-20261006T122600Z-dfc47335,v2.1-f4676a0b,person,ly1164,2022,344,56,143,0.16279069767441862,,ok,吳思瑤
fetch-20261006T122600Z-dfc47335,v2.1-f4676a0b,person,ly1164,2023,388,62,146,0.15979381443298968,,ok,吳思瑤
fetch-20261006T122600Z-dfc47335,v2.1-f4676a0b,person,ly1164,2024,173,3,3,0.017341040462427744,,ok,吳思瑤
fetch-20261006T122600Z-dfc47335,v2.1-f4676a0b,person,ly1164,2025,317,0,0,0.0,,ok,吳思瑤
fetch-20261006T122600Z-dfc47335,v2.1-f4676a0b,person,ly1165,2016,304,98,71,0.3223684210526316,,ok,吳焜裕
fetch-20261006T122600Z-dfc47335,v2.1-f4676a0b,person,ly1165,2017,255,90,61,0.35294117647058826,,ok,吳焜裕
fetch-20261006T122600Z-dfc47335,v2.1-f4676a0b,person,ly1165,2018,262,61,50,0.23282442748091603,,ok,吳焜裕
fetch-20261006T122600Z-dfc47335,v2.1-f4676a0b,person,ly1165,2019,256,23,54,0.08984375,,ok,吳焜裕
fetch-20261006T122600Z-dfc47335,v2.1-f4676a0b,person,ly1166,2016,185,42,38,0.22702702702702704,,ok,吳琪銘
fetch-20261006T122600Z-dfc47335,v2.1-f4676a0b,person,ly1166,2017,125,49,35,0.392,,ok,吳琪銘
fetch-20261006T122600Z-dfc47335,v2.1-f4676a0b,person,ly1166,2018,163,46,42,0.2822085889570552,,ok,吳琪銘
fetch-20261006T122600Z-dfc47335,v2.1-f4676a0b,person,ly1166,2019,215,22,46,0.10232558139534884,,ok,吳琪銘
fetch-20261006T122600Z-dfc47335,v2.1-f4676a0b,person,ly1166,2020,188,52,68,0.2765957446808511,,ok,吳琪銘
fetch-20261006T122600Z-dfc47335,v2.1-f4676a0b,person,ly1166,2021,253,84,121,0.33201581027667987,,ok,吳琪銘
fetch-20261006T122600Z-dfc47335,v2.1-f4676a0b,person,ly1166,2022,284,63,145,0.22183098591549297,,ok,吳琪銘
fetch-20261006T122600Z-dfc47335,v2.1-f4676a0b,person,ly1166,2023,232,45,94,0.1939655172413793,,ok,吳琪銘
fetch-20261006T122600Z-dfc47335,v2.1-f4676a0b,person,ly1166,2024,251,8,1,0.03187250996015936,,ok,吳琪銘
fetch-20261006T122600Z-dfc47335,v2.1-f4676a0b,person,ly1166,2025,270,1,0,0.003703703703703704,,ok,吳琪銘
fetch-20261006T122600Z-dfc47335,v2.1-f4676a0b,person,ly1167,2016,339,86,86,0.2536873156342183,,ok,呂孫綾
fetch-20261006T122600Z-dfc47335,v2.1-f4676a0b,person,ly1167,2017,245,113,73,0.46122448979591835,,ok,呂孫綾
fetch-20261006T122600Z-dfc47335,v2.1-f4676a0b,person,ly1167,2018,209,49,40,0.23444976076555024,,ok,呂孫綾
fetch-20261006T122600Z-dfc47335,v2.1-f4676a0b,person,ly1167,2019,232,27,65,0.11637931034482758,,ok,呂孫綾
fetch-20261006T122600Z-dfc47335,v2.1-f4676a0b,person,ly1168,2016,394,147,8,0.3730964467005076,,ok,李彥秀
fetch-20261006T122600Z-dfc47335,v2.1-f4676a0b,person,ly1168,2017,239,64,3,0.26778242677824265,,ok,李彥秀
fetch-20261006T122600Z-dfc47335,v2.1-f4676a0b,person,ly1168,2018,194,50,7,0.25773195876288657,,ok,李彥秀
fetch-20261006T122600Z-dfc47335,v2.1-f4676a0b,person,ly1168,2019,122,55,3,0.45081967213114754,,ok,李彥秀
fetch-20261006T122600Z-dfc47335,v2.1-f4676a0b,person,ly1168,2024,335,76,152,0.22686567164179106,,ok,李彥秀
fetch-20261006T122600Z-dfc47335,v2.1-f4676a0b,person,ly1168,2025,212,23,90,0.10849056603773585,,ok,李彥秀
fetch-20261006T122600Z-dfc47335,v2.1-f4676a0b,person,ly1170,2016,241,76,61,0.3153526970954357,,ok,周春米
fetch-20261006T122600Z-dfc47335,v2.1-f4676a0b,person,ly1170,2017,241,90,75,0.37344398340248963,,ok,周春米
fetch-20261006T122600Z-dfc47335,v2.1-f4676a0b,person,ly1170,2018,232,55,36,0.23706896551724138,,ok,周春米
fetch-20261006T122600Z-dfc47335,v2.1-f4676a0b,person,ly1170,2019,211,21,43,0.0995260663507109,,ok,周春米
fetch-20261006T122600Z-dfc47335,v2.1-f4676a0b,person,ly1170,2020,236,65,65,0.2754237288135593,,ok,周春米
fetch-20261006T122600Z-dfc47335,v2.1-f4676a0b,person,ly1170,2021,269,33,90,0.12267657992565056,,ok,周春米
fetch-20261006T122600Z-dfc47335,v2.1-f4676a0b,person,ly1170,2022,96,3,20,0.03125,,ok,周春米
fetch-20261006T122600Z-dfc47335,v2.1-f4676a0b,person,ly1171,2016,99,99,16,1.0,,ok,周陳秀霞
fetch-20261006T122600Z-dfc47335,v2.1-f4676a0b,person,ly1171,2017,97,87,9,0.8969072164948454,,ok,周陳秀霞
fetch-20261006T122600Z-dfc47335,v2.1-f4676a0b,person,ly1171,2018,63,63,21,1.0,,ok,周陳秀霞
fetch-20261006T122600Z-dfc47335,v2.1-f4676a0b,person,ly1171,2019,80,80,34,1.0,,ok,周陳秀霞
fetch-20261006T122600Z-dfc47335,v2.1-f4676a0b,person,ly1172,2016,271,85,84,0.31365313653136534,,ok,林俊憲
fetch-20261006T122600Z-dfc47335,v2.1-f4676a0b,person,ly1172,2017,218,91,53,0.41743119266055045,,ok,林俊憲
fetch-20261006T122600Z-dfc47335,v2.1-f4676a0b,person,ly1172,2018,173,40,41,0.23121387283236994,,ok,林俊憲
fetch-20261006T122600Z-dfc47335,v2.1-f4676a0b,person,ly1172,2019,172,35,50,0.20348837209302326,,ok,林俊憲
fetch-20261006T122600Z-dfc47335,v2.1-f4676a0b,person,ly1172,2020,203,82,78,0.4039408866995074,,ok,林俊憲
fetch-20261006T122600Z-dfc47335,v2.1-f4676a0b,person,ly1172,2021,268,84,113,0.31343283582089554,,ok,林俊憲
fetch-20261006T122600Z-dfc47335,v2.1-f4676a0b,person,ly1172,2022,255,49,118,0.19215686274509805,,ok,林俊憲
fetch-20261006T122600Z-dfc47335,v2.1-f4676a0b,person,ly1172,2023,196,30,77,0.15306122448979592,,ok,林俊憲
fetch-20261006T122600Z-dfc47335,v2.1-f4676a0b,person,ly1172,2024,353,11,0,0.031161473087818695,,ok,林俊憲
fetch-20261006T122600Z-dfc47335,v2.1-f4676a0b,person,ly1172,2025,400,1,0,0.0025,,ok,林俊憲
fetch-20261006T122600Z-dfc47335,v2.1-f4676a0b,person,ly1173,2016,76,61,8,0.8026315789473685,,ok,林昶佐
fetch-20261006T122600Z-dfc47335,v2.1-f4676a0b,person,ly1173,2017,80,58,18,0.725,,ok,林昶佐
fetch-20261006T122600Z-dfc47335,v2.1-f4676a0b,person,ly1173,2018,49,49,10,1.0,,ok,林昶佐
fetch-20261006T122600Z-dfc47335,v2.1-f4676a0b,person,ly1173,2019,54,37,26,0.6851851851851852,,ok,林昶佐
fetch-20261006T122600Z-dfc47335,v2.1-f4676a0b,person,ly1173,2020,100,49,100,0.49,,ok,林昶佐
fetch-20261006T122600Z-dfc47335,v2.1-f4676a0b,person,ly1173,2021,105,51,105,0.4857142857142857,,ok,林昶佐
fetch-20261006T122600Z-dfc47335,v2.1-f4676a0b,person,ly1173,2022,85,24,85,0.2823529411764706,,ok,林昶佐
fetch-20261006T122600Z-dfc47335,v2.1-f4676a0b,person,ly1173,2023,120,30,110,0.25,,ok,林昶佐
fetch-20261006T122600Z-dfc47335,v2.1-f4676a0b,person,ly1174,2016,162,41,46,0.25308641975308643,,ok,林靜儀
fetch-20261006T122600Z-dfc47335,v2.1-f4676a0b,person,ly1174,2017,165,75,36,0.45454545454545453,,ok,林靜儀
fetch-20261006T122600Z-dfc47335,v2.1-f4676a0b,person,ly1174,2018,160,41,23,0.25625,,ok,林靜儀
fetch-20261006T122600Z-dfc47335,v2.1-f4676a0b,person,ly1174,2019,190,20,52,0.10526315789473684,,ok,林靜儀
fetch-20261006T122600Z-dfc47335,v2.1-f4676a0b,person,ly1174,2022,343,62,149,0.18075801749271136,,ok,林靜儀
fetch-20261006T122600Z-dfc47335,v2.1-f4676a0b,person,ly1174,2023,291,40,114,0.13745704467353953,,ok,林靜儀
fetch-20261006T122600Z-dfc47335,v2.1-f4676a0b,person,ly1175,2016,499,197,18,0.39478957915831664,,ok,林麗蟬
fetch-20261006T122600Z-dfc47335,v2.1-f4676a0b,person,ly1175,2017,356,100,6,0.2808988764044944,,ok,林麗蟬
fetch-20261006T122600Z-dfc47335,v2.1-f4676a0b,person,ly1175,2018,276,80,16,0.2898550724637681,,ok,林麗蟬
fetch-20261006T122600Z-dfc47335,v2.1-f4676a0b,person,ly1175,2019,228,90,27,0.39473684210526316,,ok,林麗蟬
fetch-20261006T122600Z-dfc47335,v2.1-f4676a0b,person,ly1176,2016,405,122,8,0.3012345679012346,,ok,柯志恩
fetch-20261006T122600Z-dfc47335,v2.1-f4676a0b,person,ly1176,2017,301,83,5,0.2757475083056478,,ok,柯志恩
fetch-20261006T122600Z-dfc47335,v2.1-f4676a0b,person,ly1176,2018,235,67,7,0.2851063829787234,,ok,柯志恩
fetch-20261006T122600Z-dfc47335,v2.1-f4676a0b,person,ly1176,2019,178,53,4,0.29775280898876405,,ok,柯志恩
fetch-20261006T122600Z-dfc47335,v2.1-f4676a0b,person,ly1176,2024,301,47,146,0.15614617940199335,,ok,柯志恩
fetch-20261006T122600Z-dfc47335,v2.1-f4676a0b,person,ly1176,2025,241,50,119,0.2074688796680498,,ok,柯志恩
fetch-20261006T122600Z-dfc47335,v2.1-f4676a0b,person,ly1177,2016,313,68,69,0.21725239616613418,,ok,洪宗熠
fetch-20261006T122600Z-dfc47335,v2.1-f4676a0b,person,ly1177,2017,284,127,79,0.4471830985915493,,ok,洪宗熠
fetch-20261006T122600Z-dfc47335,v2.1-f4676a0b,person,ly1177,2018,281,65,83,0.2313167259786477,,ok,洪宗熠
fetch-20261006T122600Z-dfc47335,v2.1-f4676a0b,person,ly1177,2019,288,30,85,0.10416666666666667,,ok,洪宗熠
fetch-20261006T122600Z-dfc47335,v2.1-f4676a0b,person,ly1178,2016,75,68,16,0.9066666666666666,,ok,洪慈庸
fetch-20261006T122600Z-dfc47335,v2.1-f4676a0b,person,ly1178,2017,86,63,24,0.7325581395348837,,ok,洪慈庸
fetch-20261006T122600Z-dfc47335,v2.1-f4676a0b,person,ly1178,2018,53,52,12,0.9811320754716981,,ok,洪慈庸
fetch-20261006T122600Z-dfc47335,v2.1-f4676a0b,person,ly1178,2019,37,26,19,0.7027027027027027,,ok,洪慈庸
fetch-20261006T122600Z-dfc47335,v2.1-f4676a0b,person,ly1179,2016,90,74,19,0.8222222222222222,,ok,徐永明
fetch-20261006T122600Z-dfc47335,v2.1-f4676a0b,person,ly1179,2017,59,36,14,0.6101694915254238,,ok,徐永明
fetch-20261006T122600Z-dfc47335,v2.1-f4676a0b,person,ly1179,2018,36,28,8,0.7777777777777778,,ok,徐永明
fetch-20261006T122600Z-dfc47335,v2.1-f4676a0b,person,ly1179,2019,14,14,0,1.0,,ok,徐永明
fetch-20261006T122600Z-dfc47335,v2.1-f4676a0b,person,ly1180,2016,330,121,8,0.36666666666666664,,ok,徐榛蔚
fetch-20261006T122600Z-dfc47335,v2.1-f4676a0b,person,ly1180,2017,127,21,0,0.16535433070866143,,ok,徐榛蔚
fetch-20261006T122600Z-dfc47335,v2.1-f4676a0b,person,ly1180,2018,63,15,1,0.23809523809523808,,ok,徐榛蔚
fetch-20261006T122600Z-dfc47335,v2.1-f4676a0b,person,ly1181,2016,94,82,18,0.8723404255319149,,ok,高潞．以用．巴魕剌Kawlo．Iyun．Pacidal
fetch-20261006T122600Z-dfc47335,v2.1-f4676a0b,person,ly1181,2017,201,176,53,0.8756218905472637,,ok,高潞．以用．巴魕剌Kawlo．Iyun．Pacidal
fetch-20261006T122600Z-dfc47335,v2.1-f4676a0b,person,ly1181,2018,107,107,25,1.0,,ok,高潞．以用．巴魕剌Kawlo．Iyun．Pacidal
fetch-20261006T122600Z-dfc47335,v2.1-f4676a0b,person,ly1181,2019,30,30,7,1.0,,ok,高潞．以用．巴魕剌Kawlo．Iyun．Pacidal
fetch-20261006T122600Z-dfc47335,v2.1-f4676a0b,person,ly1182,2016,129,42,30,0.32558139534883723,,ok,張宏陸
fetch-20261006T122600Z-dfc47335,v2.1-f4676a0b,person,ly1182,2017,165,69,37,0.41818181818181815,,ok,張宏陸
fetch-20261006T122600Z-dfc47335,v2.1-f4676a0b,person,ly1182,2018,134,40,36,0.29850746268656714,,ok,張宏陸
fetch-20261006T122600Z-dfc47335,v2.1-f4676a0b,person,ly1182,2019,221,14,47,0.06334841628959276,,ok,張宏陸
fetch-20261006T122600Z-dfc47335,v2.1-f4676a0b,person,ly1182,2020,223,62,52,0.27802690582959644,,ok,張宏陸
fetch-20261006T122600Z-dfc47335,v2.1-f4676a0b,person,ly1182,2021,267,56,100,0.20973782771535582,,ok,張宏陸
fetch-20261006T122600Z-dfc47335,v2.1-f4676a0b,person,ly1182,2022,238,25,90,0.10504201680672269,,ok,張宏陸
fetch-20261006T122600Z-dfc47335,v2.1-f4676a0b,person,ly1182,2023,299,37,82,0.12374581939799331,,ok,張宏陸
fetch-20261006T122600Z-dfc47335,v2.1-f4676a0b,person,ly1182,2024,262,2,3,0.007633587786259542,,ok,張宏陸
fetch-20261006T122600Z-dfc47335,v2.1-f4676a0b,person,ly1182,2025,334,1,0,0.0029940119760479044,,ok,張宏陸
fetch-20261006T122600Z-dfc47335,v2.1-f4676a0b,person,ly1183,2016,283,73,74,0.2579505300353357,,ok,張廖萬堅
fetch-20261006T122600Z-dfc47335,v2.1-f4676a0b,person,ly1183,2017,196,88,51,0.4489795918367347,,ok,張廖萬堅
fetch-20261006T122600Z-dfc47335,v2.1-f4676a0b,person,ly1183,2018,222,75,43,0.33783783783783783,,ok,張廖萬堅
fetch-20261006T122600Z-dfc47335,v2.1-f4676a0b,person,ly1183,2019,216,31,35,0.14351851851851852,,ok,張廖萬堅
fetch-20261006T122600Z-dfc47335,v2.1-f4676a0b,person,ly1183,2020,267,63,87,0.23595505617977527,,ok,張廖萬堅
fetch-20261006T122600Z-dfc47335,v2.1-f4676a0b,person,ly1183,2021,332,71,106,0.21385542168674698,,ok,張廖萬堅
fetch-20261006T122600Z-dfc47335,v2.1-f4676a0b,person,ly1183,2022,446,70,188,0.15695067264573992,,ok,張廖萬堅
fetch-20261006T122600Z-dfc47335,v2.1-f4676a0b,person,ly1183,2023,411,93,188,0.22627737226277372,,ok,張廖萬堅
fetch-20261006T122600Z-dfc47335,v2.1-f4676a0b,person,ly1184,2016,378,153,8,0.40476190476190477,,ok,許毓仁
fetch-20261006T122600Z-dfc47335,v2.1-f4676a0b,person,ly1184,2017,222,47,1,0.21171171171171171,,ok,許毓仁
fetch-20261006T122600Z-dfc47335,v2.1-f4676a0b,person,ly1184,2018,176,39,4,0.2215909090909091,,ok,許毓仁
fetch-20261006T122600Z-dfc47335,v2.1-f4676a0b,person,ly1184,2019,194,69,17,0.3556701030927835,,ok,許毓仁
fetch-20261006T122600Z-dfc47335,v2.1-f4676a0b,person,ly1185,2016,416,147,9,0.35336538461538464,,ok,陳宜民
fetch-20261006T122600Z-dfc47335,v2.1-f4676a0b,person,ly1185,2017,278,82,7,0.2949640287769784,,ok,陳宜民
fetch-20261006T122600Z-dfc47335,v2.1-f4676a0b,person,ly1185,2018,206,52,5,0.2524271844660194,,ok,陳宜民
fetch-20261006T122600Z-dfc47335,v2.1-f4676a0b,person,ly1185,2019,191,73,28,0.38219895287958117,,ok,陳宜民
fetch-20261006T122600Z-dfc47335,v2.1-f4676a0b,person,ly1186,2016,325,99,64,0.3046153846153846,,ok,陳曼麗
fetch-20261006T122600Z-dfc47335,v2.1-f4676a0b,person,ly1186,2017,311,129,87,0.41479099678456594,,ok,陳曼麗
fetch-20261006T122600Z-dfc47335,v2.1-f4676a0b,person,ly1186,2018,285,84,46,0.29473684210526313,,ok,陳曼麗
fetch-20261006T122600Z-dfc47335,v2.1-f4676a0b,person,ly1186,2019,345,38,74,0.11014492753623188,,ok,陳曼麗
fetch-20261006T122600Z-dfc47335,v2.1-f4676a0b,person,ly1187,2016,185,42,47,0.22702702702702704,,ok,陳賴素美
fetch-20261006T122600Z-dfc47335,v2.1-f4676a0b,person,ly1187,2017,148,54,60,0.36486486486486486,,ok,陳賴素美
fetch-20261006T122600Z-dfc47335,v2.1-f4676a0b,person,ly1187,2018,150,35,49,0.23333333333333334,,ok,陳賴素美
fetch-20261006T122600Z-dfc47335,v2.1-f4676a0b,person,ly1187,2019,192,15,32,0.078125,,ok,陳賴素美
fetch-20261006T122600Z-dfc47335,v2.1-f4676a0b,person,ly1188,2016,533,210,15,0.39399624765478425,,ok,曾銘宗
fetch-20261006T122600Z-dfc47335,v2.1-f4676a0b,person,ly1188,2017,356,109,11,0.3061797752808989,,ok,曾銘宗
fetch-20261006T122600Z-dfc47335,v2.1-f4676a0b,person,ly1188,2018,277,88,7,0.3176895306859206,,ok,曾銘宗
fetch-20261006T122600Z-dfc47335,v2.1-f4676a0b,person,ly1188,2019,248,116,32,0.46774193548387094,,ok,曾銘宗
fetch-20261006T122600Z-dfc47335,v2.1-f4676a0b,person,ly1188,2020,216,7,14,0.032407407407407406,,ok,曾銘宗
fetch-20261006T122600Z-dfc47335,v2.1-f4676a0b,person,ly1188,2021,175,15,8,0.08571428571428572,,ok,曾銘宗
fetch-20261006T122600Z-dfc47335,v2.1-f4676a0b,person,ly1188,2022,266,29,17,0.10902255639097744,,ok,曾銘宗
fetch-20261006T122600Z-dfc47335,v2.1-f4676a0b,person,ly1188,2023,256,58,40,0.2265625,,ok,曾銘宗
fetch-20261006T122600Z-dfc47335,v2.1-f4676a0b,person,ly1189,2016,300,84,79,0.28,,ok,黃秀芳
fetch-20261006T122600Z-dfc47335,v2.1-f4676a0b,person,ly1189,2017,266,113,77,0.424812030075188,,ok,黃秀芳
fetch-20261006T122600Z-dfc47335,v2.1-f4676a0b,person,ly1189,2018,235,67,59,0.2851063829787234,,ok,黃秀芳
fetch-20261006T122600Z-dfc47335,v2.1-f4676a0b,person,ly1189,2019,217,32,47,0.14746543778801843,,ok,黃秀芳
fetch-20261006T122600Z-dfc47335,v2.1-f4676a0b,person,ly1189,2020,241,84,58,0.34854771784232363,,ok,黃秀芳
fetch-20261006T122600Z-dfc47335,v2.1-f4676a0b,person,ly1189,2021,320,97,117,0.303125,,ok,黃秀芳
fetch-20261006T122600Z-dfc47335,v2.1-f4676a0b,person,ly1189,2022,280,42,108,0.15,,ok,黃秀芳
fetch-20261006T122600Z-dfc47335,v2.1-f4676a0b,person,ly1189,2023,283,45,90,0.15901060070671377,,ok,黃秀芳
fetch-20261006T122600Z-dfc47335,v2.1-f4676a0b,person,ly1189,2024,371,20,0,0.05390835579514825,,ok,黃秀芳
fetch-20261006T122600Z-dfc47335,v2.1-f4676a0b,person,ly1189,2025,385,1,0,0.0025974025974025974,,ok,黃秀芳
fetch-20261006T122600Z-dfc47335,v2.1-f4676a0b,person,ly1190,2016,51,28,8,0.5490196078431373,,ok,黃國昌
fetch-20261006T122600Z-dfc47335,v2.1-f4676a0b,person,ly1190,2017,52,21,7,0.40384615384615385,,ok,黃國昌
fetch-20261006T122600Z-dfc47335,v2.1-f4676a0b,person,ly1190,2018,32,20,8,0.625,,ok,黃國昌
fetch-20261006T122600Z-dfc47335,v2.1-f4676a0b,person,ly1190,2019,17,16,1,0.9411764705882353,,ok,黃國昌
fetch-20261006T122600Z-dfc47335,v2.1-f4676a0b,person,ly1190,2024,170,13,8,0.07647058823529412,,ok,黃國昌
fetch-20261006T122600Z-dfc47335,v2.1-f4676a0b,person,ly1190,2025,69,5,4,0.07246376811594203,,ok,黃國昌
fetch-20261006T122600Z-dfc47335,v2.1-f4676a0b,person,ly1191,2016,230,74,6,0.3217391304347826,,ok,楊鎮浯
fetch-20261006T122600Z-dfc47335,v2.1-f4676a0b,person,ly1191,2017,207,55,6,0.26570048309178745,,ok,楊鎮浯
fetch-20261006T122600Z-dfc47335,v2.1-f4676a0b,person,ly1191,2018,80,39,4,0.4875,,ok,楊鎮浯
fetch-20261006T122600Z-dfc47335,v2.1-f4676a0b,person,ly1192,2016,194,61,194,0.31443298969072164,,ok,趙正宇
fetch-20261006T122600Z-dfc47335,v2.1-f4676a0b,person,ly1192,2017,192,96,192,0.5,,ok,趙正宇
fetch-20261006T122600Z-dfc47335,v2.1-f4676a0b,person,ly1192,2018,157,52,157,0.33121019108280253,,ok,趙正宇
fetch-20261006T122600Z-dfc47335,v2.1-f4676a0b,person,ly1192,2019,160,49,160,0.30625,,ok,趙正宇
fetch-20261006T122600Z-dfc47335,v2.1-f4676a0b,person,ly1192,2020,148,59,148,0.39864864864864863,,ok,趙正宇
fetch-20261006T122600Z-dfc47335,v2.1-f4676a0b,person,ly1192,2021,136,56,136,0.4117647058823529,,ok,趙正宇
fetch-20261006T122600Z-dfc47335,v2.1-f4676a0b,person,ly1192,2022,55,19,55,0.34545454545454546,,ok,趙正宇
fetch-20261006T122600Z-dfc47335,v2.1-f4676a0b,person,ly1192,2023,28,11,28,0.39285714285714285,,ok,趙正宇
fetch-20261006T122600Z-dfc47335,v2.1-f4676a0b,person,ly1193,2016,337,97,71,0.2878338278931751,,ok,蔡易餘
fetch-20261006T122600Z-dfc47335,v2.1-f4676a0b,person,ly1193,2017,276,114,57,0.41304347826086957,,ok,蔡易餘
fetch-20261006T122600Z-dfc47335,v2.1-f4676a0b,person,ly1193,2018,254,77,52,0.3031496062992126,,ok,蔡易餘
fetch-20261006T122600Z-dfc47335,v2.1-f4676a0b,person,ly1193,2019,273,49,50,0.1794871794871795,,ok,蔡易餘
fetch-20261006T122600Z-dfc47335,v2.1-f4676a0b,person,ly1193,2020,363,124,114,0.3415977961432507,,ok,蔡易餘
fetch-20261006T122600Z-dfc47335,v2.1-f4676a0b,person,ly1193,2021,447,146,167,0.32662192393736017,,ok,蔡易餘
fetch-20261006T122600Z-dfc47335,v2.1-f4676a0b,person,ly1193,2022,458,98,211,0.21397379912663755,,ok,蔡易餘
fetch-20261006T122600Z-dfc47335,v2.1-f4676a0b,person,ly1193,2023,376,84,173,0.22340425531914893,,ok,蔡易餘
fetch-20261006T122600Z-dfc47335,v2.1-f4676a0b,person,ly1193,2024,597,32,1,0.05360134003350084,,ok,蔡易餘
fetch-20261006T122600Z-dfc47335,v2.1-f4676a0b,person,ly1193,2025,529,0,0,0.0,,ok,蔡易餘
fetch-20261006T122600Z-dfc47335,v2.1-f4676a0b,person,ly1194,2016,98,33,19,0.336734693877551,,ok,蔡培慧
fetch-20261006T122600Z-dfc47335,v2.1-f4676a0b,person,ly1194,2017,111,41,20,0.36936936936936937,,ok,蔡培慧
fetch-20261006T122600Z-dfc47335,v2.1-f4676a0b,person,ly1194,2018,143,46,24,0.32167832167832167,,ok,蔡培慧
fetch-20261006T122600Z-dfc47335,v2.1-f4676a0b,person,ly1194,2019,140,11,32,0.07857142857142857,,ok,蔡培慧
fetch-20261006T122600Z-dfc47335,v2.1-f4676a0b,person,ly1194,2023,197,45,76,0.22842639593908629,,ok,蔡培慧
fetch-20261006T122600Z-dfc47335,v2.1-f4676a0b,person,ly1195,2016,265,91,67,0.3433962264150943,,ok,蔡適應
fetch-20261006T122600Z-dfc47335,v2.1-f4676a0b,person,ly1195,2017,138,55,29,0.39855072463768115,,ok,蔡適應
fetch-20261006T122600Z-dfc47335,v2.1-f4676a0b,person,ly1195,2018,134,42,41,0.31343283582089554,,ok,蔡適應
fetch-20261006T122600Z-dfc47335,v2.1-f4676a0b,person,ly1195,2019,139,21,24,0.1510791366906475,,ok,蔡適應
fetch-20261006T122600Z-dfc47335,v2.1-f4676a0b,person,ly1195,2020,134,25,33,0.1865671641791045,,ok,蔡適應
fetch-20261006T122600Z-dfc47335,v2.1-f4676a0b,person,ly1195,2021,166,49,49,0.29518072289156627,,ok,蔡適應
fetch-20261006T122600Z-dfc47335,v2.1-f4676a0b,person,ly1195,2022,89,8,47,0.0898876404494382,,ok,蔡適應
fetch-20261006T122600Z-dfc47335,v2.1-f4676a0b,person,ly1195,2023,117,18,52,0.15384615384615385,,ok,蔡適應
fetch-20261006T122600Z-dfc47335,v2.1-f4676a0b,person,ly1196,2016,419,169,11,0.4033412887828162,,ok,蔣萬安
fetch-20261006T122600Z-dfc47335,v2.1-f4676a0b,person,ly1196,2017,242,86,8,0.35537190082644626,,ok,蔣萬安
fetch-20261006T122600Z-dfc47335,v2.1-f4676a0b,person,ly1196,2018,168,56,11,0.3333333333333333,,ok,蔣萬安
fetch-20261006T122600Z-dfc47335,v2.1-f4676a0b,person,ly1196,2019,139,42,4,0.302158273381295,,ok,蔣萬安
fetch-20261006T122600Z-dfc47335,v2.1-f4676a0b,person,ly1196,2020,67,3,7,0.04477611940298507,,ok,蔣萬安
fetch-20261006T122600Z-dfc47335,v2.1-f4676a0b,person,ly1196,2021,104,16,11,0.15384615384615385,,ok,蔣萬安
fetch-20261006T122600Z-dfc47335,v2.1-f4676a0b,person,ly1196,2022,17,4,4,0.23529411764705882,,ok,蔣萬安
fetch-20261006T122600Z-dfc47335,v2.1-f4676a0b,person,ly1197,2016,224,68,59,0.30357142857142855,,ok,賴瑞隆
fetch-20261006T122600Z-dfc47335,v2.1-f4676a0b,person,ly1197,2017,160,52,30,0.325,,ok,賴瑞隆
fetch-20261006T122600Z-dfc47335,v2.1-f4676a0b,person,ly1197,2018,178,55,40,0.3089887640449438,,ok,賴瑞隆
fetch-20261006T122600Z-dfc47335,v2.1-f4676a0b,person,ly1197,2019,136,13,28,0.09558823529411764,,ok,賴瑞隆
fetch-20261006T122600Z-dfc47335,v2.1-f4676a0b,person,ly1197,2020,210,54,67,0.2571428571428571,,ok,賴瑞隆
fetch-20261006T122600Z-dfc47335,v2.1-f4676a0b,person,ly1197,2021,186,37,88,0.1989247311827957,,ok,賴瑞隆
fetch-20261006T122600Z-dfc47335,v2.1-f4676a0b,person,ly1197,2022,248,58,112,0.23387096774193547,,ok,賴瑞隆
fetch-20261006T122600Z-dfc47335,v2.1-f4676a0b,person,ly1197,2023,190,17,66,0.08947368421052632,,ok,賴瑞隆
fetch-20261006T122600Z-dfc47335,v2.1-f4676a0b,person,ly1197,2024,216,6,0,0.027777777777777776,,ok,賴瑞隆
fetch-20261006T122600Z-dfc47335,v2.1-f4676a0b,person,ly1197,2025,286,0,0,0.0,,ok,賴瑞隆
fetch-20261006T122600Z-dfc47335,v2.1-f4676a0b,person,ly1198,2016,351,94,97,0.2678062678062678,,ok,鍾孔炤
fetch-20261006T122600Z-dfc47335,v2.1-f4676a0b,person,ly1198,2017,346,107,90,0.3092485549132948,,ok,鍾孔炤
fetch-20261006T122600Z-dfc47335,v2.1-f4676a0b,person,ly1198,2018,355,88,81,0.24788732394366197,,ok,鍾孔炤
fetch-20261006T122600Z-dfc47335,v2.1-f4676a0b,person,ly1198,2019,352,36,73,0.10227272727272728,,ok,鍾孔炤
fetch-20261006T122600Z-dfc47335,v2.1-f4676a0b,person,ly1199,2016,232,59,52,0.2543103448275862,,ok,鍾佳濱
fetch-20261006T122600Z-dfc47335,v2.1-f4676a0b,person,ly1199,2017,269,113,69,0.4200743494423792,,ok,鍾佳濱
fetch-20261006T122600Z-dfc47335,v2.1-f4676a0b,person,ly1199,2018,290,74,60,0.25517241379310346,,ok,鍾佳濱
fetch-20261006T122600Z-dfc47335,v2.1-f4676a0b,person,ly1199,2019,233,23,44,0.09871244635193133,,ok,鍾佳濱
fetch-20261006T122600Z-dfc47335,v2.1-f4676a0b,person,ly1199,2020,330,123,88,0.37272727272727274,,ok,鍾佳濱
fetch-20261006T122600Z-dfc47335,v2.1-f4676a0b,person,ly1199,2021,399,98,132,0.24561403508771928,,ok,鍾佳濱
fetch-20261006T122600Z-dfc47335,v2.1-f4676a0b,person,ly1199,2022,336,55,140,0.1636904761904762,,ok,鍾佳濱
fetch-20261006T122600Z-dfc47335,v2.1-f4676a0b,person,ly1199,2023,465,69,160,0.14838709677419354,,ok,鍾佳濱
fetch-20261006T122600Z-dfc47335,v2.1-f4676a0b,person,ly1199,2024,447,16,0,0.035794183445190156,,ok,鍾佳濱
fetch-20261006T122600Z-dfc47335,v2.1-f4676a0b,person,ly1199,2025,492,1,0,0.0020325203252032522,,ok,鍾佳濱
fetch-20261006T122600Z-dfc47335,v2.1-f4676a0b,person,ly1200,2016,313,83,79,0.26517571884984026,,ok,羅致政
fetch-20261006T122600Z-dfc47335,v2.1-f4676a0b,person,ly1200,2017,190,66,52,0.3473684210526316,,ok,羅致政
fetch-20261006T122600Z-dfc47335,v2.1-f4676a0b,person,ly1200,2018,207,47,51,0.22705314009661837,,ok,羅致政
fetch-20261006T122600Z-dfc47335,v2.1-f4676a0b,person,ly1200,2019,169,21,28,0.1242603550295858,,ok,羅致政
fetch-20261006T122600Z-dfc47335,v2.1-f4676a0b,person,ly1200,2020,307,106,76,0.34527687296416937,,ok,羅致政
fetch-20261006T122600Z-dfc47335,v2.1-f4676a0b,person,ly1200,2021,358,104,140,0.2905027932960894,,ok,羅致政
fetch-20261006T122600Z-dfc47335,v2.1-f4676a0b,person,ly1200,2022,299,38,137,0.12709030100334448,,ok,羅致政
fetch-20261006T122600Z-dfc47335,v2.1-f4676a0b,person,ly1200,2023,285,49,136,0.17192982456140352,,ok,羅致政
fetch-20261006T122600Z-dfc47335,v2.1-f4676a0b,person,ly1201,2016,252,56,67,0.2222222222222222,,ok,蘇巧慧
fetch-20261006T122600Z-dfc47335,v2.1-f4676a0b,person,ly1201,2017,184,65,54,0.3532608695652174,,ok,蘇巧慧
fetch-20261006T122600Z-dfc47335,v2.1-f4676a0b,person,ly1201,2018,200,53,52,0.265,,ok,蘇巧慧
fetch-20261006T122600Z-dfc47335,v2.1-f4676a0b,person,ly1201,2019,236,13,48,0.05508474576271186,,ok,蘇巧慧
fetch-20261006T122600Z-dfc47335,v2.1-f4676a0b,person,ly1201,2020,271,91,95,0.33579335793357934,,ok,蘇巧慧
fetch-20261006T122600Z-dfc47335,v2.1-f4676a0b,person,ly1201,2021,348,75,144,0.21551724137931033,,ok,蘇巧慧
fetch-20261006T122600Z-dfc47335,v2.1-f4676a0b,person,ly1201,2022,304,33,103,0.10855263157894737,,ok,蘇巧慧
fetch-20261006T122600Z-dfc47335,v2.1-f4676a0b,person,ly1201,2023,327,42,100,0.12844036697247707,,ok,蘇巧慧
fetch-20261006T122600Z-dfc47335,v2.1-f4676a0b,person,ly1201,2024,275,1,3,0.0036363636363636364,,ok,蘇巧慧
fetch-20261006T122600Z-dfc47335,v2.1-f4676a0b,person,ly1201,2025,290,0,0,0.0,,ok,蘇巧慧
fetch-20261006T122600Z-dfc47335,v2.1-f4676a0b,person,ly1202,2016,143,60,21,0.4195804195804196,,ok,顧立雄
fetch-20261006T122600Z-dfc47335,v2.1-f4676a0b,person,ly1203,2016,155,27,39,0.17419354838709677,,ok,施義芳
fetch-20261006T122600Z-dfc47335,v2.1-f4676a0b,person,ly1203,2017,297,105,85,0.35353535353535354,,ok,施義芳
fetch-20261006T122600Z-dfc47335,v2.1-f4676a0b,person,ly1203,2018,281,72,56,0.25622775800711745,,ok,施義芳
fetch-20261006T122600Z-dfc47335,v2.1-f4676a0b,person,ly1203,2019,295,35,59,0.11864406779661017,,ok,施義芳
fetch-20261006T122600Z-dfc47335,v2.1-f4676a0b,person,ly1204,2016,99,20,34,0.20202020202020202,,ok,李麗芬
fetch-20261006T122600Z-dfc47335,v2.1-f4676a0b,person,ly1204,2017,268,100,66,0.373134328358209,,ok,李麗芬
fetch-20261006T122600Z-dfc47335,v2.1-f4676a0b,person,ly1204,2018,264,65,46,0.24621212121212122,,ok,李麗芬
fetch-20261006T122600Z-dfc47335,v2.1-f4676a0b,person,ly1204,2019,329,25,65,0.07598784194528875,,ok,李麗芬
fetch-20261006T122600Z-dfc47335,v2.1-f4676a0b,person,ly1205,2016,97,26,32,0.26804123711340205,,ok,邱泰源
fetch-20261006T122600Z-dfc47335,v2.1-f4676a0b,person,ly1205,2017,354,143,89,0.403954802259887,,ok,邱泰源
fetch-20261006T122600Z-dfc47335,v2.1-f4676a0b,person,ly1205,2018,316,85,74,0.2689873417721519,,ok,邱泰源
fetch-20261006T122600Z-dfc47335,v2.1-f4676a0b,person,ly1205,2019,298,19,51,0.06375838926174497,,ok,邱泰源
fetch-20261006T122600Z-dfc47335,v2.1-f4676a0b,person,ly1205,2020,281,86,55,0.30604982206405695,,ok,邱泰源
fetch-20261006T122600Z-dfc47335,v2.1-f4676a0b,person,ly1205,2021,399,94,139,0.23558897243107768,,ok,邱泰源
fetch-20261006T122600Z-dfc47335,v2.1-f4676a0b,person,ly1205,2022,425,60,164,0.1411764705882353,,ok,邱泰源
fetch-20261006T122600Z-dfc47335,v2.1-f4676a0b,person,ly1205,2023,321,39,98,0.12149532710280374,,ok,邱泰源
fetch-20261006T122600Z-dfc47335,v2.1-f4676a0b,person,ly1206,2018,120,14,36,0.11666666666666667,,ok,蔣絜安
fetch-20261006T122600Z-dfc47335,v2.1-f4676a0b,person,ly1206,2019,253,8,58,0.03162055335968379,,ok,蔣絜安
fetch-20261006T122600Z-dfc47335,v2.1-f4676a0b,person,ly1207,2018,51,24,5,0.47058823529411764,,ok,林奕華
fetch-20261006T122600Z-dfc47335,v2.1-f4676a0b,person,ly1207,2019,213,78,4,0.36619718309859156,,ok,林奕華
fetch-20261006T122600Z-dfc47335,v2.1-f4676a0b,person,ly1207,2020,140,3,9,0.02142857142857143,,ok,林奕華
fetch-20261006T122600Z-dfc47335,v2.1-f4676a0b,person,ly1207,2021,128,22,15,0.171875,,ok,林奕華
fetch-20261006T122600Z-dfc47335,v2.1-f4676a0b,person,ly1207,2022,109,17,15,0.1559633027522936,,ok,林奕華
fetch-20261006T122600Z-dfc47335,v2.1-f4676a0b,person,ly1208,2018,65,10,9,0.15384615384615385,,ok,陳靜敏
fetch-20261006T122600Z-dfc47335,v2.1-f4676a0b,person,ly1208,2019,291,26,52,0.08934707903780069,,ok,陳靜敏
fetch-20261006T122600Z-dfc47335,v2.1-f4676a0b,person,ly1208,2022,5,0,3,0.0,,ok,陳靜敏
fetch-20261006T122600Z-dfc47335,v2.1-f4676a0b,person,ly1208,2023,469,80,172,0.17057569296375266,,ok,陳靜敏
fetch-20261006T122600Z-dfc47335,v2.1-f4676a0b,person,ly1209,2019,232,94,30,0.4051724137931034,,ok,童惠珍
fetch-20261006T122600Z-dfc47335,v2.1-f4676a0b,person,ly1210,2019,245,34,59,0.13877551020408163,,ok,何志偉
fetch-20261006T122600Z-dfc47335,v2.1-f4676a0b,person,ly1210,2020,260,79,80,0.3038461538461538,,ok,何志偉
fetch-20261006T122600Z-dfc47335,v2.1-f4676a0b,person,ly1210,2021,316,91,113,0.2879746835443038,,ok,何志偉
fetch-20261006T122600Z-dfc47335,v2.1-f4676a0b,person,ly1210,2022,281,33,93,0.11743772241992882,,ok,何志偉
fetch-20261006T122600Z-dfc47335,v2.1-f4676a0b,person,ly1210,2023,191,44,48,0.23036649214659685,,ok,何志偉
fetch-20261006T122600Z-dfc47335,v2.1-f4676a0b,person,ly1211,2019,134,6,8,0.04477611940298507,,ok,郭國文
fetch-20261006T122600Z-dfc47335,v2.1-f4676a0b,person,ly1211,2020,242,78,65,0.32231404958677684,,ok,郭國文
fetch-20261006T122600Z-dfc47335,v2.1-f4676a0b,person,ly1211,2021,288,71,85,0.2465277777777778,,ok,郭國文
fetch-20261006T122600Z-dfc47335,v2.1-f4676a0b,person,ly1211,2022,214,38,81,0.17757009345794392,,ok,郭國文
fetch-20261006T122600Z-dfc47335,v2.1-f4676a0b,person,ly1211,2023,265,48,82,0.1811320754716981,,ok,郭國文
fetch-20261006T122600Z-dfc47335,v2.1-f4676a0b,person,ly1211,2024,276,7,4,0.025362318840579712,,ok,郭國文
fetch-20261006T122600Z-dfc47335,v2.1-f4676a0b,person,ly1211,2025,311,1,0,0.003215434083601286,,ok,郭國文
fetch-20261006T122600Z-dfc47335,v2.1-f4676a0b,person,ly1212,2019,113,43,4,0.3805309734513274,,ok,柯呈枋
fetch-20261006T122600Z-dfc47335,v2.1-f4676a0b,person,ly1213,2019,145,68,12,0.4689655172413793,,ok,陳玉珍
fetch-20261006T122600Z-dfc47335,v2.1-f4676a0b,person,ly1213,2020,187,16,17,0.0855614973262032,,ok,陳玉珍
fetch-20261006T122600Z-dfc47335,v2.1-f4676a0b,person,ly1213,2021,143,17,11,0.11888111888111888,,ok,陳玉珍
fetch-20261006T122600Z-dfc47335,v2.1-f4676a0b,person,ly1213,2022,145,10,2,0.06896551724137931,,ok,陳玉珍
fetch-20261006T122600Z-dfc47335,v2.1-f4676a0b,person,ly1213,2023,177,38,28,0.21468926553672316,,ok,陳玉珍
fetch-20261006T122600Z-dfc47335,v2.1-f4676a0b,person,ly1213,2024,678,139,370,0.20501474926253688,,ok,陳玉珍
fetch-20261006T122600Z-dfc47335,v2.1-f4676a0b,person,ly1213,2025,415,62,218,0.1493975903614458,,ok,陳玉珍
fetch-20261006T122600Z-dfc47335,v2.1-f4676a0b,person,ly1214,2019,11,7,0,0.6363636363636364,,ok,鄭秀玲
fetch-20261006T122600Z-dfc47335,v2.1-f4676a0b,person,ly1215,2020,525,158,155,0.30095238095238097,,ok,王美惠
fetch-20261006T122600Z-dfc47335,v2.1-f4676a0b,person,ly1215,2021,711,171,271,0.24050632911392406,,ok,王美惠
fetch-20261006T122600Z-dfc47335,v2.1-f4676a0b,person,ly1215,2022,664,108,240,0.16265060240963855,,ok,王美惠
fetch-20261006T122600Z-dfc47335,v2.1-f4676a0b,person,ly1215,2023,589,128,211,0.21731748726655348,,ok,王美惠
fetch-20261006T122600Z-dfc47335,v2.1-f4676a0b,person,ly1215,2024,833,34,4,0.04081632653061224,,ok,王美惠
fetch-20261006T122600Z-dfc47335,v2.1-f4676a0b,person,ly1215,2025,821,1,0,0.001218026796589525,,ok,王美惠
fetch-20261006T122600Z-dfc47335,v2.1-f4676a0b,person,ly1216,2020,32,30,10,0.9375,,ok,王婉諭
fetch-20261006T122600Z-dfc47335,v2.1-f4676a0b,person,ly1216,2021,60,47,24,0.7833333333333333,,ok,王婉諭
fetch-20261006T122600Z-dfc47335,v2.1-f4676a0b,person,ly1216,2022,62,15,12,0.24193548387096775,,ok,王婉諭
fetch-20261006T122600Z-dfc47335,v2.1-f4676a0b,person,ly1216,2023,91,16,10,0.17582417582417584,,ok,王婉諭
fetch-20261006T122600Z-dfc47335,v2.1-f4676a0b,person,ly1217,2020,320,82,89,0.25625,,ok,伍麗華Saidhai‧Tahovecahe
fetch-20261006T122600Z-dfc47335,v2.1-f4676a0b,person,ly1217,2021,425,88,164,0.20705882352941177,,ok,伍麗華Saidhai‧Tahovecahe
fetch-20261006T122600Z-dfc47335,v2.1-f4676a0b,person,ly1217,2022,270,50,127,0.18518518518518517,,ok,伍麗華Saidhai‧Tahovecahe
fetch-20261006T122600Z-dfc47335,v2.1-f4676a0b,person,ly1217,2023,209,35,55,0.1674641148325359,,ok,伍麗華Saidhai‧Tahovecahe
fetch-20261006T122600Z-dfc47335,v2.1-f4676a0b,person,ly1217,2024,394,22,9,0.05583756345177665,,ok,伍麗華Saidhai‧Tahovecahe
fetch-20261006T122600Z-dfc47335,v2.1-f4676a0b,person,ly1217,2025,538,1,0,0.0018587360594795538,,ok,伍麗華Saidhai‧Tahovecahe
fetch-20261006T122600Z-dfc47335,v2.1-f4676a0b,person,ly1218,2020,186,7,11,0.03763440860215054,,ok,吳怡玎
fetch-20261006T122600Z-dfc47335,v2.1-f4676a0b,person,ly1218,2021,153,12,6,0.0784313725490196,,ok,吳怡玎
fetch-20261006T122600Z-dfc47335,v2.1-f4676a0b,person,ly1218,2022,222,15,13,0.06756756756756757,,ok,吳怡玎
fetch-20261006T122600Z-dfc47335,v2.1-f4676a0b,person,ly1218,2023,228,49,40,0.2149122807017544,,ok,吳怡玎
fetch-20261006T122600Z-dfc47335,v2.1-f4676a0b,person,ly1219,2020,178,4,12,0.02247191011235955,,ok,吳斯懷
fetch-20261006T122600Z-dfc47335,v2.1-f4676a0b,person,ly1219,2021,192,10,17,0.052083333333333336,,ok,吳斯懷
fetch-20261006T122600Z-dfc47335,v2.1-f4676a0b,person,ly1219,2022,240,12,6,0.05,,ok,吳斯懷
fetch-20261006T122600Z-dfc47335,v2.1-f4676a0b,person,ly1219,2023,223,37,32,0.16591928251121077,,ok,吳斯懷
fetch-20261006T122600Z-dfc47335,v2.1-f4676a0b,person,ly1220,2020,254,14,17,0.05511811023622047,,ok,李德維
fetch-20261006T122600Z-dfc47335,v2.1-f4676a0b,person,ly1220,2021,241,27,19,0.11203319502074689,,ok,李德維
fetch-20261006T122600Z-dfc47335,v2.1-f4676a0b,person,ly1220,2022,296,54,43,0.18243243243243243,,ok,李德維
fetch-20261006T122600Z-dfc47335,v2.1-f4676a0b,person,ly1220,2023,318,70,44,0.22012578616352202,,ok,李德維
fetch-20261006T122600Z-dfc47335,v2.1-f4676a0b,person,ly1221,2020,188,8,11,0.0425531914893617,,ok,林文瑞
fetch-20261006T122600Z-dfc47335,v2.1-f4676a0b,person,ly1221,2021,129,5,15,0.03875968992248062,,ok,林文瑞
fetch-20261006T122600Z-dfc47335,v2.1-f4676a0b,person,ly1221,2022,178,13,6,0.07303370786516854,,ok,林文瑞
fetch-20261006T122600Z-dfc47335,v2.1-f4676a0b,person,ly1221,2023,114,16,12,0.14035087719298245,,ok,林文瑞
fetch-20261006T122600Z-dfc47335,v2.1-f4676a0b,person,ly1222,2020,294,96,64,0.32653061224489793,,ok,林宜瑾
fetch-20261006T122600Z-dfc47335,v2.1-f4676a0b,person,ly1222,2021,366,86,122,0.23497267759562843,,ok,林宜瑾
fetch-20261006T122600Z-dfc47335,v2.1-f4676a0b,person,ly1222,2022,406,55,197,0.1354679802955665,,ok,林宜瑾
fetch-20261006T122600Z-dfc47335,v2.1-f4676a0b,person,ly1222,2023,411,58,187,0.1411192214111922,,ok,林宜瑾
fetch-20261006T122600Z-dfc47335,v2.1-f4676a0b,person,ly1222,2024,369,4,0,0.01084010840108401,,ok,林宜瑾
fetch-20261006T122600Z-dfc47335,v2.1-f4676a0b,person,ly1222,2025,422,0,0,0.0,,ok,林宜瑾
fetch-20261006T122600Z-dfc47335,v2.1-f4676a0b,person,ly1223,2020,159,5,7,0.031446540880503145,,ok,林思銘
fetch-20261006T122600Z-dfc47335,v2.1-f4676a0b,person,ly1223,2021,165,21,24,0.12727272727272726,,ok,林思銘
fetch-20261006T122600Z-dfc47335,v2.1-f4676a0b,person,ly1223,2022,262,21,21,0.08015267175572519,,ok,林思銘
fetch-20261006T122600Z-dfc47335,v2.1-f4676a0b,person,ly1223,2023,241,61,42,0.25311203319502074,,ok,林思銘
fetch-20261006T122600Z-dfc47335,v2.1-f4676a0b,person,ly1223,2024,731,129,432,0.17647058823529413,,ok,林思銘
fetch-20261006T122600Z-dfc47335,v2.1-f4676a0b,person,ly1223,2025,518,128,288,0.2471042471042471,,ok,林思銘
fetch-20261006T122600Z-dfc47335,v2.1-f4676a0b,person,ly1224,2020,306,103,100,0.3366013071895425,,ok,林楚茵
fetch-20261006T122600Z-dfc47335,v2.1-f4676a0b,person,ly1224,2021,394,100,146,0.25380710659898476,,ok,林楚茵
fetch-20261006T122600Z-dfc47335,v2.1-f4676a0b,person,ly1224,2022,288,61,106,0.21180555555555555,,ok,林楚茵
fetch-20261006T122600Z-dfc47335,v2.1-f4676a0b,person,ly1224,2023,288,26,111,0.09027777777777778,,ok,林楚茵
fetch-20261006T122600Z-dfc47335,v2.1-f4676a0b,person,ly1224,2024,402,6,3,0.014925373134328358,,ok,林楚茵
fetch-20261006T122600Z-dfc47335,v2.1-f4676a0b,person,ly1224,2025,399,1,0,0.002506265664160401,,ok,林楚茵
fetch-20261006T122600Z-dfc47335,v2.1-f4676a0b,person,ly1225,2020,29,20,4,0.6896551724137931,,ok,邱臣遠
fetch-20261006T122600Z-dfc47335,v2.1-f4676a0b,person,ly1225,2021,74,22,10,0.2972972972972973,,ok,邱臣遠
fetch-20261006T122600Z-dfc47335,v2.1-f4676a0b,person,ly1225,2022,90,5,2,0.05555555555555555,,ok,邱臣遠
fetch-20261006T122600Z-dfc47335,v2.1-f4676a0b,person,ly1225,2023,90,4,1,0.044444444444444446,,ok,邱臣遠
fetch-20261006T122600Z-dfc47335,v2.1-f4676a0b,person,ly1226,2020,56,55,29,0.9821428571428571,,ok,邱顯智
fetch-20261006T122600Z-dfc47335,v2.1-f4676a0b,person,ly1226,2021,53,40,25,0.7547169811320755,,ok,邱顯智
fetch-20261006T122600Z-dfc47335,v2.1-f4676a0b,person,ly1226,2022,82,35,28,0.4268292682926829,,ok,邱顯智
fetch-20261006T122600Z-dfc47335,v2.1-f4676a0b,person,ly1226,2023,107,32,15,0.29906542056074764,,ok,邱顯智
fetch-20261006T122600Z-dfc47335,v2.1-f4676a0b,person,ly1227,2020,345,127,83,0.3681159420289855,,ok,洪申翰
fetch-20261006T122600Z-dfc47335,v2.1-f4676a0b,person,ly1227,2021,286,67,96,0.23426573426573427,,ok,洪申翰
fetch-20261006T122600Z-dfc47335,v2.1-f4676a0b,person,ly1227,2022,342,59,133,0.17251461988304093,,ok,洪申翰
fetch-20261006T122600Z-dfc47335,v2.1-f4676a0b,person,ly1227,2023,381,86,153,0.22572178477690288,,ok,洪申翰
fetch-20261006T122600Z-dfc47335,v2.1-f4676a0b,person,ly1227,2024,308,12,4,0.03896103896103896,,ok,洪申翰
fetch-20261006T122600Z-dfc47335,v2.1-f4676a0b,person,ly1228,2020,205,6,11,0.02926829268292683,,ok,洪孟楷
fetch-20261006T122600Z-dfc47335,v2.1-f4676a0b,person,ly1228,2021,142,11,12,0.07746478873239436,,ok,洪孟楷
fetch-20261006T122600Z-dfc47335,v2.1-f4676a0b,person,ly1228,2022,236,16,14,0.06779661016949153,,ok,洪孟楷
fetch-20261006T122600Z-dfc47335,v2.1-f4676a0b,person,ly1228,2023,246,53,33,0.21544715447154472,,ok,洪孟楷
fetch-20261006T122600Z-dfc47335,v2.1-f4676a0b,person,ly1228,2024,856,189,474,0.2207943925233645,,ok,洪孟楷
fetch-20261006T122600Z-dfc47335,v2.1-f4676a0b,person,ly1228,2025,596,163,301,0.27348993288590606,,ok,洪孟楷
fetch-20261006T122600Z-dfc47335,v2.1-f4676a0b,person,ly1229,2020,330,117,102,0.35454545454545455,,ok,范雲
fetch-20261006T122600Z-dfc47335,v2.1-f4676a0b,person,ly1229,2021,326,73,84,0.22392638036809817,,ok,范雲
fetch-20261006T122600Z-dfc47335,v2.1-f4676a0b,person,ly1229,2022,348,37,146,0.10632183908045977,,ok,范雲
fetch-20261006T122600Z-dfc47335,v2.1-f4676a0b,person,ly1229,2023,284,31,105,0.10915492957746478,,ok,范雲
fetch-20261006T122600Z-dfc47335,v2.1-f4676a0b,person,ly1229,2024,418,19,0,0.045454545454545456,,ok,范雲
fetch-20261006T122600Z-dfc47335,v2.1-f4676a0b,person,ly1229,2025,414,1,0,0.0024154589371980675,,ok,范雲
fetch-20261006T122600Z-dfc47335,v2.1-f4676a0b,person,ly1230,2020,21,10,4,0.47619047619047616,,ok,高虹安
fetch-20261006T122600Z-dfc47335,v2.1-f4676a0b,person,ly1230,2021,73,21,12,0.2876712328767123,,ok,高虹安
fetch-20261006T122600Z-dfc47335,v2.1-f4676a0b,person,ly1230,2022,92,8,7,0.08695652173913043,,ok,高虹安
fetch-20261006T122600Z-dfc47335,v2.1-f4676a0b,person,ly1231,2020,263,85,100,0.3231939163498099,,ok,高嘉瑜
fetch-20261006T122600Z-dfc47335,v2.1-f4676a0b,person,ly1231,2021,156,58,65,0.3717948717948718,,ok,高嘉瑜
fetch-20261006T122600Z-dfc47335,v2.1-f4676a0b,person,ly1231,2022,149,36,63,0.24161073825503357,,ok,高嘉瑜
fetch-20261006T122600Z-dfc47335,v2.1-f4676a0b,person,ly1231,2023,103,32,38,0.3106796116504854,,ok,高嘉瑜
fetch-20261006T122600Z-dfc47335,v2.1-f4676a0b,person,ly1232,2020,158,4,10,0.02531645569620253,,ok,張育美
fetch-20261006T122600Z-dfc47335,v2.1-f4676a0b,person,ly1232,2021,164,18,10,0.10975609756097561,,ok,張育美
fetch-20261006T122600Z-dfc47335,v2.1-f4676a0b,person,ly1232,2022,197,14,10,0.07106598984771574,,ok,張育美
fetch-20261006T122600Z-dfc47335,v2.1-f4676a0b,person,ly1232,2023,141,18,10,0.1276595744680851,,ok,張育美
fetch-20261006T122600Z-dfc47335,v2.1-f4676a0b,person,ly1233,2020,46,35,9,0.7608695652173914,,ok,張其祿
fetch-20261006T122600Z-dfc47335,v2.1-f4676a0b,person,ly1233,2021,147,96,51,0.6530612244897959,,ok,張其祿
fetch-20261006T122600Z-dfc47335,v2.1-f4676a0b,person,ly1233,2022,158,73,36,0.4620253164556962,,ok,張其祿
fetch-20261006T122600Z-dfc47335,v2.1-f4676a0b,person,ly1233,2023,184,98,50,0.532608695652174,,ok,張其祿
fetch-20261006T122600Z-dfc47335,v2.1-f4676a0b,person,ly1234,2020,388,109,113,0.2809278350515464,,ok,莊競程
fetch-20261006T122600Z-dfc47335,v2.1-f4676a0b,person,ly1234,2021,444,91,146,0.20495495495495494,,ok,莊競程
fetch-20261006T122600Z-dfc47335,v2.1-f4676a0b,person,ly1234,2022,346,41,115,0.11849710982658959,,ok,莊競程
fetch-20261006T122600Z-dfc47335,v2.1-f4676a0b,person,ly1234,2023,221,20,72,0.09049773755656108,,ok,莊競程
fetch-20261006T122600Z-dfc47335,v2.1-f4676a0b,person,ly1235,2020,96,3,9,0.03125,,ok,陳以信
fetch-20261006T122600Z-dfc47335,v2.1-f4676a0b,person,ly1235,2021,99,11,12,0.1111111111111111,,ok,陳以信
fetch-20261006T122600Z-dfc47335,v2.1-f4676a0b,person,ly1235,2022,105,8,8,0.0761904761904762,,ok,陳以信
fetch-20261006T122600Z-dfc47335,v2.1-f4676a0b,person,ly1235,2023,114,26,26,0.22807017543859648,,ok,陳以信
fetch-20261006T122600Z-dfc47335,v2.1-f4676a0b,person,ly1236,2020,430,131,124,0.30465116279069765,,ok,陳秀寳
fetch-20261006T122600Z-dfc47335,v2.1-f4676a0b,person,ly1236,2021,529,136,185,0.2570888468809074,,ok,陳秀寳
fetch-20261006T122600Z-dfc47335,v2.1-f4676a0b,person,ly1236,2022,482,81,199,0.16804979253112035,,ok,陳秀寳
fetch-20261006T122600Z-dfc47335,v2.1-f4676a0b,person,ly1236,2023,463,80,183,0.17278617710583152,,ok,陳秀寳
fetch-20261006T122600Z-dfc47335,v2.1-f4676a0b,person,ly1236,2024,620,20,1,0.03225806451612903,,ok,陳秀寳
fetch-20261006T122600Z-dfc47335,v2.1-f4676a0b,person,ly1236,2025,731,0,0,0.0,,ok,陳秀寳
fetch-20261006T122600Z-dfc47335,v2.1-f4676a0b,person,ly1237,2020,148,148,69,1.0,,ok,陳柏惟
fetch-20261006T122600Z-dfc47335,v2.1-f4676a0b,person,ly1237,2021,57,57,23,1.0,,ok,陳柏惟
fetch-20261006T122600Z-dfc47335,v2.1-f4676a0b,person,ly1238,2020,88,86,34,0.9772727272727273,,ok,陳椒華
fetch-20261006T122600Z-dfc47335,v2.1-f4676a0b,person,ly1238,2021,134,120,43,0.8955223880597015,,ok,陳椒華
fetch-20261006T122600Z-dfc47335,v2.1-f4676a0b,person,ly1238,2022,103,56,34,0.5436893203883495,,ok,陳椒華
fetch-20261006T122600Z-dfc47335,v2.1-f4676a0b,person,ly1238,2023,178,105,37,0.5898876404494382,,ok,陳椒華
fetch-20261006T122600Z-dfc47335,v2.1-f4676a0b,person,ly1240,2020,390,109,90,0.2794871794871795,,ok,湯蕙禎
fetch-20261006T122600Z-dfc47335,v2.1-f4676a0b,person,ly1240,2021,494,101,174,0.20445344129554655,,ok,湯蕙禎
fetch-20261006T122600Z-dfc47335,v2.1-f4676a0b,person,ly1240,2022,515,81,172,0.15728155339805824,,ok,湯蕙禎
fetch-20261006T122600Z-dfc47335,v2.1-f4676a0b,person,ly1240,2023,459,77,160,0.16775599128540306,,ok,湯蕙禎
fetch-20261006T122600Z-dfc47335,v2.1-f4676a0b,person,ly1241,2020,325,74,82,0.2276923076923077,,ok,黃世杰
fetch-20261006T122600Z-dfc47335,v2.1-f4676a0b,person,ly1241,2021,273,63,135,0.23076923076923078,,ok,黃世杰
fetch-20261006T122600Z-dfc47335,v2.1-f4676a0b,person,ly1241,2022,210,38,75,0.18095238095238095,,ok,黃世杰
fetch-20261006T122600Z-dfc47335,v2.1-f4676a0b,person,ly1241,2023,242,42,60,0.17355371900826447,,ok,黃世杰
fetch-20261006T122600Z-dfc47335,v2.1-f4676a0b,person,ly1242,2020,202,3,13,0.01485148514851485,,ok,溫玉霞
fetch-20261006T122600Z-dfc47335,v2.1-f4676a0b,person,ly1242,2021,216,29,17,0.13425925925925927,,ok,溫玉霞
fetch-20261006T122600Z-dfc47335,v2.1-f4676a0b,person,ly1242,2022,300,19,11,0.06333333333333334,,ok,溫玉霞
fetch-20261006T122600Z-dfc47335,v2.1-f4676a0b,person,ly1242,2023,272,40,39,0.14705882352941177,,ok,溫玉霞
fetch-20261006T122600Z-dfc47335,v2.1-f4676a0b,person,ly1243,2020,189,6,14,0.031746031746031744,,ok,萬美玲
fetch-20261006T122600Z-dfc47335,v2.1-f4676a0b,person,ly1243,2021,162,19,14,0.11728395061728394,,ok,萬美玲
fetch-20261006T122600Z-dfc47335,v2.1-f4676a0b,person,ly1243,2022,145,10,10,0.06896551724137931,,ok,萬美玲
fetch-20261006T122600Z-dfc47335,v2.1-f4676a0b,person,ly1243,2023,160,28,30,0.175,,ok,萬美玲
fetch-20261006T122600Z-dfc47335,v2.1-f4676a0b,person,ly1243,2024,437,58,244,0.13272311212814644,,ok,萬美玲
fetch-20261006T122600Z-dfc47335,v2.1-f4676a0b,person,ly1243,2025,221,38,113,0.17194570135746606,,ok,萬美玲
fetch-20261006T122600Z-dfc47335,v2.1-f4676a0b,person,ly1244,2020,88,5,8,0.056818181818181816,,ok,游毓蘭
fetch-20261006T122600Z-dfc47335,v2.1-f4676a0b,person,ly1244,2021,99,9,11,0.09090909090909091,,ok,游毓蘭
fetch-20261006T122600Z-dfc47335,v2.1-f4676a0b,person,ly1244,2022,258,17,6,0.06589147286821706,,ok,游毓蘭
fetch-20261006T122600Z-dfc47335,v2.1-f4676a0b,person,ly1244,2023,332,93,50,0.28012048192771083,,ok,游毓蘭
fetch-20261006T122600Z-dfc47335,v2.1-f4676a0b,person,ly1245,2020,24,13,4,0.5416666666666666,,ok,蔡壁如
fetch-20261006T122600Z-dfc47335,v2.1-f4676a0b,person,ly1245,2021,91,39,21,0.42857142857142855,,ok,蔡壁如
fetch-20261006T122600Z-dfc47335,v2.1-f4676a0b,person,ly1245,2022,79,4,2,0.05063291139240506,,ok,蔡壁如
fetch-20261006T122600Z-dfc47335,v2.1-f4676a0b,person,ly1246,2020,216,7,11,0.032407407407407406,,ok,鄭正鈐
fetch-20261006T122600Z-dfc47335,v2.1-f4676a0b,person,ly1246,2021,146,17,21,0.11643835616438356,,ok,鄭正鈐
fetch-20261006T122600Z-dfc47335,v2.1-f4676a0b,person,ly1246,2022,258,21,18,0.08139534883720931,,ok,鄭正鈐
fetch-20261006T122600Z-dfc47335,v2.1-f4676a0b,person,ly1246,2023,234,51,52,0.21794871794871795,,ok,鄭正鈐
fetch-20261006T122600Z-dfc47335,v2.1-f4676a0b,person,ly1246,2024,629,92,349,0.14626391096979333,,ok,鄭正鈐
fetch-20261006T122600Z-dfc47335,v2.1-f4676a0b,person,ly1246,2025,538,118,282,0.21933085501858737,,ok,鄭正鈐
fetch-20261006T122600Z-dfc47335,v2.1-f4676a0b,person,ly1247,2020,175,6,12,0.03428571428571429,,ok,魯明哲
fetch-20261006T122600Z-dfc47335,v2.1-f4676a0b,person,ly1247,2021,167,10,12,0.059880239520958084,,ok,魯明哲
fetch-20261006T122600Z-dfc47335,v2.1-f4676a0b,person,ly1247,2022,174,14,9,0.08045977011494253,,ok,魯明哲
fetch-20261006T122600Z-dfc47335,v2.1-f4676a0b,person,ly1247,2023,102,16,7,0.1568627450980392,,ok,魯明哲
fetch-20261006T122600Z-dfc47335,v2.1-f4676a0b,person,ly1247,2024,478,77,256,0.16108786610878661,,ok,魯明哲
fetch-20261006T122600Z-dfc47335,v2.1-f4676a0b,person,ly1247,2025,337,62,140,0.18397626112759644,,ok,魯明哲
fetch-20261006T122600Z-dfc47335,v2.1-f4676a0b,person,ly1248,2020,326,128,110,0.39263803680981596,,ok,賴品妤
fetch-20261006T122600Z-dfc47335,v2.1-f4676a0b,person,ly1248,2021,317,71,119,0.22397476340694006,,ok,賴品妤
fetch-20261006T122600Z-dfc47335,v2.1-f4676a0b,person,ly1248,2022,286,30,123,0.1048951048951049,,ok,賴品妤
fetch-20261006T122600Z-dfc47335,v2.1-f4676a0b,person,ly1248,2023,360,48,124,0.13333333333333333,,ok,賴品妤
fetch-20261006T122600Z-dfc47335,v2.1-f4676a0b,person,ly1249,2020,34,23,5,0.6764705882352942,,ok,賴香伶
fetch-20261006T122600Z-dfc47335,v2.1-f4676a0b,person,ly1249,2021,92,41,17,0.44565217391304346,,ok,賴香伶
fetch-20261006T122600Z-dfc47335,v2.1-f4676a0b,person,ly1249,2022,99,14,8,0.1414141414141414,,ok,賴香伶
fetch-20261006T122600Z-dfc47335,v2.1-f4676a0b,person,ly1249,2023,143,57,22,0.3986013986013986,,ok,賴香伶
fetch-20261006T122600Z-dfc47335,v2.1-f4676a0b,person,ly1250,2020,378,102,97,0.2698412698412698,,ok,賴惠員
fetch-20261006T122600Z-dfc47335,v2.1-f4676a0b,person,ly1250,2021,404,115,159,0.28465346534653463,,ok,賴惠員
fetch-20261006T122600Z-dfc47335,v2.1-f4676a0b,person,ly1250,2022,338,46,132,0.13609467455621302,,ok,賴惠員
fetch-20261006T122600Z-dfc47335,v2.1-f4676a0b,person,ly1250,2023,267,53,81,0.19850187265917604,,ok,賴惠員
fetch-20261006T122600Z-dfc47335,v2.1-f4676a0b,person,ly1250,2024,413,24,1,0.05811138014527845,,ok,賴惠員
fetch-20261006T122600Z-dfc47335,v2.1-f4676a0b,person,ly1250,2025,466,1,0,0.002145922746781116,,ok,賴惠員
fetch-20261006T122600Z-dfc47335,v2.1-f4676a0b,person,ly1251,2020,183,3,11,0.01639344262295082,,ok,謝衣鳯
fetch-20261006T122600Z-dfc47335,v2.1-f4676a0b,person,ly1251,2021,127,8,8,0.06299212598425197,,ok,謝衣鳯
fetch-20261006T122600Z-dfc47335,v2.1-f4676a0b,person,ly1251,2022,155,17,16,0.10967741935483871,,ok,謝衣鳯
fetch-20261006T122600Z-dfc47335,v2.1-f4676a0b,person,ly1251,2023,130,14,14,0.1076923076923077,,ok,謝衣鳯
fetch-20261006T122600Z-dfc47335,v2.1-f4676a0b,person,ly1251,2024,182,22,106,0.12087912087912088,,ok,謝衣鳯
fetch-20261006T122600Z-dfc47335,v2.1-f4676a0b,person,ly1251,2025,72,3,48,0.041666666666666664,,ok,謝衣鳯
fetch-20261006T122600Z-dfc47335,v2.1-f4676a0b,person,ly1252,2020,387,116,92,0.2997416020671835,,ok,羅美玲
fetch-20261006T122600Z-dfc47335,v2.1-f4676a0b,person,ly1252,2021,387,78,142,0.20155038759689922,,ok,羅美玲
fetch-20261006T122600Z-dfc47335,v2.1-f4676a0b,person,ly1252,2022,493,78,202,0.15821501014198783,,ok,羅美玲
fetch-20261006T122600Z-dfc47335,v2.1-f4676a0b,person,ly1252,2023,431,77,176,0.17865429234338748,,ok,羅美玲
fetch-20261006T122600Z-dfc47335,v2.1-f4676a0b,person,ly1252,2024,582,16,3,0.027491408934707903,,ok,羅美玲
fetch-20261006T122600Z-dfc47335,v2.1-f4676a0b,person,ly1252,2025,630,0,0,0.0,,ok,羅美玲
fetch-20261006T122600Z-dfc47335,v2.1-f4676a0b,person,ly1253,2022,10,1,1,0.1,,ok,吳欣盈
fetch-20261006T122600Z-dfc47335,v2.1-f4676a0b,person,ly1253,2023,103,17,8,0.1650485436893204,,ok,吳欣盈
fetch-20261006T122600Z-dfc47335,v2.1-f4676a0b,person,ly1254,2023,103,17,7,0.1650485436893204,,ok,陳琬惠
fetch-20261006T122600Z-dfc47335,v2.1-f4676a0b,person,ly1255,2023,176,54,36,0.3068181818181818,,ok,王鴻薇
fetch-20261006T122600Z-dfc47335,v2.1-f4676a0b,person,ly1255,2024,484,96,282,0.19834710743801653,,ok,王鴻薇
fetch-20261006T122600Z-dfc47335,v2.1-f4676a0b,person,ly1255,2025,348,73,150,0.20977011494252873,,ok,王鴻薇
fetch-20261006T122600Z-dfc47335,v2.1-f4676a0b,person,ly1256,2023,504,98,176,0.19444444444444445,,ok,陳培瑜
fetch-20261006T122600Z-dfc47335,v2.1-f4676a0b,person,ly1256,2024,716,12,0,0.01675977653631285,,ok,陳培瑜
fetch-20261006T122600Z-dfc47335,v2.1-f4676a0b,person,ly1256,2025,418,1,0,0.0023923444976076554,,ok,陳培瑜
fetch-20261006T122600Z-dfc47335,v2.1-f4676a0b,person,ly1257,2024,349,61,198,0.17478510028653296,,ok,丁學忠
fetch-20261006T122600Z-dfc47335,v2.1-f4676a0b,person,ly1257,2025,349,28,193,0.08022922636103152,,ok,丁學忠
fetch-20261006T122600Z-dfc47335,v2.1-f4676a0b,person,ly1258,2024,856,180,488,0.2102803738317757,,ok,牛煦庭
fetch-20261006T122600Z-dfc47335,v2.1-f4676a0b,person,ly1258,2025,751,210,405,0.2796271637816245,,ok,牛煦庭
fetch-20261006T122600Z-dfc47335,v2.1-f4676a0b,person,ly1259,2024,515,20,3,0.038834951456310676,,ok,吳沛憶
fetch-20261006T122600Z-dfc47335,v2.1-f4676a0b,person,ly1259,2025,537,0,0,0.0,,ok,吳沛憶
fetch-20261006T122600Z-dfc47335,v2.1-f4676a0b,person,ly1260,2024,274,41,144,0.14963503649635038,,ok,吳宗憲
fetch-20261006T122600Z-dfc47335,v2.1-f4676a0b,person,ly1260,2025,74,16,24,0.21621621621621623,,ok,吳宗憲
fetch-20261006T122600Z-dfc47335,v2.1-f4676a0b,person,ly1261,2024,214,71,46,0.3317757009345794,,ok,吳春城
fetch-20261006T122600Z-dfc47335,v2.1-f4676a0b,person,ly1261,2025,3,3,2,1.0,,ok,吳春城
fetch-20261006T122600Z-dfc47335,v2.1-f4676a0b,person,ly1262,2024,653,30,4,0.045941807044410414,,ok,李坤城
fetch-20261006T122600Z-dfc47335,v2.1-f4676a0b,person,ly1262,2025,601,1,0,0.0016638935108153079,,ok,李坤城
fetch-20261006T122600Z-dfc47335,v2.1-f4676a0b,person,ly1263,2024,408,3,3,0.007352941176470588,,ok,李柏毅
fetch-20261006T122600Z-dfc47335,v2.1-f4676a0b,person,ly1263,2025,486,1,0,0.00205761316872428,,ok,李柏毅
fetch-20261006T122600Z-dfc47335,v2.1-f4676a0b,person,ly1264,2024,516,9,1,0.01744186046511628,,ok,沈伯洋
fetch-20261006T122600Z-dfc47335,v2.1-f4676a0b,person,ly1264,2025,570,1,0,0.0017543859649122807,,ok,沈伯洋
fetch-20261006T122600Z-dfc47335,v2.1-f4676a0b,person,ly1265,2024,598,27,4,0.0451505016722408,,ok,林月琴
fetch-20261006T122600Z-dfc47335,v2.1-f4676a0b,person,ly1265,2025,627,2,0,0.003189792663476874,,ok,林月琴
fetch-20261006T122600Z-dfc47335,v2.1-f4676a0b,person,ly1266,2024,973,187,565,0.19218910585817062,,ok,林沛祥
fetch-20261006T122600Z-dfc47335,v2.1-f4676a0b,person,ly1266,2025,738,189,377,0.25609756097560976,,ok,林沛祥
fetch-20261006T122600Z-dfc47335,v2.1-f4676a0b,person,ly1267,2024,783,152,424,0.194125159642401,,ok,林倩綺
fetch-20261006T122600Z-dfc47335,v2.1-f4676a0b,person,ly1267,2025,717,145,410,0.20223152022315202,,ok,林倩綺
fetch-20261006T122600Z-dfc47335,v2.1-f4676a0b,person,ly1268,2024,145,127,63,0.8758620689655172,,ok,林國成
fetch-20261006T122600Z-dfc47335,v2.1-f4676a0b,person,ly1268,2025,102,91,47,0.8921568627450981,,ok,林國成
fetch-20261006T122600Z-dfc47335,v2.1-f4676a0b,person,ly1269,2024,36,21,5,0.5833333333333334,,ok,林憶君
fetch-20261006T122600Z-dfc47335,v2.1-f4676a0b,person,ly1269,2025,32,27,11,0.84375,,ok,林憶君
fetch-20261006T122600Z-dfc47335,v2.1-f4676a0b,person,ly1270,2024,551,87,315,0.15789473684210525,,ok,邱若華
fetch-20261006T122600Z-dfc47335,v2.1-f4676a0b,person,ly1270,2025,505,147,261,0.29108910891089107,,ok,邱若華
fetch-20261006T122600Z-dfc47335,v2.1-f4676a0b,person,ly1271,2024,862,161,527,0.18677494199535963,,ok,邱鎮軍
fetch-20261006T122600Z-dfc47335,v2.1-f4676a0b,person,ly1271,2025,845,207,456,0.24497041420118343,,ok,邱鎮軍
fetch-20261006T122600Z-dfc47335,v2.1-f4676a0b,person,ly1272,2024,564,103,331,0.18262411347517732,,ok,徐巧芯
fetch-20261006T122600Z-dfc47335,v2.1-f4676a0b,person,ly1272,2025,395,97,176,0.24556962025316456,,ok,徐巧芯
fetch-20261006T122600Z-dfc47335,v2.1-f4676a0b,person,ly1273,2024,615,11,3,0.01788617886178862,,ok,徐富癸
fetch-20261006T122600Z-dfc47335,v2.1-f4676a0b,person,ly1273,2025,707,1,0,0.0014144271570014145,,ok,徐富癸
fetch-20261006T122600Z-dfc47335,v2.1-f4676a0b,person,ly1274,2024,553,77,296,0.13924050632911392,,ok,涂權吉
fetch-20261006T122600Z-dfc47335,v2.1-f4676a0b,person,ly1274,2025,382,66,192,0.17277486910994763,,ok,涂權吉
fetch-20261006T122600Z-dfc47335,v2.1-f4676a0b,person,ly1275,2024,742,163,448,0.2196765498652291,,ok,翁曉玲
fetch-20261006T122600Z-dfc47335,v2.1-f4676a0b,person,ly1275,2025,646,176,384,0.2724458204334365,,ok,翁曉玲
fetch-20261006T122600Z-dfc47335,v2.1-f4676a0b,person,ly1276,2024,107,93,39,0.8691588785046729,,ok,張啓楷
fetch-20261006T122600Z-dfc47335,v2.1-f4676a0b,person,ly1276,2025,164,113,57,0.6890243902439024,,ok,張啓楷
fetch-20261006T122600Z-dfc47335,v2.1-f4676a0b,person,ly1277,2024,778,116,405,0.14910025706940874,,ok,張智倫
fetch-20261006T122600Z-dfc47335,v2.1-f4676a0b,person,ly1277,2025,405,63,224,0.15555555555555556,,ok,張智倫
fetch-20261006T122600Z-dfc47335,v2.1-f4676a0b,person,ly1278,2024,633,16,4,0.02527646129541864,,ok,張雅琳
fetch-20261006T122600Z-dfc47335,v2.1-f4676a0b,person,ly1278,2025,522,0,0,0.0,,ok,張雅琳
fetch-20261006T122600Z-dfc47335,v2.1-f4676a0b,person,ly1279,2024,492,69,245,0.1402439024390244,,ok,許宇甄
fetch-20261006T122600Z-dfc47335,v2.1-f4676a0b,person,ly1279,2025,444,50,228,0.11261261261261261,,ok,許宇甄
fetch-20261006T122600Z-dfc47335,v2.1-f4676a0b,person,ly1280,2024,746,15,4,0.020107238605898123,,ok,郭昱晴
fetch-20261006T122600Z-dfc47335,v2.1-f4676a0b,person,ly1280,2025,707,0,0,0.0,,ok,郭昱晴
fetch-20261006T122600Z-dfc47335,v2.1-f4676a0b,person,ly1281,2024,468,91,308,0.19444444444444445,,ok,陳永康
fetch-20261006T122600Z-dfc47335,v2.1-f4676a0b,person,ly1281,2025,262,69,146,0.2633587786259542,,ok,陳永康
fetch-20261006T122600Z-dfc47335,v2.1-f4676a0b,person,ly1282,2024,622,14,3,0.022508038585209004,,ok,陳俊宇
fetch-20261006T122600Z-dfc47335,v2.1-f4676a0b,person,ly1282,2025,710,1,0,0.0014084507042253522,,ok,陳俊宇
fetch-20261006T122600Z-dfc47335,v2.1-f4676a0b,person,ly1283,2024,470,27,1,0.0574468085106383,,ok,陳冠廷
fetch-20261006T122600Z-dfc47335,v2.1-f4676a0b,person,ly1283,2025,309,0,0,0.0,,ok,陳冠廷
fetch-20261006T122600Z-dfc47335,v2.1-f4676a0b,person,ly1284,2024,60,28,15,0.4666666666666667,,ok,陳昭姿
fetch-20261006T122600Z-dfc47335,v2.1-f4676a0b,person,ly1284,2025,97,45,25,0.4639175257731959,,ok,陳昭姿
fetch-20261006T122600Z-dfc47335,v2.1-f4676a0b,person,ly1285,2024,598,85,318,0.14214046822742474,,ok,陳菁徽
fetch-20261006T122600Z-dfc47335,v2.1-f4676a0b,person,ly1285,2025,414,116,189,0.28019323671497587,,ok,陳菁徽
fetch-20261006T122600Z-dfc47335,v2.1-f4676a0b,person,ly1286,2024,128,63,39,0.4921875,,ok,麥玉珍
fetch-20261006T122600Z-dfc47335,v2.1-f4676a0b,person,ly1286,2025,95,81,55,0.8526315789473684,,ok,麥玉珍
fetch-20261006T122600Z-dfc47335,v2.1-f4676a0b,person,ly1287,2024,567,105,346,0.18518518518518517,,ok,游顥
fetch-20261006T122600Z-dfc47335,v2.1-f4676a0b,person,ly1287,2025,428,116,230,0.27102803738317754,,ok,游顥
fetch-20261006T122600Z-dfc47335,v2.1-f4676a0b,person,ly1288,2024,676,117,359,0.17307692307692307,,ok,黃仁
fetch-20261006T122600Z-dfc47335,v2.1-f4676a0b,person,ly1288,2025,488,100,277,0.20491803278688525,,ok,黃仁
fetch-20261006T122600Z-dfc47335,v2.1-f4676a0b,person,ly1289,2024,666,117,352,0.17567567567567569,,ok,黃建賓
fetch-20261006T122600Z-dfc47335,v2.1-f4676a0b,person,ly1289,2025,560,96,318,0.17142857142857143,,ok,黃建賓
fetch-20261006T122600Z-dfc47335,v2.1-f4676a0b,person,ly1290,2024,124,28,8,0.22580645161290322,,ok,黃珊珊
fetch-20261006T122600Z-dfc47335,v2.1-f4676a0b,person,ly1290,2025,30,20,17,0.6666666666666666,,ok,黃珊珊
fetch-20261006T122600Z-dfc47335,v2.1-f4676a0b,person,ly1291,2024,682,108,348,0.15835777126099707,,ok,黃健豪
fetch-20261006T122600Z-dfc47335,v2.1-f4676a0b,person,ly1291,2025,438,92,191,0.2100456621004566,,ok,黃健豪
fetch-20261006T122600Z-dfc47335,v2.1-f4676a0b,person,ly1292,2024,685,22,3,0.032116788321167884,,ok,黃捷
fetch-20261006T122600Z-dfc47335,v2.1-f4676a0b,person,ly1292,2025,663,1,0,0.0015082956259426848,,ok,黃捷
fetch-20261006T122600Z-dfc47335,v2.1-f4676a0b,person,ly1293,2024,292,53,125,0.1815068493150685,,ok,葉元之
fetch-20261006T122600Z-dfc47335,v2.1-f4676a0b,person,ly1293,2025,197,37,76,0.18781725888324874,,ok,葉元之
fetch-20261006T122600Z-dfc47335,v2.1-f4676a0b,person,ly1294,2024,337,58,172,0.17210682492581603,,ok,葛如鈞
fetch-20261006T122600Z-dfc47335,v2.1-f4676a0b,person,ly1294,2025,259,33,119,0.1274131274131274,,ok,葛如鈞
fetch-20261006T122600Z-dfc47335,v2.1-f4676a0b,person,ly1295,2024,747,140,424,0.18741633199464525,,ok,廖先翔
fetch-20261006T122600Z-dfc47335,v2.1-f4676a0b,person,ly1295,2025,515,101,250,0.19611650485436893,,ok,廖先翔
fetch-20261006T122600Z-dfc47335,v2.1-f4676a0b,person,ly1296,2024,645,97,335,0.15038759689922482,,ok,廖偉翔
fetch-20261006T122600Z-dfc47335,v2.1-f4676a0b,person,ly1296,2025,590,161,294,0.27288135593220336,,ok,廖偉翔
fetch-20261006T122600Z-dfc47335,v2.1-f4676a0b,person,ly1297,2024,731,117,410,0.1600547195622435,,ok,盧縣一
fetch-20261006T122600Z-dfc47335,v2.1-f4676a0b,person,ly1297,2025,683,121,376,0.17715959004392387,,ok,盧縣一
fetch-20261006T122600Z-dfc47335,v2.1-f4676a0b,person,ly1298,2024,728,153,426,0.21016483516483517,,ok,謝龍介
fetch-20261006T122600Z-dfc47335,v2.1-f4676a0b,person,ly1298,2025,664,188,351,0.28313253012048195,,ok,謝龍介
fetch-20261006T122600Z-dfc47335,v2.1-f4676a0b,person,ly1299,2024,791,142,417,0.179519595448799,,ok,羅廷瑋
fetch-20261006T122600Z-dfc47335,v2.1-f4676a0b,person,ly1299,2025,615,173,330,0.2813008130081301,,ok,羅廷瑋
fetch-20261006T122600Z-dfc47335,v2.1-f4676a0b,person,ly1300,2024,730,147,451,0.20136986301369864,,ok,羅智強
fetch-20261006T122600Z-dfc47335,v2.1-f4676a0b,person,ly1300,2025,550,169,287,0.30727272727272725,,ok,羅智強
fetch-20261006T122600Z-dfc47335,v2.1-f4676a0b,person,ly1301,2024,589,25,2,0.042444821731748725,,ok,王正旭
fetch-20261006T122600Z-dfc47335,v2.1-f4676a0b,person,ly1301,2025,663,1,0,0.0015082956259426848,,ok,王正旭
fetch-20261006T122600Z-dfc47335,v2.1-f4676a0b,person,ly22,2016,59,15,0,0.2542372881355932,,ok,王金平
fetch-20261006T122600Z-dfc47335,v2.1-f4676a0b,person,ly22,2017,8,0,0,0.0,,ok,王金平
fetch-20261006T122600Z-dfc47335,v2.1-f4676a0b,person,ly22,2018,14,2,1,0.14285714285714285,,ok,王金平
fetch-20261006T122600Z-dfc47335,v2.1-f4676a0b,person,ly22,2019,4,0,0,0.0,,ok,王金平
fetch-20261006T122600Z-dfc47335,v2.1-f4676a0b,person,ly528,2019,142,55,21,0.3873239436619718,,ok,沈智慧
fetch-20261006T122600Z-dfc47335,v2.1-f4676a0b,person,ly551,2020,162,7,9,0.043209876543209874,,ok,翁重鈞
fetch-20261006T122600Z-dfc47335,v2.1-f4676a0b,person,ly551,2021,143,8,12,0.055944055944055944,,ok,翁重鈞
fetch-20261006T122600Z-dfc47335,v2.1-f4676a0b,person,ly551,2022,164,10,5,0.06097560975609756,,ok,翁重鈞
fetch-20261006T122600Z-dfc47335,v2.1-f4676a0b,person,ly551,2023,187,24,27,0.12834224598930483,,ok,翁重鈞
fetch-20261006T122600Z-dfc47335,v2.1-f4676a0b,person,ly626,2016,27,4,9,0.14814814814814814,,ok,柯建銘
fetch-20261006T122600Z-dfc47335,v2.1-f4676a0b,person,ly626,2017,18,2,0,0.1111111111111111,,ok,柯建銘
fetch-20261006T122600Z-dfc47335,v2.1-f4676a0b,person,ly626,2018,1,0,0,0.0,,ok,柯建銘
fetch-20261006T122600Z-dfc47335,v2.1-f4676a0b,person,ly626,2019,1,0,0,0.0,,ok,柯建銘
fetch-20261006T122600Z-dfc47335,v2.1-f4676a0b,person,ly626,2021,2,0,2,0.0,,ok,柯建銘
fetch-20261006T122600Z-dfc47335,v2.1-f4676a0b,person,ly626,2023,3,0,0,0.0,,ok,柯建銘
fetch-20261006T122600Z-dfc47335,v2.1-f4676a0b,person,ly626,2024,16,0,0,0.0,,ok,柯建銘
fetch-20261006T122600Z-dfc47335,v2.1-f4676a0b,person,ly626,2025,14,0,0,0.0,,ok,柯建銘
fetch-20261006T122600Z-dfc47335,v2.1-f4676a0b,person,ly660,2016,361,105,7,0.29085872576177285,,ok,黃昭順
fetch-20261006T122600Z-dfc47335,v2.1-f4676a0b,person,ly660,2017,296,88,10,0.2972972972972973,,ok,黃昭順
fetch-20261006T122600Z-dfc47335,v2.1-f4676a0b,person,ly660,2018,212,58,6,0.27358490566037735,,ok,黃昭順
fetch-20261006T122600Z-dfc47335,v2.1-f4676a0b,person,ly660,2019,125,42,2,0.336,,ok,黃昭順
fetch-20261006T122600Z-dfc47335,v2.1-f4676a0b,person,ly688,2024,2,0,2,0.0,,ok,韓國瑜
fetch-20261006T122600Z-dfc47335,v2.1-f4676a0b,person,ly692,2016,9,0,0,0.0,,ok,蘇嘉全
fetch-20261006T122600Z-dfc47335,v2.1-f4676a0b,person,ly709,2016,97,22,12,0.2268041237113402,,ok,李應元
fetch-20261006T122600Z-dfc47335,v2.1-f4676a0b,person,ly735,2016,167,38,56,0.2275449101796407,,ok,陳其邁
fetch-20261006T122600Z-dfc47335,v2.1-f4676a0b,person,ly735,2017,90,38,21,0.4222222222222222,,ok,陳其邁
fetch-20261006T122600Z-dfc47335,v2.1-f4676a0b,person,ly735,2018,12,3,1,0.25,,ok,陳其邁
fetch-20261006T122600Z-dfc47335,v2.1-f4676a0b,person,ly751,2016,273,94,74,0.3443223443223443,,ok,鄭寶清
fetch-20261006T122600Z-dfc47335,v2.1-f4676a0b,person,ly751,2017,308,136,98,0.44155844155844154,,ok,鄭寶清
fetch-20261006T122600Z-dfc47335,v2.1-f4676a0b,person,ly751,2018,216,71,52,0.3287037037037037,,ok,鄭寶清
fetch-20261006T122600Z-dfc47335,v2.1-f4676a0b,person,ly751,2019,257,44,50,0.17120622568093385,,ok,鄭寶清
fetch-20261006T122600Z-dfc47335,v2.1-f4676a0b,person,ly832,2016,266,69,70,0.2593984962406015,,ok,陳明文
fetch-20261006T122600Z-dfc47335,v2.1-f4676a0b,person,ly832,2017,160,62,28,0.3875,,ok,陳明文
fetch-20261006T122600Z-dfc47335,v2.1-f4676a0b,person,ly832,2018,143,26,53,0.18181818181818182,,ok,陳明文
fetch-20261006T122600Z-dfc47335,v2.1-f4676a0b,person,ly832,2019,102,11,20,0.10784313725490197,,ok,陳明文
fetch-20261006T122600Z-dfc47335,v2.1-f4676a0b,person,ly832,2020,151,45,31,0.2980132450331126,,ok,陳明文
fetch-20261006T122600Z-dfc47335,v2.1-f4676a0b,person,ly832,2021,258,62,96,0.24031007751937986,,ok,陳明文
fetch-20261006T122600Z-dfc47335,v2.1-f4676a0b,person,ly832,2022,366,71,158,0.19398907103825136,,ok,陳明文
fetch-20261006T122600Z-dfc47335,v2.1-f4676a0b,person,ly832,2023,193,44,67,0.22797927461139897,,ok,陳明文
fetch-20261006T122600Z-dfc47335,v2.1-f4676a0b,person,ly837,2016,184,63,7,0.3423913043478261,,ok,陳超明
fetch-20261006T122600Z-dfc47335,v2.1-f4676a0b,person,ly837,2017,220,55,6,0.25,,ok,陳超明
fetch-20261006T122600Z-dfc47335,v2.1-f4676a0b,person,ly837,2018,128,47,10,0.3671875,,ok,陳超明
fetch-20261006T122600Z-dfc47335,v2.1-f4676a0b,person,ly837,2019,154,73,30,0.474025974025974,,ok,陳超明
fetch-20261006T122600Z-dfc47335,v2.1-f4676a0b,person,ly837,2020,71,4,6,0.056338028169014086,,ok,陳超明
fetch-20261006T122600Z-dfc47335,v2.1-f4676a0b,person,ly837,2021,115,12,14,0.10434782608695652,,ok,陳超明
fetch-20261006T122600Z-dfc47335,v2.1-f4676a0b,person,ly837,2022,73,18,11,0.2465753424657534,,ok,陳超明
fetch-20261006T122600Z-dfc47335,v2.1-f4676a0b,person,ly837,2023,107,12,6,0.11214953271028037,,ok,陳超明
fetch-20261006T122600Z-dfc47335,v2.1-f4676a0b,person,ly837,2024,517,70,517,0.13539651837524178,,ok,陳超明
fetch-20261006T122600Z-dfc47335,v2.1-f4676a0b,person,ly837,2025,441,70,441,0.15873015873015872,,ok,陳超明
fetch-20261006T122600Z-dfc47335,v2.1-f4676a0b,person,ly842,2016,179,83,8,0.46368715083798884,,ok,陳學聖
fetch-20261006T122600Z-dfc47335,v2.1-f4676a0b,person,ly842,2017,136,60,3,0.4411764705882353,,ok,陳學聖
fetch-20261006T122600Z-dfc47335,v2.1-f4676a0b,person,ly842,2018,103,40,3,0.3883495145631068,,ok,陳學聖
fetch-20261006T122600Z-dfc47335,v2.1-f4676a0b,person,ly842,2019,132,56,7,0.42424242424242425,,ok,陳學聖
fetch-20261006T122600Z-dfc47335,v2.1-f4676a0b,person,ly856,2020,125,3,8,0.024,,ok,楊瓊瓔
fetch-20261006T122600Z-dfc47335,v2.1-f4676a0b,person,ly856,2021,136,17,13,0.125,,ok,楊瓊瓔
fetch-20261006T122600Z-dfc47335,v2.1-f4676a0b,person,ly856,2022,139,11,9,0.07913669064748201,,ok,楊瓊瓔
fetch-20261006T122600Z-dfc47335,v2.1-f4676a0b,person,ly856,2023,187,35,45,0.18716577540106952,,ok,楊瓊瓔
fetch-20261006T122600Z-dfc47335,v2.1-f4676a0b,person,ly856,2024,879,175,539,0.19908987485779295,,ok,楊瓊瓔
fetch-20261006T122600Z-dfc47335,v2.1-f4676a0b,person,ly856,2025,409,92,274,0.22493887530562348,,ok,楊瓊瓔
fetch-20261006T122600Z-dfc47335,v2.1-f4676a0b,person,ly857,2016,228,62,80,0.2719298245614035,,ok,葉宜津
fetch-20261006T122600Z-dfc47335,v2.1-f4676a0b,person,ly857,2017,226,86,67,0.3805309734513274,,ok,葉宜津
fetch-20261006T122600Z-dfc47335,v2.1-f4676a0b,person,ly857,2018,185,51,26,0.2756756756756757,,ok,葉宜津
fetch-20261006T122600Z-dfc47335,v2.1-f4676a0b,person,ly857,2019,215,20,55,0.09302325581395349,,ok,葉宜津
fetch-20261006T122600Z-dfc47335,v2.1-f4676a0b,person,ly859,2020,216,9,13,0.041666666666666664,,ok,廖婉汝
fetch-20261006T122600Z-dfc47335,v2.1-f4676a0b,person,ly859,2021,156,17,13,0.10897435897435898,,ok,廖婉汝
fetch-20261006T122600Z-dfc47335,v2.1-f4676a0b,person,ly859,2022,242,20,14,0.08264462809917356,,ok,廖婉汝
fetch-20261006T122600Z-dfc47335,v2.1-f4676a0b,person,ly859,2023,211,36,24,0.17061611374407584,,ok,廖婉汝
fetch-20261006T122600Z-dfc47335,v2.1-f4676a0b,person,ly869,2016,245,73,2,0.2979591836734694,,ok,賴士葆
fetch-20261006T122600Z-dfc47335,v2.1-f4676a0b,person,ly869,2017,192,65,0,0.3385416666666667,,ok,賴士葆
fetch-20261006T122600Z-dfc47335,v2.1-f4676a0b,person,ly869,2018,177,38,3,0.21468926553672316,,ok,賴士葆
fetch-20261006T122600Z-dfc47335,v2.1-f4676a0b,person,ly869,2019,104,36,2,0.34615384615384615,,ok,賴士葆
fetch-20261006T122600Z-dfc47335,v2.1-f4676a0b,person,ly869,2020,88,3,4,0.03409090909090909,,ok,賴士葆
fetch-20261006T122600Z-dfc47335,v2.1-f4676a0b,person,ly869,2021,74,6,5,0.08108108108108109,,ok,賴士葆
fetch-20261006T122600Z-dfc47335,v2.1-f4676a0b,person,ly869,2022,157,11,4,0.07006369426751592,,ok,賴士葆
fetch-20261006T122600Z-dfc47335,v2.1-f4676a0b,person,ly869,2023,149,20,26,0.1342281879194631,,ok,賴士葆
fetch-20261006T122600Z-dfc47335,v2.1-f4676a0b,person,ly869,2024,605,95,340,0.15702479338842976,,ok,賴士葆
fetch-20261006T122600Z-dfc47335,v2.1-f4676a0b,person,ly869,2025,307,61,172,0.1986970684039088,,ok,賴士葆
fetch-20261006T122600Z-dfc47335,v2.1-f4676a0b,person,ly872,2016,198,96,4,0.48484848484848486,,ok,盧秀燕
fetch-20261006T122600Z-dfc47335,v2.1-f4676a0b,person,ly872,2017,171,71,5,0.4152046783625731,,ok,盧秀燕
fetch-20261006T122600Z-dfc47335,v2.1-f4676a0b,person,ly872,2018,59,23,1,0.3898305084745763,,ok,盧秀燕
fetch-20261006T122600Z-dfc47335,v2.1-f4676a0b,person,ly882,2016,183,89,9,0.48633879781420764,,ok,羅明才
fetch-20261006T122600Z-dfc47335,v2.1-f4676a0b,person,ly882,2017,130,51,5,0.3923076923076923,,ok,羅明才
fetch-20261006T122600Z-dfc47335,v2.1-f4676a0b,person,ly882,2018,136,45,6,0.33088235294117646,,ok,羅明才
fetch-20261006T122600Z-dfc47335,v2.1-f4676a0b,person,ly882,2019,119,40,10,0.33613445378151263,,ok,羅明才
fetch-20261006T122600Z-dfc47335,v2.1-f4676a0b,person,ly882,2020,38,3,5,0.07894736842105263,,ok,羅明才
fetch-20261006T122600Z-dfc47335,v2.1-f4676a0b,person,ly882,2021,66,9,3,0.13636363636363635,,ok,羅明才
fetch-20261006T122600Z-dfc47335,v2.1-f4676a0b,person,ly882,2022,110,6,4,0.05454545454545454,,ok,羅明才
fetch-20261006T122600Z-dfc47335,v2.1-f4676a0b,person,ly882,2023,150,26,21,0.17333333333333334,,ok,羅明才
fetch-20261006T122600Z-dfc47335,v2.1-f4676a0b,person,ly882,2024,448,100,267,0.22321428571428573,,ok,羅明才
fetch-20261006T122600Z-dfc47335,v2.1-f4676a0b,person,ly882,2025,274,55,142,0.20072992700729927,,ok,羅明才
fetch-20261006T122600Z-dfc47335,v2.1-f4676a0b,person,ly902,2016,105,58,7,0.5523809523809524,,ok,李鴻鈞
fetch-20261006T122600Z-dfc47335,v2.1-f4676a0b,person,ly902,2017,35,12,4,0.34285714285714286,,ok,李鴻鈞
fetch-20261006T122600Z-dfc47335,v2.1-f4676a0b,person,ly902,2018,35,9,1,0.2571428571428571,,ok,李鴻鈞
fetch-20261006T122600Z-dfc47335,v2.1-f4676a0b,person,ly902,2019,24,9,0,0.375,,ok,李鴻鈞
fetch-20261006T122600Z-dfc47335,v2.1-f4676a0b,person,ly908,2016,81,27,30,0.3333333333333333,,ok,林岱樺
fetch-20261006T122600Z-dfc47335,v2.1-f4676a0b,person,ly908,2017,61,30,12,0.4918032786885246,,ok,林岱樺
fetch-20261006T122600Z-dfc47335,v2.1-f4676a0b,person,ly908,2018,58,12,11,0.20689655172413793,,ok,林岱樺
fetch-20261006T122600Z-dfc47335,v2.1-f4676a0b,person,ly908,2019,40,9,7,0.225,,ok,林岱樺
fetch-20261006T122600Z-dfc47335,v2.1-f4676a0b,person,ly908,2020,103,40,11,0.3883495145631068,,ok,林岱樺
fetch-20261006T122600Z-dfc47335,v2.1-f4676a0b,person,ly908,2021,166,58,60,0.3493975903614458,,ok,林岱樺
fetch-20261006T122600Z-dfc47335,v2.1-f4676a0b,person,ly908,2022,175,56,107,0.32,,ok,林岱樺
fetch-20261006T122600Z-dfc47335,v2.1-f4676a0b,person,ly908,2023,67,22,23,0.3283582089552239,,ok,林岱樺
fetch-20261006T122600Z-dfc47335,v2.1-f4676a0b,person,ly908,2024,201,20,1,0.09950248756218906,,ok,林岱樺
fetch-20261006T122600Z-dfc47335,v2.1-f4676a0b,person,ly908,2025,210,0,0,0.0,,ok,林岱樺
fetch-20261006T122600Z-dfc47335,v2.1-f4676a0b,person,ly912,2016,370,150,10,0.40540540540540543,,ok,林德福
fetch-20261006T122600Z-dfc47335,v2.1-f4676a0b,person,ly912,2017,230,86,8,0.3739130434782609,,ok,林德福
fetch-20261006T122600Z-dfc47335,v2.1-f4676a0b,person,ly912,2018,223,64,8,0.28699551569506726,,ok,林德福
fetch-20261006T122600Z-dfc47335,v2.1-f4676a0b,person,ly912,2019,218,73,13,0.3348623853211009,,ok,林德福
fetch-20261006T122600Z-dfc47335,v2.1-f4676a0b,person,ly912,2020,153,5,10,0.032679738562091505,,ok,林德福
fetch-20261006T122600Z-dfc47335,v2.1-f4676a0b,person,ly912,2021,125,13,8,0.104,,ok,林德福
fetch-20261006T122600Z-dfc47335,v2.1-f4676a0b,person,ly912,2022,139,17,9,0.1223021582733813,,ok,林德福
fetch-20261006T122600Z-dfc47335,v2.1-f4676a0b,person,ly912,2023,198,27,31,0.13636363636363635,,ok,林德福
fetch-20261006T122600Z-dfc47335,v2.1-f4676a0b,person,ly912,2024,624,118,361,0.1891025641025641,,ok,林德福
fetch-20261006T122600Z-dfc47335,v2.1-f4676a0b,person,ly912,2025,420,45,255,0.10714285714285714,,ok,林德福
fetch-20261006T122600Z-dfc47335,v2.1-f4676a0b,person,ly917,2016,124,29,34,0.23387096774193547,,ok,邱議瑩
fetch-20261006T122600Z-dfc47335,v2.1-f4676a0b,person,ly917,2017,104,35,40,0.33653846153846156,,ok,邱議瑩
fetch-20261006T122600Z-dfc47335,v2.1-f4676a0b,person,ly917,2018,109,26,24,0.23853211009174313,,ok,邱議瑩
fetch-20261006T122600Z-dfc47335,v2.1-f4676a0b,person,ly917,2019,92,16,15,0.17391304347826086,,ok,邱議瑩
fetch-20261006T122600Z-dfc47335,v2.1-f4676a0b,person,ly917,2020,199,58,58,0.2914572864321608,,ok,邱議瑩
fetch-20261006T122600Z-dfc47335,v2.1-f4676a0b,person,ly917,2021,270,53,103,0.1962962962962963,,ok,邱議瑩
fetch-20261006T122600Z-dfc47335,v2.1-f4676a0b,person,ly917,2022,200,33,90,0.165,,ok,邱議瑩
fetch-20261006T122600Z-dfc47335,v2.1-f4676a0b,person,ly917,2023,216,23,94,0.10648148148148148,,ok,邱議瑩
fetch-20261006T122600Z-dfc47335,v2.1-f4676a0b,person,ly917,2024,308,2,3,0.006493506493506494,,ok,邱議瑩
fetch-20261006T122600Z-dfc47335,v2.1-f4676a0b,person,ly917,2025,283,0,0,0.0,,ok,邱議瑩
fetch-20261006T122600Z-dfc47335,v2.1-f4676a0b,person,ly921,2016,164,31,42,0.18902439024390244,,ok,段宜康
fetch-20261006T122600Z-dfc47335,v2.1-f4676a0b,person,ly921,2017,164,80,55,0.4878048780487805,,ok,段宜康
fetch-20261006T122600Z-dfc47335,v2.1-f4676a0b,person,ly921,2018,153,38,18,0.24836601307189543,,ok,段宜康
fetch-20261006T122600Z-dfc47335,v2.1-f4676a0b,person,ly921,2019,155,5,29,0.03225806451612903,,ok,段宜康
fetch-20261006T122600Z-dfc47335,v2.1-f4676a0b,person,ly927,2016,125,34,18,0.272,,ok,高志鵬
fetch-20261006T122600Z-dfc47335,v2.1-f4676a0b,person,ly927,2017,132,49,37,0.3712121212121212,,ok,高志鵬
fetch-20261006T122600Z-dfc47335,v2.1-f4676a0b,person,ly927,2018,131,45,22,0.3435114503816794,,ok,高志鵬
fetch-20261006T122600Z-dfc47335,v2.1-f4676a0b,person,ly930,2016,31,31,0,1.0,,ok,高金素梅
fetch-20261006T122600Z-dfc47335,v2.1-f4676a0b,person,ly930,2017,14,14,2,1.0,,ok,高金素梅
fetch-20261006T122600Z-dfc47335,v2.1-f4676a0b,person,ly930,2018,18,18,5,1.0,,ok,高金素梅
fetch-20261006T122600Z-dfc47335,v2.1-f4676a0b,person,ly930,2019,17,17,0,1.0,,ok,高金素梅
fetch-20261006T122600Z-dfc47335,v2.1-f4676a0b,person,ly930,2020,6,0,6,0.0,,ok,高金素梅
fetch-20261006T122600Z-dfc47335,v2.1-f4676a0b,person,ly930,2021,10,4,10,0.4,,ok,高金素梅
fetch-20261006T122600Z-dfc47335,v2.1-f4676a0b,person,ly930,2022,7,2,7,0.2857142857142857,,ok,高金素梅
fetch-20261006T122600Z-dfc47335,v2.1-f4676a0b,person,ly930,2023,49,20,49,0.40816326530612246,,ok,高金素梅
fetch-20261006T122600Z-dfc47335,v2.1-f4676a0b,person,ly930,2024,509,118,509,0.2318271119842829,,ok,高金素梅
fetch-20261006T122600Z-dfc47335,v2.1-f4676a0b,person,ly930,2025,303,117,303,0.38613861386138615,,ok,高金素梅
fetch-20261006T122600Z-dfc47335,v2.1-f4676a0b,person,ly935,2016,93,18,35,0.1935483870967742,,ok,郭正亮
fetch-20261006T122600Z-dfc47335,v2.1-f4676a0b,person,ly935,2017,279,102,68,0.3655913978494624,,ok,郭正亮
fetch-20261006T122600Z-dfc47335,v2.1-f4676a0b,person,ly935,2018,277,78,70,0.2815884476534296,,ok,郭正亮
fetch-20261006T122600Z-dfc47335,v2.1-f4676a0b,person,ly935,2019,279,29,60,0.1039426523297491,,ok,郭正亮
fetch-20261006T122600Z-dfc47335,v2.1-f4676a0b,person,ly953,2020,16,2,16,0.125,,ok,傅崐萁
fetch-20261006T122600Z-dfc47335,v2.1-f4676a0b,person,ly953,2021,14,3,7,0.21428571428571427,,ok,傅崐萁
fetch-20261006T122600Z-dfc47335,v2.1-f4676a0b,person,ly953,2022,48,3,6,0.0625,,ok,傅崐萁
fetch-20261006T122600Z-dfc47335,v2.1-f4676a0b,person,ly953,2023,62,17,15,0.27419354838709675,,ok,傅崐萁
fetch-20261006T122600Z-dfc47335,v2.1-f4676a0b,person,ly953,2024,400,83,227,0.2075,,ok,傅崐萁
fetch-20261006T122600Z-dfc47335,v2.1-f4676a0b,person,ly953,2025,136,17,76,0.125,,ok,傅崐萁
fetch-20261006T122600Z-dfc47335,v2.1-f4676a0b,person,ly964,2016,270,73,3,0.27037037037037037,,ok,廖國棟Sufin．Siluko
fetch-20261006T122600Z-dfc47335,v2.1-f4676a0b,person,ly964,2017,151,50,1,0.33112582781456956,,ok,廖國棟Sufin．Siluko
fetch-20261006T122600Z-dfc47335,v2.1-f4676a0b,person,ly964,2018,190,54,13,0.28421052631578947,,ok,廖國棟Sufin．Siluko
fetch-20261006T122600Z-dfc47335,v2.1-f4676a0b,person,ly964,2019,156,73,28,0.46794871794871795,,ok,廖國棟Sufin．Siluko
fetch-20261006T122600Z-dfc47335,v2.1-f4676a0b,person,ly964,2020,74,2,7,0.02702702702702703,,ok,廖國棟Sufin．Siluko
fetch-20261006T122600Z-dfc47335,v2.1-f4676a0b,person,ly964,2021,114,10,12,0.08771929824561403,,ok,廖國棟Sufin．Siluko
fetch-20261006T122600Z-dfc47335,v2.1-f4676a0b,person,ly964,2022,81,10,6,0.12345679012345678,,ok,廖國棟Sufin．Siluko
fetch-20261006T122600Z-dfc47335,v2.1-f4676a0b,person,ly964,2023,157,25,13,0.1592356687898089,,ok,廖國棟Sufin．Siluko
fetch-20261006T122600Z-dfc47335,v2.1-f4676a0b,person,ly966,2016,143,47,35,0.32867132867132864,,ok,劉世芳
fetch-20261006T122600Z-dfc47335,v2.1-f4676a0b,person,ly966,2017,165,47,35,0.28484848484848485,,ok,劉世芳
fetch-20261006T122600Z-dfc47335,v2.1-f4676a0b,person,ly966,2018,134,36,26,0.26865671641791045,,ok,劉世芳
fetch-20261006T122600Z-dfc47335,v2.1-f4676a0b,person,ly966,2019,207,19,48,0.09178743961352658,,ok,劉世芳
fetch-20261006T122600Z-dfc47335,v2.1-f4676a0b,person,ly966,2020,200,58,69,0.29,,ok,劉世芳
fetch-20261006T122600Z-dfc47335,v2.1-f4676a0b,person,ly966,2021,75,17,24,0.22666666666666666,,ok,劉世芳
fetch-20261006T122600Z-dfc47335,v2.1-f4676a0b,person,ly966,2022,202,27,97,0.13366336633663367,,ok,劉世芳
fetch-20261006T122600Z-dfc47335,v2.1-f4676a0b,person,ly966,2023,146,26,41,0.1780821917808219,,ok,劉世芳
fetch-20261006T122600Z-dfc47335,v2.1-f4676a0b,person,ly976,2016,154,45,50,0.2922077922077922,,ok,蕭美琴
fetch-20261006T122600Z-dfc47335,v2.1-f4676a0b,person,ly976,2017,148,57,51,0.38513513513513514,,ok,蕭美琴
fetch-20261006T122600Z-dfc47335,v2.1-f4676a0b,person,ly976,2018,110,25,27,0.22727272727272727,,ok,蕭美琴
fetch-20261006T122600Z-dfc47335,v2.1-f4676a0b,person,ly976,2019,144,10,23,0.06944444444444445,,ok,蕭美琴
fetch-20261006T122600Z-dfc47335,v2.1-f4676a0b,person,ly989,2016,164,71,44,0.4329268292682927,,ok,蘇治芬
fetch-20261006T122600Z-dfc47335,v2.1-f4676a0b,person,ly989,2017,127,59,22,0.4645669291338583,,ok,蘇治芬
fetch-20261006T122600Z-dfc47335,v2.1-f4676a0b,person,ly989,2018,147,39,23,0.2653061224489796,,ok,蘇治芬
fetch-20261006T122600Z-dfc47335,v2.1-f4676a0b,person,ly989,2019,70,17,20,0.24285714285714285,,ok,蘇治芬
fetch-20261006T122600Z-dfc47335,v2.1-f4676a0b,person,ly989,2020,205,70,59,0.34146341463414637,,ok,蘇治芬
fetch-20261006T122600Z-dfc47335,v2.1-f4676a0b,person,ly989,2021,294,78,113,0.2653061224489796,,ok,蘇治芬
fetch-20261006T122600Z-dfc47335,v2.1-f4676a0b,person,ly989,2022,293,55,139,0.18771331058020477,,ok,蘇治芬
fetch-20261006T122600Z-dfc47335,v2.1-f4676a0b,person,ly989,2023,206,38,79,0.18446601941747573,,ok,蘇治芬
fetch-20261006T122600Z-dfc47335,v2.1-f4676a0b,person,ly997,2016,173,37,31,0.2138728323699422,,ok,王榮璋
fetch-20261006T122600Z-dfc47335,v2.1-f4676a0b,person,ly997,2017,135,51,42,0.37777777777777777,,ok,王榮璋
fetch-20261006T122600Z-dfc47335,v2.1-f4676a0b,person,ly997,2018,138,32,32,0.2318840579710145,,ok,王榮璋
fetch-20261006T122600Z-dfc47335,v2.1-f4676a0b,person,ly997,2019,154,8,45,0.05194805194805195,,ok,王榮璋
fetch-20261006T122600Z-dfc47335,v2.1-f4676a0b,person,ly999,2016,268,96,8,0.3582089552238806,,ok,孔文吉
fetch-20261006T122600Z-dfc47335,v2.1-f4676a0b,person,ly999,2017,272,78,10,0.2867647058823529,,ok,孔文吉
fetch-20261006T122600Z-dfc47335,v2.1-f4676a0b,person,ly999,2018,237,71,15,0.29957805907172996,,ok,孔文吉
fetch-20261006T122600Z-dfc47335,v2.1-f4676a0b,person,ly999,2019,207,84,21,0.4057971014492754,,ok,孔文吉
fetch-20261006T122600Z-dfc47335,v2.1-f4676a0b,person,ly999,2020,180,8,10,0.044444444444444446,,ok,孔文吉
fetch-20261006T122600Z-dfc47335,v2.1-f4676a0b,person,ly999,2021,145,12,14,0.08275862068965517,,ok,孔文吉
fetch-20261006T122600Z-dfc47335,v2.1-f4676a0b,person,ly999,2022,208,15,8,0.07211538461538461,,ok,孔文吉
fetch-20261006T122600Z-dfc47335,v2.1-f4676a0b,person,ly999,2023,182,31,18,0.17032967032967034,,ok,孔文吉
fetch-20261006T122600Z-dfc47335,v2.1-f4676a0b,person,prov:11:劉書彬,2025,30,21,16,0.7,,ok,劉書彬
fetch-20261006T122600Z-dfc47335,v2.1-f4676a0b,person,prov:11:王義川,2024,11,0,0,0.0,,ok,王義川
fetch-20261006T122600Z-dfc47335,v2.1-f4676a0b,person,prov:11:王義川,2025,606,0,0,0.0,,ok,王義川
