run_id,annotation_version,leg_year,party_id,topic_id,activity,members,party_active_days,observed_count,observed_mass,value_count,value_mass,status
fetch-20261006T122600Z-dfc47335,v2.1-f4676a0b,2016,中國國民黨,agriculture,bill_primary,35,12810,30,19.1,30,19.1,complete
fetch-20261006T122600Z-dfc47335,v2.1-f4676a0b,2016,中國國民黨,civil_rights,bill_primary,35,12810,54,38.666666666666664,54,38.666666666666664,complete
fetch-20261006T122600Z-dfc47335,v2.1-f4676a0b,2016,中國國民黨,commerce,bill_primary,35,12810,104,61.95,104,61.95,complete
fetch-20261006T122600Z-dfc47335,v2.1-f4676a0b,2016,中國國民黨,cross_strait,bill_primary,35,12810,12,5.833333333333333,12,5.833333333333333,complete
fetch-20261006T122600Z-dfc47335,v2.1-f4676a0b,2016,中國國民黨,culture,bill_primary,35,12810,86,43.83333333333333,86,43.83333333333333,complete
fetch-20261006T122600Z-dfc47335,v2.1-f4676a0b,2016,中國國民黨,defense,bill_primary,35,12810,18,13.583333333333332,18,13.583333333333332,complete
fetch-20261006T122600Z-dfc47335,v2.1-f4676a0b,2016,中國國民黨,education,bill_primary,35,12810,125,81.0,125,81.0,complete
fetch-20261006T122600Z-dfc47335,v2.1-f4676a0b,2016,中國國民黨,energy,bill_primary,35,12810,22,12.416666666666666,22,12.416666666666666,complete
fetch-20261006T122600Z-dfc47335,v2.1-f4676a0b,2016,中國國民黨,environment,bill_primary,35,12810,61,36.36666666666667,61,36.36666666666667,complete
fetch-20261006T122600Z-dfc47335,v2.1-f4676a0b,2016,中國國民黨,foreign_trade,bill_primary,35,12810,5,2.3333333333333335,5,2.3333333333333335,complete
fetch-20261006T122600Z-dfc47335,v2.1-f4676a0b,2016,中國國民黨,government,bill_primary,35,12810,81,49.95,81,49.95,complete
fetch-20261006T122600Z-dfc47335,v2.1-f4676a0b,2016,中國國民黨,health,bill_primary,35,12810,163,118.16666666666666,163,118.16666666666666,complete
fetch-20261006T122600Z-dfc47335,v2.1-f4676a0b,2016,中國國民黨,housing,bill_primary,35,12810,20,12.666666666666666,20,12.666666666666666,complete
fetch-20261006T122600Z-dfc47335,v2.1-f4676a0b,2016,中國國民黨,immigration,bill_primary,35,12810,52,33.83333333333333,52,33.83333333333333,complete
fetch-20261006T122600Z-dfc47335,v2.1-f4676a0b,2016,中國國民黨,indigenous,bill_primary,35,12810,101,46.233333333333334,101,46.233333333333334,complete
fetch-20261006T122600Z-dfc47335,v2.1-f4676a0b,2016,中國國民黨,international,bill_primary,35,12810,13,6.4,13,6.4,complete
fetch-20261006T122600Z-dfc47335,v2.1-f4676a0b,2016,中國國民黨,labor,bill_primary,35,12810,170,125.41666666666667,170,125.41666666666667,complete
fetch-20261006T122600Z-dfc47335,v2.1-f4676a0b,2016,中國國民黨,law_crime,bill_primary,35,12810,170,120.16666666666667,170,120.16666666666667,complete
fetch-20261006T122600Z-dfc47335,v2.1-f4676a0b,2016,中國國民黨,macroeconomy,bill_primary,35,12810,80,41.03333333333333,80,41.03333333333333,complete
fetch-20261006T122600Z-dfc47335,v2.1-f4676a0b,2016,中國國民黨,public_lands,bill_primary,35,12810,40,26.233333333333334,40,26.233333333333334,complete
fetch-20261006T122600Z-dfc47335,v2.1-f4676a0b,2016,中國國民黨,social_welfare,bill_primary,35,12810,92,54.25,92,54.25,complete
fetch-20261006T122600Z-dfc47335,v2.1-f4676a0b,2016,中國國民黨,technology,bill_primary,35,12810,75,43.9,75,43.9,complete
fetch-20261006T122600Z-dfc47335,v2.1-f4676a0b,2016,中國國民黨,transitional_justice,bill_primary,35,12810,16,8.5,16,8.5,complete
fetch-20261006T122600Z-dfc47335,v2.1-f4676a0b,2016,中國國民黨,transportation,bill_primary,35,12810,92,64.16666666666667,92,64.16666666666667,complete
fetch-20261006T122600Z-dfc47335,v2.1-f4676a0b,2016,中國國民黨,unclassified,bill_primary,35,12810,137,137.0,137,137.0,complete
fetch-20261006T122600Z-dfc47335,v2.1-f4676a0b,2016,中國國民黨,agriculture,bill_cosign,35,12810,302,189.33333333333334,302,189.33333333333334,complete
fetch-20261006T122600Z-dfc47335,v2.1-f4676a0b,2016,中國國民黨,civil_rights,bill_cosign,35,12810,393,267.0,393,267.0,complete
fetch-20261006T122600Z-dfc47335,v2.1-f4676a0b,2016,中國國民黨,commerce,bill_cosign,35,12810,1158,706.0333333333333,1158,706.0333333333333,complete
fetch-20261006T122600Z-dfc47335,v2.1-f4676a0b,2016,中國國民黨,cross_strait,bill_cosign,35,12810,58,35.5,58,35.5,complete
fetch-20261006T122600Z-dfc47335,v2.1-f4676a0b,2016,中國國民黨,culture,bill_cosign,35,12810,649,328.75,649,328.75,complete
fetch-20261006T122600Z-dfc47335,v2.1-f4676a0b,2016,中國國民黨,defense,bill_cosign,35,12810,219,168.08333333333334,219,168.08333333333334,complete
fetch-20261006T122600Z-dfc47335,v2.1-f4676a0b,2016,中國國民黨,education,bill_cosign,35,12810,900,577.0,900,577.0,complete
fetch-20261006T122600Z-dfc47335,v2.1-f4676a0b,2016,中國國民黨,energy,bill_cosign,35,12810,199,117.25,199,117.25,complete
fetch-20261006T122600Z-dfc47335,v2.1-f4676a0b,2016,中國國民黨,environment,bill_cosign,35,12810,427,242.7,427,242.7,complete
fetch-20261006T122600Z-dfc47335,v2.1-f4676a0b,2016,中國國民黨,foreign_trade,bill_cosign,35,12810,70,32.333333333333336,70,32.333333333333336,complete
fetch-20261006T122600Z-dfc47335,v2.1-f4676a0b,2016,中國國民黨,government,bill_cosign,35,12810,645,373.8666666666667,645,373.8666666666667,complete
fetch-20261006T122600Z-dfc47335,v2.1-f4676a0b,2016,中國國民黨,health,bill_cosign,35,12810,1344,1043.9166666666667,1344,1043.9166666666667,complete
fetch-20261006T122600Z-dfc47335,v2.1-f4676a0b,2016,中國國民黨,housing,bill_cosign,35,12810,185,112.16666666666666,185,112.16666666666666,complete
fetch-20261006T122600Z-dfc47335,v2.1-f4676a0b,2016,中國國民黨,immigration,bill_cosign,35,12810,298,194.16666666666666,298,194.16666666666666,complete
fetch-20261006T122600Z-dfc47335,v2.1-f4676a0b,2016,中國國民黨,indigenous,bill_cosign,35,12810,775,360.05,775,360.05,complete
fetch-20261006T122600Z-dfc47335,v2.1-f4676a0b,2016,中國國民黨,international,bill_cosign,35,12810,116,49.96666666666667,116,49.96666666666667,complete
fetch-20261006T122600Z-dfc47335,v2.1-f4676a0b,2016,中國國民黨,labor,bill_cosign,35,12810,1505,1042.0,1505,1042.0,complete
fetch-20261006T122600Z-dfc47335,v2.1-f4676a0b,2016,中國國民黨,law_crime,bill_cosign,35,12810,1442,1012.8333333333334,1442,1012.8333333333334,complete
fetch-20261006T122600Z-dfc47335,v2.1-f4676a0b,2016,中國國民黨,macroeconomy,bill_cosign,35,12810,707,373.1166666666667,707,373.1166666666667,complete
fetch-20261006T122600Z-dfc47335,v2.1-f4676a0b,2016,中國國民黨,public_lands,bill_cosign,35,12810,383,242.96666666666667,383,242.96666666666667,complete
fetch-20261006T122600Z-dfc47335,v2.1-f4676a0b,2016,中國國民黨,social_welfare,bill_cosign,35,12810,734,427.0,734,427.0,complete
fetch-20261006T122600Z-dfc47335,v2.1-f4676a0b,2016,中國國民黨,technology,bill_cosign,35,12810,717,430.3833333333333,717,430.3833333333333,complete
fetch-20261006T122600Z-dfc47335,v2.1-f4676a0b,2016,中國國民黨,transitional_justice,bill_cosign,35,12810,111,71.16666666666666,111,71.16666666666666,complete
fetch-20261006T122600Z-dfc47335,v2.1-f4676a0b,2016,中國國民黨,transportation,bill_cosign,35,12810,891,644.4166666666666,891,644.4166666666666,complete
fetch-20261006T122600Z-dfc47335,v2.1-f4676a0b,2016,中國國民黨,unclassified,bill_cosign,35,12810,1329,1329.0,1329,1329.0,complete
fetch-20261006T122600Z-dfc47335,v2.1-f4676a0b,2016,中國國民黨,agriculture,speech,35,12810,530,122.74113640414984,530,122.74113640414984,complete
fetch-20261006T122600Z-dfc47335,v2.1-f4676a0b,2016,中國國民黨,civil_rights,speech,35,12810,312,94.85930504179224,312,94.85930504179224,complete
fetch-20261006T122600Z-dfc47335,v2.1-f4676a0b,2016,中國國民黨,commerce,speech,35,12810,672,166.20958978463153,672,166.20958978463153,complete
fetch-20261006T122600Z-dfc47335,v2.1-f4676a0b,2016,中國國民黨,cross_strait,speech,35,12810,461,94.33045724319561,461,94.33045724319561,complete
fetch-20261006T122600Z-dfc47335,v2.1-f4676a0b,2016,中國國民黨,culture,speech,35,12810,471,124.3628811120681,471,124.3628811120681,complete
fetch-20261006T122600Z-dfc47335,v2.1-f4676a0b,2016,中國國民黨,defense,speech,35,12810,347,89.66470200206321,347,89.66470200206321,complete
fetch-20261006T122600Z-dfc47335,v2.1-f4676a0b,2016,中國國民黨,education,speech,35,12810,857,263.9063861382839,857,263.9063861382839,complete
fetch-20261006T122600Z-dfc47335,v2.1-f4676a0b,2016,中國國民黨,energy,speech,35,12810,349,91.47532928686253,349,91.47532928686253,complete
fetch-20261006T122600Z-dfc47335,v2.1-f4676a0b,2016,中國國民黨,environment,speech,35,12810,307,67.31806039008988,307,67.31806039008988,complete
fetch-20261006T122600Z-dfc47335,v2.1-f4676a0b,2016,中國國民黨,foreign_trade,speech,35,12810,370,76.4203229459925,370,76.4203229459925,complete
fetch-20261006T122600Z-dfc47335,v2.1-f4676a0b,2016,中國國民黨,government,speech,35,12810,590,134.27575400324702,590,134.27575400324702,complete
fetch-20261006T122600Z-dfc47335,v2.1-f4676a0b,2016,中國國民黨,health,speech,35,12810,807,215.96498941701452,807,215.96498941701452,complete
fetch-20261006T122600Z-dfc47335,v2.1-f4676a0b,2016,中國國民黨,housing,speech,35,12810,199,35.16526480420406,199,35.16526480420406,complete
fetch-20261006T122600Z-dfc47335,v2.1-f4676a0b,2016,中國國民黨,immigration,speech,35,12810,154,35.91294468887141,154,35.91294468887141,complete
fetch-20261006T122600Z-dfc47335,v2.1-f4676a0b,2016,中國國民黨,indigenous,speech,35,12810,691,199.26576655880268,691,199.26576655880268,complete
fetch-20261006T122600Z-dfc47335,v2.1-f4676a0b,2016,中國國民黨,international,speech,35,12810,418,84.70220333170411,418,84.70220333170411,complete
fetch-20261006T122600Z-dfc47335,v2.1-f4676a0b,2016,中國國民黨,labor,speech,35,12810,538,173.59769449654183,538,173.59769449654183,complete
fetch-20261006T122600Z-dfc47335,v2.1-f4676a0b,2016,中國國民黨,law_crime,speech,35,12810,1095,294.51548101611155,1095,294.51548101611155,complete
fetch-20261006T122600Z-dfc47335,v2.1-f4676a0b,2016,中國國民黨,macroeconomy,speech,35,12810,569,121.85419528059954,569,121.85419528059954,complete
fetch-20261006T122600Z-dfc47335,v2.1-f4676a0b,2016,中國國民黨,public_lands,speech,35,12810,318,67.4820632923717,318,67.4820632923717,complete
fetch-20261006T122600Z-dfc47335,v2.1-f4676a0b,2016,中國國民黨,social_welfare,speech,35,12810,431,84.90333160946061,431,84.90333160946061,complete
fetch-20261006T122600Z-dfc47335,v2.1-f4676a0b,2016,中國國民黨,technology,speech,35,12810,508,92.65551978605819,508,92.65551978605819,complete
fetch-20261006T122600Z-dfc47335,v2.1-f4676a0b,2016,中國國民黨,transitional_justice,speech,35,12810,229,66.15397317991587,229,66.15397317991587,complete
fetch-20261006T122600Z-dfc47335,v2.1-f4676a0b,2016,中國國民黨,transportation,speech,35,12810,666,184.7554320107016,666,184.7554320107016,complete
fetch-20261006T122600Z-dfc47335,v2.1-f4676a0b,2016,中國國民黨,unclassified,speech,35,12810,3640,1973.5072161752662,3640,1973.5072161752662,complete
fetch-20261006T122600Z-dfc47335,v2.1-f4676a0b,2016,中國國民黨,agriculture,written_question,35,12810,64,18.714003890649707,64,18.714003890649707,complete
fetch-20261006T122600Z-dfc47335,v2.1-f4676a0b,2016,中國國民黨,civil_rights,written_question,35,12810,37,8.392915877603446,37,8.392915877603446,complete
fetch-20261006T122600Z-dfc47335,v2.1-f4676a0b,2016,中國國民黨,commerce,written_question,35,12810,92,24.97886090021371,92,24.97886090021371,complete
fetch-20261006T122600Z-dfc47335,v2.1-f4676a0b,2016,中國國民黨,cross_strait,written_question,35,12810,62,16.944901898243494,62,16.944901898243494,complete
fetch-20261006T122600Z-dfc47335,v2.1-f4676a0b,2016,中國國民黨,culture,written_question,35,12810,55,18.98815877724417,55,18.98815877724417,complete
fetch-20261006T122600Z-dfc47335,v2.1-f4676a0b,2016,中國國民黨,defense,written_question,35,12810,58,18.800470806762167,58,18.800470806762167,complete
fetch-20261006T122600Z-dfc47335,v2.1-f4676a0b,2016,中國國民黨,education,written_question,35,12810,101,27.688516356195215,101,27.688516356195215,complete
fetch-20261006T122600Z-dfc47335,v2.1-f4676a0b,2016,中國國民黨,energy,written_question,35,12810,47,13.001776010369905,47,13.001776010369905,complete
fetch-20261006T122600Z-dfc47335,v2.1-f4676a0b,2016,中國國民黨,environment,written_question,35,12810,52,14.593880830319504,52,14.593880830319504,complete
fetch-20261006T122600Z-dfc47335,v2.1-f4676a0b,2016,中國國民黨,foreign_trade,written_question,35,12810,53,13.544902106323654,53,13.544902106323654,complete
fetch-20261006T122600Z-dfc47335,v2.1-f4676a0b,2016,中國國民黨,government,written_question,35,12810,72,20.4442025760131,72,20.4442025760131,complete
fetch-20261006T122600Z-dfc47335,v2.1-f4676a0b,2016,中國國民黨,health,written_question,35,12810,82,23.431372771233843,82,23.431372771233843,complete
fetch-20261006T122600Z-dfc47335,v2.1-f4676a0b,2016,中國國民黨,housing,written_question,35,12810,32,8.053102572678045,32,8.053102572678045,complete
fetch-20261006T122600Z-dfc47335,v2.1-f4676a0b,2016,中國國民黨,immigration,written_question,35,12810,8,1.2202592931573955,8,1.2202592931573955,complete
fetch-20261006T122600Z-dfc47335,v2.1-f4676a0b,2016,中國國民黨,indigenous,written_question,35,12810,58,21.17945031159317,58,21.17945031159317,complete
fetch-20261006T122600Z-dfc47335,v2.1-f4676a0b,2016,中國國民黨,international,written_question,35,12810,71,18.50586064438114,71,18.50586064438114,complete
fetch-20261006T122600Z-dfc47335,v2.1-f4676a0b,2016,中國國民黨,labor,written_question,35,12810,86,25.198188869053347,86,25.198188869053347,complete
fetch-20261006T122600Z-dfc47335,v2.1-f4676a0b,2016,中國國民黨,law_crime,written_question,35,12810,119,38.24514045941112,119,38.24514045941112,complete
fetch-20261006T122600Z-dfc47335,v2.1-f4676a0b,2016,中國國民黨,macroeconomy,written_question,35,12810,77,18.860782751002986,77,18.860782751002986,complete
fetch-20261006T122600Z-dfc47335,v2.1-f4676a0b,2016,中國國民黨,public_lands,written_question,35,12810,54,13.311364736941666,54,13.311364736941666,complete
fetch-20261006T122600Z-dfc47335,v2.1-f4676a0b,2016,中國國民黨,social_welfare,written_question,35,12810,67,18.11972898876464,67,18.11972898876464,complete
fetch-20261006T122600Z-dfc47335,v2.1-f4676a0b,2016,中國國民黨,technology,written_question,35,12810,74,22.53121624642126,74,22.53121624642126,complete
fetch-20261006T122600Z-dfc47335,v2.1-f4676a0b,2016,中國國民黨,transitional_justice,written_question,35,12810,18,3.9418145904814423,18,3.9418145904814423,complete
fetch-20261006T122600Z-dfc47335,v2.1-f4676a0b,2016,中國國民黨,transportation,written_question,35,12810,130,48.08018605027665,130,48.08018605027665,complete
fetch-20261006T122600Z-dfc47335,v2.1-f4676a0b,2016,中國國民黨,unclassified,written_question,35,12810,56,55.22894168466523,56,55.22894168466523,complete
fetch-20261006T122600Z-dfc47335,v2.1-f4676a0b,2017,中國國民黨,agriculture,bill_primary,35,12775,33,17.7,33,17.7,complete
fetch-20261006T122600Z-dfc47335,v2.1-f4676a0b,2017,中國國民黨,civil_rights,bill_primary,35,12775,59,30.416666666666664,59,30.416666666666664,complete
fetch-20261006T122600Z-dfc47335,v2.1-f4676a0b,2017,中國國民黨,commerce,bill_primary,35,12775,36,21.5,36,21.5,complete
fetch-20261006T122600Z-dfc47335,v2.1-f4676a0b,2017,中國國民黨,cross_strait,bill_primary,35,12775,3,3.0,3,3.0,complete
fetch-20261006T122600Z-dfc47335,v2.1-f4676a0b,2017,中國國民黨,culture,bill_primary,35,12775,51,32.333333333333336,51,32.333333333333336,complete
fetch-20261006T122600Z-dfc47335,v2.1-f4676a0b,2017,中國國民黨,defense,bill_primary,35,12775,34,20.833333333333332,34,20.833333333333332,complete
fetch-20261006T122600Z-dfc47335,v2.1-f4676a0b,2017,中國國民黨,education,bill_primary,35,12775,97,63.53333333333333,97,63.53333333333333,complete
fetch-20261006T122600Z-dfc47335,v2.1-f4676a0b,2017,中國國民黨,energy,bill_primary,35,12775,25,13.833333333333334,25,13.833333333333334,complete
fetch-20261006T122600Z-dfc47335,v2.1-f4676a0b,2017,中國國民黨,environment,bill_primary,35,12775,54,36.916666666666664,54,36.916666666666664,complete
fetch-20261006T122600Z-dfc47335,v2.1-f4676a0b,2017,中國國民黨,foreign_trade,bill_primary,35,12775,9,2.2,9,2.2,complete
fetch-20261006T122600Z-dfc47335,v2.1-f4676a0b,2017,中國國民黨,government,bill_primary,35,12775,110,58.08333333333333,110,58.08333333333333,complete
fetch-20261006T122600Z-dfc47335,v2.1-f4676a0b,2017,中國國民黨,health,bill_primary,35,12775,45,35.86666666666667,45,35.86666666666667,complete
fetch-20261006T122600Z-dfc47335,v2.1-f4676a0b,2017,中國國民黨,housing,bill_primary,35,12775,7,3.3333333333333335,7,3.3333333333333335,complete
fetch-20261006T122600Z-dfc47335,v2.1-f4676a0b,2017,中國國民黨,immigration,bill_primary,35,12775,35,18.916666666666668,35,18.916666666666668,complete
fetch-20261006T122600Z-dfc47335,v2.1-f4676a0b,2017,中國國民黨,indigenous,bill_primary,35,12775,35,20.166666666666668,35,20.166666666666668,complete
fetch-20261006T122600Z-dfc47335,v2.1-f4676a0b,2017,中國國民黨,international,bill_primary,35,12775,7,4.783333333333333,7,4.783333333333333,complete
fetch-20261006T122600Z-dfc47335,v2.1-f4676a0b,2017,中國國民黨,labor,bill_primary,35,12775,96,70.66666666666667,96,70.66666666666667,complete
fetch-20261006T122600Z-dfc47335,v2.1-f4676a0b,2017,中國國民黨,law_crime,bill_primary,35,12775,119,63.416666666666664,119,63.416666666666664,complete
fetch-20261006T122600Z-dfc47335,v2.1-f4676a0b,2017,中國國民黨,macroeconomy,bill_primary,35,12775,83,39.75,83,39.75,complete
fetch-20261006T122600Z-dfc47335,v2.1-f4676a0b,2017,中國國民黨,public_lands,bill_primary,35,12775,18,10.416666666666666,18,10.416666666666666,complete
fetch-20261006T122600Z-dfc47335,v2.1-f4676a0b,2017,中國國民黨,social_welfare,bill_primary,35,12775,39,23.666666666666668,39,23.666666666666668,complete
fetch-20261006T122600Z-dfc47335,v2.1-f4676a0b,2017,中國國民黨,technology,bill_primary,35,12775,15,10.5,15,10.5,complete
fetch-20261006T122600Z-dfc47335,v2.1-f4676a0b,2017,中國國民黨,transitional_justice,bill_primary,35,12775,1,1.0,1,1.0,complete
fetch-20261006T122600Z-dfc47335,v2.1-f4676a0b,2017,中國國民黨,transportation,bill_primary,35,12775,46,37.166666666666664,46,37.166666666666664,complete
fetch-20261006T122600Z-dfc47335,v2.1-f4676a0b,2017,中國國民黨,unclassified,bill_primary,35,12775,122,122.0,122,122.0,complete
fetch-20261006T122600Z-dfc47335,v2.1-f4676a0b,2017,中國國民黨,agriculture,bill_cosign,35,12775,205,110.75,205,110.75,complete
fetch-20261006T122600Z-dfc47335,v2.1-f4676a0b,2017,中國國民黨,civil_rights,bill_cosign,35,12775,598,311.5833333333333,598,311.5833333333333,complete
fetch-20261006T122600Z-dfc47335,v2.1-f4676a0b,2017,中國國民黨,commerce,bill_cosign,35,12775,434,265.5,434,265.5,complete
fetch-20261006T122600Z-dfc47335,v2.1-f4676a0b,2017,中國國民黨,cross_strait,bill_cosign,35,12775,35,35.0,35,35.0,complete
fetch-20261006T122600Z-dfc47335,v2.1-f4676a0b,2017,中國國民黨,culture,bill_cosign,35,12775,288,204.66666666666666,288,204.66666666666666,complete
fetch-20261006T122600Z-dfc47335,v2.1-f4676a0b,2017,中國國民黨,defense,bill_cosign,35,12775,376,235.5,376,235.5,complete
fetch-20261006T122600Z-dfc47335,v2.1-f4676a0b,2017,中國國民黨,education,bill_cosign,35,12775,715,460.3333333333333,715,460.3333333333333,complete
fetch-20261006T122600Z-dfc47335,v2.1-f4676a0b,2017,中國國民黨,energy,bill_cosign,35,12775,227,129.0,227,129.0,complete
fetch-20261006T122600Z-dfc47335,v2.1-f4676a0b,2017,中國國民黨,environment,bill_cosign,35,12775,462,322.8333333333333,462,322.8333333333333,complete
fetch-20261006T122600Z-dfc47335,v2.1-f4676a0b,2017,中國國民黨,foreign_trade,bill_cosign,35,12775,134,33.5,134,33.5,complete
fetch-20261006T122600Z-dfc47335,v2.1-f4676a0b,2017,中國國民黨,government,bill_cosign,35,12775,877,478.99999999999994,877,478.99999999999994,complete
fetch-20261006T122600Z-dfc47335,v2.1-f4676a0b,2017,中國國民黨,health,bill_cosign,35,12775,471,362.6666666666667,471,362.6666666666667,complete
fetch-20261006T122600Z-dfc47335,v2.1-f4676a0b,2017,中國國民黨,housing,bill_cosign,35,12775,47,20.5,47,20.5,complete
fetch-20261006T122600Z-dfc47335,v2.1-f4676a0b,2017,中國國民黨,immigration,bill_cosign,35,12775,238,142.25,238,142.25,complete
fetch-20261006T122600Z-dfc47335,v2.1-f4676a0b,2017,中國國民黨,indigenous,bill_cosign,35,12775,385,242.33333333333331,385,242.33333333333331,complete
fetch-20261006T122600Z-dfc47335,v2.1-f4676a0b,2017,中國國民黨,international,bill_cosign,35,12775,84,59.416666666666664,84,59.416666666666664,complete
fetch-20261006T122600Z-dfc47335,v2.1-f4676a0b,2017,中國國民黨,labor,bill_cosign,35,12775,1039,783.25,1039,783.25,complete
fetch-20261006T122600Z-dfc47335,v2.1-f4676a0b,2017,中國國民黨,law_crime,bill_cosign,35,12775,1176,704.9166666666666,1176,704.9166666666666,complete
fetch-20261006T122600Z-dfc47335,v2.1-f4676a0b,2017,中國國民黨,macroeconomy,bill_cosign,35,12775,904,480.75,904,480.75,complete
fetch-20261006T122600Z-dfc47335,v2.1-f4676a0b,2017,中國國民黨,public_lands,bill_cosign,35,12775,234,135.33333333333331,234,135.33333333333331,complete
fetch-20261006T122600Z-dfc47335,v2.1-f4676a0b,2017,中國國民黨,social_welfare,bill_cosign,35,12775,468,245.25,468,245.25,complete
fetch-20261006T122600Z-dfc47335,v2.1-f4676a0b,2017,中國國民黨,technology,bill_cosign,35,12775,157,98.33333333333333,157,98.33333333333333,complete
fetch-20261006T122600Z-dfc47335,v2.1-f4676a0b,2017,中國國民黨,transitional_justice,bill_cosign,35,12775,16,16.0,16,16.0,complete
fetch-20261006T122600Z-dfc47335,v2.1-f4676a0b,2017,中國國民黨,transportation,bill_cosign,35,12775,547,415.33333333333337,547,415.33333333333337,complete
fetch-20261006T122600Z-dfc47335,v2.1-f4676a0b,2017,中國國民黨,unclassified,bill_cosign,35,12775,1178,1178.0,1178,1178.0,complete
fetch-20261006T122600Z-dfc47335,v2.1-f4676a0b,2017,中國國民黨,agriculture,speech,35,12775,395,79.54468114293394,395,79.54468114293394,complete
fetch-20261006T122600Z-dfc47335,v2.1-f4676a0b,2017,中國國民黨,civil_rights,speech,35,12775,203,29.25009447360228,203,29.25009447360228,complete
fetch-20261006T122600Z-dfc47335,v2.1-f4676a0b,2017,中國國民黨,commerce,speech,35,12775,542,115.89624744561097,542,115.89624744561097,complete
fetch-20261006T122600Z-dfc47335,v2.1-f4676a0b,2017,中國國民黨,cross_strait,speech,35,12775,344,71.6729005394054,344,71.6729005394054,complete
fetch-20261006T122600Z-dfc47335,v2.1-f4676a0b,2017,中國國民黨,culture,speech,35,12775,404,94.8044519231427,404,94.8044519231427,complete
fetch-20261006T122600Z-dfc47335,v2.1-f4676a0b,2017,中國國民黨,defense,speech,35,12775,353,73.93348348626222,353,73.93348348626222,complete
fetch-20261006T122600Z-dfc47335,v2.1-f4676a0b,2017,中國國民黨,education,speech,35,12775,777,205.57551405938503,777,205.57551405938503,complete
fetch-20261006T122600Z-dfc47335,v2.1-f4676a0b,2017,中國國民黨,energy,speech,35,12775,373,87.19761641985374,373,87.19761641985374,complete
fetch-20261006T122600Z-dfc47335,v2.1-f4676a0b,2017,中國國民黨,environment,speech,35,12775,354,80.51587871119605,354,80.51587871119605,complete
fetch-20261006T122600Z-dfc47335,v2.1-f4676a0b,2017,中國國民黨,foreign_trade,speech,35,12775,210,31.03345809227815,210,31.03345809227815,complete
fetch-20261006T122600Z-dfc47335,v2.1-f4676a0b,2017,中國國民黨,government,speech,35,12775,798,210.46617119405894,798,210.46617119405894,complete
fetch-20261006T122600Z-dfc47335,v2.1-f4676a0b,2017,中國國民黨,health,speech,35,12775,588,157.2702658616205,588,157.2702658616205,complete
fetch-20261006T122600Z-dfc47335,v2.1-f4676a0b,2017,中國國民黨,housing,speech,35,12775,155,29.849804950983486,155,29.849804950983486,complete
fetch-20261006T122600Z-dfc47335,v2.1-f4676a0b,2017,中國國民黨,immigration,speech,35,12775,108,18.55052672825122,108,18.55052672825122,complete
fetch-20261006T122600Z-dfc47335,v2.1-f4676a0b,2017,中國國民黨,indigenous,speech,35,12775,475,140.8903395117108,475,140.8903395117108,complete
fetch-20261006T122600Z-dfc47335,v2.1-f4676a0b,2017,中國國民黨,international,speech,35,12775,308,61.47188694669338,308,61.47188694669338,complete
fetch-20261006T122600Z-dfc47335,v2.1-f4676a0b,2017,中國國民黨,labor,speech,35,12775,750,215.65854917913936,750,215.65854917913936,complete
fetch-20261006T122600Z-dfc47335,v2.1-f4676a0b,2017,中國國民黨,law_crime,speech,35,12775,1105,294.0478524940551,1105,294.0478524940551,complete
fetch-20261006T122600Z-dfc47335,v2.1-f4676a0b,2017,中國國民黨,macroeconomy,speech,35,12775,539,115.51126256259819,539,115.51126256259819,complete
fetch-20261006T122600Z-dfc47335,v2.1-f4676a0b,2017,中國國民黨,public_lands,speech,35,12775,313,60.39599249306956,313,60.39599249306956,complete
fetch-20261006T122600Z-dfc47335,v2.1-f4676a0b,2017,中國國民黨,social_welfare,speech,35,12775,590,147.36434781410466,590,147.36434781410466,complete
fetch-20261006T122600Z-dfc47335,v2.1-f4676a0b,2017,中國國民黨,technology,speech,35,12775,397,69.84512556472379,397,69.84512556472379,complete
fetch-20261006T122600Z-dfc47335,v2.1-f4676a0b,2017,中國國民黨,transitional_justice,speech,35,12775,155,36.447534078952145,155,36.447534078952145,complete
fetch-20261006T122600Z-dfc47335,v2.1-f4676a0b,2017,中國國民黨,transportation,speech,35,12775,640,166.55907112433033,640,166.55907112433033,complete
fetch-20261006T122600Z-dfc47335,v2.1-f4676a0b,2017,中國國民黨,unclassified,speech,35,12775,3245,1675.246943202038,3245,1675.246943202038,complete
fetch-20261006T122600Z-dfc47335,v2.1-f4676a0b,2017,中國國民黨,agriculture,written_question,35,12775,32,9.245698548150237,32,9.245698548150237,complete
fetch-20261006T122600Z-dfc47335,v2.1-f4676a0b,2017,中國國民黨,civil_rights,written_question,35,12775,12,2.6099090178914848,12,2.6099090178914848,complete
fetch-20261006T122600Z-dfc47335,v2.1-f4676a0b,2017,中國國民黨,commerce,written_question,35,12775,35,8.068152800418124,35,8.068152800418124,complete
fetch-20261006T122600Z-dfc47335,v2.1-f4676a0b,2017,中國國民黨,cross_strait,written_question,35,12775,28,7.394119526958215,28,7.394119526958215,complete
fetch-20261006T122600Z-dfc47335,v2.1-f4676a0b,2017,中國國民黨,culture,written_question,35,12775,26,6.399817018170467,26,6.399817018170467,complete
fetch-20261006T122600Z-dfc47335,v2.1-f4676a0b,2017,中國國民黨,defense,written_question,35,12775,23,7.2651315789473685,23,7.2651315789473685,complete
fetch-20261006T122600Z-dfc47335,v2.1-f4676a0b,2017,中國國民黨,education,written_question,35,12775,50,15.029273804788337,50,15.029273804788337,complete
fetch-20261006T122600Z-dfc47335,v2.1-f4676a0b,2017,中國國民黨,energy,written_question,35,12775,21,3.708268733459205,21,3.708268733459205,complete
fetch-20261006T122600Z-dfc47335,v2.1-f4676a0b,2017,中國國民黨,environment,written_question,35,12775,22,6.025528404344193,22,6.025528404344193,complete
fetch-20261006T122600Z-dfc47335,v2.1-f4676a0b,2017,中國國民黨,foreign_trade,written_question,35,12775,20,4.2133317863258934,20,4.2133317863258934,complete
fetch-20261006T122600Z-dfc47335,v2.1-f4676a0b,2017,中國國民黨,government,written_question,35,12775,34,9.805357142857142,34,9.805357142857142,complete
fetch-20261006T122600Z-dfc47335,v2.1-f4676a0b,2017,中國國民黨,health,written_question,35,12775,39,12.903226817042606,39,12.903226817042606,complete
fetch-20261006T122600Z-dfc47335,v2.1-f4676a0b,2017,中國國民黨,housing,written_question,35,12775,9,2.7237592483189963,9,2.7237592483189963,complete
fetch-20261006T122600Z-dfc47335,v2.1-f4676a0b,2017,中國國民黨,immigration,written_question,35,12775,4,0.8863214805572883,4,0.8863214805572883,complete
fetch-20261006T122600Z-dfc47335,v2.1-f4676a0b,2017,中國國民黨,indigenous,written_question,35,12775,31,10.538360391078971,31,10.538360391078971,complete
fetch-20261006T122600Z-dfc47335,v2.1-f4676a0b,2017,中國國民黨,international,written_question,35,12775,31,9.207727861091959,31,9.207727861091959,complete
fetch-20261006T122600Z-dfc47335,v2.1-f4676a0b,2017,中國國民黨,labor,written_question,35,12775,37,9.184786023936208,37,9.184786023936208,complete
fetch-20261006T122600Z-dfc47335,v2.1-f4676a0b,2017,中國國民黨,law_crime,written_question,35,12775,44,16.066666666666666,44,16.066666666666666,complete
fetch-20261006T122600Z-dfc47335,v2.1-f4676a0b,2017,中國國民黨,macroeconomy,written_question,35,12775,38,10.136756467457397,38,10.136756467457397,complete
fetch-20261006T122600Z-dfc47335,v2.1-f4676a0b,2017,中國國民黨,public_lands,written_question,35,12775,21,4.91539836056813,21,4.91539836056813,complete
fetch-20261006T122600Z-dfc47335,v2.1-f4676a0b,2017,中國國民黨,social_welfare,written_question,35,12775,41,11.897099312540755,41,11.897099312540755,complete
fetch-20261006T122600Z-dfc47335,v2.1-f4676a0b,2017,中國國民黨,technology,written_question,35,12775,44,10.573015992769612,44,10.573015992769612,complete
fetch-20261006T122600Z-dfc47335,v2.1-f4676a0b,2017,中國國民黨,transitional_justice,written_question,35,12775,3,0.43871220020855056,3,0.43871220020855056,complete
fetch-20261006T122600Z-dfc47335,v2.1-f4676a0b,2017,中國國民黨,transportation,written_question,35,12775,73,28.73921482838108,73,28.73921482838108,complete
fetch-20261006T122600Z-dfc47335,v2.1-f4676a0b,2017,中國國民黨,unclassified,written_question,35,12775,27,26.02436598707111,27,26.02436598707111,complete
fetch-20261006T122600Z-dfc47335,v2.1-f4676a0b,2018,中國國民黨,agriculture,bill_primary,37,12611,19,13.833333333333334,19,13.833333333333334,complete
fetch-20261006T122600Z-dfc47335,v2.1-f4676a0b,2018,中國國民黨,civil_rights,bill_primary,37,12611,66,35.416666666666664,66,35.416666666666664,complete
fetch-20261006T122600Z-dfc47335,v2.1-f4676a0b,2018,中國國民黨,commerce,bill_primary,37,12611,26,18.833333333333332,26,18.833333333333332,complete
fetch-20261006T122600Z-dfc47335,v2.1-f4676a0b,2018,中國國民黨,cross_strait,bill_primary,37,12611,1,0.5,1,0.5,complete
fetch-20261006T122600Z-dfc47335,v2.1-f4676a0b,2018,中國國民黨,culture,bill_primary,37,12611,15,8.583333333333334,15,8.583333333333334,complete
fetch-20261006T122600Z-dfc47335,v2.1-f4676a0b,2018,中國國民黨,defense,bill_primary,37,12611,35,15.083333333333332,35,15.083333333333332,complete
fetch-20261006T122600Z-dfc47335,v2.1-f4676a0b,2018,中國國民黨,education,bill_primary,37,12611,94,51.416666666666664,94,51.416666666666664,complete
fetch-20261006T122600Z-dfc47335,v2.1-f4676a0b,2018,中國國民黨,energy,bill_primary,37,12611,16,10.5,16,10.5,complete
fetch-20261006T122600Z-dfc47335,v2.1-f4676a0b,2018,中國國民黨,environment,bill_primary,37,12611,30,19.833333333333332,30,19.833333333333332,complete
fetch-20261006T122600Z-dfc47335,v2.1-f4676a0b,2018,中國國民黨,foreign_trade,bill_primary,37,12611,0,0.0,0,0.0,complete
fetch-20261006T122600Z-dfc47335,v2.1-f4676a0b,2018,中國國民黨,government,bill_primary,37,12611,61,33.166666666666664,61,33.166666666666664,complete
fetch-20261006T122600Z-dfc47335,v2.1-f4676a0b,2018,中國國民黨,health,bill_primary,37,12611,42,30.666666666666664,42,30.666666666666664,complete
fetch-20261006T122600Z-dfc47335,v2.1-f4676a0b,2018,中國國民黨,housing,bill_primary,37,12611,6,3.25,6,3.25,complete
fetch-20261006T122600Z-dfc47335,v2.1-f4676a0b,2018,中國國民黨,immigration,bill_primary,37,12611,22,12.25,22,12.25,complete
fetch-20261006T122600Z-dfc47335,v2.1-f4676a0b,2018,中國國民黨,indigenous,bill_primary,37,12611,19,11.666666666666666,19,11.666666666666666,complete
fetch-20261006T122600Z-dfc47335,v2.1-f4676a0b,2018,中國國民黨,international,bill_primary,37,12611,17,5.833333333333333,17,5.833333333333333,complete
fetch-20261006T122600Z-dfc47335,v2.1-f4676a0b,2018,中國國民黨,labor,bill_primary,37,12611,82,49.75,82,49.75,complete
fetch-20261006T122600Z-dfc47335,v2.1-f4676a0b,2018,中國國民黨,law_crime,bill_primary,37,12611,98,58.833333333333336,98,58.833333333333336,complete
fetch-20261006T122600Z-dfc47335,v2.1-f4676a0b,2018,中國國民黨,macroeconomy,bill_primary,37,12611,13,9.833333333333334,13,9.833333333333334,complete
fetch-20261006T122600Z-dfc47335,v2.1-f4676a0b,2018,中國國民黨,public_lands,bill_primary,37,12611,12,8.833333333333334,12,8.833333333333334,complete
fetch-20261006T122600Z-dfc47335,v2.1-f4676a0b,2018,中國國民黨,social_welfare,bill_primary,37,12611,67,32.25,67,32.25,complete
fetch-20261006T122600Z-dfc47335,v2.1-f4676a0b,2018,中國國民黨,technology,bill_primary,37,12611,18,12.333333333333334,18,12.333333333333334,complete
fetch-20261006T122600Z-dfc47335,v2.1-f4676a0b,2018,中國國民黨,transitional_justice,bill_primary,37,12611,16,9.0,16,9.0,complete
fetch-20261006T122600Z-dfc47335,v2.1-f4676a0b,2018,中國國民黨,transportation,bill_primary,37,12611,25,17.333333333333332,25,17.333333333333332,complete
fetch-20261006T122600Z-dfc47335,v2.1-f4676a0b,2018,中國國民黨,unclassified,bill_primary,37,12611,74,74.0,74,74.0,complete
fetch-20261006T122600Z-dfc47335,v2.1-f4676a0b,2018,中國國民黨,agriculture,bill_cosign,37,12611,137,94.0,137,94.0,complete
fetch-20261006T122600Z-dfc47335,v2.1-f4676a0b,2018,中國國民黨,civil_rights,bill_cosign,37,12611,514,318.0,514,318.0,complete
fetch-20261006T122600Z-dfc47335,v2.1-f4676a0b,2018,中國國民黨,commerce,bill_cosign,37,12611,437,311.0,437,311.0,complete
fetch-20261006T122600Z-dfc47335,v2.1-f4676a0b,2018,中國國民黨,cross_strait,bill_cosign,37,12611,16,8.0,16,8.0,complete
fetch-20261006T122600Z-dfc47335,v2.1-f4676a0b,2018,中國國民黨,culture,bill_cosign,37,12611,140,80.58333333333333,140,80.58333333333333,complete
fetch-20261006T122600Z-dfc47335,v2.1-f4676a0b,2018,中國國民黨,defense,bill_cosign,37,12611,181,80.08333333333333,181,80.08333333333333,complete
fetch-20261006T122600Z-dfc47335,v2.1-f4676a0b,2018,中國國民黨,education,bill_cosign,37,12611,693,406.83333333333337,693,406.83333333333337,complete
fetch-20261006T122600Z-dfc47335,v2.1-f4676a0b,2018,中國國民黨,energy,bill_cosign,37,12611,188,116.5,188,116.5,complete
fetch-20261006T122600Z-dfc47335,v2.1-f4676a0b,2018,中國國民黨,environment,bill_cosign,37,12611,300,199.5,300,199.5,complete
fetch-20261006T122600Z-dfc47335,v2.1-f4676a0b,2018,中國國民黨,foreign_trade,bill_cosign,37,12611,2,1.0,2,1.0,complete
fetch-20261006T122600Z-dfc47335,v2.1-f4676a0b,2018,中國國民黨,government,bill_cosign,37,12611,464,257.0833333333333,464,257.0833333333333,complete
fetch-20261006T122600Z-dfc47335,v2.1-f4676a0b,2018,中國國民黨,health,bill_cosign,37,12611,386,317.0,386,317.0,complete
fetch-20261006T122600Z-dfc47335,v2.1-f4676a0b,2018,中國國民黨,housing,bill_cosign,37,12611,58,33.75,58,33.75,complete
fetch-20261006T122600Z-dfc47335,v2.1-f4676a0b,2018,中國國民黨,immigration,bill_cosign,37,12611,147,87.16666666666666,147,87.16666666666666,complete
fetch-20261006T122600Z-dfc47335,v2.1-f4676a0b,2018,中國國民黨,indigenous,bill_cosign,37,12611,166,94.83333333333333,166,94.83333333333333,complete
fetch-20261006T122600Z-dfc47335,v2.1-f4676a0b,2018,中國國民黨,international,bill_cosign,37,12611,55,30.583333333333332,55,30.583333333333332,complete
fetch-20261006T122600Z-dfc47335,v2.1-f4676a0b,2018,中國國民黨,labor,bill_cosign,37,12611,768,503.9166666666667,768,503.9166666666667,complete
fetch-20261006T122600Z-dfc47335,v2.1-f4676a0b,2018,中國國民黨,law_crime,bill_cosign,37,12611,980,619.9166666666666,980,619.9166666666666,complete
fetch-20261006T122600Z-dfc47335,v2.1-f4676a0b,2018,中國國民黨,macroeconomy,bill_cosign,37,12611,238,165.5,238,165.5,complete
fetch-20261006T122600Z-dfc47335,v2.1-f4676a0b,2018,中國國民黨,public_lands,bill_cosign,37,12611,108,90.16666666666666,108,90.16666666666666,complete
fetch-20261006T122600Z-dfc47335,v2.1-f4676a0b,2018,中國國民黨,social_welfare,bill_cosign,37,12611,427,219.74999999999997,427,219.74999999999997,complete
fetch-20261006T122600Z-dfc47335,v2.1-f4676a0b,2018,中國國民黨,technology,bill_cosign,37,12611,239,162.66666666666666,239,162.66666666666666,complete
fetch-20261006T122600Z-dfc47335,v2.1-f4676a0b,2018,中國國民黨,transitional_justice,bill_cosign,37,12611,157,123.83333333333333,157,123.83333333333333,complete
fetch-20261006T122600Z-dfc47335,v2.1-f4676a0b,2018,中國國民黨,transportation,bill_cosign,37,12611,297,213.33333333333331,297,213.33333333333331,complete
fetch-20261006T122600Z-dfc47335,v2.1-f4676a0b,2018,中國國民黨,unclassified,bill_cosign,37,12611,870,870.0,870,870.0,complete
fetch-20261006T122600Z-dfc47335,v2.1-f4676a0b,2018,中國國民黨,agriculture,speech,37,12611,270,60.32037449848805,270,60.32037449848805,complete
fetch-20261006T122600Z-dfc47335,v2.1-f4676a0b,2018,中國國民黨,civil_rights,speech,37,12611,181,34.41957141199932,181,34.41957141199932,complete
fetch-20261006T122600Z-dfc47335,v2.1-f4676a0b,2018,中國國民黨,commerce,speech,37,12611,424,113.30460002789263,424,113.30460002789263,complete
fetch-20261006T122600Z-dfc47335,v2.1-f4676a0b,2018,中國國民黨,cross_strait,speech,37,12611,244,44.52922853147996,244,44.52922853147996,complete
fetch-20261006T122600Z-dfc47335,v2.1-f4676a0b,2018,中國國民黨,culture,speech,37,12611,282,55.351167930802454,282,55.351167930802454,complete
fetch-20261006T122600Z-dfc47335,v2.1-f4676a0b,2018,中國國民黨,defense,speech,37,12611,453,163.03887822567108,453,163.03887822567108,complete
fetch-20261006T122600Z-dfc47335,v2.1-f4676a0b,2018,中國國民黨,education,speech,37,12611,665,165.12597419159812,665,165.12597419159812,complete
fetch-20261006T122600Z-dfc47335,v2.1-f4676a0b,2018,中國國民黨,energy,speech,37,12611,463,128.41555409907832,463,128.41555409907832,complete
fetch-20261006T122600Z-dfc47335,v2.1-f4676a0b,2018,中國國民黨,environment,speech,37,12611,394,104.30003742628858,394,104.30003742628858,complete
fetch-20261006T122600Z-dfc47335,v2.1-f4676a0b,2018,中國國民黨,foreign_trade,speech,37,12611,164,19.30099942269888,164,19.30099942269888,complete
fetch-20261006T122600Z-dfc47335,v2.1-f4676a0b,2018,中國國民黨,government,speech,37,12611,638,144.87316757724705,638,144.87316757724705,complete
fetch-20261006T122600Z-dfc47335,v2.1-f4676a0b,2018,中國國民黨,health,speech,37,12611,396,107.28782017247146,396,107.28782017247146,complete
fetch-20261006T122600Z-dfc47335,v2.1-f4676a0b,2018,中國國民黨,housing,speech,37,12611,96,16.721195256060373,96,16.721195256060373,complete
fetch-20261006T122600Z-dfc47335,v2.1-f4676a0b,2018,中國國民黨,immigration,speech,37,12611,61,9.001468435801394,61,9.001468435801394,complete
fetch-20261006T122600Z-dfc47335,v2.1-f4676a0b,2018,中國國民黨,indigenous,speech,37,12611,428,131.6569057450051,428,131.6569057450051,complete
fetch-20261006T122600Z-dfc47335,v2.1-f4676a0b,2018,中國國民黨,international,speech,37,12611,241,44.974231902941895,241,44.974231902941895,complete
fetch-20261006T122600Z-dfc47335,v2.1-f4676a0b,2018,中國國民黨,labor,speech,37,12611,376,92.0109425160558,376,92.0109425160558,complete
fetch-20261006T122600Z-dfc47335,v2.1-f4676a0b,2018,中國國民黨,law_crime,speech,37,12611,806,198.1917626886374,806,198.1917626886374,complete
fetch-20261006T122600Z-dfc47335,v2.1-f4676a0b,2018,中國國民黨,macroeconomy,speech,37,12611,341,60.73122214805276,341,60.73122214805276,complete
fetch-20261006T122600Z-dfc47335,v2.1-f4676a0b,2018,中國國民黨,public_lands,speech,37,12611,186,39.567572281629964,186,39.567572281629964,complete
fetch-20261006T122600Z-dfc47335,v2.1-f4676a0b,2018,中國國民黨,social_welfare,speech,37,12611,304,62.2207942668893,304,62.2207942668893,complete
fetch-20261006T122600Z-dfc47335,v2.1-f4676a0b,2018,中國國民黨,technology,speech,37,12611,307,55.42988194680968,307,55.42988194680968,complete
fetch-20261006T122600Z-dfc47335,v2.1-f4676a0b,2018,中國國民黨,transitional_justice,speech,37,12611,128,25.094874265511006,128,25.094874265511006,complete
fetch-20261006T122600Z-dfc47335,v2.1-f4676a0b,2018,中國國民黨,transportation,speech,37,12611,422,108.56609824467449,422,108.56609824467449,complete
fetch-20261006T122600Z-dfc47335,v2.1-f4676a0b,2018,中國國民黨,unclassified,speech,37,12611,2575,1303.565676786215,2575,1303.565676786215,complete
fetch-20261006T122600Z-dfc47335,v2.1-f4676a0b,2018,中國國民黨,agriculture,written_question,37,12611,0,0.0,0,0.0,complete
fetch-20261006T122600Z-dfc47335,v2.1-f4676a0b,2018,中國國民黨,civil_rights,written_question,37,12611,0,0.0,0,0.0,complete
fetch-20261006T122600Z-dfc47335,v2.1-f4676a0b,2018,中國國民黨,commerce,written_question,37,12611,0,0.0,0,0.0,complete
fetch-20261006T122600Z-dfc47335,v2.1-f4676a0b,2018,中國國民黨,cross_strait,written_question,37,12611,1,0.5,1,0.5,complete
fetch-20261006T122600Z-dfc47335,v2.1-f4676a0b,2018,中國國民黨,culture,written_question,37,12611,1,0.5,1,0.5,complete
fetch-20261006T122600Z-dfc47335,v2.1-f4676a0b,2018,中國國民黨,defense,written_question,37,12611,0,0.0,0,0.0,complete
fetch-20261006T122600Z-dfc47335,v2.1-f4676a0b,2018,中國國民黨,education,written_question,37,12611,1,0.5,1,0.5,complete
fetch-20261006T122600Z-dfc47335,v2.1-f4676a0b,2018,中國國民黨,energy,written_question,37,12611,0,0.0,0,0.0,complete
fetch-20261006T122600Z-dfc47335,v2.1-f4676a0b,2018,中國國民黨,environment,written_question,37,12611,0,0.0,0,0.0,complete
fetch-20261006T122600Z-dfc47335,v2.1-f4676a0b,2018,中國國民黨,foreign_trade,written_question,37,12611,0,0.0,0,0.0,complete
fetch-20261006T122600Z-dfc47335,v2.1-f4676a0b,2018,中國國民黨,government,written_question,37,12611,0,0.0,0,0.0,complete
fetch-20261006T122600Z-dfc47335,v2.1-f4676a0b,2018,中國國民黨,health,written_question,37,12611,1,1.0,1,1.0,complete
fetch-20261006T122600Z-dfc47335,v2.1-f4676a0b,2018,中國國民黨,housing,written_question,37,12611,0,0.0,0,0.0,complete
fetch-20261006T122600Z-dfc47335,v2.1-f4676a0b,2018,中國國民黨,immigration,written_question,37,12611,0,0.0,0,0.0,complete
fetch-20261006T122600Z-dfc47335,v2.1-f4676a0b,2018,中國國民黨,indigenous,written_question,37,12611,0,0.0,0,0.0,complete
fetch-20261006T122600Z-dfc47335,v2.1-f4676a0b,2018,中國國民黨,international,written_question,37,12611,0,0.0,0,0.0,complete
fetch-20261006T122600Z-dfc47335,v2.1-f4676a0b,2018,中國國民黨,labor,written_question,37,12611,0,0.0,0,0.0,complete
fetch-20261006T122600Z-dfc47335,v2.1-f4676a0b,2018,中國國民黨,law_crime,written_question,37,12611,0,0.0,0,0.0,complete
fetch-20261006T122600Z-dfc47335,v2.1-f4676a0b,2018,中國國民黨,macroeconomy,written_question,37,12611,0,0.0,0,0.0,complete
fetch-20261006T122600Z-dfc47335,v2.1-f4676a0b,2018,中國國民黨,public_lands,written_question,37,12611,0,0.0,0,0.0,complete
fetch-20261006T122600Z-dfc47335,v2.1-f4676a0b,2018,中國國民黨,social_welfare,written_question,37,12611,1,0.5,1,0.5,complete
fetch-20261006T122600Z-dfc47335,v2.1-f4676a0b,2018,中國國民黨,technology,written_question,37,12611,0,0.0,0,0.0,complete
fetch-20261006T122600Z-dfc47335,v2.1-f4676a0b,2018,中國國民黨,transitional_justice,written_question,37,12611,0,0.0,0,0.0,complete
fetch-20261006T122600Z-dfc47335,v2.1-f4676a0b,2018,中國國民黨,transportation,written_question,37,12611,0,0.0,0,0.0,complete
fetch-20261006T122600Z-dfc47335,v2.1-f4676a0b,2018,中國國民黨,unclassified,written_question,37,12611,2,2.0,2,2.0,complete
fetch-20261006T122600Z-dfc47335,v2.1-f4676a0b,2019,中國國民黨,agriculture,bill_primary,35,12679,6,2.5,6,2.5,complete
fetch-20261006T122600Z-dfc47335,v2.1-f4676a0b,2019,中國國民黨,civil_rights,bill_primary,35,12679,23,13.916666666666666,23,13.916666666666666,complete
fetch-20261006T122600Z-dfc47335,v2.1-f4676a0b,2019,中國國民黨,commerce,bill_primary,35,12679,17,11.0,17,11.0,complete
fetch-20261006T122600Z-dfc47335,v2.1-f4676a0b,2019,中國國民黨,cross_strait,bill_primary,35,12679,0,0.0,0,0.0,complete
fetch-20261006T122600Z-dfc47335,v2.1-f4676a0b,2019,中國國民黨,culture,bill_primary,35,12679,23,17.75,23,17.75,complete
fetch-20261006T122600Z-dfc47335,v2.1-f4676a0b,2019,中國國民黨,defense,bill_primary,35,12679,35,17.0,35,17.0,complete
fetch-20261006T122600Z-dfc47335,v2.1-f4676a0b,2019,中國國民黨,education,bill_primary,35,12679,40,20.416666666666668,40,20.416666666666668,complete
fetch-20261006T122600Z-dfc47335,v2.1-f4676a0b,2019,中國國民黨,energy,bill_primary,35,12679,2,0.6666666666666666,2,0.6666666666666666,complete
fetch-20261006T122600Z-dfc47335,v2.1-f4676a0b,2019,中國國民黨,environment,bill_primary,35,12679,15,11.666666666666666,15,11.666666666666666,complete
fetch-20261006T122600Z-dfc47335,v2.1-f4676a0b,2019,中國國民黨,foreign_trade,bill_primary,35,12679,19,15.5,19,15.5,complete
fetch-20261006T122600Z-dfc47335,v2.1-f4676a0b,2019,中國國民黨,government,bill_primary,35,12679,83,49.083333333333336,83,49.083333333333336,complete
fetch-20261006T122600Z-dfc47335,v2.1-f4676a0b,2019,中國國民黨,health,bill_primary,35,12679,48,31.916666666666668,48,31.916666666666668,complete
fetch-20261006T122600Z-dfc47335,v2.1-f4676a0b,2019,中國國民黨,housing,bill_primary,35,12679,10,8.833333333333334,10,8.833333333333334,complete
fetch-20261006T122600Z-dfc47335,v2.1-f4676a0b,2019,中國國民黨,immigration,bill_primary,35,12679,15,11.25,15,11.25,complete
fetch-20261006T122600Z-dfc47335,v2.1-f4676a0b,2019,中國國民黨,indigenous,bill_primary,35,12679,37,23.083333333333336,37,23.083333333333336,complete
fetch-20261006T122600Z-dfc47335,v2.1-f4676a0b,2019,中國國民黨,international,bill_primary,35,12679,4,1.25,4,1.25,complete
fetch-20261006T122600Z-dfc47335,v2.1-f4676a0b,2019,中國國民黨,labor,bill_primary,35,12679,66,35.333333333333336,66,35.333333333333336,complete
fetch-20261006T122600Z-dfc47335,v2.1-f4676a0b,2019,中國國民黨,law_crime,bill_primary,35,12679,83,55.75,83,55.75,complete
fetch-20261006T122600Z-dfc47335,v2.1-f4676a0b,2019,中國國民黨,macroeconomy,bill_primary,35,12679,52,32.333333333333336,52,32.333333333333336,complete
fetch-20261006T122600Z-dfc47335,v2.1-f4676a0b,2019,中國國民黨,public_lands,bill_primary,35,12679,6,5.0,6,5.0,complete
fetch-20261006T122600Z-dfc47335,v2.1-f4676a0b,2019,中國國民黨,social_welfare,bill_primary,35,12679,75,39.916666666666664,75,39.916666666666664,complete
fetch-20261006T122600Z-dfc47335,v2.1-f4676a0b,2019,中國國民黨,technology,bill_primary,35,12679,15,10.166666666666666,15,10.166666666666666,complete
fetch-20261006T122600Z-dfc47335,v2.1-f4676a0b,2019,中國國民黨,transitional_justice,bill_primary,35,12679,0,0.0,0,0.0,complete
fetch-20261006T122600Z-dfc47335,v2.1-f4676a0b,2019,中國國民黨,transportation,bill_primary,35,12679,78,56.666666666666664,78,56.666666666666664,complete
fetch-20261006T122600Z-dfc47335,v2.1-f4676a0b,2019,中國國民黨,unclassified,bill_primary,35,12679,73,73.0,73,73.0,complete
fetch-20261006T122600Z-dfc47335,v2.1-f4676a0b,2019,中國國民黨,agriculture,bill_cosign,35,12679,52,20.0,52,20.0,complete
fetch-20261006T122600Z-dfc47335,v2.1-f4676a0b,2019,中國國民黨,civil_rights,bill_cosign,35,12679,233,132.0,233,132.0,complete
fetch-20261006T122600Z-dfc47335,v2.1-f4676a0b,2019,中國國民黨,commerce,bill_cosign,35,12679,170,134.16666666666666,170,134.16666666666666,complete
fetch-20261006T122600Z-dfc47335,v2.1-f4676a0b,2019,中國國民黨,cross_strait,bill_cosign,35,12679,0,0.0,0,0.0,complete
fetch-20261006T122600Z-dfc47335,v2.1-f4676a0b,2019,中國國民黨,culture,bill_cosign,35,12679,281,187.58333333333334,281,187.58333333333334,complete
fetch-20261006T122600Z-dfc47335,v2.1-f4676a0b,2019,中國國民黨,defense,bill_cosign,35,12679,233,141.25,233,141.25,complete
fetch-20261006T122600Z-dfc47335,v2.1-f4676a0b,2019,中國國民黨,education,bill_cosign,35,12679,346,196.25,346,196.25,complete
fetch-20261006T122600Z-dfc47335,v2.1-f4676a0b,2019,中國國民黨,energy,bill_cosign,35,12679,16,5.333333333333333,16,5.333333333333333,complete
fetch-20261006T122600Z-dfc47335,v2.1-f4676a0b,2019,中國國民黨,environment,bill_cosign,35,12679,111,83.33333333333333,111,83.33333333333333,complete
fetch-20261006T122600Z-dfc47335,v2.1-f4676a0b,2019,中國國民黨,foreign_trade,bill_cosign,35,12679,98,84.0,98,84.0,complete
fetch-20261006T122600Z-dfc47335,v2.1-f4676a0b,2019,中國國民黨,government,bill_cosign,35,12679,729,439.6666666666667,729,439.6666666666667,complete
fetch-20261006T122600Z-dfc47335,v2.1-f4676a0b,2019,中國國民黨,health,bill_cosign,35,12679,457,337.1666666666667,457,337.1666666666667,complete
fetch-20261006T122600Z-dfc47335,v2.1-f4676a0b,2019,中國國民黨,housing,bill_cosign,35,12679,72,53.166666666666664,72,53.166666666666664,complete
fetch-20261006T122600Z-dfc47335,v2.1-f4676a0b,2019,中國國民黨,immigration,bill_cosign,35,12679,91,64.5,91,64.5,complete
fetch-20261006T122600Z-dfc47335,v2.1-f4676a0b,2019,中國國民黨,indigenous,bill_cosign,35,12679,471,296.75,471,296.75,complete
fetch-20261006T122600Z-dfc47335,v2.1-f4676a0b,2019,中國國民黨,international,bill_cosign,35,12679,30,12.0,30,12.0,complete
fetch-20261006T122600Z-dfc47335,v2.1-f4676a0b,2019,中國國民黨,labor,bill_cosign,35,12679,411,233.83333333333334,411,233.83333333333334,complete
fetch-20261006T122600Z-dfc47335,v2.1-f4676a0b,2019,中國國民黨,law_crime,bill_cosign,35,12679,832,573.6666666666666,832,573.6666666666666,complete
fetch-20261006T122600Z-dfc47335,v2.1-f4676a0b,2019,中國國民黨,macroeconomy,bill_cosign,35,12679,340,239.49999999999997,340,239.49999999999997,complete
fetch-20261006T122600Z-dfc47335,v2.1-f4676a0b,2019,中國國民黨,public_lands,bill_cosign,35,12679,69,51.5,69,51.5,complete
fetch-20261006T122600Z-dfc47335,v2.1-f4676a0b,2019,中國國民黨,social_welfare,bill_cosign,35,12679,435,222.0,435,222.0,complete
fetch-20261006T122600Z-dfc47335,v2.1-f4676a0b,2019,中國國民黨,technology,bill_cosign,35,12679,194,145.5,194,145.5,complete
fetch-20261006T122600Z-dfc47335,v2.1-f4676a0b,2019,中國國民黨,transitional_justice,bill_cosign,35,12679,0,0.0,0,0.0,complete
fetch-20261006T122600Z-dfc47335,v2.1-f4676a0b,2019,中國國民黨,transportation,bill_cosign,35,12679,747,551.8333333333333,747,551.8333333333333,complete
fetch-20261006T122600Z-dfc47335,v2.1-f4676a0b,2019,中國國民黨,unclassified,bill_cosign,35,12679,767,767.0,767,767.0,complete
fetch-20261006T122600Z-dfc47335,v2.1-f4676a0b,2019,中國國民黨,agriculture,speech,35,12679,258,49.86417452429485,258,49.86417452429485,complete
fetch-20261006T122600Z-dfc47335,v2.1-f4676a0b,2019,中國國民黨,civil_rights,speech,35,12679,176,35.89263280816342,176,35.89263280816342,complete
fetch-20261006T122600Z-dfc47335,v2.1-f4676a0b,2019,中國國民黨,commerce,speech,35,12679,285,58.30576995305297,285,58.30576995305297,complete
fetch-20261006T122600Z-dfc47335,v2.1-f4676a0b,2019,中國國民黨,cross_strait,speech,35,12679,214,40.67859704691943,214,40.67859704691943,complete
fetch-20261006T122600Z-dfc47335,v2.1-f4676a0b,2019,中國國民黨,culture,speech,35,12679,210,53.015832672157075,210,53.015832672157075,complete
fetch-20261006T122600Z-dfc47335,v2.1-f4676a0b,2019,中國國民黨,defense,speech,35,12679,168,39.10484888663443,168,39.10484888663443,complete
fetch-20261006T122600Z-dfc47335,v2.1-f4676a0b,2019,中國國民黨,education,speech,35,12679,327,76.9637450228163,327,76.9637450228163,complete
fetch-20261006T122600Z-dfc47335,v2.1-f4676a0b,2019,中國國民黨,energy,speech,35,12679,166,34.23582366626722,166,34.23582366626722,complete
fetch-20261006T122600Z-dfc47335,v2.1-f4676a0b,2019,中國國民黨,environment,speech,35,12679,171,36.1255643538328,171,36.1255643538328,complete
fetch-20261006T122600Z-dfc47335,v2.1-f4676a0b,2019,中國國民黨,foreign_trade,speech,35,12679,177,31.177997730449253,177,31.177997730449253,complete
fetch-20261006T122600Z-dfc47335,v2.1-f4676a0b,2019,中國國民黨,government,speech,35,12679,483,120.48986104177234,483,120.48986104177234,complete
fetch-20261006T122600Z-dfc47335,v2.1-f4676a0b,2019,中國國民黨,health,speech,35,12679,306,75.17258049328369,306,75.17258049328369,complete
fetch-20261006T122600Z-dfc47335,v2.1-f4676a0b,2019,中國國民黨,housing,speech,35,12679,62,7.898602969540488,62,7.898602969540488,complete
fetch-20261006T122600Z-dfc47335,v2.1-f4676a0b,2019,中國國民黨,immigration,speech,35,12679,69,13.583567929389515,69,13.583567929389515,complete
fetch-20261006T122600Z-dfc47335,v2.1-f4676a0b,2019,中國國民黨,indigenous,speech,35,12679,266,78.61869133286282,266,78.61869133286282,complete
fetch-20261006T122600Z-dfc47335,v2.1-f4676a0b,2019,中國國民黨,international,speech,35,12679,157,32.01518820492375,157,32.01518820492375,complete
fetch-20261006T122600Z-dfc47335,v2.1-f4676a0b,2019,中國國民黨,labor,speech,35,12679,256,73.9037602768567,256,73.9037602768567,complete
fetch-20261006T122600Z-dfc47335,v2.1-f4676a0b,2019,中國國民黨,law_crime,speech,35,12679,572,160.0208906172859,572,160.0208906172859,complete
fetch-20261006T122600Z-dfc47335,v2.1-f4676a0b,2019,中國國民黨,macroeconomy,speech,35,12679,306,47.822951511890324,306,47.822951511890324,complete
fetch-20261006T122600Z-dfc47335,v2.1-f4676a0b,2019,中國國民黨,public_lands,speech,35,12679,126,20.92810086391934,126,20.92810086391934,complete
fetch-20261006T122600Z-dfc47335,v2.1-f4676a0b,2019,中國國民黨,social_welfare,speech,35,12679,207,30.675614315105953,207,30.675614315105953,complete
fetch-20261006T122600Z-dfc47335,v2.1-f4676a0b,2019,中國國民黨,technology,speech,35,12679,253,47.429575016272175,253,47.429575016272175,complete
fetch-20261006T122600Z-dfc47335,v2.1-f4676a0b,2019,中國國民黨,transitional_justice,speech,35,12679,74,22.368001937996606,74,22.368001937996606,complete
fetch-20261006T122600Z-dfc47335,v2.1-f4676a0b,2019,中國國民黨,transportation,speech,35,12679,397,111.58881489073083,397,111.58881489073083,complete
fetch-20261006T122600Z-dfc47335,v2.1-f4676a0b,2019,中國國民黨,unclassified,speech,35,12679,1907,1042.1188119335818,1907,1042.1188119335818,complete
fetch-20261006T122600Z-dfc47335,v2.1-f4676a0b,2019,中國國民黨,agriculture,written_question,35,12679,0,0.0,0,0.0,complete
fetch-20261006T122600Z-dfc47335,v2.1-f4676a0b,2019,中國國民黨,civil_rights,written_question,35,12679,0,0.0,0,0.0,complete
fetch-20261006T122600Z-dfc47335,v2.1-f4676a0b,2019,中國國民黨,commerce,written_question,35,12679,0,0.0,0,0.0,complete
fetch-20261006T122600Z-dfc47335,v2.1-f4676a0b,2019,中國國民黨,cross_strait,written_question,35,12679,0,0.0,0,0.0,complete
fetch-20261006T122600Z-dfc47335,v2.1-f4676a0b,2019,中國國民黨,culture,written_question,35,12679,0,0.0,0,0.0,complete
fetch-20261006T122600Z-dfc47335,v2.1-f4676a0b,2019,中國國民黨,defense,written_question,35,12679,0,0.0,0,0.0,complete
fetch-20261006T122600Z-dfc47335,v2.1-f4676a0b,2019,中國國民黨,education,written_question,35,12679,0,0.0,0,0.0,complete
fetch-20261006T122600Z-dfc47335,v2.1-f4676a0b,2019,中國國民黨,energy,written_question,35,12679,1,1.0,1,1.0,complete
fetch-20261006T122600Z-dfc47335,v2.1-f4676a0b,2019,中國國民黨,environment,written_question,35,12679,0,0.0,0,0.0,complete
fetch-20261006T122600Z-dfc47335,v2.1-f4676a0b,2019,中國國民黨,foreign_trade,written_question,35,12679,0,0.0,0,0.0,complete
fetch-20261006T122600Z-dfc47335,v2.1-f4676a0b,2019,中國國民黨,government,written_question,35,12679,0,0.0,0,0.0,complete
fetch-20261006T122600Z-dfc47335,v2.1-f4676a0b,2019,中國國民黨,health,written_question,35,12679,0,0.0,0,0.0,complete
fetch-20261006T122600Z-dfc47335,v2.1-f4676a0b,2019,中國國民黨,housing,written_question,35,12679,0,0.0,0,0.0,complete
fetch-20261006T122600Z-dfc47335,v2.1-f4676a0b,2019,中國國民黨,immigration,written_question,35,12679,0,0.0,0,0.0,complete
fetch-20261006T122600Z-dfc47335,v2.1-f4676a0b,2019,中國國民黨,indigenous,written_question,35,12679,0,0.0,0,0.0,complete
fetch-20261006T122600Z-dfc47335,v2.1-f4676a0b,2019,中國國民黨,international,written_question,35,12679,0,0.0,0,0.0,complete
fetch-20261006T122600Z-dfc47335,v2.1-f4676a0b,2019,中國國民黨,labor,written_question,35,12679,0,0.0,0,0.0,complete
fetch-20261006T122600Z-dfc47335,v2.1-f4676a0b,2019,中國國民黨,law_crime,written_question,35,12679,0,0.0,0,0.0,complete
fetch-20261006T122600Z-dfc47335,v2.1-f4676a0b,2019,中國國民黨,macroeconomy,written_question,35,12679,0,0.0,0,0.0,complete
fetch-20261006T122600Z-dfc47335,v2.1-f4676a0b,2019,中國國民黨,public_lands,written_question,35,12679,0,0.0,0,0.0,complete
fetch-20261006T122600Z-dfc47335,v2.1-f4676a0b,2019,中國國民黨,social_welfare,written_question,35,12679,0,0.0,0,0.0,complete
fetch-20261006T122600Z-dfc47335,v2.1-f4676a0b,2019,中國國民黨,technology,written_question,35,12679,0,0.0,0,0.0,complete
fetch-20261006T122600Z-dfc47335,v2.1-f4676a0b,2019,中國國民黨,transitional_justice,written_question,35,12679,0,0.0,0,0.0,complete
fetch-20261006T122600Z-dfc47335,v2.1-f4676a0b,2019,中國國民黨,transportation,written_question,35,12679,0,0.0,0,0.0,complete
fetch-20261006T122600Z-dfc47335,v2.1-f4676a0b,2019,中國國民黨,unclassified,written_question,35,12679,0,0.0,0,0.0,complete
fetch-20261006T122600Z-dfc47335,v2.1-f4676a0b,2024,中國國民黨,agriculture,bill_primary,52,19032,204,131.21666666666667,204,131.21666666666667,complete
fetch-20261006T122600Z-dfc47335,v2.1-f4676a0b,2024,中國國民黨,civil_rights,bill_primary,52,19032,407,214.01666666666665,407,214.01666666666665,complete
fetch-20261006T122600Z-dfc47335,v2.1-f4676a0b,2024,中國國民黨,commerce,bill_primary,52,19032,220,126.31666666666666,220,126.31666666666666,complete
fetch-20261006T122600Z-dfc47335,v2.1-f4676a0b,2024,中國國民黨,cross_strait,bill_primary,52,19032,9,3.8333333333333335,9,3.8333333333333335,complete
fetch-20261006T122600Z-dfc47335,v2.1-f4676a0b,2024,中國國民黨,culture,bill_primary,52,19032,312,215.36666666666667,312,215.36666666666667,complete
fetch-20261006T122600Z-dfc47335,v2.1-f4676a0b,2024,中國國民黨,defense,bill_primary,52,19032,174,82.56666666666666,174,82.56666666666666,complete
fetch-20261006T122600Z-dfc47335,v2.1-f4676a0b,2024,中國國民黨,education,bill_primary,52,19032,758,476.76666666666665,758,476.76666666666665,complete
fetch-20261006T122600Z-dfc47335,v2.1-f4676a0b,2024,中國國民黨,energy,bill_primary,52,19032,182,101.43333333333334,182,101.43333333333334,complete
fetch-20261006T122600Z-dfc47335,v2.1-f4676a0b,2024,中國國民黨,environment,bill_primary,52,19032,233,131.7,233,131.7,complete
fetch-20261006T122600Z-dfc47335,v2.1-f4676a0b,2024,中國國民黨,foreign_trade,bill_primary,52,19032,57,26.5,57,26.5,complete
fetch-20261006T122600Z-dfc47335,v2.1-f4676a0b,2024,中國國民黨,government,bill_primary,52,19032,430,232.25,430,232.25,complete
fetch-20261006T122600Z-dfc47335,v2.1-f4676a0b,2024,中國國民黨,health,bill_primary,52,19032,565,377.26666666666665,565,377.26666666666665,complete
fetch-20261006T122600Z-dfc47335,v2.1-f4676a0b,2024,中國國民黨,housing,bill_primary,52,19032,107,67.91666666666667,107,67.91666666666667,complete
fetch-20261006T122600Z-dfc47335,v2.1-f4676a0b,2024,中國國民黨,immigration,bill_primary,52,19032,115,73.33333333333333,115,73.33333333333333,complete
fetch-20261006T122600Z-dfc47335,v2.1-f4676a0b,2024,中國國民黨,indigenous,bill_primary,52,19032,246,139.65,246,139.65,complete
fetch-20261006T122600Z-dfc47335,v2.1-f4676a0b,2024,中國國民黨,international,bill_primary,52,19032,29,13.283333333333333,29,13.283333333333333,complete
fetch-20261006T122600Z-dfc47335,v2.1-f4676a0b,2024,中國國民黨,labor,bill_primary,52,19032,729,402.7333333333333,729,402.7333333333333,complete
fetch-20261006T122600Z-dfc47335,v2.1-f4676a0b,2024,中國國民黨,law_crime,bill_primary,52,19032,602,409.9166666666667,602,409.9166666666667,complete
fetch-20261006T122600Z-dfc47335,v2.1-f4676a0b,2024,中國國民黨,macroeconomy,bill_primary,52,19032,747,422.96666666666664,747,422.96666666666664,complete
fetch-20261006T122600Z-dfc47335,v2.1-f4676a0b,2024,中國國民黨,public_lands,bill_primary,52,19032,157,102.75,157,102.75,complete
fetch-20261006T122600Z-dfc47335,v2.1-f4676a0b,2024,中國國民黨,social_welfare,bill_primary,52,19032,764,433.7833333333333,764,433.7833333333333,complete
fetch-20261006T122600Z-dfc47335,v2.1-f4676a0b,2024,中國國民黨,technology,bill_primary,52,19032,227,151.75,227,151.75,complete
fetch-20261006T122600Z-dfc47335,v2.1-f4676a0b,2024,中國國民黨,transitional_justice,bill_primary,52,19032,21,16.0,21,16.0,complete
fetch-20261006T122600Z-dfc47335,v2.1-f4676a0b,2024,中國國民黨,transportation,bill_primary,52,19032,281,210.68333333333334,281,210.68333333333334,complete
fetch-20261006T122600Z-dfc47335,v2.1-f4676a0b,2024,中國國民黨,unclassified,bill_primary,52,19032,590,590.0,590,590.0,complete
fetch-20261006T122600Z-dfc47335,v2.1-f4676a0b,2024,中國國民黨,agriculture,bill_cosign,52,19032,1255,892.4666666666667,1255,892.4666666666667,complete
fetch-20261006T122600Z-dfc47335,v2.1-f4676a0b,2024,中國國民黨,civil_rights,bill_cosign,52,19032,1674,885.8,1674,885.8,complete
fetch-20261006T122600Z-dfc47335,v2.1-f4676a0b,2024,中國國民黨,commerce,bill_cosign,52,19032,1126,638.5,1126,638.5,complete
fetch-20261006T122600Z-dfc47335,v2.1-f4676a0b,2024,中國國民黨,cross_strait,bill_cosign,52,19032,76,46.0,76,46.0,complete
fetch-20261006T122600Z-dfc47335,v2.1-f4676a0b,2024,中國國民黨,culture,bill_cosign,52,19032,1674,1116.5833333333333,1674,1116.5833333333333,complete
fetch-20261006T122600Z-dfc47335,v2.1-f4676a0b,2024,中國國民黨,defense,bill_cosign,52,19032,840,467.3666666666667,840,467.3666666666667,complete
fetch-20261006T122600Z-dfc47335,v2.1-f4676a0b,2024,中國國民黨,education,bill_cosign,52,19032,3242,2102.15,3242,2102.15,complete
fetch-20261006T122600Z-dfc47335,v2.1-f4676a0b,2024,中國國民黨,energy,bill_cosign,52,19032,732,419.7,732,419.7,complete
fetch-20261006T122600Z-dfc47335,v2.1-f4676a0b,2024,中國國民黨,environment,bill_cosign,52,19032,998,562.15,998,562.15,complete
fetch-20261006T122600Z-dfc47335,v2.1-f4676a0b,2024,中國國民黨,foreign_trade,bill_cosign,52,19032,156,84.58333333333333,156,84.58333333333333,complete
fetch-20261006T122600Z-dfc47335,v2.1-f4676a0b,2024,中國國民黨,government,bill_cosign,52,19032,2616,1476.2833333333333,2616,1476.2833333333333,complete
fetch-20261006T122600Z-dfc47335,v2.1-f4676a0b,2024,中國國民黨,health,bill_cosign,52,19032,2091,1410.7333333333333,2091,1410.7333333333333,complete
fetch-20261006T122600Z-dfc47335,v2.1-f4676a0b,2024,中國國民黨,housing,bill_cosign,52,19032,427,303.5,427,303.5,complete
fetch-20261006T122600Z-dfc47335,v2.1-f4676a0b,2024,中國國民黨,immigration,bill_cosign,52,19032,364,238.08333333333334,364,238.08333333333334,complete
fetch-20261006T122600Z-dfc47335,v2.1-f4676a0b,2024,中國國民黨,indigenous,bill_cosign,52,19032,1556,904.6833333333333,1556,904.6833333333333,complete
fetch-20261006T122600Z-dfc47335,v2.1-f4676a0b,2024,中國國民黨,international,bill_cosign,52,19032,136,58.166666666666664,136,58.166666666666664,complete
fetch-20261006T122600Z-dfc47335,v2.1-f4676a0b,2024,中國國民黨,labor,bill_cosign,52,19032,2868,1618.5833333333335,2868,1618.5833333333335,complete
fetch-20261006T122600Z-dfc47335,v2.1-f4676a0b,2024,中國國民黨,law_crime,bill_cosign,52,19032,3165,2184.8333333333335,3165,2184.8333333333335,complete
fetch-20261006T122600Z-dfc47335,v2.1-f4676a0b,2024,中國國民黨,macroeconomy,bill_cosign,52,19032,3495,2144.7000000000003,3495,2144.7000000000003,complete
fetch-20261006T122600Z-dfc47335,v2.1-f4676a0b,2024,中國國民黨,public_lands,bill_cosign,52,19032,581,403.5,581,403.5,complete
fetch-20261006T122600Z-dfc47335,v2.1-f4676a0b,2024,中國國民黨,social_welfare,bill_cosign,52,19032,2654,1487.1666666666667,2654,1487.1666666666667,complete
fetch-20261006T122600Z-dfc47335,v2.1-f4676a0b,2024,中國國民黨,technology,bill_cosign,52,19032,1025,711.1666666666666,1025,711.1666666666666,complete
fetch-20261006T122600Z-dfc47335,v2.1-f4676a0b,2024,中國國民黨,transitional_justice,bill_cosign,52,19032,93,50.0,93,50.0,complete
fetch-20261006T122600Z-dfc47335,v2.1-f4676a0b,2024,中國國民黨,transportation,bill_cosign,52,19032,1283,929.3,1283,929.3,complete
fetch-20261006T122600Z-dfc47335,v2.1-f4676a0b,2024,中國國民黨,unclassified,bill_cosign,52,19032,3265,3265.0,3265,3265.0,complete
fetch-20261006T122600Z-dfc47335,v2.1-f4676a0b,2024,中國國民黨,agriculture,speech,52,19032,503,152.85305910917643,503,152.85305910917643,complete
fetch-20261006T122600Z-dfc47335,v2.1-f4676a0b,2024,中國國民黨,civil_rights,speech,52,19032,328,44.643571624958135,328,44.643571624958135,complete
fetch-20261006T122600Z-dfc47335,v2.1-f4676a0b,2024,中國國民黨,commerce,speech,52,19032,691,133.8747661343678,691,133.8747661343678,complete
fetch-20261006T122600Z-dfc47335,v2.1-f4676a0b,2024,中國國民黨,cross_strait,speech,52,19032,381,63.52896739989943,381,63.52896739989943,complete
fetch-20261006T122600Z-dfc47335,v2.1-f4676a0b,2024,中國國民黨,culture,speech,52,19032,503,140.37175171609974,503,140.37175171609974,complete
fetch-20261006T122600Z-dfc47335,v2.1-f4676a0b,2024,中國國民黨,defense,speech,52,19032,446,106.96265657558355,446,106.96265657558355,complete
fetch-20261006T122600Z-dfc47335,v2.1-f4676a0b,2024,中國國民黨,education,speech,52,19032,822,192.54145894962414,822,192.54145894962414,complete
fetch-20261006T122600Z-dfc47335,v2.1-f4676a0b,2024,中國國民黨,energy,speech,52,19032,862,241.6291280119323,862,241.6291280119323,complete
fetch-20261006T122600Z-dfc47335,v2.1-f4676a0b,2024,中國國民黨,environment,speech,52,19032,578,127.58329283065392,578,127.58329283065392,complete
fetch-20261006T122600Z-dfc47335,v2.1-f4676a0b,2024,中國國民黨,foreign_trade,speech,52,19032,238,32.315871497640785,238,32.315871497640785,complete
fetch-20261006T122600Z-dfc47335,v2.1-f4676a0b,2024,中國國民黨,government,speech,52,19032,927,252.68783659181386,927,252.68783659181386,complete
fetch-20261006T122600Z-dfc47335,v2.1-f4676a0b,2024,中國國民黨,health,speech,52,19032,949,252.96294128226208,949,252.96294128226208,complete
fetch-20261006T122600Z-dfc47335,v2.1-f4676a0b,2024,中國國民黨,housing,speech,52,19032,245,47.206105191415276,245,47.206105191415276,complete
fetch-20261006T122600Z-dfc47335,v2.1-f4676a0b,2024,中國國民黨,immigration,speech,52,19032,144,37.038248065575,144,37.038248065575,complete
fetch-20261006T122600Z-dfc47335,v2.1-f4676a0b,2024,中國國民黨,indigenous,speech,52,19032,475,133.6892599111196,475,133.6892599111196,complete
fetch-20261006T122600Z-dfc47335,v2.1-f4676a0b,2024,中國國民黨,international,speech,52,19032,253,43.12772107686344,253,43.12772107686344,complete
fetch-20261006T122600Z-dfc47335,v2.1-f4676a0b,2024,中國國民黨,labor,speech,52,19032,725,178.9910802283522,725,178.9910802283522,complete
fetch-20261006T122600Z-dfc47335,v2.1-f4676a0b,2024,中國國民黨,law_crime,speech,52,19032,1464,461.59828188224293,1464,461.59828188224293,complete
fetch-20261006T122600Z-dfc47335,v2.1-f4676a0b,2024,中國國民黨,macroeconomy,speech,52,19032,652,138.6398956301356,652,138.6398956301356,complete
fetch-20261006T122600Z-dfc47335,v2.1-f4676a0b,2024,中國國民黨,public_lands,speech,52,19032,431,87.96529839363367,431,87.96529839363367,complete
fetch-20261006T122600Z-dfc47335,v2.1-f4676a0b,2024,中國國民黨,social_welfare,speech,52,19032,425,71.31207113580157,425,71.31207113580157,complete
fetch-20261006T122600Z-dfc47335,v2.1-f4676a0b,2024,中國國民黨,technology,speech,52,19032,1020,236.90619464099325,1020,236.90619464099325,complete
fetch-20261006T122600Z-dfc47335,v2.1-f4676a0b,2024,中國國民黨,transitional_justice,speech,52,19032,42,7.220763143537606,42,7.220763143537606,complete
fetch-20261006T122600Z-dfc47335,v2.1-f4676a0b,2024,中國國民黨,transportation,speech,52,19032,702,207.95897159963357,702,207.95897159963357,complete
fetch-20261006T122600Z-dfc47335,v2.1-f4676a0b,2024,中國國民黨,unclassified,speech,52,19032,4300,2235.3908073766843,4300,2235.3908073766843,complete
fetch-20261006T122600Z-dfc47335,v2.1-f4676a0b,2024,中國國民黨,agriculture,written_question,52,19032,0,0.0,0,0.0,complete
fetch-20261006T122600Z-dfc47335,v2.1-f4676a0b,2024,中國國民黨,civil_rights,written_question,52,19032,0,0.0,0,0.0,complete
fetch-20261006T122600Z-dfc47335,v2.1-f4676a0b,2024,中國國民黨,commerce,written_question,52,19032,0,0.0,0,0.0,complete
fetch-20261006T122600Z-dfc47335,v2.1-f4676a0b,2024,中國國民黨,cross_strait,written_question,52,19032,0,0.0,0,0.0,complete
fetch-20261006T122600Z-dfc47335,v2.1-f4676a0b,2024,中國國民黨,culture,written_question,52,19032,0,0.0,0,0.0,complete
fetch-20261006T122600Z-dfc47335,v2.1-f4676a0b,2024,中國國民黨,defense,written_question,52,19032,0,0.0,0,0.0,complete
fetch-20261006T122600Z-dfc47335,v2.1-f4676a0b,2024,中國國民黨,education,written_question,52,19032,0,0.0,0,0.0,complete
fetch-20261006T122600Z-dfc47335,v2.1-f4676a0b,2024,中國國民黨,energy,written_question,52,19032,0,0.0,0,0.0,complete
fetch-20261006T122600Z-dfc47335,v2.1-f4676a0b,2024,中國國民黨,environment,written_question,52,19032,0,0.0,0,0.0,complete
fetch-20261006T122600Z-dfc47335,v2.1-f4676a0b,2024,中國國民黨,foreign_trade,written_question,52,19032,0,0.0,0,0.0,complete
fetch-20261006T122600Z-dfc47335,v2.1-f4676a0b,2024,中國國民黨,government,written_question,52,19032,0,0.0,0,0.0,complete
fetch-20261006T122600Z-dfc47335,v2.1-f4676a0b,2024,中國國民黨,health,written_question,52,19032,0,0.0,0,0.0,complete
fetch-20261006T122600Z-dfc47335,v2.1-f4676a0b,2024,中國國民黨,housing,written_question,52,19032,0,0.0,0,0.0,complete
fetch-20261006T122600Z-dfc47335,v2.1-f4676a0b,2024,中國國民黨,immigration,written_question,52,19032,0,0.0,0,0.0,complete
fetch-20261006T122600Z-dfc47335,v2.1-f4676a0b,2024,中國國民黨,indigenous,written_question,52,19032,0,0.0,0,0.0,complete
fetch-20261006T122600Z-dfc47335,v2.1-f4676a0b,2024,中國國民黨,international,written_question,52,19032,0,0.0,0,0.0,complete
fetch-20261006T122600Z-dfc47335,v2.1-f4676a0b,2024,中國國民黨,labor,written_question,52,19032,0,0.0,0,0.0,complete
fetch-20261006T122600Z-dfc47335,v2.1-f4676a0b,2024,中國國民黨,law_crime,written_question,52,19032,0,0.0,0,0.0,complete
fetch-20261006T122600Z-dfc47335,v2.1-f4676a0b,2024,中國國民黨,macroeconomy,written_question,52,19032,0,0.0,0,0.0,complete
fetch-20261006T122600Z-dfc47335,v2.1-f4676a0b,2024,中國國民黨,public_lands,written_question,52,19032,0,0.0,0,0.0,complete
fetch-20261006T122600Z-dfc47335,v2.1-f4676a0b,2024,中國國民黨,social_welfare,written_question,52,19032,0,0.0,0,0.0,complete
fetch-20261006T122600Z-dfc47335,v2.1-f4676a0b,2024,中國國民黨,technology,written_question,52,19032,0,0.0,0,0.0,complete
fetch-20261006T122600Z-dfc47335,v2.1-f4676a0b,2024,中國國民黨,transitional_justice,written_question,52,19032,0,0.0,0,0.0,complete
fetch-20261006T122600Z-dfc47335,v2.1-f4676a0b,2024,中國國民黨,transportation,written_question,52,19032,0,0.0,0,0.0,complete
fetch-20261006T122600Z-dfc47335,v2.1-f4676a0b,2024,中國國民黨,unclassified,written_question,52,19032,1,1.0,1,1.0,complete
fetch-20261006T122600Z-dfc47335,v2.1-f4676a0b,2025,中國國民黨,agriculture,bill_primary,52,18980,161,122.85277777777777,161,122.85277777777777,complete
fetch-20261006T122600Z-dfc47335,v2.1-f4676a0b,2025,中國國民黨,civil_rights,bill_primary,52,18980,193,96.04444444444444,193,96.04444444444444,complete
fetch-20261006T122600Z-dfc47335,v2.1-f4676a0b,2025,中國國民黨,commerce,bill_primary,52,18980,135,84.89999999999999,135,84.89999999999999,complete
fetch-20261006T122600Z-dfc47335,v2.1-f4676a0b,2025,中國國民黨,cross_strait,bill_primary,52,18980,10,6.0,10,6.0,complete
fetch-20261006T122600Z-dfc47335,v2.1-f4676a0b,2025,中國國民黨,culture,bill_primary,52,18980,120,78.11111111111111,120,78.11111111111111,complete
fetch-20261006T122600Z-dfc47335,v2.1-f4676a0b,2025,中國國民黨,defense,bill_primary,52,18980,110,78.29166666666667,110,78.29166666666667,complete
fetch-20261006T122600Z-dfc47335,v2.1-f4676a0b,2025,中國國民黨,education,bill_primary,52,18980,331,234.62777777777777,331,234.62777777777777,complete
fetch-20261006T122600Z-dfc47335,v2.1-f4676a0b,2025,中國國民黨,energy,bill_primary,52,18980,197,101.99166666666666,197,101.99166666666666,complete
fetch-20261006T122600Z-dfc47335,v2.1-f4676a0b,2025,中國國民黨,environment,bill_primary,52,18980,295,142.03333333333333,295,142.03333333333333,complete
fetch-20261006T122600Z-dfc47335,v2.1-f4676a0b,2025,中國國民黨,foreign_trade,bill_primary,52,18980,62,50.333333333333336,62,50.333333333333336,complete
fetch-20261006T122600Z-dfc47335,v2.1-f4676a0b,2025,中國國民黨,government,bill_primary,52,18980,171,98.84166666666667,171,98.84166666666667,complete
fetch-20261006T122600Z-dfc47335,v2.1-f4676a0b,2025,中國國民黨,health,bill_primary,52,18980,270,190.6,270,190.6,complete
fetch-20261006T122600Z-dfc47335,v2.1-f4676a0b,2025,中國國民黨,housing,bill_primary,52,18980,101,56.74166666666667,101,56.74166666666667,complete
fetch-20261006T122600Z-dfc47335,v2.1-f4676a0b,2025,中國國民黨,immigration,bill_primary,52,18980,31,19.666666666666668,31,19.666666666666668,complete
fetch-20261006T122600Z-dfc47335,v2.1-f4676a0b,2025,中國國民黨,indigenous,bill_primary,52,18980,98,56.477777777777774,98,56.477777777777774,complete
fetch-20261006T122600Z-dfc47335,v2.1-f4676a0b,2025,中國國民黨,international,bill_primary,52,18980,16,5.083333333333333,16,5.083333333333333,complete
fetch-20261006T122600Z-dfc47335,v2.1-f4676a0b,2025,中國國民黨,labor,bill_primary,52,18980,391,256.46666666666664,391,256.46666666666664,complete
fetch-20261006T122600Z-dfc47335,v2.1-f4676a0b,2025,中國國民黨,law_crime,bill_primary,52,18980,373,287.84444444444443,373,287.84444444444443,complete
fetch-20261006T122600Z-dfc47335,v2.1-f4676a0b,2025,中國國民黨,macroeconomy,bill_primary,52,18980,478,255.67777777777778,478,255.67777777777778,complete
fetch-20261006T122600Z-dfc47335,v2.1-f4676a0b,2025,中國國民黨,public_lands,bill_primary,52,18980,41,26.352777777777778,41,26.352777777777778,complete
fetch-20261006T122600Z-dfc47335,v2.1-f4676a0b,2025,中國國民黨,social_welfare,bill_primary,52,18980,448,271.44444444444446,448,271.44444444444446,complete
fetch-20261006T122600Z-dfc47335,v2.1-f4676a0b,2025,中國國民黨,technology,bill_primary,52,18980,196,143.24166666666667,196,143.24166666666667,complete
fetch-20261006T122600Z-dfc47335,v2.1-f4676a0b,2025,中國國民黨,transitional_justice,bill_primary,52,18980,4,2.0,4,2.0,complete
fetch-20261006T122600Z-dfc47335,v2.1-f4676a0b,2025,中國國民黨,transportation,bill_primary,52,18980,282,175.375,282,175.375,complete
fetch-20261006T122600Z-dfc47335,v2.1-f4676a0b,2025,中國國民黨,unclassified,bill_primary,52,18980,465,465.0,465,465.0,complete
fetch-20261006T122600Z-dfc47335,v2.1-f4676a0b,2025,中國國民黨,agriculture,bill_cosign,52,18980,940,760.5,940,760.5,complete
fetch-20261006T122600Z-dfc47335,v2.1-f4676a0b,2025,中國國民黨,civil_rights,bill_cosign,52,18980,1118,581.4,1118,581.4,complete
fetch-20261006T122600Z-dfc47335,v2.1-f4676a0b,2025,中國國民黨,commerce,bill_cosign,52,18980,913,609.3,913,609.3,complete
fetch-20261006T122600Z-dfc47335,v2.1-f4676a0b,2025,中國國民黨,cross_strait,bill_cosign,52,18980,87,37.0,87,37.0,complete
fetch-20261006T122600Z-dfc47335,v2.1-f4676a0b,2025,中國國民黨,culture,bill_cosign,52,18980,684,448.1666666666667,684,448.1666666666667,complete
fetch-20261006T122600Z-dfc47335,v2.1-f4676a0b,2025,中國國民黨,defense,bill_cosign,52,18980,587,387.4166666666667,587,387.4166666666667,complete
fetch-20261006T122600Z-dfc47335,v2.1-f4676a0b,2025,中國國民黨,education,bill_cosign,52,18980,1895,1345.1499999999999,1895,1345.1499999999999,complete
fetch-20261006T122600Z-dfc47335,v2.1-f4676a0b,2025,中國國民黨,energy,bill_cosign,52,18980,1164,661.75,1164,661.75,complete
fetch-20261006T122600Z-dfc47335,v2.1-f4676a0b,2025,中國國民黨,environment,bill_cosign,52,18980,1811,865.9999999999999,1811,865.9999999999999,complete
fetch-20261006T122600Z-dfc47335,v2.1-f4676a0b,2025,中國國民黨,foreign_trade,bill_cosign,52,18980,400,335.0,400,335.0,complete
fetch-20261006T122600Z-dfc47335,v2.1-f4676a0b,2025,中國國民黨,government,bill_cosign,52,18980,1106,624.05,1106,624.05,complete
fetch-20261006T122600Z-dfc47335,v2.1-f4676a0b,2025,中國國民黨,health,bill_cosign,52,18980,1395,1012.9,1395,1012.9,complete
fetch-20261006T122600Z-dfc47335,v2.1-f4676a0b,2025,中國國民黨,housing,bill_cosign,52,18980,413,263.6666666666667,413,263.6666666666667,complete
fetch-20261006T122600Z-dfc47335,v2.1-f4676a0b,2025,中國國民黨,immigration,bill_cosign,52,18980,173,102.83333333333333,173,102.83333333333333,complete
fetch-20261006T122600Z-dfc47335,v2.1-f4676a0b,2025,中國國民黨,indigenous,bill_cosign,52,18980,801,456.75,801,456.75,complete
fetch-20261006T122600Z-dfc47335,v2.1-f4676a0b,2025,中國國民黨,international,bill_cosign,52,18980,65,22.5,65,22.5,complete
fetch-20261006T122600Z-dfc47335,v2.1-f4676a0b,2025,中國國民黨,labor,bill_cosign,52,18980,2252,1458.7833333333333,2252,1458.7833333333333,complete
fetch-20261006T122600Z-dfc47335,v2.1-f4676a0b,2025,中國國民黨,law_crime,bill_cosign,52,18980,1960,1484.75,1960,1484.75,complete
fetch-20261006T122600Z-dfc47335,v2.1-f4676a0b,2025,中國國民黨,macroeconomy,bill_cosign,52,18980,2500,1322.2166666666665,2500,1322.2166666666665,complete
fetch-20261006T122600Z-dfc47335,v2.1-f4676a0b,2025,中國國民黨,public_lands,bill_cosign,52,18980,274,182.16666666666666,274,182.16666666666666,complete
fetch-20261006T122600Z-dfc47335,v2.1-f4676a0b,2025,中國國民黨,social_welfare,bill_cosign,52,18980,2046,1239.6166666666666,2046,1239.6166666666666,complete
fetch-20261006T122600Z-dfc47335,v2.1-f4676a0b,2025,中國國民黨,technology,bill_cosign,52,18980,1120,810.8333333333334,1120,810.8333333333334,complete
fetch-20261006T122600Z-dfc47335,v2.1-f4676a0b,2025,中國國民黨,transitional_justice,bill_cosign,52,18980,10,5.0,10,5.0,complete
fetch-20261006T122600Z-dfc47335,v2.1-f4676a0b,2025,中國國民黨,transportation,bill_cosign,52,18980,1623,1019.2499999999999,1623,1019.2499999999999,complete
fetch-20261006T122600Z-dfc47335,v2.1-f4676a0b,2025,中國國民黨,unclassified,bill_cosign,52,18980,2686,2686.0,2686,2686.0,complete
fetch-20261006T122600Z-dfc47335,v2.1-f4676a0b,2025,中國國民黨,agriculture,speech,52,18980,346,71.30413292160098,346,71.30413292160098,complete
fetch-20261006T122600Z-dfc47335,v2.1-f4676a0b,2025,中國國民黨,civil_rights,speech,52,18980,249,36.45522683067904,249,36.45522683067904,complete
fetch-20261006T122600Z-dfc47335,v2.1-f4676a0b,2025,中國國民黨,commerce,speech,52,18980,478,89.9222372435449,478,89.9222372435449,complete
fetch-20261006T122600Z-dfc47335,v2.1-f4676a0b,2025,中國國民黨,cross_strait,speech,52,18980,228,38.8547237143564,228,38.8547237143564,complete
fetch-20261006T122600Z-dfc47335,v2.1-f4676a0b,2025,中國國民黨,culture,speech,52,18980,298,78.53287905362205,298,78.53287905362205,complete
fetch-20261006T122600Z-dfc47335,v2.1-f4676a0b,2025,中國國民黨,defense,speech,52,18980,546,150.361529649156,546,150.361529649156,complete
fetch-20261006T122600Z-dfc47335,v2.1-f4676a0b,2025,中國國民黨,education,speech,52,18980,700,173.77428619968703,700,173.77428619968703,complete
fetch-20261006T122600Z-dfc47335,v2.1-f4676a0b,2025,中國國民黨,energy,speech,52,18980,534,138.00463841417624,534,138.00463841417624,complete
fetch-20261006T122600Z-dfc47335,v2.1-f4676a0b,2025,中國國民黨,environment,speech,52,18980,391,81.90708797360347,391,81.90708797360347,complete
fetch-20261006T122600Z-dfc47335,v2.1-f4676a0b,2025,中國國民黨,foreign_trade,speech,52,18980,523,95.16425753615569,523,95.16425753615569,complete
fetch-20261006T122600Z-dfc47335,v2.1-f4676a0b,2025,中國國民黨,government,speech,52,18980,645,158.92833379064908,645,158.92833379064908,complete
fetch-20261006T122600Z-dfc47335,v2.1-f4676a0b,2025,中國國民黨,health,speech,52,18980,583,142.40393699929882,583,142.40393699929882,complete
fetch-20261006T122600Z-dfc47335,v2.1-f4676a0b,2025,中國國民黨,housing,speech,52,18980,207,49.15853923447397,207,49.15853923447397,complete
fetch-20261006T122600Z-dfc47335,v2.1-f4676a0b,2025,中國國民黨,immigration,speech,52,18980,69,12.66050585085497,69,12.66050585085497,complete
fetch-20261006T122600Z-dfc47335,v2.1-f4676a0b,2025,中國國民黨,indigenous,speech,52,18980,229,57.96634728586581,229,57.96634728586581,complete
fetch-20261006T122600Z-dfc47335,v2.1-f4676a0b,2025,中國國民黨,international,speech,52,18980,191,35.29961089248905,191,35.29961089248905,complete
fetch-20261006T122600Z-dfc47335,v2.1-f4676a0b,2025,中國國民黨,labor,speech,52,18980,578,166.02505697249848,578,166.02505697249848,complete
fetch-20261006T122600Z-dfc47335,v2.1-f4676a0b,2025,中國國民黨,law_crime,speech,52,18980,1064,296.09778549746545,1064,296.09778549746545,complete
fetch-20261006T122600Z-dfc47335,v2.1-f4676a0b,2025,中國國民黨,macroeconomy,speech,52,18980,581,116.66891870605566,581,116.66891870605566,complete
fetch-20261006T122600Z-dfc47335,v2.1-f4676a0b,2025,中國國民黨,public_lands,speech,52,18980,239,47.32731521656927,239,47.32731521656927,complete
fetch-20261006T122600Z-dfc47335,v2.1-f4676a0b,2025,中國國民黨,social_welfare,speech,52,18980,377,66.05909619057893,377,66.05909619057893,complete
fetch-20261006T122600Z-dfc47335,v2.1-f4676a0b,2025,中國國民黨,technology,speech,52,18980,830,198.65456051104655,830,198.65456051104655,complete
fetch-20261006T122600Z-dfc47335,v2.1-f4676a0b,2025,中國國民黨,transitional_justice,speech,52,18980,20,5.551061306006948,20,5.551061306006948,complete
fetch-20261006T122600Z-dfc47335,v2.1-f4676a0b,2025,中國國民黨,transportation,speech,52,18980,562,156.28949130701895,562,156.28949130701895,complete
fetch-20261006T122600Z-dfc47335,v2.1-f4676a0b,2025,中國國民黨,unclassified,speech,52,18980,3395,1730.6284407025462,3395,1730.6284407025462,complete
fetch-20261006T122600Z-dfc47335,v2.1-f4676a0b,2025,中國國民黨,agriculture,written_question,52,18980,2,1.1666666666666667,2,1.1666666666666667,complete
fetch-20261006T122600Z-dfc47335,v2.1-f4676a0b,2025,中國國民黨,civil_rights,written_question,52,18980,0,0.0,0,0.0,complete
fetch-20261006T122600Z-dfc47335,v2.1-f4676a0b,2025,中國國民黨,commerce,written_question,52,18980,1,0.16666666666666666,1,0.16666666666666666,complete
fetch-20261006T122600Z-dfc47335,v2.1-f4676a0b,2025,中國國民黨,cross_strait,written_question,52,18980,0,0.0,0,0.0,complete
fetch-20261006T122600Z-dfc47335,v2.1-f4676a0b,2025,中國國民黨,culture,written_question,52,18980,0,0.0,0,0.0,complete
fetch-20261006T122600Z-dfc47335,v2.1-f4676a0b,2025,中國國民黨,defense,written_question,52,18980,0,0.0,0,0.0,complete
fetch-20261006T122600Z-dfc47335,v2.1-f4676a0b,2025,中國國民黨,education,written_question,52,18980,1,0.16666666666666666,1,0.16666666666666666,complete
fetch-20261006T122600Z-dfc47335,v2.1-f4676a0b,2025,中國國民黨,energy,written_question,52,18980,0,0.0,0,0.0,complete
fetch-20261006T122600Z-dfc47335,v2.1-f4676a0b,2025,中國國民黨,environment,written_question,52,18980,0,0.0,0,0.0,complete
fetch-20261006T122600Z-dfc47335,v2.1-f4676a0b,2025,中國國民黨,foreign_trade,written_question,52,18980,1,0.16666666666666666,1,0.16666666666666666,complete
fetch-20261006T122600Z-dfc47335,v2.1-f4676a0b,2025,中國國民黨,government,written_question,52,18980,0,0.0,0,0.0,complete
fetch-20261006T122600Z-dfc47335,v2.1-f4676a0b,2025,中國國民黨,health,written_question,52,18980,0,0.0,0,0.0,complete
fetch-20261006T122600Z-dfc47335,v2.1-f4676a0b,2025,中國國民黨,housing,written_question,52,18980,0,0.0,0,0.0,complete
fetch-20261006T122600Z-dfc47335,v2.1-f4676a0b,2025,中國國民黨,immigration,written_question,52,18980,0,0.0,0,0.0,complete
fetch-20261006T122600Z-dfc47335,v2.1-f4676a0b,2025,中國國民黨,indigenous,written_question,52,18980,0,0.0,0,0.0,complete
fetch-20261006T122600Z-dfc47335,v2.1-f4676a0b,2025,中國國民黨,international,written_question,52,18980,0,0.0,0,0.0,complete
fetch-20261006T122600Z-dfc47335,v2.1-f4676a0b,2025,中國國民黨,labor,written_question,52,18980,1,0.16666666666666666,1,0.16666666666666666,complete
fetch-20261006T122600Z-dfc47335,v2.1-f4676a0b,2025,中國國民黨,law_crime,written_question,52,18980,1,0.16666666666666666,1,0.16666666666666666,complete
fetch-20261006T122600Z-dfc47335,v2.1-f4676a0b,2025,中國國民黨,macroeconomy,written_question,52,18980,0,0.0,0,0.0,complete
fetch-20261006T122600Z-dfc47335,v2.1-f4676a0b,2025,中國國民黨,public_lands,written_question,52,18980,0,0.0,0,0.0,complete
fetch-20261006T122600Z-dfc47335,v2.1-f4676a0b,2025,中國國民黨,social_welfare,written_question,52,18980,0,0.0,0,0.0,complete
fetch-20261006T122600Z-dfc47335,v2.1-f4676a0b,2025,中國國民黨,technology,written_question,52,18980,0,0.0,0,0.0,complete
fetch-20261006T122600Z-dfc47335,v2.1-f4676a0b,2025,中國國民黨,transitional_justice,written_question,52,18980,0,0.0,0,0.0,complete
fetch-20261006T122600Z-dfc47335,v2.1-f4676a0b,2025,中國國民黨,transportation,written_question,52,18980,0,0.0,0,0.0,complete
fetch-20261006T122600Z-dfc47335,v2.1-f4676a0b,2025,中國國民黨,unclassified,written_question,52,18980,0,0.0,0,0.0,complete
fetch-20261006T122600Z-dfc47335,v2.1-f4676a0b,2016,民主進步黨,agriculture,bill_primary,72,24871,140,112.46666666666667,140,112.46666666666667,complete
fetch-20261006T122600Z-dfc47335,v2.1-f4676a0b,2016,民主進步黨,civil_rights,bill_primary,72,24871,156,91.66666666666667,156,91.66666666666667,complete
fetch-20261006T122600Z-dfc47335,v2.1-f4676a0b,2016,民主進步黨,commerce,bill_primary,72,24871,98,54.3,98,54.3,complete
fetch-20261006T122600Z-dfc47335,v2.1-f4676a0b,2016,民主進步黨,cross_strait,bill_primary,72,24871,29,16.833333333333332,29,16.833333333333332,complete
fetch-20261006T122600Z-dfc47335,v2.1-f4676a0b,2016,民主進步黨,culture,bill_primary,72,24871,116,97.91666666666667,116,97.91666666666667,complete
fetch-20261006T122600Z-dfc47335,v2.1-f4676a0b,2016,民主進步黨,defense,bill_primary,72,24871,135,83.0,135,83.0,complete
fetch-20261006T122600Z-dfc47335,v2.1-f4676a0b,2016,民主進步黨,education,bill_primary,72,24871,203,150.25,203,150.25,complete
fetch-20261006T122600Z-dfc47335,v2.1-f4676a0b,2016,民主進步黨,energy,bill_primary,72,24871,60,50.833333333333336,60,50.833333333333336,complete
fetch-20261006T122600Z-dfc47335,v2.1-f4676a0b,2016,民主進步黨,environment,bill_primary,72,24871,204,164.96666666666667,204,164.96666666666667,complete
fetch-20261006T122600Z-dfc47335,v2.1-f4676a0b,2016,民主進步黨,foreign_trade,bill_primary,72,24871,10,5.5,10,5.5,complete
fetch-20261006T122600Z-dfc47335,v2.1-f4676a0b,2016,民主進步黨,government,bill_primary,72,24871,365,272.96666666666664,365,272.96666666666664,complete
fetch-20261006T122600Z-dfc47335,v2.1-f4676a0b,2016,民主進步黨,health,bill_primary,72,24871,80,58.83333333333333,80,58.83333333333333,complete
fetch-20261006T122600Z-dfc47335,v2.1-f4676a0b,2016,民主進步黨,housing,bill_primary,72,24871,41,35.5,41,35.5,complete
fetch-20261006T122600Z-dfc47335,v2.1-f4676a0b,2016,民主進步黨,immigration,bill_primary,72,24871,56,38.666666666666664,56,38.666666666666664,complete
fetch-20261006T122600Z-dfc47335,v2.1-f4676a0b,2016,民主進步黨,indigenous,bill_primary,72,24871,49,29.583333333333332,49,29.583333333333332,complete
fetch-20261006T122600Z-dfc47335,v2.1-f4676a0b,2016,民主進步黨,international,bill_primary,72,24871,27,15.833333333333334,27,15.833333333333334,complete
fetch-20261006T122600Z-dfc47335,v2.1-f4676a0b,2016,民主進步黨,labor,bill_primary,72,24871,164,112.0,164,112.0,complete
fetch-20261006T122600Z-dfc47335,v2.1-f4676a0b,2016,民主進步黨,law_crime,bill_primary,72,24871,488,356.0,488,356.0,complete
fetch-20261006T122600Z-dfc47335,v2.1-f4676a0b,2016,民主進步黨,macroeconomy,bill_primary,72,24871,85,58.38333333333333,85,58.38333333333333,complete
fetch-20261006T122600Z-dfc47335,v2.1-f4676a0b,2016,民主進步黨,public_lands,bill_primary,72,24871,62,43.0,62,43.0,complete
fetch-20261006T122600Z-dfc47335,v2.1-f4676a0b,2016,民主進步黨,social_welfare,bill_primary,72,24871,60,35.08333333333333,60,35.08333333333333,complete
fetch-20261006T122600Z-dfc47335,v2.1-f4676a0b,2016,民主進步黨,technology,bill_primary,72,24871,54,31.583333333333332,54,31.583333333333332,complete
fetch-20261006T122600Z-dfc47335,v2.1-f4676a0b,2016,民主進步黨,transitional_justice,bill_primary,72,24871,44,38.333333333333336,44,38.333333333333336,complete
fetch-20261006T122600Z-dfc47335,v2.1-f4676a0b,2016,民主進步黨,transportation,bill_primary,72,24871,174,137.5,174,137.5,complete
fetch-20261006T122600Z-dfc47335,v2.1-f4676a0b,2016,民主進步黨,unclassified,bill_primary,72,24871,522,522.0,522,522.0,complete
fetch-20261006T122600Z-dfc47335,v2.1-f4676a0b,2016,民主進步黨,agriculture,bill_cosign,72,24871,705,497.71666666666664,705,497.71666666666664,complete
fetch-20261006T122600Z-dfc47335,v2.1-f4676a0b,2016,民主進步黨,civil_rights,bill_cosign,72,24871,1067,652.0,1067,652.0,complete
fetch-20261006T122600Z-dfc47335,v2.1-f4676a0b,2016,民主進步黨,commerce,bill_cosign,72,24871,831,485.96666666666664,831,485.96666666666664,complete
fetch-20261006T122600Z-dfc47335,v2.1-f4676a0b,2016,民主進步黨,cross_strait,bill_cosign,72,24871,174,115.33333333333333,174,115.33333333333333,complete
fetch-20261006T122600Z-dfc47335,v2.1-f4676a0b,2016,民主進步黨,culture,bill_cosign,72,24871,871,729.3333333333334,871,729.3333333333334,complete
fetch-20261006T122600Z-dfc47335,v2.1-f4676a0b,2016,民主進步黨,defense,bill_cosign,72,24871,888,588.75,888,588.75,complete
fetch-20261006T122600Z-dfc47335,v2.1-f4676a0b,2016,民主進步黨,education,bill_cosign,72,24871,1285,958.5,1285,958.5,complete
fetch-20261006T122600Z-dfc47335,v2.1-f4676a0b,2016,民主進步黨,energy,bill_cosign,72,24871,374,311.0,374,311.0,complete
fetch-20261006T122600Z-dfc47335,v2.1-f4676a0b,2016,民主進步黨,environment,bill_cosign,72,24871,1173,849.1333333333333,1173,849.1333333333333,complete
fetch-20261006T122600Z-dfc47335,v2.1-f4676a0b,2016,民主進步黨,foreign_trade,bill_cosign,72,24871,93,55.33333333333333,93,55.33333333333333,complete
fetch-20261006T122600Z-dfc47335,v2.1-f4676a0b,2016,民主進步黨,government,bill_cosign,72,24871,2706,2089.2166666666667,2706,2089.2166666666667,complete
fetch-20261006T122600Z-dfc47335,v2.1-f4676a0b,2016,民主進步黨,health,bill_cosign,72,24871,601,426.75,601,426.75,complete
fetch-20261006T122600Z-dfc47335,v2.1-f4676a0b,2016,民主進步黨,housing,bill_cosign,72,24871,209,186.0,209,186.0,complete
fetch-20261006T122600Z-dfc47335,v2.1-f4676a0b,2016,民主進步黨,immigration,bill_cosign,72,24871,273,178.5,273,178.5,complete
fetch-20261006T122600Z-dfc47335,v2.1-f4676a0b,2016,民主進步黨,indigenous,bill_cosign,72,24871,360,237.33333333333334,360,237.33333333333334,complete
fetch-20261006T122600Z-dfc47335,v2.1-f4676a0b,2016,民主進步黨,international,bill_cosign,72,24871,172,112.5,172,112.5,complete
fetch-20261006T122600Z-dfc47335,v2.1-f4676a0b,2016,民主進步黨,labor,bill_cosign,72,24871,1178,895.0833333333334,1178,895.0833333333334,complete
fetch-20261006T122600Z-dfc47335,v2.1-f4676a0b,2016,民主進步黨,law_crime,bill_cosign,72,24871,3339,2418.3333333333335,3339,2418.3333333333335,complete
fetch-20261006T122600Z-dfc47335,v2.1-f4676a0b,2016,民主進步黨,macroeconomy,bill_cosign,72,24871,665,467.55,665,467.55,complete
fetch-20261006T122600Z-dfc47335,v2.1-f4676a0b,2016,民主進步黨,public_lands,bill_cosign,72,24871,469,330.5,469,330.5,complete
fetch-20261006T122600Z-dfc47335,v2.1-f4676a0b,2016,民主進步黨,social_welfare,bill_cosign,72,24871,370,257.0833333333333,370,257.0833333333333,complete
fetch-20261006T122600Z-dfc47335,v2.1-f4676a0b,2016,民主進步黨,technology,bill_cosign,72,24871,454,248.58333333333331,454,248.58333333333331,complete
fetch-20261006T122600Z-dfc47335,v2.1-f4676a0b,2016,民主進步黨,transitional_justice,bill_cosign,72,24871,226,190.33333333333334,226,190.33333333333334,complete
fetch-20261006T122600Z-dfc47335,v2.1-f4676a0b,2016,民主進步黨,transportation,bill_cosign,72,24871,1326,1057.1666666666667,1326,1057.1666666666667,complete
fetch-20261006T122600Z-dfc47335,v2.1-f4676a0b,2016,民主進步黨,unclassified,bill_cosign,72,24871,3630,3630.0,3630,3630.0,complete
fetch-20261006T122600Z-dfc47335,v2.1-f4676a0b,2016,民主進步黨,agriculture,speech,72,24871,591,130.9770405647775,591,130.9770405647775,complete
fetch-20261006T122600Z-dfc47335,v2.1-f4676a0b,2016,民主進步黨,civil_rights,speech,72,24871,424,75.37631954032122,424,75.37631954032122,complete
fetch-20261006T122600Z-dfc47335,v2.1-f4676a0b,2016,民主進步黨,commerce,speech,72,24871,755,149.26467728920457,755,149.26467728920457,complete
fetch-20261006T122600Z-dfc47335,v2.1-f4676a0b,2016,民主進步黨,cross_strait,speech,72,24871,415,72.15681021171852,415,72.15681021171852,complete
fetch-20261006T122600Z-dfc47335,v2.1-f4676a0b,2016,民主進步黨,culture,speech,72,24871,679,209.394452105345,679,209.394452105345,complete
fetch-20261006T122600Z-dfc47335,v2.1-f4676a0b,2016,民主進步黨,defense,speech,72,24871,553,147.56309571997386,553,147.56309571997386,complete
fetch-20261006T122600Z-dfc47335,v2.1-f4676a0b,2016,民主進步黨,education,speech,72,24871,1094,271.8301126988267,1094,271.8301126988267,complete
fetch-20261006T122600Z-dfc47335,v2.1-f4676a0b,2016,民主進步黨,energy,speech,72,24871,482,123.66140241957692,482,123.66140241957692,complete
fetch-20261006T122600Z-dfc47335,v2.1-f4676a0b,2016,民主進步黨,environment,speech,72,24871,508,151.1133410541093,508,151.1133410541093,complete
fetch-20261006T122600Z-dfc47335,v2.1-f4676a0b,2016,民主進步黨,foreign_trade,speech,72,24871,305,42.696088689974786,305,42.696088689974786,complete
fetch-20261006T122600Z-dfc47335,v2.1-f4676a0b,2016,民主進步黨,government,speech,72,24871,827,168.18668798517473,827,168.18668798517473,complete
fetch-20261006T122600Z-dfc47335,v2.1-f4676a0b,2016,民主進步黨,health,speech,72,24871,856,200.92688729744577,856,200.92688729744577,complete
fetch-20261006T122600Z-dfc47335,v2.1-f4676a0b,2016,民主進步黨,housing,speech,72,24871,336,70.7425360197074,336,70.7425360197074,complete
fetch-20261006T122600Z-dfc47335,v2.1-f4676a0b,2016,民主進步黨,immigration,speech,72,24871,194,35.86591154484731,194,35.86591154484731,complete
fetch-20261006T122600Z-dfc47335,v2.1-f4676a0b,2016,民主進步黨,indigenous,speech,72,24871,362,88.00101401020572,362,88.00101401020572,complete
fetch-20261006T122600Z-dfc47335,v2.1-f4676a0b,2016,民主進步黨,international,speech,72,24871,536,95.60395491912824,536,95.60395491912824,complete
fetch-20261006T122600Z-dfc47335,v2.1-f4676a0b,2016,民主進步黨,labor,speech,72,24871,714,196.34446855053872,714,196.34446855053872,complete
fetch-20261006T122600Z-dfc47335,v2.1-f4676a0b,2016,民主進步黨,law_crime,speech,72,24871,1367,379.17593411584875,1367,379.17593411584875,complete
fetch-20261006T122600Z-dfc47335,v2.1-f4676a0b,2016,民主進步黨,macroeconomy,speech,72,24871,553,86.82948560273758,553,86.82948560273758,complete
fetch-20261006T122600Z-dfc47335,v2.1-f4676a0b,2016,民主進步黨,public_lands,speech,72,24871,404,63.302392704767016,404,63.302392704767016,complete
fetch-20261006T122600Z-dfc47335,v2.1-f4676a0b,2016,民主進步黨,social_welfare,speech,72,24871,523,74.99739609653857,523,74.99739609653857,complete
fetch-20261006T122600Z-dfc47335,v2.1-f4676a0b,2016,民主進步黨,technology,speech,72,24871,697,113.36050407392707,697,113.36050407392707,complete
fetch-20261006T122600Z-dfc47335,v2.1-f4676a0b,2016,民主進步黨,transitional_justice,speech,72,24871,206,61.081347026390674,206,61.081347026390674,complete
fetch-20261006T122600Z-dfc47335,v2.1-f4676a0b,2016,民主進步黨,transportation,speech,72,24871,933,243.7465385201976,933,243.7465385201976,complete
fetch-20261006T122600Z-dfc47335,v2.1-f4676a0b,2016,民主進步黨,unclassified,speech,72,24871,5301,2701.8016012387166,5301,2701.8016012387166,complete
fetch-20261006T122600Z-dfc47335,v2.1-f4676a0b,2016,民主進步黨,agriculture,written_question,72,24871,68,27.160523347843608,68,27.160523347843608,complete
fetch-20261006T122600Z-dfc47335,v2.1-f4676a0b,2016,民主進步黨,civil_rights,written_question,72,24871,30,8.311904761904762,30,8.311904761904762,complete
fetch-20261006T122600Z-dfc47335,v2.1-f4676a0b,2016,民主進步黨,commerce,written_question,72,24871,82,26.918623471157545,82,26.918623471157545,complete
fetch-20261006T122600Z-dfc47335,v2.1-f4676a0b,2016,民主進步黨,cross_strait,written_question,72,24871,33,9.029098847276504,33,9.029098847276504,complete
fetch-20261006T122600Z-dfc47335,v2.1-f4676a0b,2016,民主進步黨,culture,written_question,72,24871,72,29.817587920686513,72,29.817587920686513,complete
fetch-20261006T122600Z-dfc47335,v2.1-f4676a0b,2016,民主進步黨,defense,written_question,72,24871,53,22.77146495189841,53,22.77146495189841,complete
fetch-20261006T122600Z-dfc47335,v2.1-f4676a0b,2016,民主進步黨,education,written_question,72,24871,98,34.06177128056621,98,34.06177128056621,complete
fetch-20261006T122600Z-dfc47335,v2.1-f4676a0b,2016,民主進步黨,energy,written_question,72,24871,58,25.870498462889767,58,25.870498462889767,complete
fetch-20261006T122600Z-dfc47335,v2.1-f4676a0b,2016,民主進步黨,environment,written_question,72,24871,56,18.123222169986875,56,18.123222169986875,complete
fetch-20261006T122600Z-dfc47335,v2.1-f4676a0b,2016,民主進步黨,foreign_trade,written_question,72,24871,42,11.151652311565165,42,11.151652311565165,complete
fetch-20261006T122600Z-dfc47335,v2.1-f4676a0b,2016,民主進步黨,government,written_question,72,24871,78,26.590756302521008,78,26.590756302521008,complete
fetch-20261006T122600Z-dfc47335,v2.1-f4676a0b,2016,民主進步黨,health,written_question,72,24871,77,25.303515294429264,77,25.303515294429264,complete
fetch-20261006T122600Z-dfc47335,v2.1-f4676a0b,2016,民主進步黨,housing,written_question,72,24871,31,10.687768348446097,31,10.687768348446097,complete
fetch-20261006T122600Z-dfc47335,v2.1-f4676a0b,2016,民主進步黨,immigration,written_question,72,24871,18,5.383333333333333,18,5.383333333333333,complete
fetch-20261006T122600Z-dfc47335,v2.1-f4676a0b,2016,民主進步黨,indigenous,written_question,72,24871,25,7.411904761904761,25,7.411904761904761,complete
fetch-20261006T122600Z-dfc47335,v2.1-f4676a0b,2016,民主進步黨,international,written_question,72,24871,47,13.555224035494085,47,13.555224035494085,complete
fetch-20261006T122600Z-dfc47335,v2.1-f4676a0b,2016,民主進步黨,labor,written_question,72,24871,66,24.845131180044035,66,24.845131180044035,complete
fetch-20261006T122600Z-dfc47335,v2.1-f4676a0b,2016,民主進步黨,law_crime,written_question,72,24871,103,36.545746607263396,103,36.545746607263396,complete
fetch-20261006T122600Z-dfc47335,v2.1-f4676a0b,2016,民主進步黨,macroeconomy,written_question,72,24871,54,16.997975633515615,54,16.997975633515615,complete
fetch-20261006T122600Z-dfc47335,v2.1-f4676a0b,2016,民主進步黨,public_lands,written_question,72,24871,46,15.156488465330465,46,15.156488465330465,complete
fetch-20261006T122600Z-dfc47335,v2.1-f4676a0b,2016,民主進步黨,social_welfare,written_question,72,24871,39,11.568110190974375,39,11.568110190974375,complete
fetch-20261006T122600Z-dfc47335,v2.1-f4676a0b,2016,民主進步黨,technology,written_question,72,24871,87,28.14138427237711,87,28.14138427237711,complete
fetch-20261006T122600Z-dfc47335,v2.1-f4676a0b,2016,民主進步黨,transitional_justice,written_question,72,24871,20,7.646825396825396,20,7.646825396825396,complete
fetch-20261006T122600Z-dfc47335,v2.1-f4676a0b,2016,民主進步黨,transportation,written_question,72,24871,93,41.94948865176569,93,41.94948865176569,complete
fetch-20261006T122600Z-dfc47335,v2.1-f4676a0b,2016,民主進步黨,unclassified,written_question,72,24871,98,98.0,98,98.0,complete
fetch-20261006T122600Z-dfc47335,v2.1-f4676a0b,2017,民主進步黨,agriculture,bill_primary,68,24820,46,32.666666666666664,46,32.666666666666664,complete
fetch-20261006T122600Z-dfc47335,v2.1-f4676a0b,2017,民主進步黨,civil_rights,bill_primary,68,24820,135,93.6,135,93.6,complete
fetch-20261006T122600Z-dfc47335,v2.1-f4676a0b,2017,民主進步黨,commerce,bill_primary,68,24820,106,74.83333333333333,106,74.83333333333333,complete
fetch-20261006T122600Z-dfc47335,v2.1-f4676a0b,2017,民主進步黨,cross_strait,bill_primary,68,24820,5,4.0,5,4.0,complete
fetch-20261006T122600Z-dfc47335,v2.1-f4676a0b,2017,民主進步黨,culture,bill_primary,68,24820,67,49.766666666666666,67,49.766666666666666,complete
fetch-20261006T122600Z-dfc47335,v2.1-f4676a0b,2017,民主進步黨,defense,bill_primary,68,24820,59,34.516666666666666,59,34.516666666666666,complete
fetch-20261006T122600Z-dfc47335,v2.1-f4676a0b,2017,民主進步黨,education,bill_primary,68,24820,215,167.0,215,167.0,complete
fetch-20261006T122600Z-dfc47335,v2.1-f4676a0b,2017,民主進步黨,energy,bill_primary,68,24820,35,25.166666666666668,35,25.166666666666668,complete
fetch-20261006T122600Z-dfc47335,v2.1-f4676a0b,2017,民主進步黨,environment,bill_primary,68,24820,103,83.16666666666667,103,83.16666666666667,complete
fetch-20261006T122600Z-dfc47335,v2.1-f4676a0b,2017,民主進步黨,foreign_trade,bill_primary,68,24820,4,2.8333333333333335,4,2.8333333333333335,complete
fetch-20261006T122600Z-dfc47335,v2.1-f4676a0b,2017,民主進步黨,government,bill_primary,68,24820,181,120.16666666666667,181,120.16666666666667,complete
fetch-20261006T122600Z-dfc47335,v2.1-f4676a0b,2017,民主進步黨,health,bill_primary,68,24820,113,91.25,113,91.25,complete
fetch-20261006T122600Z-dfc47335,v2.1-f4676a0b,2017,民主進步黨,housing,bill_primary,68,24820,27,17.916666666666668,27,17.916666666666668,complete
fetch-20261006T122600Z-dfc47335,v2.1-f4676a0b,2017,民主進步黨,immigration,bill_primary,68,24820,14,8.0,14,8.0,complete
fetch-20261006T122600Z-dfc47335,v2.1-f4676a0b,2017,民主進步黨,indigenous,bill_primary,68,24820,42,30.333333333333332,42,30.333333333333332,complete
fetch-20261006T122600Z-dfc47335,v2.1-f4676a0b,2017,民主進步黨,international,bill_primary,68,24820,12,7.333333333333333,12,7.333333333333333,complete
fetch-20261006T122600Z-dfc47335,v2.1-f4676a0b,2017,民主進步黨,labor,bill_primary,68,24820,134,99.0,134,99.0,complete
fetch-20261006T122600Z-dfc47335,v2.1-f4676a0b,2017,民主進步黨,law_crime,bill_primary,68,24820,330,245.68333333333334,330,245.68333333333334,complete
fetch-20261006T122600Z-dfc47335,v2.1-f4676a0b,2017,民主進步黨,macroeconomy,bill_primary,68,24820,129,87.75,129,87.75,complete
fetch-20261006T122600Z-dfc47335,v2.1-f4676a0b,2017,民主進步黨,public_lands,bill_primary,68,24820,32,21.583333333333332,32,21.583333333333332,complete
fetch-20261006T122600Z-dfc47335,v2.1-f4676a0b,2017,民主進步黨,social_welfare,bill_primary,68,24820,63,35.916666666666664,63,35.916666666666664,complete
fetch-20261006T122600Z-dfc47335,v2.1-f4676a0b,2017,民主進步黨,technology,bill_primary,68,24820,34,24.583333333333332,34,24.583333333333332,complete
fetch-20261006T122600Z-dfc47335,v2.1-f4676a0b,2017,民主進步黨,transitional_justice,bill_primary,68,24820,8,3.1,8,3.1,complete
fetch-20261006T122600Z-dfc47335,v2.1-f4676a0b,2017,民主進步黨,transportation,bill_primary,68,24820,166,134.83333333333334,166,134.83333333333334,complete
fetch-20261006T122600Z-dfc47335,v2.1-f4676a0b,2017,民主進步黨,unclassified,bill_primary,68,24820,378,378.0,378,378.0,complete
fetch-20261006T122600Z-dfc47335,v2.1-f4676a0b,2017,民主進步黨,agriculture,bill_cosign,68,24820,345,225.83333333333334,345,225.83333333333334,complete
fetch-20261006T122600Z-dfc47335,v2.1-f4676a0b,2017,民主進步黨,civil_rights,bill_cosign,68,24820,703,455.3666666666667,703,455.3666666666667,complete
fetch-20261006T122600Z-dfc47335,v2.1-f4676a0b,2017,民主進步黨,commerce,bill_cosign,68,24820,865,584.1666666666666,865,584.1666666666666,complete
fetch-20261006T122600Z-dfc47335,v2.1-f4676a0b,2017,民主進步黨,cross_strait,bill_cosign,68,24820,44,29.0,44,29.0,complete
fetch-20261006T122600Z-dfc47335,v2.1-f4676a0b,2017,民主進步黨,culture,bill_cosign,68,24820,472,334.03333333333336,472,334.03333333333336,complete
fetch-20261006T122600Z-dfc47335,v2.1-f4676a0b,2017,民主進步黨,defense,bill_cosign,68,24820,457,294.2833333333333,457,294.2833333333333,complete
fetch-20261006T122600Z-dfc47335,v2.1-f4676a0b,2017,民主進步黨,education,bill_cosign,68,24820,1288,1042.6666666666667,1288,1042.6666666666667,complete
fetch-20261006T122600Z-dfc47335,v2.1-f4676a0b,2017,民主進步黨,energy,bill_cosign,68,24820,243,179.83333333333334,243,179.83333333333334,complete
fetch-20261006T122600Z-dfc47335,v2.1-f4676a0b,2017,民主進步黨,environment,bill_cosign,68,24820,745,588.5,745,588.5,complete
fetch-20261006T122600Z-dfc47335,v2.1-f4676a0b,2017,民主進步黨,foreign_trade,bill_cosign,68,24820,56,29.666666666666664,56,29.666666666666664,complete
fetch-20261006T122600Z-dfc47335,v2.1-f4676a0b,2017,民主進步黨,government,bill_cosign,68,24820,1493,1015.8333333333334,1493,1015.8333333333334,complete
fetch-20261006T122600Z-dfc47335,v2.1-f4676a0b,2017,民主進步黨,health,bill_cosign,68,24820,820,659.9166666666666,820,659.9166666666666,complete
fetch-20261006T122600Z-dfc47335,v2.1-f4676a0b,2017,民主進步黨,housing,bill_cosign,68,24820,242,190.75,242,190.75,complete
fetch-20261006T122600Z-dfc47335,v2.1-f4676a0b,2017,民主進步黨,immigration,bill_cosign,68,24820,105,71.5,105,71.5,complete
fetch-20261006T122600Z-dfc47335,v2.1-f4676a0b,2017,民主進步黨,indigenous,bill_cosign,68,24820,416,293.0,416,293.0,complete
fetch-20261006T122600Z-dfc47335,v2.1-f4676a0b,2017,民主進步黨,international,bill_cosign,68,24820,71,55.0,71,55.0,complete
fetch-20261006T122600Z-dfc47335,v2.1-f4676a0b,2017,民主進步黨,labor,bill_cosign,68,24820,763,585.3333333333334,763,585.3333333333334,complete
fetch-20261006T122600Z-dfc47335,v2.1-f4676a0b,2017,民主進步黨,law_crime,bill_cosign,68,24820,2557,1905.45,2557,1905.45,complete
fetch-20261006T122600Z-dfc47335,v2.1-f4676a0b,2017,民主進步黨,macroeconomy,bill_cosign,68,24820,894,605.4166666666666,894,605.4166666666666,complete
fetch-20261006T122600Z-dfc47335,v2.1-f4676a0b,2017,民主進步黨,public_lands,bill_cosign,68,24820,271,184.58333333333334,271,184.58333333333334,complete
fetch-20261006T122600Z-dfc47335,v2.1-f4676a0b,2017,民主進步黨,social_welfare,bill_cosign,68,24820,423,304.4166666666667,423,304.4166666666667,complete
fetch-20261006T122600Z-dfc47335,v2.1-f4676a0b,2017,民主進步黨,technology,bill_cosign,68,24820,331,225.91666666666666,331,225.91666666666666,complete
fetch-20261006T122600Z-dfc47335,v2.1-f4676a0b,2017,民主進步黨,transitional_justice,bill_cosign,68,24820,73,31.7,73,31.7,complete
fetch-20261006T122600Z-dfc47335,v2.1-f4676a0b,2017,民主進步黨,transportation,bill_cosign,68,24820,1168,916.8333333333334,1168,916.8333333333334,complete
fetch-20261006T122600Z-dfc47335,v2.1-f4676a0b,2017,民主進步黨,unclassified,bill_cosign,68,24820,2972,2972.0,2972,2972.0,complete
fetch-20261006T122600Z-dfc47335,v2.1-f4676a0b,2017,民主進步黨,agriculture,speech,68,24820,442,104.88458816020518,442,104.88458816020518,complete
fetch-20261006T122600Z-dfc47335,v2.1-f4676a0b,2017,民主進步黨,civil_rights,speech,68,24820,322,49.08265090220399,322,49.08265090220399,complete
fetch-20261006T122600Z-dfc47335,v2.1-f4676a0b,2017,民主進步黨,commerce,speech,68,24820,745,145.95063672468726,745,145.95063672468726,complete
fetch-20261006T122600Z-dfc47335,v2.1-f4676a0b,2017,民主進步黨,cross_strait,speech,68,24820,229,38.02769041692517,229,38.02769041692517,complete
fetch-20261006T122600Z-dfc47335,v2.1-f4676a0b,2017,民主進步黨,culture,speech,68,24820,632,183.8268091705909,632,183.8268091705909,complete
fetch-20261006T122600Z-dfc47335,v2.1-f4676a0b,2017,民主進步黨,defense,speech,68,24820,440,100.38499095917392,440,100.38499095917392,complete
fetch-20261006T122600Z-dfc47335,v2.1-f4676a0b,2017,民主進步黨,education,speech,68,24820,923,244.9425257552383,923,244.9425257552383,complete
fetch-20261006T122600Z-dfc47335,v2.1-f4676a0b,2017,民主進步黨,energy,speech,68,24820,402,84.07994653702876,402,84.07994653702876,complete
fetch-20261006T122600Z-dfc47335,v2.1-f4676a0b,2017,民主進步黨,environment,speech,68,24820,471,107.1357570774682,471,107.1357570774682,complete
fetch-20261006T122600Z-dfc47335,v2.1-f4676a0b,2017,民主進步黨,foreign_trade,speech,68,24820,196,25.024177809620376,196,25.024177809620376,complete
fetch-20261006T122600Z-dfc47335,v2.1-f4676a0b,2017,民主進步黨,government,speech,68,24820,581,145.99665681186448,581,145.99665681186448,complete
fetch-20261006T122600Z-dfc47335,v2.1-f4676a0b,2017,民主進步黨,health,speech,68,24820,762,194.30833212679053,762,194.30833212679053,complete
fetch-20261006T122600Z-dfc47335,v2.1-f4676a0b,2017,民主進步黨,housing,speech,68,24820,257,69.39968342059765,257,69.39968342059765,complete
fetch-20261006T122600Z-dfc47335,v2.1-f4676a0b,2017,民主進步黨,immigration,speech,68,24820,136,18.837136657392694,136,18.837136657392694,complete
fetch-20261006T122600Z-dfc47335,v2.1-f4676a0b,2017,民主進步黨,indigenous,speech,68,24820,309,82.53876986701987,309,82.53876986701987,complete
fetch-20261006T122600Z-dfc47335,v2.1-f4676a0b,2017,民主進步黨,international,speech,68,24820,395,75.26047806336442,395,75.26047806336442,complete
fetch-20261006T122600Z-dfc47335,v2.1-f4676a0b,2017,民主進步黨,labor,speech,68,24820,687,175.45314015704696,687,175.45314015704696,complete
fetch-20261006T122600Z-dfc47335,v2.1-f4676a0b,2017,民主進步黨,law_crime,speech,68,24820,1049,265.7525218214534,1049,265.7525218214534,complete
fetch-20261006T122600Z-dfc47335,v2.1-f4676a0b,2017,民主進步黨,macroeconomy,speech,68,24820,472,96.70267858998758,472,96.70267858998758,complete
fetch-20261006T122600Z-dfc47335,v2.1-f4676a0b,2017,民主進步黨,public_lands,speech,68,24820,301,50.14855607277708,301,50.14855607277708,complete
fetch-20261006T122600Z-dfc47335,v2.1-f4676a0b,2017,民主進步黨,social_welfare,speech,68,24820,509,100.26991834344366,509,100.26991834344366,complete
fetch-20261006T122600Z-dfc47335,v2.1-f4676a0b,2017,民主進步黨,technology,speech,68,24820,619,97.43151044939555,619,97.43151044939555,complete
fetch-20261006T122600Z-dfc47335,v2.1-f4676a0b,2017,民主進步黨,transitional_justice,speech,68,24820,136,35.554933214438,136,35.554933214438,complete
fetch-20261006T122600Z-dfc47335,v2.1-f4676a0b,2017,民主進步黨,transportation,speech,68,24820,853,241.91329210431738,853,241.91329210431738,complete
fetch-20261006T122600Z-dfc47335,v2.1-f4676a0b,2017,民主進步黨,unclassified,speech,68,24820,4507,2310.0926187869686,4507,2310.0926187869686,complete
fetch-20261006T122600Z-dfc47335,v2.1-f4676a0b,2017,民主進步黨,agriculture,written_question,68,24820,28,9.929700854700855,28,9.929700854700855,complete
fetch-20261006T122600Z-dfc47335,v2.1-f4676a0b,2017,民主進步黨,civil_rights,written_question,68,24820,16,4.380042957682113,16,4.380042957682113,complete
fetch-20261006T122600Z-dfc47335,v2.1-f4676a0b,2017,民主進步黨,commerce,written_question,68,24820,46,14.672953167802202,46,14.672953167802202,complete
fetch-20261006T122600Z-dfc47335,v2.1-f4676a0b,2017,民主進步黨,cross_strait,written_question,68,24820,17,5.136446886446887,17,5.136446886446887,complete
fetch-20261006T122600Z-dfc47335,v2.1-f4676a0b,2017,民主進步黨,culture,written_question,68,24820,37,16.736307884240983,37,16.736307884240983,complete
fetch-20261006T122600Z-dfc47335,v2.1-f4676a0b,2017,民主進步黨,defense,written_question,68,24820,32,13.803035600968698,32,13.803035600968698,complete
fetch-20261006T122600Z-dfc47335,v2.1-f4676a0b,2017,民主進步黨,education,written_question,68,24820,56,19.41727199537235,56,19.41727199537235,complete
fetch-20261006T122600Z-dfc47335,v2.1-f4676a0b,2017,民主進步黨,energy,written_question,68,24820,28,11.167002442002442,28,11.167002442002442,complete
fetch-20261006T122600Z-dfc47335,v2.1-f4676a0b,2017,民主進步黨,environment,written_question,68,24820,32,11.26541514041514,32,11.26541514041514,complete
fetch-20261006T122600Z-dfc47335,v2.1-f4676a0b,2017,民主進步黨,foreign_trade,written_question,68,24820,26,9.173748473748473,26,9.173748473748473,complete
fetch-20261006T122600Z-dfc47335,v2.1-f4676a0b,2017,民主進步黨,government,written_question,68,24820,26,8.61025641025641,26,8.61025641025641,complete
fetch-20261006T122600Z-dfc47335,v2.1-f4676a0b,2017,民主進步黨,health,written_question,68,24820,43,13.247095555363272,43,13.247095555363272,complete
fetch-20261006T122600Z-dfc47335,v2.1-f4676a0b,2017,民主進步黨,housing,written_question,68,24820,15,4.773857142857143,15,4.773857142857143,complete
fetch-20261006T122600Z-dfc47335,v2.1-f4676a0b,2017,民主進步黨,immigration,written_question,68,24820,12,3.442857142857143,12,3.442857142857143,complete
fetch-20261006T122600Z-dfc47335,v2.1-f4676a0b,2017,民主進步黨,indigenous,written_question,68,24820,12,3.944444444444444,12,3.944444444444444,complete
fetch-20261006T122600Z-dfc47335,v2.1-f4676a0b,2017,民主進步黨,international,written_question,68,24820,28,8.009787556914901,28,8.009787556914901,complete
fetch-20261006T122600Z-dfc47335,v2.1-f4676a0b,2017,民主進步黨,labor,written_question,68,24820,38,14.957936507936507,38,14.957936507936507,complete
fetch-20261006T122600Z-dfc47335,v2.1-f4676a0b,2017,民主進步黨,law_crime,written_question,68,24820,53,17.616605616605618,53,17.616605616605618,complete
fetch-20261006T122600Z-dfc47335,v2.1-f4676a0b,2017,民主進步黨,macroeconomy,written_question,68,24820,50,18.57699344971514,50,18.57699344971514,complete
fetch-20261006T122600Z-dfc47335,v2.1-f4676a0b,2017,民主進步黨,public_lands,written_question,68,24820,31,8.633272283272284,31,8.633272283272284,complete
fetch-20261006T122600Z-dfc47335,v2.1-f4676a0b,2017,民主進步黨,social_welfare,written_question,68,24820,37,12.253113553113552,37,12.253113553113552,complete
fetch-20261006T122600Z-dfc47335,v2.1-f4676a0b,2017,民主進步黨,technology,written_question,68,24820,50,15.999695905435413,50,15.999695905435413,complete
fetch-20261006T122600Z-dfc47335,v2.1-f4676a0b,2017,民主進步黨,transitional_justice,written_question,68,24820,8,2.288749886682984,8,2.288749886682984,complete
fetch-20261006T122600Z-dfc47335,v2.1-f4676a0b,2017,民主進步黨,transportation,written_question,68,24820,71,28.963409141165045,71,28.963409141165045,complete
fetch-20261006T122600Z-dfc47335,v2.1-f4676a0b,2017,民主進步黨,unclassified,written_question,68,24820,63,63.0,63,63.0,complete
fetch-20261006T122600Z-dfc47335,v2.1-f4676a0b,2018,民主進步黨,agriculture,bill_primary,70,24663,65,48.833333333333336,65,48.833333333333336,complete
fetch-20261006T122600Z-dfc47335,v2.1-f4676a0b,2018,民主進步黨,civil_rights,bill_primary,70,24663,146,100.58333333333333,146,100.58333333333333,complete
fetch-20261006T122600Z-dfc47335,v2.1-f4676a0b,2018,民主進步黨,commerce,bill_primary,70,24663,74,54.0,74,54.0,complete
fetch-20261006T122600Z-dfc47335,v2.1-f4676a0b,2018,民主進步黨,cross_strait,bill_primary,70,24663,0,0.0,0,0.0,complete
fetch-20261006T122600Z-dfc47335,v2.1-f4676a0b,2018,民主進步黨,culture,bill_primary,70,24663,55,38.5,55,38.5,complete
fetch-20261006T122600Z-dfc47335,v2.1-f4676a0b,2018,民主進步黨,defense,bill_primary,70,24663,58,35.5,58,35.5,complete
fetch-20261006T122600Z-dfc47335,v2.1-f4676a0b,2018,民主進步黨,education,bill_primary,70,24663,161,127.5,161,127.5,complete
fetch-20261006T122600Z-dfc47335,v2.1-f4676a0b,2018,民主進步黨,energy,bill_primary,70,24663,29,19.5,29,19.5,complete
fetch-20261006T122600Z-dfc47335,v2.1-f4676a0b,2018,民主進步黨,environment,bill_primary,70,24663,37,27.666666666666668,37,27.666666666666668,complete
fetch-20261006T122600Z-dfc47335,v2.1-f4676a0b,2018,民主進步黨,foreign_trade,bill_primary,70,24663,17,9.333333333333332,17,9.333333333333332,complete
fetch-20261006T122600Z-dfc47335,v2.1-f4676a0b,2018,民主進步黨,government,bill_primary,70,24663,95,72.16666666666667,95,72.16666666666667,complete
fetch-20261006T122600Z-dfc47335,v2.1-f4676a0b,2018,民主進步黨,health,bill_primary,70,24663,94,76.25,94,76.25,complete
fetch-20261006T122600Z-dfc47335,v2.1-f4676a0b,2018,民主進步黨,housing,bill_primary,70,24663,11,6.0,11,6.0,complete
fetch-20261006T122600Z-dfc47335,v2.1-f4676a0b,2018,民主進步黨,immigration,bill_primary,70,24663,31,17.166666666666668,31,17.166666666666668,complete
fetch-20261006T122600Z-dfc47335,v2.1-f4676a0b,2018,民主進步黨,indigenous,bill_primary,70,24663,12,9.0,12,9.0,complete
fetch-20261006T122600Z-dfc47335,v2.1-f4676a0b,2018,民主進步黨,international,bill_primary,70,24663,24,16.0,24,16.0,complete
fetch-20261006T122600Z-dfc47335,v2.1-f4676a0b,2018,民主進步黨,labor,bill_primary,70,24663,127,89.0,127,89.0,complete
fetch-20261006T122600Z-dfc47335,v2.1-f4676a0b,2018,民主進步黨,law_crime,bill_primary,70,24663,247,191.75,247,191.75,complete
fetch-20261006T122600Z-dfc47335,v2.1-f4676a0b,2018,民主進步黨,macroeconomy,bill_primary,70,24663,86,65.33333333333333,86,65.33333333333333,complete
fetch-20261006T122600Z-dfc47335,v2.1-f4676a0b,2018,民主進步黨,public_lands,bill_primary,70,24663,34,26.5,34,26.5,complete
fetch-20261006T122600Z-dfc47335,v2.1-f4676a0b,2018,民主進步黨,social_welfare,bill_primary,70,24663,99,63.75,99,63.75,complete
fetch-20261006T122600Z-dfc47335,v2.1-f4676a0b,2018,民主進步黨,technology,bill_primary,70,24663,45,37.166666666666664,45,37.166666666666664,complete
fetch-20261006T122600Z-dfc47335,v2.1-f4676a0b,2018,民主進步黨,transitional_justice,bill_primary,70,24663,2,2.0,2,2.0,complete
fetch-20261006T122600Z-dfc47335,v2.1-f4676a0b,2018,民主進步黨,transportation,bill_primary,70,24663,98,76.5,98,76.5,complete
fetch-20261006T122600Z-dfc47335,v2.1-f4676a0b,2018,民主進步黨,unclassified,bill_primary,70,24663,308,308.0,308,308.0,complete
fetch-20261006T122600Z-dfc47335,v2.1-f4676a0b,2018,民主進步黨,agriculture,bill_cosign,70,24663,428,313.5,428,313.5,complete
fetch-20261006T122600Z-dfc47335,v2.1-f4676a0b,2018,民主進步黨,civil_rights,bill_cosign,70,24663,814,560.5,814,560.5,complete
fetch-20261006T122600Z-dfc47335,v2.1-f4676a0b,2018,民主進步黨,commerce,bill_cosign,70,24663,682,506.1666666666667,682,506.1666666666667,complete
fetch-20261006T122600Z-dfc47335,v2.1-f4676a0b,2018,民主進步黨,cross_strait,bill_cosign,70,24663,0,0.0,0,0.0,complete
fetch-20261006T122600Z-dfc47335,v2.1-f4676a0b,2018,民主進步黨,culture,bill_cosign,70,24663,494,386.1666666666667,494,386.1666666666667,complete
fetch-20261006T122600Z-dfc47335,v2.1-f4676a0b,2018,民主進步黨,defense,bill_cosign,70,24663,467,286.0,467,286.0,complete
fetch-20261006T122600Z-dfc47335,v2.1-f4676a0b,2018,民主進步黨,education,bill_cosign,70,24663,1195,937.8333333333334,1195,937.8333333333334,complete
fetch-20261006T122600Z-dfc47335,v2.1-f4676a0b,2018,民主進步黨,energy,bill_cosign,70,24663,276,195.5,276,195.5,complete
fetch-20261006T122600Z-dfc47335,v2.1-f4676a0b,2018,民主進步黨,environment,bill_cosign,70,24663,302,237.33333333333334,302,237.33333333333334,complete
fetch-20261006T122600Z-dfc47335,v2.1-f4676a0b,2018,民主進步黨,foreign_trade,bill_cosign,70,24663,115,67.5,115,67.5,complete
fetch-20261006T122600Z-dfc47335,v2.1-f4676a0b,2018,民主進步黨,government,bill_cosign,70,24663,929,695.0833333333334,929,695.0833333333334,complete
fetch-20261006T122600Z-dfc47335,v2.1-f4676a0b,2018,民主進步黨,health,bill_cosign,70,24663,733,602.0833333333334,733,602.0833333333334,complete
fetch-20261006T122600Z-dfc47335,v2.1-f4676a0b,2018,民主進步黨,housing,bill_cosign,70,24663,100,57.5,100,57.5,complete
fetch-20261006T122600Z-dfc47335,v2.1-f4676a0b,2018,民主進步黨,immigration,bill_cosign,70,24663,192,122.33333333333333,192,122.33333333333333,complete
fetch-20261006T122600Z-dfc47335,v2.1-f4676a0b,2018,民主進步黨,indigenous,bill_cosign,70,24663,150,103.5,150,103.5,complete
fetch-20261006T122600Z-dfc47335,v2.1-f4676a0b,2018,民主進步黨,international,bill_cosign,70,24663,161,105.66666666666667,161,105.66666666666667,complete
fetch-20261006T122600Z-dfc47335,v2.1-f4676a0b,2018,民主進步黨,labor,bill_cosign,70,24663,863,618.8333333333333,863,618.8333333333333,complete
fetch-20261006T122600Z-dfc47335,v2.1-f4676a0b,2018,民主進步黨,law_crime,bill_cosign,70,24663,1812,1400.5,1812,1400.5,complete
fetch-20261006T122600Z-dfc47335,v2.1-f4676a0b,2018,民主進步黨,macroeconomy,bill_cosign,70,24663,529,414.25,529,414.25,complete
fetch-20261006T122600Z-dfc47335,v2.1-f4676a0b,2018,民主進步黨,public_lands,bill_cosign,70,24663,243,185.33333333333334,243,185.33333333333334,complete
fetch-20261006T122600Z-dfc47335,v2.1-f4676a0b,2018,民主進步黨,social_welfare,bill_cosign,70,24663,497,346.0833333333333,497,346.0833333333333,complete
fetch-20261006T122600Z-dfc47335,v2.1-f4676a0b,2018,民主進步黨,technology,bill_cosign,70,24663,370,296.5,370,296.5,complete
fetch-20261006T122600Z-dfc47335,v2.1-f4676a0b,2018,民主進步黨,transitional_justice,bill_cosign,70,24663,13,13.0,13,13.0,complete
fetch-20261006T122600Z-dfc47335,v2.1-f4676a0b,2018,民主進步黨,transportation,bill_cosign,70,24663,607,496.8333333333333,607,496.8333333333333,complete
fetch-20261006T122600Z-dfc47335,v2.1-f4676a0b,2018,民主進步黨,unclassified,bill_cosign,70,24663,2414,2414.0,2414,2414.0,complete
fetch-20261006T122600Z-dfc47335,v2.1-f4676a0b,2018,民主進步黨,agriculture,speech,70,24663,436,108.59645083216924,436,108.59645083216924,complete
fetch-20261006T122600Z-dfc47335,v2.1-f4676a0b,2018,民主進步黨,civil_rights,speech,70,24663,298,45.20591742992298,298,45.20591742992298,complete
fetch-20261006T122600Z-dfc47335,v2.1-f4676a0b,2018,民主進步黨,commerce,speech,70,24663,726,159.02116989278565,726,159.02116989278565,complete
fetch-20261006T122600Z-dfc47335,v2.1-f4676a0b,2018,民主進步黨,cross_strait,speech,70,24663,159,21.35289852300232,159,21.35289852300232,complete
fetch-20261006T122600Z-dfc47335,v2.1-f4676a0b,2018,民主進步黨,culture,speech,70,24663,521,151.78126572800628,521,151.78126572800628,complete
fetch-20261006T122600Z-dfc47335,v2.1-f4676a0b,2018,民主進步黨,defense,speech,70,24663,335,87.36595945933558,335,87.36595945933558,complete
fetch-20261006T122600Z-dfc47335,v2.1-f4676a0b,2018,民主進步黨,education,speech,70,24663,858,227.43178601609833,858,227.43178601609833,complete
fetch-20261006T122600Z-dfc47335,v2.1-f4676a0b,2018,民主進步黨,energy,speech,70,24663,427,102.29709253141388,427,102.29709253141388,complete
fetch-20261006T122600Z-dfc47335,v2.1-f4676a0b,2018,民主進步黨,environment,speech,70,24663,438,105.72039673914219,438,105.72039673914219,complete
fetch-20261006T122600Z-dfc47335,v2.1-f4676a0b,2018,民主進步黨,foreign_trade,speech,70,24663,213,26.18608730347102,213,26.18608730347102,complete
fetch-20261006T122600Z-dfc47335,v2.1-f4676a0b,2018,民主進步黨,government,speech,70,24663,652,143.93717616265505,652,143.93717616265505,complete
fetch-20261006T122600Z-dfc47335,v2.1-f4676a0b,2018,民主進步黨,health,speech,70,24663,617,153.77058498979684,617,153.77058498979684,complete
fetch-20261006T122600Z-dfc47335,v2.1-f4676a0b,2018,民主進步黨,housing,speech,70,24663,201,49.16456645247931,201,49.16456645247931,complete
fetch-20261006T122600Z-dfc47335,v2.1-f4676a0b,2018,民主進步黨,immigration,speech,70,24663,118,22.112718552934226,118,22.112718552934226,complete
fetch-20261006T122600Z-dfc47335,v2.1-f4676a0b,2018,民主進步黨,indigenous,speech,70,24663,269,62.088933857214975,269,62.088933857214975,complete
fetch-20261006T122600Z-dfc47335,v2.1-f4676a0b,2018,民主進步黨,international,speech,70,24663,306,51.72230949581354,306,51.72230949581354,complete
fetch-20261006T122600Z-dfc47335,v2.1-f4676a0b,2018,民主進步黨,labor,speech,70,24663,572,134.0429624156652,572,134.0429624156652,complete
fetch-20261006T122600Z-dfc47335,v2.1-f4676a0b,2018,民主進步黨,law_crime,speech,70,24663,955,267.84872069555803,955,267.84872069555803,complete
fetch-20261006T122600Z-dfc47335,v2.1-f4676a0b,2018,民主進步黨,macroeconomy,speech,70,24663,365,58.629318969144634,365,58.629318969144634,complete
fetch-20261006T122600Z-dfc47335,v2.1-f4676a0b,2018,民主進步黨,public_lands,speech,70,24663,262,54.17571831763126,262,54.17571831763126,complete
fetch-20261006T122600Z-dfc47335,v2.1-f4676a0b,2018,民主進步黨,social_welfare,speech,70,24663,411,79.11506628229435,411,79.11506628229435,complete
fetch-20261006T122600Z-dfc47335,v2.1-f4676a0b,2018,民主進步黨,technology,speech,70,24663,653,108.13673467012461,653,108.13673467012461,complete
fetch-20261006T122600Z-dfc47335,v2.1-f4676a0b,2018,民主進步黨,transitional_justice,speech,70,24663,48,8.815543821209694,48,8.815543821209694,complete
fetch-20261006T122600Z-dfc47335,v2.1-f4676a0b,2018,民主進步黨,transportation,speech,70,24663,620,150.5374048328409,620,150.5374048328409,complete
fetch-20261006T122600Z-dfc47335,v2.1-f4676a0b,2018,民主進步黨,unclassified,speech,70,24663,3766,1758.94321602929,3766,1758.94321602929,complete
fetch-20261006T122600Z-dfc47335,v2.1-f4676a0b,2018,民主進步黨,agriculture,written_question,70,24663,0,0.0,0,0.0,complete
fetch-20261006T122600Z-dfc47335,v2.1-f4676a0b,2018,民主進步黨,civil_rights,written_question,70,24663,0,0.0,0,0.0,complete
fetch-20261006T122600Z-dfc47335,v2.1-f4676a0b,2018,民主進步黨,commerce,written_question,70,24663,2,0.45,2,0.45,complete
fetch-20261006T122600Z-dfc47335,v2.1-f4676a0b,2018,民主進步黨,cross_strait,written_question,70,24663,1,0.25,1,0.25,complete
fetch-20261006T122600Z-dfc47335,v2.1-f4676a0b,2018,民主進步黨,culture,written_question,70,24663,0,0.0,0,0.0,complete
fetch-20261006T122600Z-dfc47335,v2.1-f4676a0b,2018,民主進步黨,defense,written_question,70,24663,1,1.0,1,1.0,complete
fetch-20261006T122600Z-dfc47335,v2.1-f4676a0b,2018,民主進步黨,education,written_question,70,24663,1,0.2,1,0.2,complete
fetch-20261006T122600Z-dfc47335,v2.1-f4676a0b,2018,民主進步黨,energy,written_question,70,24663,0,0.0,0,0.0,complete
fetch-20261006T122600Z-dfc47335,v2.1-f4676a0b,2018,民主進步黨,environment,written_question,70,24663,0,0.0,0,0.0,complete
fetch-20261006T122600Z-dfc47335,v2.1-f4676a0b,2018,民主進步黨,foreign_trade,written_question,70,24663,0,0.0,0,0.0,complete
fetch-20261006T122600Z-dfc47335,v2.1-f4676a0b,2018,民主進步黨,government,written_question,70,24663,0,0.0,0,0.0,complete
fetch-20261006T122600Z-dfc47335,v2.1-f4676a0b,2018,民主進步黨,health,written_question,70,24663,1,0.2,1,0.2,complete
fetch-20261006T122600Z-dfc47335,v2.1-f4676a0b,2018,民主進步黨,housing,written_question,70,24663,0,0.0,0,0.0,complete
fetch-20261006T122600Z-dfc47335,v2.1-f4676a0b,2018,民主進步黨,immigration,written_question,70,24663,0,0.0,0,0.0,complete
fetch-20261006T122600Z-dfc47335,v2.1-f4676a0b,2018,民主進步黨,indigenous,written_question,70,24663,0,0.0,0,0.0,complete
fetch-20261006T122600Z-dfc47335,v2.1-f4676a0b,2018,民主進步黨,international,written_question,70,24663,1,0.25,1,0.25,complete
fetch-20261006T122600Z-dfc47335,v2.1-f4676a0b,2018,民主進步黨,labor,written_question,70,24663,0,0.0,0,0.0,complete
fetch-20261006T122600Z-dfc47335,v2.1-f4676a0b,2018,民主進步黨,law_crime,written_question,70,24663,1,0.2,1,0.2,complete
fetch-20261006T122600Z-dfc47335,v2.1-f4676a0b,2018,民主進步黨,macroeconomy,written_question,70,24663,0,0.0,0,0.0,complete
fetch-20261006T122600Z-dfc47335,v2.1-f4676a0b,2018,民主進步黨,public_lands,written_question,70,24663,0,0.0,0,0.0,complete
fetch-20261006T122600Z-dfc47335,v2.1-f4676a0b,2018,民主進步黨,social_welfare,written_question,70,24663,0,0.0,0,0.0,complete
fetch-20261006T122600Z-dfc47335,v2.1-f4676a0b,2018,民主進步黨,technology,written_question,70,24663,1,0.2,1,0.2,complete
fetch-20261006T122600Z-dfc47335,v2.1-f4676a0b,2018,民主進步黨,transitional_justice,written_question,70,24663,0,0.0,0,0.0,complete
fetch-20261006T122600Z-dfc47335,v2.1-f4676a0b,2018,民主進步黨,transportation,written_question,70,24663,1,0.25,1,0.25,complete
fetch-20261006T122600Z-dfc47335,v2.1-f4676a0b,2018,民主進步黨,unclassified,written_question,70,24663,2,2.0,2,2.0,complete
fetch-20261006T122600Z-dfc47335,v2.1-f4676a0b,2019,民主進步黨,agriculture,bill_primary,68,24724,84,65.33333333333333,84,65.33333333333333,complete
fetch-20261006T122600Z-dfc47335,v2.1-f4676a0b,2019,民主進步黨,civil_rights,bill_primary,68,24724,80,59.5,80,59.5,complete
fetch-20261006T122600Z-dfc47335,v2.1-f4676a0b,2019,民主進步黨,commerce,bill_primary,68,24724,40,22.666666666666668,40,22.666666666666668,complete
fetch-20261006T122600Z-dfc47335,v2.1-f4676a0b,2019,民主進步黨,cross_strait,bill_primary,68,24724,6,4.0,6,4.0,complete
fetch-20261006T122600Z-dfc47335,v2.1-f4676a0b,2019,民主進步黨,culture,bill_primary,68,24724,62,47.166666666666664,62,47.166666666666664,complete
fetch-20261006T122600Z-dfc47335,v2.1-f4676a0b,2019,民主進步黨,defense,bill_primary,68,24724,42,27.083333333333332,42,27.083333333333332,complete
fetch-20261006T122600Z-dfc47335,v2.1-f4676a0b,2019,民主進步黨,education,bill_primary,68,24724,125,85.5,125,85.5,complete
fetch-20261006T122600Z-dfc47335,v2.1-f4676a0b,2019,民主進步黨,energy,bill_primary,68,24724,20,19.0,20,19.0,complete
fetch-20261006T122600Z-dfc47335,v2.1-f4676a0b,2019,民主進步黨,environment,bill_primary,68,24724,49,40.166666666666664,49,40.166666666666664,complete
fetch-20261006T122600Z-dfc47335,v2.1-f4676a0b,2019,民主進步黨,foreign_trade,bill_primary,68,24724,20,14.5,20,14.5,complete
fetch-20261006T122600Z-dfc47335,v2.1-f4676a0b,2019,民主進步黨,government,bill_primary,68,24724,100,65.58333333333333,100,65.58333333333333,complete
fetch-20261006T122600Z-dfc47335,v2.1-f4676a0b,2019,民主進步黨,health,bill_primary,68,24724,122,90.0,122,90.0,complete
fetch-20261006T122600Z-dfc47335,v2.1-f4676a0b,2019,民主進步黨,housing,bill_primary,68,24724,5,4.333333333333333,5,4.333333333333333,complete
fetch-20261006T122600Z-dfc47335,v2.1-f4676a0b,2019,民主進步黨,immigration,bill_primary,68,24724,18,11.5,18,11.5,complete
fetch-20261006T122600Z-dfc47335,v2.1-f4676a0b,2019,民主進步黨,indigenous,bill_primary,68,24724,11,11.0,11,11.0,complete
fetch-20261006T122600Z-dfc47335,v2.1-f4676a0b,2019,民主進步黨,international,bill_primary,68,24724,3,3.0,3,3.0,complete
fetch-20261006T122600Z-dfc47335,v2.1-f4676a0b,2019,民主進步黨,labor,bill_primary,68,24724,198,156.58333333333334,198,156.58333333333334,complete
fetch-20261006T122600Z-dfc47335,v2.1-f4676a0b,2019,民主進步黨,law_crime,bill_primary,68,24724,182,132.58333333333334,182,132.58333333333334,complete
fetch-20261006T122600Z-dfc47335,v2.1-f4676a0b,2019,民主進步黨,macroeconomy,bill_primary,68,24724,79,47.25,79,47.25,complete
fetch-20261006T122600Z-dfc47335,v2.1-f4676a0b,2019,民主進步黨,public_lands,bill_primary,68,24724,5,3.8333333333333335,5,3.8333333333333335,complete
fetch-20261006T122600Z-dfc47335,v2.1-f4676a0b,2019,民主進步黨,social_welfare,bill_primary,68,24724,116,76.0,116,76.0,complete
fetch-20261006T122600Z-dfc47335,v2.1-f4676a0b,2019,民主進步黨,technology,bill_primary,68,24724,54,35.916666666666664,54,35.916666666666664,complete
fetch-20261006T122600Z-dfc47335,v2.1-f4676a0b,2019,民主進步黨,transitional_justice,bill_primary,68,24724,6,2.6666666666666665,6,2.6666666666666665,complete
fetch-20261006T122600Z-dfc47335,v2.1-f4676a0b,2019,民主進步黨,transportation,bill_primary,68,24724,146,116.83333333333333,146,116.83333333333333,complete
fetch-20261006T122600Z-dfc47335,v2.1-f4676a0b,2019,民主進步黨,unclassified,bill_primary,68,24724,331,331.0,331,331.0,complete
fetch-20261006T122600Z-dfc47335,v2.1-f4676a0b,2019,民主進步黨,agriculture,bill_cosign,68,24724,585,405.3333333333333,585,405.3333333333333,complete
fetch-20261006T122600Z-dfc47335,v2.1-f4676a0b,2019,民主進步黨,civil_rights,bill_cosign,68,24724,570,437.75,570,437.75,complete
fetch-20261006T122600Z-dfc47335,v2.1-f4676a0b,2019,民主進步黨,commerce,bill_cosign,68,24724,312,191.66666666666666,312,191.66666666666666,complete
fetch-20261006T122600Z-dfc47335,v2.1-f4676a0b,2019,民主進步黨,cross_strait,bill_cosign,68,24724,37,27.5,37,27.5,complete
fetch-20261006T122600Z-dfc47335,v2.1-f4676a0b,2019,民主進步黨,culture,bill_cosign,68,24724,574,437.5,574,437.5,complete
fetch-20261006T122600Z-dfc47335,v2.1-f4676a0b,2019,民主進步黨,defense,bill_cosign,68,24724,388,270.1666666666667,388,270.1666666666667,complete
fetch-20261006T122600Z-dfc47335,v2.1-f4676a0b,2019,民主進步黨,education,bill_cosign,68,24724,840,591.25,840,591.25,complete
fetch-20261006T122600Z-dfc47335,v2.1-f4676a0b,2019,民主進步黨,energy,bill_cosign,68,24724,103,96.5,103,96.5,complete
fetch-20261006T122600Z-dfc47335,v2.1-f4676a0b,2019,民主進步黨,environment,bill_cosign,68,24724,347,282.0,347,282.0,complete
fetch-20261006T122600Z-dfc47335,v2.1-f4676a0b,2019,民主進步黨,foreign_trade,bill_cosign,68,24724,121,86.5,121,86.5,complete
fetch-20261006T122600Z-dfc47335,v2.1-f4676a0b,2019,民主進步黨,government,bill_cosign,68,24724,803,601.0833333333334,803,601.0833333333334,complete
fetch-20261006T122600Z-dfc47335,v2.1-f4676a0b,2019,民主進步黨,health,bill_cosign,68,24724,846,659.5833333333334,846,659.5833333333334,complete
fetch-20261006T122600Z-dfc47335,v2.1-f4676a0b,2019,民主進步黨,housing,bill_cosign,68,24724,68,58.0,68,58.0,complete
fetch-20261006T122600Z-dfc47335,v2.1-f4676a0b,2019,民主進步黨,immigration,bill_cosign,68,24724,183,124.5,183,124.5,complete
fetch-20261006T122600Z-dfc47335,v2.1-f4676a0b,2019,民主進步黨,indigenous,bill_cosign,68,24724,82,79.0,82,79.0,complete
fetch-20261006T122600Z-dfc47335,v2.1-f4676a0b,2019,民主進步黨,international,bill_cosign,68,24724,11,11.0,11,11.0,complete
fetch-20261006T122600Z-dfc47335,v2.1-f4676a0b,2019,民主進步黨,labor,bill_cosign,68,24724,1257,1006.0,1257,1006.0,complete
fetch-20261006T122600Z-dfc47335,v2.1-f4676a0b,2019,民主進步黨,law_crime,bill_cosign,68,24724,1525,1181.75,1525,1181.75,complete
fetch-20261006T122600Z-dfc47335,v2.1-f4676a0b,2019,民主進步黨,macroeconomy,bill_cosign,68,24724,575,370.1666666666667,575,370.1666666666667,complete
fetch-20261006T122600Z-dfc47335,v2.1-f4676a0b,2019,民主進步黨,public_lands,bill_cosign,68,24724,69,51.0,69,51.0,complete
fetch-20261006T122600Z-dfc47335,v2.1-f4676a0b,2019,民主進步黨,social_welfare,bill_cosign,68,24724,677,457.66666666666663,677,457.66666666666663,complete
fetch-20261006T122600Z-dfc47335,v2.1-f4676a0b,2019,民主進步黨,technology,bill_cosign,68,24724,342,230.75,342,230.75,complete
fetch-20261006T122600Z-dfc47335,v2.1-f4676a0b,2019,民主進步黨,transitional_justice,bill_cosign,68,24724,30,20.666666666666668,30,20.666666666666668,complete
fetch-20261006T122600Z-dfc47335,v2.1-f4676a0b,2019,民主進步黨,transportation,bill_cosign,68,24724,895,718.6666666666666,895,718.6666666666666,complete
fetch-20261006T122600Z-dfc47335,v2.1-f4676a0b,2019,民主進步黨,unclassified,bill_cosign,68,24724,2503,2503.0,2503,2503.0,complete
fetch-20261006T122600Z-dfc47335,v2.1-f4676a0b,2019,民主進步黨,agriculture,speech,68,24724,337,89.03466309333824,337,89.03466309333824,complete
fetch-20261006T122600Z-dfc47335,v2.1-f4676a0b,2019,民主進步黨,civil_rights,speech,68,24724,316,56.5088543695508,316,56.5088543695508,complete
fetch-20261006T122600Z-dfc47335,v2.1-f4676a0b,2019,民主進步黨,commerce,speech,68,24724,513,109.40102167376989,513,109.40102167376989,complete
fetch-20261006T122600Z-dfc47335,v2.1-f4676a0b,2019,民主進步黨,cross_strait,speech,68,24724,169,37.46754064672659,169,37.46754064672659,complete
fetch-20261006T122600Z-dfc47335,v2.1-f4676a0b,2019,民主進步黨,culture,speech,68,24724,287,79.13737458646713,287,79.13737458646713,complete
fetch-20261006T122600Z-dfc47335,v2.1-f4676a0b,2019,民主進步黨,defense,speech,68,24724,327,100.87598652909293,327,100.87598652909293,complete
fetch-20261006T122600Z-dfc47335,v2.1-f4676a0b,2019,民主進步黨,education,speech,68,24724,570,150.14536619448455,570,150.14536619448455,complete
fetch-20261006T122600Z-dfc47335,v2.1-f4676a0b,2019,民主進步黨,energy,speech,68,24724,226,49.210599238651604,226,49.210599238651604,complete
fetch-20261006T122600Z-dfc47335,v2.1-f4676a0b,2019,民主進步黨,environment,speech,68,24724,264,56.545208906281175,264,56.545208906281175,complete
fetch-20261006T122600Z-dfc47335,v2.1-f4676a0b,2019,民主進步黨,foreign_trade,speech,68,24724,180,28.668334590144088,180,28.668334590144088,complete
fetch-20261006T122600Z-dfc47335,v2.1-f4676a0b,2019,民主進步黨,government,speech,68,24724,515,135.0954065180919,515,135.0954065180919,complete
fetch-20261006T122600Z-dfc47335,v2.1-f4676a0b,2019,民主進步黨,health,speech,68,24724,586,157.1880496814122,586,157.1880496814122,complete
fetch-20261006T122600Z-dfc47335,v2.1-f4676a0b,2019,民主進步黨,housing,speech,68,24724,105,16.64677165172989,105,16.64677165172989,complete
fetch-20261006T122600Z-dfc47335,v2.1-f4676a0b,2019,民主進步黨,immigration,speech,68,24724,69,10.730443813349098,69,10.730443813349098,complete
fetch-20261006T122600Z-dfc47335,v2.1-f4676a0b,2019,民主進步黨,indigenous,speech,68,24724,127,26.871999217327744,127,26.871999217327744,complete
fetch-20261006T122600Z-dfc47335,v2.1-f4676a0b,2019,民主進步黨,international,speech,68,24724,202,43.167953395043156,202,43.167953395043156,complete
fetch-20261006T122600Z-dfc47335,v2.1-f4676a0b,2019,民主進步黨,labor,speech,68,24724,433,118.46896961133109,433,118.46896961133109,complete
fetch-20261006T122600Z-dfc47335,v2.1-f4676a0b,2019,民主進步黨,law_crime,speech,68,24724,903,299.10619245585286,903,299.10619245585286,complete
fetch-20261006T122600Z-dfc47335,v2.1-f4676a0b,2019,民主進步黨,macroeconomy,speech,68,24724,313,55.91377225478534,313,55.91377225478534,complete
fetch-20261006T122600Z-dfc47335,v2.1-f4676a0b,2019,民主進步黨,public_lands,speech,68,24724,197,42.98618616096483,197,42.98618616096483,complete
fetch-20261006T122600Z-dfc47335,v2.1-f4676a0b,2019,民主進步黨,social_welfare,speech,68,24724,379,77.69213256130723,379,77.69213256130723,complete
fetch-20261006T122600Z-dfc47335,v2.1-f4676a0b,2019,民主進步黨,technology,speech,68,24724,510,90.49174010328906,510,90.49174010328906,complete
fetch-20261006T122600Z-dfc47335,v2.1-f4676a0b,2019,民主進步黨,transitional_justice,speech,68,24724,59,16.560718185830247,59,16.560718185830247,complete
fetch-20261006T122600Z-dfc47335,v2.1-f4676a0b,2019,民主進步黨,transportation,speech,68,24724,596,189.75351247119372,596,189.75351247119372,complete
fetch-20261006T122600Z-dfc47335,v2.1-f4676a0b,2019,民主進步黨,unclassified,speech,68,24724,3090,1521.3312020899848,3090,1521.3312020899848,complete
fetch-20261006T122600Z-dfc47335,v2.1-f4676a0b,2019,民主進步黨,agriculture,written_question,68,24724,0,0.0,0,0.0,complete
fetch-20261006T122600Z-dfc47335,v2.1-f4676a0b,2019,民主進步黨,civil_rights,written_question,68,24724,0,0.0,0,0.0,complete
fetch-20261006T122600Z-dfc47335,v2.1-f4676a0b,2019,民主進步黨,commerce,written_question,68,24724,0,0.0,0,0.0,complete
fetch-20261006T122600Z-dfc47335,v2.1-f4676a0b,2019,民主進步黨,cross_strait,written_question,68,24724,0,0.0,0,0.0,complete
fetch-20261006T122600Z-dfc47335,v2.1-f4676a0b,2019,民主進步黨,culture,written_question,68,24724,0,0.0,0,0.0,complete
fetch-20261006T122600Z-dfc47335,v2.1-f4676a0b,2019,民主進步黨,defense,written_question,68,24724,1,0.3333333333333333,1,0.3333333333333333,complete
fetch-20261006T122600Z-dfc47335,v2.1-f4676a0b,2019,民主進步黨,education,written_question,68,24724,2,0.6666666666666666,2,0.6666666666666666,complete
fetch-20261006T122600Z-dfc47335,v2.1-f4676a0b,2019,民主進步黨,energy,written_question,68,24724,0,0.0,0,0.0,complete
fetch-20261006T122600Z-dfc47335,v2.1-f4676a0b,2019,民主進步黨,environment,written_question,68,24724,0,0.0,0,0.0,complete
fetch-20261006T122600Z-dfc47335,v2.1-f4676a0b,2019,民主進步黨,foreign_trade,written_question,68,24724,0,0.0,0,0.0,complete
fetch-20261006T122600Z-dfc47335,v2.1-f4676a0b,2019,民主進步黨,government,written_question,68,24724,0,0.0,0,0.0,complete
fetch-20261006T122600Z-dfc47335,v2.1-f4676a0b,2019,民主進步黨,health,written_question,68,24724,1,0.3333333333333333,1,0.3333333333333333,complete
fetch-20261006T122600Z-dfc47335,v2.1-f4676a0b,2019,民主進步黨,housing,written_question,68,24724,0,0.0,0,0.0,complete
fetch-20261006T122600Z-dfc47335,v2.1-f4676a0b,2019,民主進步黨,immigration,written_question,68,24724,0,0.0,0,0.0,complete
fetch-20261006T122600Z-dfc47335,v2.1-f4676a0b,2019,民主進步黨,indigenous,written_question,68,24724,0,0.0,0,0.0,complete
fetch-20261006T122600Z-dfc47335,v2.1-f4676a0b,2019,民主進步黨,international,written_question,68,24724,0,0.0,0,0.0,complete
fetch-20261006T122600Z-dfc47335,v2.1-f4676a0b,2019,民主進步黨,labor,written_question,68,24724,0,0.0,0,0.0,complete
fetch-20261006T122600Z-dfc47335,v2.1-f4676a0b,2019,民主進步黨,law_crime,written_question,68,24724,0,0.0,0,0.0,complete
fetch-20261006T122600Z-dfc47335,v2.1-f4676a0b,2019,民主進步黨,macroeconomy,written_question,68,24724,1,0.3333333333333333,1,0.3333333333333333,complete
fetch-20261006T122600Z-dfc47335,v2.1-f4676a0b,2019,民主進步黨,public_lands,written_question,68,24724,0,0.0,0,0.0,complete
fetch-20261006T122600Z-dfc47335,v2.1-f4676a0b,2019,民主進步黨,social_welfare,written_question,68,24724,0,0.0,0,0.0,complete
fetch-20261006T122600Z-dfc47335,v2.1-f4676a0b,2019,民主進步黨,technology,written_question,68,24724,1,0.3333333333333333,1,0.3333333333333333,complete
fetch-20261006T122600Z-dfc47335,v2.1-f4676a0b,2019,民主進步黨,transitional_justice,written_question,68,24724,0,0.0,0,0.0,complete
fetch-20261006T122600Z-dfc47335,v2.1-f4676a0b,2019,民主進步黨,transportation,written_question,68,24724,0,0.0,0,0.0,complete
fetch-20261006T122600Z-dfc47335,v2.1-f4676a0b,2019,民主進步黨,unclassified,written_question,68,24724,0,0.0,0,0.0,complete
fetch-20261006T122600Z-dfc47335,v2.1-f4676a0b,2020,民主進步黨,agriculture,bill_primary,61,22326,127,88.6,127,88.6,complete
fetch-20261006T122600Z-dfc47335,v2.1-f4676a0b,2020,民主進步黨,civil_rights,bill_primary,61,22326,118,67.16666666666667,118,67.16666666666667,complete
fetch-20261006T122600Z-dfc47335,v2.1-f4676a0b,2020,民主進步黨,commerce,bill_primary,61,22326,71,43.766666666666666,71,43.766666666666666,complete
fetch-20261006T122600Z-dfc47335,v2.1-f4676a0b,2020,民主進步黨,cross_strait,bill_primary,61,22326,8,3.6666666666666665,8,3.6666666666666665,complete
fetch-20261006T122600Z-dfc47335,v2.1-f4676a0b,2020,民主進步黨,culture,bill_primary,61,22326,120,85.08333333333333,120,85.08333333333333,complete
fetch-20261006T122600Z-dfc47335,v2.1-f4676a0b,2020,民主進步黨,defense,bill_primary,61,22326,94,59.833333333333336,94,59.833333333333336,complete
fetch-20261006T122600Z-dfc47335,v2.1-f4676a0b,2020,民主進步黨,education,bill_primary,61,22326,192,122.36666666666666,192,122.36666666666666,complete
fetch-20261006T122600Z-dfc47335,v2.1-f4676a0b,2020,民主進步黨,energy,bill_primary,61,22326,19,18.5,19,18.5,complete
fetch-20261006T122600Z-dfc47335,v2.1-f4676a0b,2020,民主進步黨,environment,bill_primary,61,22326,53,37.416666666666664,53,37.416666666666664,complete
fetch-20261006T122600Z-dfc47335,v2.1-f4676a0b,2020,民主進步黨,foreign_trade,bill_primary,61,22326,22,15.166666666666666,22,15.166666666666666,complete
fetch-20261006T122600Z-dfc47335,v2.1-f4676a0b,2020,民主進步黨,government,bill_primary,61,22326,306,236.7,306,236.7,complete
fetch-20261006T122600Z-dfc47335,v2.1-f4676a0b,2020,民主進步黨,health,bill_primary,61,22326,208,149.41666666666666,208,149.41666666666666,complete
fetch-20261006T122600Z-dfc47335,v2.1-f4676a0b,2020,民主進步黨,housing,bill_primary,61,22326,15,11.166666666666666,15,11.166666666666666,complete
fetch-20261006T122600Z-dfc47335,v2.1-f4676a0b,2020,民主進步黨,immigration,bill_primary,61,22326,73,58.166666666666664,73,58.166666666666664,complete
fetch-20261006T122600Z-dfc47335,v2.1-f4676a0b,2020,民主進步黨,indigenous,bill_primary,61,22326,54,29.366666666666667,54,29.366666666666667,complete
fetch-20261006T122600Z-dfc47335,v2.1-f4676a0b,2020,民主進步黨,international,bill_primary,61,22326,12,5.6,12,5.6,complete
fetch-20261006T122600Z-dfc47335,v2.1-f4676a0b,2020,民主進步黨,labor,bill_primary,61,22326,252,169.03333333333333,252,169.03333333333333,complete
fetch-20261006T122600Z-dfc47335,v2.1-f4676a0b,2020,民主進步黨,law_crime,bill_primary,61,22326,277,201.75,277,201.75,complete
fetch-20261006T122600Z-dfc47335,v2.1-f4676a0b,2020,民主進步黨,macroeconomy,bill_primary,61,22326,165,109.1,165,109.1,complete
fetch-20261006T122600Z-dfc47335,v2.1-f4676a0b,2020,民主進步黨,public_lands,bill_primary,61,22326,41,27.666666666666668,41,27.666666666666668,complete
fetch-20261006T122600Z-dfc47335,v2.1-f4676a0b,2020,民主進步黨,social_welfare,bill_primary,61,22326,131,84.71666666666667,131,84.71666666666667,complete
fetch-20261006T122600Z-dfc47335,v2.1-f4676a0b,2020,民主進步黨,technology,bill_primary,61,22326,175,97.83333333333333,175,97.83333333333333,complete
fetch-20261006T122600Z-dfc47335,v2.1-f4676a0b,2020,民主進步黨,transitional_justice,bill_primary,61,22326,11,8.666666666666666,11,8.666666666666666,complete
fetch-20261006T122600Z-dfc47335,v2.1-f4676a0b,2020,民主進步黨,transportation,bill_primary,61,22326,149,115.25,149,115.25,complete
fetch-20261006T122600Z-dfc47335,v2.1-f4676a0b,2020,民主進步黨,unclassified,bill_primary,61,22326,407,407.0,407,407.0,complete
fetch-20261006T122600Z-dfc47335,v2.1-f4676a0b,2020,民主進步黨,agriculture,bill_cosign,61,22326,675,476.73333333333335,675,476.73333333333335,complete
fetch-20261006T122600Z-dfc47335,v2.1-f4676a0b,2020,民主進步黨,civil_rights,bill_cosign,61,22326,744,446.8333333333333,744,446.8333333333333,complete
fetch-20261006T122600Z-dfc47335,v2.1-f4676a0b,2020,民主進步黨,commerce,bill_cosign,61,22326,483,288.4,483,288.4,complete
fetch-20261006T122600Z-dfc47335,v2.1-f4676a0b,2020,民主進步黨,cross_strait,bill_cosign,61,22326,97,43.33333333333333,97,43.33333333333333,complete
fetch-20261006T122600Z-dfc47335,v2.1-f4676a0b,2020,民主進步黨,culture,bill_cosign,61,22326,795,587.4166666666666,795,587.4166666666666,complete
fetch-20261006T122600Z-dfc47335,v2.1-f4676a0b,2020,民主進步黨,defense,bill_cosign,61,22326,625,380.0,625,380.0,complete
fetch-20261006T122600Z-dfc47335,v2.1-f4676a0b,2020,民主進步黨,education,bill_cosign,61,22326,1248,819.9166666666666,1248,819.9166666666666,complete
fetch-20261006T122600Z-dfc47335,v2.1-f4676a0b,2020,民主進步黨,energy,bill_cosign,61,22326,171,163.33333333333334,171,163.33333333333334,complete
fetch-20261006T122600Z-dfc47335,v2.1-f4676a0b,2020,民主進步黨,environment,bill_cosign,61,22326,382,285.5833333333333,382,285.5833333333333,complete
fetch-20261006T122600Z-dfc47335,v2.1-f4676a0b,2020,民主進步黨,foreign_trade,bill_cosign,61,22326,129,98.16666666666667,129,98.16666666666667,complete
fetch-20261006T122600Z-dfc47335,v2.1-f4676a0b,2020,民主進步黨,government,bill_cosign,61,22326,2334,1785.5,2334,1785.5,complete
fetch-20261006T122600Z-dfc47335,v2.1-f4676a0b,2020,民主進步黨,health,bill_cosign,61,22326,1079,813.25,1079,813.25,complete
fetch-20261006T122600Z-dfc47335,v2.1-f4676a0b,2020,民主進步黨,housing,bill_cosign,61,22326,144,112.5,144,112.5,complete
fetch-20261006T122600Z-dfc47335,v2.1-f4676a0b,2020,民主進步黨,immigration,bill_cosign,61,22326,421,320.8333333333333,421,320.8333333333333,complete
fetch-20261006T122600Z-dfc47335,v2.1-f4676a0b,2020,民主進步黨,indigenous,bill_cosign,61,22326,374,205.16666666666666,374,205.16666666666666,complete
fetch-20261006T122600Z-dfc47335,v2.1-f4676a0b,2020,民主進步黨,international,bill_cosign,61,22326,91,48.06666666666666,91,48.06666666666666,complete
fetch-20261006T122600Z-dfc47335,v2.1-f4676a0b,2020,民主進步黨,labor,bill_cosign,61,22326,1367,960.5833333333333,1367,960.5833333333333,complete
fetch-20261006T122600Z-dfc47335,v2.1-f4676a0b,2020,民主進步黨,law_crime,bill_cosign,61,22326,2007,1403.75,2007,1403.75,complete
fetch-20261006T122600Z-dfc47335,v2.1-f4676a0b,2020,民主進步黨,macroeconomy,bill_cosign,61,22326,820,550.65,820,550.65,complete
fetch-20261006T122600Z-dfc47335,v2.1-f4676a0b,2020,民主進步黨,public_lands,bill_cosign,61,22326,305,219.0,305,219.0,complete
fetch-20261006T122600Z-dfc47335,v2.1-f4676a0b,2020,民主進步黨,social_welfare,bill_cosign,61,22326,757,535.8166666666666,757,535.8166666666666,complete
fetch-20261006T122600Z-dfc47335,v2.1-f4676a0b,2020,民主進步黨,technology,bill_cosign,61,22326,1182,663.9166666666666,1182,663.9166666666666,complete
fetch-20261006T122600Z-dfc47335,v2.1-f4676a0b,2020,民主進步黨,transitional_justice,bill_cosign,61,22326,112,76.33333333333333,112,76.33333333333333,complete
fetch-20261006T122600Z-dfc47335,v2.1-f4676a0b,2020,民主進步黨,transportation,bill_cosign,61,22326,916,716.9166666666666,916,716.9166666666666,complete
fetch-20261006T122600Z-dfc47335,v2.1-f4676a0b,2020,民主進步黨,unclassified,bill_cosign,61,22326,2753,2753.0,2753,2753.0,complete
fetch-20261006T122600Z-dfc47335,v2.1-f4676a0b,2020,民主進步黨,agriculture,speech,61,22326,521,136.57200119295698,521,136.57200119295698,complete
fetch-20261006T122600Z-dfc47335,v2.1-f4676a0b,2020,民主進步黨,civil_rights,speech,61,22326,283,43.21457812211473,283,43.21457812211473,complete
fetch-20261006T122600Z-dfc47335,v2.1-f4676a0b,2020,民主進步黨,commerce,speech,61,22326,690,132.4239539090651,690,132.4239539090651,complete
fetch-20261006T122600Z-dfc47335,v2.1-f4676a0b,2020,民主進步黨,cross_strait,speech,61,22326,164,28.918872997161227,164,28.918872997161227,complete
fetch-20261006T122600Z-dfc47335,v2.1-f4676a0b,2020,民主進步黨,culture,speech,61,22326,527,144.29731381994878,527,144.29731381994878,complete
fetch-20261006T122600Z-dfc47335,v2.1-f4676a0b,2020,民主進步黨,defense,speech,61,22326,395,92.85107138299863,395,92.85107138299863,complete
fetch-20261006T122600Z-dfc47335,v2.1-f4676a0b,2020,民主進步黨,education,speech,61,22326,741,156.67860753465865,741,156.67860753465865,complete
fetch-20261006T122600Z-dfc47335,v2.1-f4676a0b,2020,民主進步黨,energy,speech,61,22326,290,60.140212649704516,290,60.140212649704516,complete
fetch-20261006T122600Z-dfc47335,v2.1-f4676a0b,2020,民主進步黨,environment,speech,61,22326,291,74.57491146609323,291,74.57491146609323,complete
fetch-20261006T122600Z-dfc47335,v2.1-f4676a0b,2020,民主進步黨,foreign_trade,speech,61,22326,366,78.59031066986259,366,78.59031066986259,complete
fetch-20261006T122600Z-dfc47335,v2.1-f4676a0b,2020,民主進步黨,government,speech,61,22326,477,118.35076798422293,477,118.35076798422293,complete
fetch-20261006T122600Z-dfc47335,v2.1-f4676a0b,2020,民主進步黨,health,speech,61,22326,1528,364.70056394527234,1528,364.70056394527234,complete
fetch-20261006T122600Z-dfc47335,v2.1-f4676a0b,2020,民主進步黨,housing,speech,61,22326,239,59.43633122180072,239,59.43633122180072,complete
fetch-20261006T122600Z-dfc47335,v2.1-f4676a0b,2020,民主進步黨,immigration,speech,61,22326,102,16.219621400965046,102,16.219621400965046,complete
fetch-20261006T122600Z-dfc47335,v2.1-f4676a0b,2020,民主進步黨,indigenous,speech,61,22326,318,87.67751604714634,318,87.67751604714634,complete
fetch-20261006T122600Z-dfc47335,v2.1-f4676a0b,2020,民主進步黨,international,speech,61,22326,259,47.07787552175083,259,47.07787552175083,complete
fetch-20261006T122600Z-dfc47335,v2.1-f4676a0b,2020,民主進步黨,labor,speech,61,22326,523,129.89817744931665,523,129.89817744931665,complete
fetch-20261006T122600Z-dfc47335,v2.1-f4676a0b,2020,民主進步黨,law_crime,speech,61,22326,861,271.89151726576523,861,271.89151726576523,complete
fetch-20261006T122600Z-dfc47335,v2.1-f4676a0b,2020,民主進步黨,macroeconomy,speech,61,22326,473,69.40654469446827,473,69.40654469446827,complete
fetch-20261006T122600Z-dfc47335,v2.1-f4676a0b,2020,民主進步黨,public_lands,speech,61,22326,228,43.77221899531494,228,43.77221899531494,complete
fetch-20261006T122600Z-dfc47335,v2.1-f4676a0b,2020,民主進步黨,social_welfare,speech,61,22326,337,49.54616052781669,337,49.54616052781669,complete
fetch-20261006T122600Z-dfc47335,v2.1-f4676a0b,2020,民主進步黨,technology,speech,61,22326,727,129.49281472569385,727,129.49281472569385,complete
fetch-20261006T122600Z-dfc47335,v2.1-f4676a0b,2020,民主進步黨,transitional_justice,speech,61,22326,80,24.066891773524283,80,24.066891773524283,complete
fetch-20261006T122600Z-dfc47335,v2.1-f4676a0b,2020,民主進步黨,transportation,speech,61,22326,667,161.9400824536132,667,161.9400824536132,complete
fetch-20261006T122600Z-dfc47335,v2.1-f4676a0b,2020,民主進步黨,unclassified,speech,61,22326,4257,2046.2610822487643,4257,2046.2610822487643,complete
fetch-20261006T122600Z-dfc47335,v2.1-f4676a0b,2020,民主進步黨,agriculture,written_question,61,22326,1,0.3333333333333333,1,0.3333333333333333,complete
fetch-20261006T122600Z-dfc47335,v2.1-f4676a0b,2020,民主進步黨,civil_rights,written_question,61,22326,0,0.0,0,0.0,complete
fetch-20261006T122600Z-dfc47335,v2.1-f4676a0b,2020,民主進步黨,commerce,written_question,61,22326,0,0.0,0,0.0,complete
fetch-20261006T122600Z-dfc47335,v2.1-f4676a0b,2020,民主進步黨,cross_strait,written_question,61,22326,0,0.0,0,0.0,complete
fetch-20261006T122600Z-dfc47335,v2.1-f4676a0b,2020,民主進步黨,culture,written_question,61,22326,0,0.0,0,0.0,complete
fetch-20261006T122600Z-dfc47335,v2.1-f4676a0b,2020,民主進步黨,defense,written_question,61,22326,0,0.0,0,0.0,complete
fetch-20261006T122600Z-dfc47335,v2.1-f4676a0b,2020,民主進步黨,education,written_question,61,22326,1,0.3333333333333333,1,0.3333333333333333,complete
fetch-20261006T122600Z-dfc47335,v2.1-f4676a0b,2020,民主進步黨,energy,written_question,61,22326,0,0.0,0,0.0,complete
fetch-20261006T122600Z-dfc47335,v2.1-f4676a0b,2020,民主進步黨,environment,written_question,61,22326,0,0.0,0,0.0,complete
fetch-20261006T122600Z-dfc47335,v2.1-f4676a0b,2020,民主進步黨,foreign_trade,written_question,61,22326,1,0.3333333333333333,1,0.3333333333333333,complete
fetch-20261006T122600Z-dfc47335,v2.1-f4676a0b,2020,民主進步黨,government,written_question,61,22326,0,0.0,0,0.0,complete
fetch-20261006T122600Z-dfc47335,v2.1-f4676a0b,2020,民主進步黨,health,written_question,61,22326,2,0.6666666666666666,2,0.6666666666666666,complete
fetch-20261006T122600Z-dfc47335,v2.1-f4676a0b,2020,民主進步黨,housing,written_question,61,22326,0,0.0,0,0.0,complete
fetch-20261006T122600Z-dfc47335,v2.1-f4676a0b,2020,民主進步黨,immigration,written_question,61,22326,0,0.0,0,0.0,complete
fetch-20261006T122600Z-dfc47335,v2.1-f4676a0b,2020,民主進步黨,indigenous,written_question,61,22326,0,0.0,0,0.0,complete
fetch-20261006T122600Z-dfc47335,v2.1-f4676a0b,2020,民主進步黨,international,written_question,61,22326,0,0.0,0,0.0,complete
fetch-20261006T122600Z-dfc47335,v2.1-f4676a0b,2020,民主進步黨,labor,written_question,61,22326,0,0.0,0,0.0,complete
fetch-20261006T122600Z-dfc47335,v2.1-f4676a0b,2020,民主進步黨,law_crime,written_question,61,22326,0,0.0,0,0.0,complete
fetch-20261006T122600Z-dfc47335,v2.1-f4676a0b,2020,民主進步黨,macroeconomy,written_question,61,22326,0,0.0,0,0.0,complete
fetch-20261006T122600Z-dfc47335,v2.1-f4676a0b,2020,民主進步黨,public_lands,written_question,61,22326,0,0.0,0,0.0,complete
fetch-20261006T122600Z-dfc47335,v2.1-f4676a0b,2020,民主進步黨,social_welfare,written_question,61,22326,0,0.0,0,0.0,complete
fetch-20261006T122600Z-dfc47335,v2.1-f4676a0b,2020,民主進步黨,technology,written_question,61,22326,1,0.3333333333333333,1,0.3333333333333333,complete
fetch-20261006T122600Z-dfc47335,v2.1-f4676a0b,2020,民主進步黨,transitional_justice,written_question,61,22326,0,0.0,0,0.0,complete
fetch-20261006T122600Z-dfc47335,v2.1-f4676a0b,2020,民主進步黨,transportation,written_question,61,22326,0,0.0,0,0.0,complete
fetch-20261006T122600Z-dfc47335,v2.1-f4676a0b,2020,民主進步黨,unclassified,written_question,61,22326,0,0.0,0,0.0,complete
fetch-20261006T122600Z-dfc47335,v2.1-f4676a0b,2021,民主進步黨,agriculture,bill_primary,62,22173,104,63.333333333333336,104,63.333333333333336,complete
fetch-20261006T122600Z-dfc47335,v2.1-f4676a0b,2021,民主進步黨,civil_rights,bill_primary,62,22173,240,146.66666666666666,240,146.66666666666666,complete
fetch-20261006T122600Z-dfc47335,v2.1-f4676a0b,2021,民主進步黨,commerce,bill_primary,62,22173,70,45.33333333333333,70,45.33333333333333,complete
fetch-20261006T122600Z-dfc47335,v2.1-f4676a0b,2021,民主進步黨,cross_strait,bill_primary,62,22173,17,8.333333333333334,17,8.333333333333334,complete
fetch-20261006T122600Z-dfc47335,v2.1-f4676a0b,2021,民主進步黨,culture,bill_primary,62,22173,141,94.66666666666666,141,94.66666666666666,complete
fetch-20261006T122600Z-dfc47335,v2.1-f4676a0b,2021,民主進步黨,defense,bill_primary,62,22173,116,78.16666666666666,116,78.16666666666666,complete
fetch-20261006T122600Z-dfc47335,v2.1-f4676a0b,2021,民主進步黨,education,bill_primary,62,22173,350,202.4,350,202.4,complete
fetch-20261006T122600Z-dfc47335,v2.1-f4676a0b,2021,民主進步黨,energy,bill_primary,62,22173,8,6.45,8,6.45,complete
fetch-20261006T122600Z-dfc47335,v2.1-f4676a0b,2021,民主進步黨,environment,bill_primary,62,22173,73,38.11666666666667,73,38.11666666666667,complete
fetch-20261006T122600Z-dfc47335,v2.1-f4676a0b,2021,民主進步黨,foreign_trade,bill_primary,62,22173,11,8.333333333333334,11,8.333333333333334,complete
fetch-20261006T122600Z-dfc47335,v2.1-f4676a0b,2021,民主進步黨,government,bill_primary,62,22173,292,195.4,292,195.4,complete
fetch-20261006T122600Z-dfc47335,v2.1-f4676a0b,2021,民主進步黨,health,bill_primary,62,22173,235,164.0,235,164.0,complete
fetch-20261006T122600Z-dfc47335,v2.1-f4676a0b,2021,民主進步黨,housing,bill_primary,62,22173,62,52.5,62,52.5,complete
fetch-20261006T122600Z-dfc47335,v2.1-f4676a0b,2021,民主進步黨,immigration,bill_primary,62,22173,44,30.166666666666668,44,30.166666666666668,complete
fetch-20261006T122600Z-dfc47335,v2.1-f4676a0b,2021,民主進步黨,indigenous,bill_primary,62,22173,57,26.916666666666664,57,26.916666666666664,complete
fetch-20261006T122600Z-dfc47335,v2.1-f4676a0b,2021,民主進步黨,international,bill_primary,62,22173,72,35.0,72,35.0,complete
fetch-20261006T122600Z-dfc47335,v2.1-f4676a0b,2021,民主進步黨,labor,bill_primary,62,22173,246,147.56666666666666,246,147.56666666666666,complete
fetch-20261006T122600Z-dfc47335,v2.1-f4676a0b,2021,民主進步黨,law_crime,bill_primary,62,22173,293,193.25,293,193.25,complete
fetch-20261006T122600Z-dfc47335,v2.1-f4676a0b,2021,民主進步黨,macroeconomy,bill_primary,62,22173,114,67.6,114,67.6,complete
fetch-20261006T122600Z-dfc47335,v2.1-f4676a0b,2021,民主進步黨,public_lands,bill_primary,62,22173,34,22.5,34,22.5,complete
fetch-20261006T122600Z-dfc47335,v2.1-f4676a0b,2021,民主進步黨,social_welfare,bill_primary,62,22173,243,162.0,243,162.0,complete
fetch-20261006T122600Z-dfc47335,v2.1-f4676a0b,2021,民主進步黨,technology,bill_primary,62,22173,700,389.43333333333334,700,389.43333333333334,complete
fetch-20261006T122600Z-dfc47335,v2.1-f4676a0b,2021,民主進步黨,transitional_justice,bill_primary,62,22173,17,15.0,17,15.0,complete
fetch-20261006T122600Z-dfc47335,v2.1-f4676a0b,2021,民主進步黨,transportation,bill_primary,62,22173,86,59.86666666666667,86,59.86666666666667,complete
fetch-20261006T122600Z-dfc47335,v2.1-f4676a0b,2021,民主進步黨,unclassified,bill_primary,62,22173,445,445.0,445,445.0,complete
fetch-20261006T122600Z-dfc47335,v2.1-f4676a0b,2021,民主進步黨,agriculture,bill_cosign,62,22173,499,328.3333333333333,499,328.3333333333333,complete
fetch-20261006T122600Z-dfc47335,v2.1-f4676a0b,2021,民主進步黨,civil_rights,bill_cosign,62,22173,1028,642.9166666666666,1028,642.9166666666666,complete
fetch-20261006T122600Z-dfc47335,v2.1-f4676a0b,2021,民主進步黨,commerce,bill_cosign,62,22173,496,305.9166666666667,496,305.9166666666667,complete
fetch-20261006T122600Z-dfc47335,v2.1-f4676a0b,2021,民主進步黨,cross_strait,bill_cosign,62,22173,99,56.333333333333336,99,56.333333333333336,complete
fetch-20261006T122600Z-dfc47335,v2.1-f4676a0b,2021,民主進步黨,culture,bill_cosign,62,22173,674,445.3333333333333,674,445.3333333333333,complete
fetch-20261006T122600Z-dfc47335,v2.1-f4676a0b,2021,民主進步黨,defense,bill_cosign,62,22173,691,496.1666666666667,691,496.1666666666667,complete
fetch-20261006T122600Z-dfc47335,v2.1-f4676a0b,2021,民主進步黨,education,bill_cosign,62,22173,1630,997.8166666666667,1630,997.8166666666667,complete
fetch-20261006T122600Z-dfc47335,v2.1-f4676a0b,2021,民主進步黨,energy,bill_cosign,62,22173,83,59.0,83,59.0,complete
fetch-20261006T122600Z-dfc47335,v2.1-f4676a0b,2021,民主進步黨,environment,bill_cosign,62,22173,392,264.6666666666667,392,264.6666666666667,complete
fetch-20261006T122600Z-dfc47335,v2.1-f4676a0b,2021,民主進步黨,foreign_trade,bill_cosign,62,22173,115,80.16666666666667,115,80.16666666666667,complete
fetch-20261006T122600Z-dfc47335,v2.1-f4676a0b,2021,民主進步黨,government,bill_cosign,62,22173,1876,1225.6499999999999,1876,1225.6499999999999,complete
fetch-20261006T122600Z-dfc47335,v2.1-f4676a0b,2021,民主進步黨,health,bill_cosign,62,22173,1194,855.5,1194,855.5,complete
fetch-20261006T122600Z-dfc47335,v2.1-f4676a0b,2021,民主進步黨,housing,bill_cosign,62,22173,327,262.0,327,262.0,complete
fetch-20261006T122600Z-dfc47335,v2.1-f4676a0b,2021,民主進步黨,immigration,bill_cosign,62,22173,203,157.33333333333334,203,157.33333333333334,complete
fetch-20261006T122600Z-dfc47335,v2.1-f4676a0b,2021,民主進步黨,indigenous,bill_cosign,62,22173,381,179.16666666666666,381,179.16666666666666,complete
fetch-20261006T122600Z-dfc47335,v2.1-f4676a0b,2021,民主進步黨,international,bill_cosign,62,22173,137,86.0,137,86.0,complete
fetch-20261006T122600Z-dfc47335,v2.1-f4676a0b,2021,民主進步黨,labor,bill_cosign,62,22173,1134,674.9,1134,674.9,complete
fetch-20261006T122600Z-dfc47335,v2.1-f4676a0b,2021,民主進步黨,law_crime,bill_cosign,62,22173,2070,1425.1166666666668,2070,1425.1166666666668,complete
fetch-20261006T122600Z-dfc47335,v2.1-f4676a0b,2021,民主進步黨,macroeconomy,bill_cosign,62,22173,837,483.9833333333333,837,483.9833333333333,complete
fetch-20261006T122600Z-dfc47335,v2.1-f4676a0b,2021,民主進步黨,public_lands,bill_cosign,62,22173,180,125.16666666666666,180,125.16666666666666,complete
fetch-20261006T122600Z-dfc47335,v2.1-f4676a0b,2021,民主進步黨,social_welfare,bill_cosign,62,22173,924,640.5,924,640.5,complete
fetch-20261006T122600Z-dfc47335,v2.1-f4676a0b,2021,民主進步黨,technology,bill_cosign,62,22173,3043,1683.8666666666666,3043,1683.8666666666666,complete
fetch-20261006T122600Z-dfc47335,v2.1-f4676a0b,2021,民主進步黨,transitional_justice,bill_cosign,62,22173,84,78.0,84,78.0,complete
fetch-20261006T122600Z-dfc47335,v2.1-f4676a0b,2021,民主進步黨,transportation,bill_cosign,62,22173,610,454.16666666666663,610,454.16666666666663,complete
fetch-20261006T122600Z-dfc47335,v2.1-f4676a0b,2021,民主進步黨,unclassified,bill_cosign,62,22173,2651,2651.0,2651,2651.0,complete
fetch-20261006T122600Z-dfc47335,v2.1-f4676a0b,2021,民主進步黨,agriculture,speech,62,22173,419,96.2260782630659,419,96.2260782630659,complete
fetch-20261006T122600Z-dfc47335,v2.1-f4676a0b,2021,民主進步黨,civil_rights,speech,62,22173,232,33.174785471988365,232,33.174785471988365,complete
fetch-20261006T122600Z-dfc47335,v2.1-f4676a0b,2021,民主進步黨,commerce,speech,62,22173,539,94.20138504726903,539,94.20138504726903,complete
fetch-20261006T122600Z-dfc47335,v2.1-f4676a0b,2021,民主進步黨,cross_strait,speech,62,22173,151,24.825017876234504,151,24.825017876234504,complete
fetch-20261006T122600Z-dfc47335,v2.1-f4676a0b,2021,民主進步黨,culture,speech,62,22173,462,140.72264386507183,462,140.72264386507183,complete
fetch-20261006T122600Z-dfc47335,v2.1-f4676a0b,2021,民主進步黨,defense,speech,62,22173,474,139.02183248017727,474,139.02183248017727,complete
fetch-20261006T122600Z-dfc47335,v2.1-f4676a0b,2021,民主進步黨,education,speech,62,22173,750,183.79251925875857,750,183.79251925875857,complete
fetch-20261006T122600Z-dfc47335,v2.1-f4676a0b,2021,民主進步黨,energy,speech,62,22173,413,93.4090354359321,413,93.4090354359321,complete
fetch-20261006T122600Z-dfc47335,v2.1-f4676a0b,2021,民主進步黨,environment,speech,62,22173,376,77.80902592646109,376,77.80902592646109,complete
fetch-20261006T122600Z-dfc47335,v2.1-f4676a0b,2021,民主進步黨,foreign_trade,speech,62,22173,271,43.60916981522042,271,43.60916981522042,complete
fetch-20261006T122600Z-dfc47335,v2.1-f4676a0b,2021,民主進步黨,government,speech,62,22173,510,124.73573558643443,510,124.73573558643443,complete
fetch-20261006T122600Z-dfc47335,v2.1-f4676a0b,2021,民主進步黨,health,speech,62,22173,1065,284.78537734146823,1065,284.78537734146823,complete
fetch-20261006T122600Z-dfc47335,v2.1-f4676a0b,2021,民主進步黨,housing,speech,62,22173,289,72.90740693162653,289,72.90740693162653,complete
fetch-20261006T122600Z-dfc47335,v2.1-f4676a0b,2021,民主進步黨,immigration,speech,62,22173,77,9.158933004028084,77,9.158933004028084,complete
fetch-20261006T122600Z-dfc47335,v2.1-f4676a0b,2021,民主進步黨,indigenous,speech,62,22173,189,54.609459618049286,189,54.609459618049286,complete
fetch-20261006T122600Z-dfc47335,v2.1-f4676a0b,2021,民主進步黨,international,speech,62,22173,236,35.11270027834242,236,35.11270027834242,complete
fetch-20261006T122600Z-dfc47335,v2.1-f4676a0b,2021,民主進步黨,labor,speech,62,22173,513,128.8197484799067,513,128.8197484799067,complete
fetch-20261006T122600Z-dfc47335,v2.1-f4676a0b,2021,民主進步黨,law_crime,speech,62,22173,778,216.97469256216343,778,216.97469256216343,complete
fetch-20261006T122600Z-dfc47335,v2.1-f4676a0b,2021,民主進步黨,macroeconomy,speech,62,22173,473,88.0125867470602,473,88.0125867470602,complete
fetch-20261006T122600Z-dfc47335,v2.1-f4676a0b,2021,民主進步黨,public_lands,speech,62,22173,221,44.05387471041554,221,44.05387471041554,complete
fetch-20261006T122600Z-dfc47335,v2.1-f4676a0b,2021,民主進步黨,social_welfare,speech,62,22173,329,54.22581505243601,329,54.22581505243601,complete
fetch-20261006T122600Z-dfc47335,v2.1-f4676a0b,2021,民主進步黨,technology,speech,62,22173,846,196.68327091927284,846,196.68327091927284,complete
fetch-20261006T122600Z-dfc47335,v2.1-f4676a0b,2021,民主進步黨,transitional_justice,speech,62,22173,36,8.085402752492179,36,8.085402752492179,complete
fetch-20261006T122600Z-dfc47335,v2.1-f4676a0b,2021,民主進步黨,transportation,speech,62,22173,589,156.6575000635199,589,156.6575000635199,complete
fetch-20261006T122600Z-dfc47335,v2.1-f4676a0b,2021,民主進步黨,unclassified,speech,62,22173,3845,1784.386002512605,3845,1784.386002512605,complete
fetch-20261006T122600Z-dfc47335,v2.1-f4676a0b,2021,民主進步黨,agriculture,written_question,62,22173,0,0.0,0,0.0,complete
fetch-20261006T122600Z-dfc47335,v2.1-f4676a0b,2021,民主進步黨,civil_rights,written_question,62,22173,0,0.0,0,0.0,complete
fetch-20261006T122600Z-dfc47335,v2.1-f4676a0b,2021,民主進步黨,commerce,written_question,62,22173,1,0.3333333333333333,1,0.3333333333333333,complete
fetch-20261006T122600Z-dfc47335,v2.1-f4676a0b,2021,民主進步黨,cross_strait,written_question,62,22173,0,0.0,0,0.0,complete
fetch-20261006T122600Z-dfc47335,v2.1-f4676a0b,2021,民主進步黨,culture,written_question,62,22173,0,0.0,0,0.0,complete
fetch-20261006T122600Z-dfc47335,v2.1-f4676a0b,2021,民主進步黨,defense,written_question,62,22173,0,0.0,0,0.0,complete
fetch-20261006T122600Z-dfc47335,v2.1-f4676a0b,2021,民主進步黨,education,written_question,62,22173,0,0.0,0,0.0,complete
fetch-20261006T122600Z-dfc47335,v2.1-f4676a0b,2021,民主進步黨,energy,written_question,62,22173,0,0.0,0,0.0,complete
fetch-20261006T122600Z-dfc47335,v2.1-f4676a0b,2021,民主進步黨,environment,written_question,62,22173,0,0.0,0,0.0,complete
fetch-20261006T122600Z-dfc47335,v2.1-f4676a0b,2021,民主進步黨,foreign_trade,written_question,62,22173,0,0.0,0,0.0,complete
fetch-20261006T122600Z-dfc47335,v2.1-f4676a0b,2021,民主進步黨,government,written_question,62,22173,0,0.0,0,0.0,complete
fetch-20261006T122600Z-dfc47335,v2.1-f4676a0b,2021,民主進步黨,health,written_question,62,22173,1,0.3333333333333333,1,0.3333333333333333,complete
fetch-20261006T122600Z-dfc47335,v2.1-f4676a0b,2021,民主進步黨,housing,written_question,62,22173,0,0.0,0,0.0,complete
fetch-20261006T122600Z-dfc47335,v2.1-f4676a0b,2021,民主進步黨,immigration,written_question,62,22173,0,0.0,0,0.0,complete
fetch-20261006T122600Z-dfc47335,v2.1-f4676a0b,2021,民主進步黨,indigenous,written_question,62,22173,0,0.0,0,0.0,complete
fetch-20261006T122600Z-dfc47335,v2.1-f4676a0b,2021,民主進步黨,international,written_question,62,22173,0,0.0,0,0.0,complete
fetch-20261006T122600Z-dfc47335,v2.1-f4676a0b,2021,民主進步黨,labor,written_question,62,22173,0,0.0,0,0.0,complete
fetch-20261006T122600Z-dfc47335,v2.1-f4676a0b,2021,民主進步黨,law_crime,written_question,62,22173,0,0.0,0,0.0,complete
fetch-20261006T122600Z-dfc47335,v2.1-f4676a0b,2021,民主進步黨,macroeconomy,written_question,62,22173,0,0.0,0,0.0,complete
fetch-20261006T122600Z-dfc47335,v2.1-f4676a0b,2021,民主進步黨,public_lands,written_question,62,22173,0,0.0,0,0.0,complete
fetch-20261006T122600Z-dfc47335,v2.1-f4676a0b,2021,民主進步黨,social_welfare,written_question,62,22173,0,0.0,0,0.0,complete
fetch-20261006T122600Z-dfc47335,v2.1-f4676a0b,2021,民主進步黨,technology,written_question,62,22173,0,0.0,0,0.0,complete
fetch-20261006T122600Z-dfc47335,v2.1-f4676a0b,2021,民主進步黨,transitional_justice,written_question,62,22173,0,0.0,0,0.0,complete
fetch-20261006T122600Z-dfc47335,v2.1-f4676a0b,2021,民主進步黨,transportation,written_question,62,22173,1,0.3333333333333333,1,0.3333333333333333,complete
fetch-20261006T122600Z-dfc47335,v2.1-f4676a0b,2021,民主進步黨,unclassified,written_question,62,22173,3,3.0,3,3.0,complete
fetch-20261006T122600Z-dfc47335,v2.1-f4676a0b,2022,民主進步黨,agriculture,bill_primary,62,22261,74,49.416666666666664,74,49.416666666666664,complete
fetch-20261006T122600Z-dfc47335,v2.1-f4676a0b,2022,民主進步黨,civil_rights,bill_primary,62,22261,213,129.66666666666666,213,129.66666666666666,complete
fetch-20261006T122600Z-dfc47335,v2.1-f4676a0b,2022,民主進步黨,commerce,bill_primary,62,22261,90,61.166666666666664,90,61.166666666666664,complete
fetch-20261006T122600Z-dfc47335,v2.1-f4676a0b,2022,民主進步黨,cross_strait,bill_primary,62,22261,9,3.333333333333333,9,3.333333333333333,complete
fetch-20261006T122600Z-dfc47335,v2.1-f4676a0b,2022,民主進步黨,culture,bill_primary,62,22261,156,110.0,156,110.0,complete
fetch-20261006T122600Z-dfc47335,v2.1-f4676a0b,2022,民主進步黨,defense,bill_primary,62,22261,94,62.0,94,62.0,complete
fetch-20261006T122600Z-dfc47335,v2.1-f4676a0b,2022,民主進步黨,education,bill_primary,62,22261,286,187.91666666666666,286,187.91666666666666,complete
fetch-20261006T122600Z-dfc47335,v2.1-f4676a0b,2022,民主進步黨,energy,bill_primary,62,22261,59,37.166666666666664,59,37.166666666666664,complete
fetch-20261006T122600Z-dfc47335,v2.1-f4676a0b,2022,民主進步黨,environment,bill_primary,62,22261,138,93.66666666666667,138,93.66666666666667,complete
fetch-20261006T122600Z-dfc47335,v2.1-f4676a0b,2022,民主進步黨,foreign_trade,bill_primary,62,22261,8,4.833333333333333,8,4.833333333333333,complete
fetch-20261006T122600Z-dfc47335,v2.1-f4676a0b,2022,民主進步黨,government,bill_primary,62,22261,279,205.66666666666666,279,205.66666666666666,complete
fetch-20261006T122600Z-dfc47335,v2.1-f4676a0b,2022,民主進步黨,health,bill_primary,62,22261,155,123.08333333333333,155,123.08333333333333,complete
fetch-20261006T122600Z-dfc47335,v2.1-f4676a0b,2022,民主進步黨,housing,bill_primary,62,22261,43,30.0,43,30.0,complete
fetch-20261006T122600Z-dfc47335,v2.1-f4676a0b,2022,民主進步黨,immigration,bill_primary,62,22261,19,15.5,19,15.5,complete
fetch-20261006T122600Z-dfc47335,v2.1-f4676a0b,2022,民主進步黨,indigenous,bill_primary,62,22261,35,16.333333333333332,35,16.333333333333332,complete
fetch-20261006T122600Z-dfc47335,v2.1-f4676a0b,2022,民主進步黨,international,bill_primary,62,22261,10,10.0,10,10.0,complete
fetch-20261006T122600Z-dfc47335,v2.1-f4676a0b,2022,民主進步黨,labor,bill_primary,62,22261,156,89.16666666666667,156,89.16666666666667,complete
fetch-20261006T122600Z-dfc47335,v2.1-f4676a0b,2022,民主進步黨,law_crime,bill_primary,62,22261,398,239.0,398,239.0,complete
fetch-20261006T122600Z-dfc47335,v2.1-f4676a0b,2022,民主進步黨,macroeconomy,bill_primary,62,22261,118,72.66666666666666,118,72.66666666666666,complete
fetch-20261006T122600Z-dfc47335,v2.1-f4676a0b,2022,民主進步黨,public_lands,bill_primary,62,22261,39,24.5,39,24.5,complete
fetch-20261006T122600Z-dfc47335,v2.1-f4676a0b,2022,民主進步黨,social_welfare,bill_primary,62,22261,87,51.416666666666664,87,51.416666666666664,complete
fetch-20261006T122600Z-dfc47335,v2.1-f4676a0b,2022,民主進步黨,technology,bill_primary,62,22261,541,317.8333333333333,541,317.8333333333333,complete
fetch-20261006T122600Z-dfc47335,v2.1-f4676a0b,2022,民主進步黨,transitional_justice,bill_primary,62,22261,37,22.5,37,22.5,complete
fetch-20261006T122600Z-dfc47335,v2.1-f4676a0b,2022,民主進步黨,transportation,bill_primary,62,22261,179,127.16666666666667,179,127.16666666666667,complete
fetch-20261006T122600Z-dfc47335,v2.1-f4676a0b,2022,民主進步黨,unclassified,bill_primary,62,22261,363,363.0,363,363.0,complete
fetch-20261006T122600Z-dfc47335,v2.1-f4676a0b,2022,民主進步黨,agriculture,bill_cosign,62,22261,426,289.1666666666667,426,289.1666666666667,complete
fetch-20261006T122600Z-dfc47335,v2.1-f4676a0b,2022,民主進步黨,civil_rights,bill_cosign,62,22261,1200,716.75,1200,716.75,complete
fetch-20261006T122600Z-dfc47335,v2.1-f4676a0b,2022,民主進步黨,commerce,bill_cosign,62,22261,567,422.16666666666663,567,422.16666666666663,complete
fetch-20261006T122600Z-dfc47335,v2.1-f4676a0b,2022,民主進步黨,cross_strait,bill_cosign,62,22261,69,29.666666666666664,69,29.666666666666664,complete
fetch-20261006T122600Z-dfc47335,v2.1-f4676a0b,2022,民主進步黨,culture,bill_cosign,62,22261,735,508.53333333333336,735,508.53333333333336,complete
fetch-20261006T122600Z-dfc47335,v2.1-f4676a0b,2022,民主進步黨,defense,bill_cosign,62,22261,624,411.5,624,411.5,complete
fetch-20261006T122600Z-dfc47335,v2.1-f4676a0b,2022,民主進步黨,education,bill_cosign,62,22261,1494,1043.0,1494,1043.0,complete
fetch-20261006T122600Z-dfc47335,v2.1-f4676a0b,2022,民主進步黨,energy,bill_cosign,62,22261,351,240.66666666666666,351,240.66666666666666,complete
fetch-20261006T122600Z-dfc47335,v2.1-f4676a0b,2022,民主進步黨,environment,bill_cosign,62,22261,721,521.0,721,521.0,complete
fetch-20261006T122600Z-dfc47335,v2.1-f4676a0b,2022,民主進步黨,foreign_trade,bill_cosign,62,22261,63,43.83333333333333,63,43.83333333333333,complete
fetch-20261006T122600Z-dfc47335,v2.1-f4676a0b,2022,民主進步黨,government,bill_cosign,62,22261,1707,1255.45,1707,1255.45,complete
fetch-20261006T122600Z-dfc47335,v2.1-f4676a0b,2022,民主進步黨,health,bill_cosign,62,22261,788,610.1666666666666,788,610.1666666666666,complete
fetch-20261006T122600Z-dfc47335,v2.1-f4676a0b,2022,民主進步黨,housing,bill_cosign,62,22261,289,215.33333333333334,289,215.33333333333334,complete
fetch-20261006T122600Z-dfc47335,v2.1-f4676a0b,2022,民主進步黨,immigration,bill_cosign,62,22261,190,146.5,190,146.5,complete
fetch-20261006T122600Z-dfc47335,v2.1-f4676a0b,2022,民主進步黨,indigenous,bill_cosign,62,22261,211,93.7,211,93.7,complete
fetch-20261006T122600Z-dfc47335,v2.1-f4676a0b,2022,民主進步黨,international,bill_cosign,62,22261,43,41.7,43,41.7,complete
fetch-20261006T122600Z-dfc47335,v2.1-f4676a0b,2022,民主進步黨,labor,bill_cosign,62,22261,854,518.1666666666666,854,518.1666666666666,complete
fetch-20261006T122600Z-dfc47335,v2.1-f4676a0b,2022,民主進步黨,law_crime,bill_cosign,62,22261,2547,1555.8666666666666,2547,1555.8666666666666,complete
fetch-20261006T122600Z-dfc47335,v2.1-f4676a0b,2022,民主進步黨,macroeconomy,bill_cosign,62,22261,631,444.8333333333333,631,444.8333333333333,complete
fetch-20261006T122600Z-dfc47335,v2.1-f4676a0b,2022,民主進步黨,public_lands,bill_cosign,62,22261,309,219.5,309,219.5,complete
fetch-20261006T122600Z-dfc47335,v2.1-f4676a0b,2022,民主進步黨,social_welfare,bill_cosign,62,22261,405,250.16666666666666,405,250.16666666666666,complete
fetch-20261006T122600Z-dfc47335,v2.1-f4676a0b,2022,民主進步黨,technology,bill_cosign,62,22261,2434,1466.8333333333333,2434,1466.8333333333333,complete
fetch-20261006T122600Z-dfc47335,v2.1-f4676a0b,2022,民主進步黨,transitional_justice,bill_cosign,62,22261,148,98.0,148,98.0,complete
fetch-20261006T122600Z-dfc47335,v2.1-f4676a0b,2022,民主進步黨,transportation,bill_cosign,62,22261,900,641.5,900,641.5,complete
fetch-20261006T122600Z-dfc47335,v2.1-f4676a0b,2022,民主進步黨,unclassified,bill_cosign,62,22261,2407,2407.0,2407,2407.0,complete
fetch-20261006T122600Z-dfc47335,v2.1-f4676a0b,2022,民主進步黨,agriculture,speech,62,22261,300,73.12089142571422,300,73.12089142571422,complete
fetch-20261006T122600Z-dfc47335,v2.1-f4676a0b,2022,民主進步黨,civil_rights,speech,62,22261,263,47.140891677848536,263,47.140891677848536,complete
fetch-20261006T122600Z-dfc47335,v2.1-f4676a0b,2022,民主進步黨,commerce,speech,62,22261,484,92.91097149403092,484,92.91097149403092,complete
fetch-20261006T122600Z-dfc47335,v2.1-f4676a0b,2022,民主進步黨,cross_strait,speech,62,22261,103,15.901428766406614,103,15.901428766406614,complete
fetch-20261006T122600Z-dfc47335,v2.1-f4676a0b,2022,民主進步黨,culture,speech,62,22261,352,90.22696940239497,352,90.22696940239497,complete
fetch-20261006T122600Z-dfc47335,v2.1-f4676a0b,2022,民主進步黨,defense,speech,62,22261,339,84.65349425252961,339,84.65349425252961,complete
fetch-20261006T122600Z-dfc47335,v2.1-f4676a0b,2022,民主進步黨,education,speech,62,22261,630,159.19983782430535,630,159.19983782430535,complete
fetch-20261006T122600Z-dfc47335,v2.1-f4676a0b,2022,民主進步黨,energy,speech,62,22261,329,77.15896071113998,329,77.15896071113998,complete
fetch-20261006T122600Z-dfc47335,v2.1-f4676a0b,2022,民主進步黨,environment,speech,62,22261,355,91.76999764587276,355,91.76999764587276,complete
fetch-20261006T122600Z-dfc47335,v2.1-f4676a0b,2022,民主進步黨,foreign_trade,speech,62,22261,180,24.295891140034694,180,24.295891140034694,complete
fetch-20261006T122600Z-dfc47335,v2.1-f4676a0b,2022,民主進步黨,government,speech,62,22261,415,104.00973008135756,415,104.00973008135756,complete
fetch-20261006T122600Z-dfc47335,v2.1-f4676a0b,2022,民主進步黨,health,speech,62,22261,890,230.780260243064,890,230.780260243064,complete
fetch-20261006T122600Z-dfc47335,v2.1-f4676a0b,2022,民主進步黨,housing,speech,62,22261,196,41.79944897613009,196,41.79944897613009,complete
fetch-20261006T122600Z-dfc47335,v2.1-f4676a0b,2022,民主進步黨,immigration,speech,62,22261,69,10.173036866869326,69,10.173036866869326,complete
fetch-20261006T122600Z-dfc47335,v2.1-f4676a0b,2022,民主進步黨,indigenous,speech,62,22261,191,58.8681778650476,191,58.8681778650476,complete
fetch-20261006T122600Z-dfc47335,v2.1-f4676a0b,2022,民主進步黨,international,speech,62,22261,212,35.9871439984304,212,35.9871439984304,complete
fetch-20261006T122600Z-dfc47335,v2.1-f4676a0b,2022,民主進步黨,labor,speech,62,22261,362,75.52742411614503,362,75.52742411614503,complete
fetch-20261006T122600Z-dfc47335,v2.1-f4676a0b,2022,民主進步黨,law_crime,speech,62,22261,717,213.88626451740754,717,213.88626451740754,complete
fetch-20261006T122600Z-dfc47335,v2.1-f4676a0b,2022,民主進步黨,macroeconomy,speech,62,22261,393,68.11635996717831,393,68.11635996717831,complete
fetch-20261006T122600Z-dfc47335,v2.1-f4676a0b,2022,民主進步黨,public_lands,speech,62,22261,193,29.40806199848136,193,29.40806199848136,complete
fetch-20261006T122600Z-dfc47335,v2.1-f4676a0b,2022,民主進步黨,social_welfare,speech,62,22261,267,41.583150309744376,267,41.583150309744376,complete
fetch-20261006T122600Z-dfc47335,v2.1-f4676a0b,2022,民主進步黨,technology,speech,62,22261,693,149.50094824909397,693,149.50094824909397,complete
fetch-20261006T122600Z-dfc47335,v2.1-f4676a0b,2022,民主進步黨,transitional_justice,speech,62,22261,72,28.15551532680813,72,28.15551532680813,complete
fetch-20261006T122600Z-dfc47335,v2.1-f4676a0b,2022,民主進步黨,transportation,speech,62,22261,483,127.59102366958976,483,127.59102366958976,complete
fetch-20261006T122600Z-dfc47335,v2.1-f4676a0b,2022,民主進步黨,unclassified,speech,62,22261,3227,1553.234119474375,3227,1553.234119474375,complete
fetch-20261006T122600Z-dfc47335,v2.1-f4676a0b,2022,民主進步黨,agriculture,written_question,62,22261,0,0.0,0,0.0,complete
fetch-20261006T122600Z-dfc47335,v2.1-f4676a0b,2022,民主進步黨,civil_rights,written_question,62,22261,0,0.0,0,0.0,complete
fetch-20261006T122600Z-dfc47335,v2.1-f4676a0b,2022,民主進步黨,commerce,written_question,62,22261,0,0.0,0,0.0,complete
fetch-20261006T122600Z-dfc47335,v2.1-f4676a0b,2022,民主進步黨,cross_strait,written_question,62,22261,0,0.0,0,0.0,complete
fetch-20261006T122600Z-dfc47335,v2.1-f4676a0b,2022,民主進步黨,culture,written_question,62,22261,0,0.0,0,0.0,complete
fetch-20261006T122600Z-dfc47335,v2.1-f4676a0b,2022,民主進步黨,defense,written_question,62,22261,0,0.0,0,0.0,complete
fetch-20261006T122600Z-dfc47335,v2.1-f4676a0b,2022,民主進步黨,education,written_question,62,22261,0,0.0,0,0.0,complete
fetch-20261006T122600Z-dfc47335,v2.1-f4676a0b,2022,民主進步黨,energy,written_question,62,22261,0,0.0,0,0.0,complete
fetch-20261006T122600Z-dfc47335,v2.1-f4676a0b,2022,民主進步黨,environment,written_question,62,22261,0,0.0,0,0.0,complete
fetch-20261006T122600Z-dfc47335,v2.1-f4676a0b,2022,民主進步黨,foreign_trade,written_question,62,22261,0,0.0,0,0.0,complete
fetch-20261006T122600Z-dfc47335,v2.1-f4676a0b,2022,民主進步黨,government,written_question,62,22261,0,0.0,0,0.0,complete
fetch-20261006T122600Z-dfc47335,v2.1-f4676a0b,2022,民主進步黨,health,written_question,62,22261,0,0.0,0,0.0,complete
fetch-20261006T122600Z-dfc47335,v2.1-f4676a0b,2022,民主進步黨,housing,written_question,62,22261,0,0.0,0,0.0,complete
fetch-20261006T122600Z-dfc47335,v2.1-f4676a0b,2022,民主進步黨,immigration,written_question,62,22261,0,0.0,0,0.0,complete
fetch-20261006T122600Z-dfc47335,v2.1-f4676a0b,2022,民主進步黨,indigenous,written_question,62,22261,0,0.0,0,0.0,complete
fetch-20261006T122600Z-dfc47335,v2.1-f4676a0b,2022,民主進步黨,international,written_question,62,22261,0,0.0,0,0.0,complete
fetch-20261006T122600Z-dfc47335,v2.1-f4676a0b,2022,民主進步黨,labor,written_question,62,22261,0,0.0,0,0.0,complete
fetch-20261006T122600Z-dfc47335,v2.1-f4676a0b,2022,民主進步黨,law_crime,written_question,62,22261,0,0.0,0,0.0,complete
fetch-20261006T122600Z-dfc47335,v2.1-f4676a0b,2022,民主進步黨,macroeconomy,written_question,62,22261,0,0.0,0,0.0,complete
fetch-20261006T122600Z-dfc47335,v2.1-f4676a0b,2022,民主進步黨,public_lands,written_question,62,22261,0,0.0,0,0.0,complete
fetch-20261006T122600Z-dfc47335,v2.1-f4676a0b,2022,民主進步黨,social_welfare,written_question,62,22261,0,0.0,0,0.0,complete
fetch-20261006T122600Z-dfc47335,v2.1-f4676a0b,2022,民主進步黨,technology,written_question,62,22261,0,0.0,0,0.0,complete
fetch-20261006T122600Z-dfc47335,v2.1-f4676a0b,2022,民主進步黨,transitional_justice,written_question,62,22261,0,0.0,0,0.0,complete
fetch-20261006T122600Z-dfc47335,v2.1-f4676a0b,2022,民主進步黨,transportation,written_question,62,22261,0,0.0,0,0.0,complete
fetch-20261006T122600Z-dfc47335,v2.1-f4676a0b,2022,民主進步黨,unclassified,written_question,62,22261,0,0.0,0,0.0,complete
fetch-20261006T122600Z-dfc47335,v2.1-f4676a0b,2023,民主進步黨,agriculture,bill_primary,63,22568,124,94.08333333333333,124,94.08333333333333,complete
fetch-20261006T122600Z-dfc47335,v2.1-f4676a0b,2023,民主進步黨,civil_rights,bill_primary,63,22568,323,198.86666666666667,323,198.86666666666667,complete
fetch-20261006T122600Z-dfc47335,v2.1-f4676a0b,2023,民主進步黨,commerce,bill_primary,63,22568,100,57.25,100,57.25,complete
fetch-20261006T122600Z-dfc47335,v2.1-f4676a0b,2023,民主進步黨,cross_strait,bill_primary,63,22568,12,6.5,12,6.5,complete
fetch-20261006T122600Z-dfc47335,v2.1-f4676a0b,2023,民主進步黨,culture,bill_primary,63,22568,154,130.66666666666666,154,130.66666666666666,complete
fetch-20261006T122600Z-dfc47335,v2.1-f4676a0b,2023,民主進步黨,defense,bill_primary,63,22568,39,22.866666666666667,39,22.866666666666667,complete
fetch-20261006T122600Z-dfc47335,v2.1-f4676a0b,2023,民主進步黨,education,bill_primary,63,22568,242,152.7,242,152.7,complete
fetch-20261006T122600Z-dfc47335,v2.1-f4676a0b,2023,民主進步黨,energy,bill_primary,63,22568,28,14.5,28,14.5,complete
fetch-20261006T122600Z-dfc47335,v2.1-f4676a0b,2023,民主進步黨,environment,bill_primary,63,22568,76,56.33333333333333,76,56.33333333333333,complete
fetch-20261006T122600Z-dfc47335,v2.1-f4676a0b,2023,民主進步黨,foreign_trade,bill_primary,63,22568,13,10.666666666666666,13,10.666666666666666,complete
fetch-20261006T122600Z-dfc47335,v2.1-f4676a0b,2023,民主進步黨,government,bill_primary,63,22568,144,85.53333333333333,144,85.53333333333333,complete
fetch-20261006T122600Z-dfc47335,v2.1-f4676a0b,2023,民主進步黨,health,bill_primary,63,22568,133,83.66666666666666,133,83.66666666666666,complete
fetch-20261006T122600Z-dfc47335,v2.1-f4676a0b,2023,民主進步黨,housing,bill_primary,63,22568,41,30.166666666666668,41,30.166666666666668,complete
fetch-20261006T122600Z-dfc47335,v2.1-f4676a0b,2023,民主進步黨,immigration,bill_primary,63,22568,38,30.833333333333332,38,30.833333333333332,complete
fetch-20261006T122600Z-dfc47335,v2.1-f4676a0b,2023,民主進步黨,indigenous,bill_primary,63,22568,29,12.833333333333332,29,12.833333333333332,complete
fetch-20261006T122600Z-dfc47335,v2.1-f4676a0b,2023,民主進步黨,international,bill_primary,63,22568,4,2.5,4,2.5,complete
fetch-20261006T122600Z-dfc47335,v2.1-f4676a0b,2023,民主進步黨,labor,bill_primary,63,22568,141,101.5,141,101.5,complete
fetch-20261006T122600Z-dfc47335,v2.1-f4676a0b,2023,民主進步黨,law_crime,bill_primary,63,22568,284,170.03333333333333,284,170.03333333333333,complete
fetch-20261006T122600Z-dfc47335,v2.1-f4676a0b,2023,民主進步黨,macroeconomy,bill_primary,63,22568,134,70.08333333333333,134,70.08333333333333,complete
fetch-20261006T122600Z-dfc47335,v2.1-f4676a0b,2023,民主進步黨,public_lands,bill_primary,63,22568,22,18.333333333333332,22,18.333333333333332,complete
fetch-20261006T122600Z-dfc47335,v2.1-f4676a0b,2023,民主進步黨,social_welfare,bill_primary,63,22568,127,75.08333333333333,127,75.08333333333333,complete
fetch-20261006T122600Z-dfc47335,v2.1-f4676a0b,2023,民主進步黨,technology,bill_primary,63,22568,374,211.66666666666666,374,211.66666666666666,complete
fetch-20261006T122600Z-dfc47335,v2.1-f4676a0b,2023,民主進步黨,transitional_justice,bill_primary,63,22568,18,12.666666666666666,18,12.666666666666666,complete
fetch-20261006T122600Z-dfc47335,v2.1-f4676a0b,2023,民主進步黨,transportation,bill_primary,63,22568,122,107.66666666666667,122,107.66666666666667,complete
fetch-20261006T122600Z-dfc47335,v2.1-f4676a0b,2023,民主進步黨,unclassified,bill_primary,63,22568,298,298.0,298,298.0,complete
fetch-20261006T122600Z-dfc47335,v2.1-f4676a0b,2023,民主進步黨,agriculture,bill_cosign,63,22568,624,468.28333333333336,624,468.28333333333336,complete
fetch-20261006T122600Z-dfc47335,v2.1-f4676a0b,2023,民主進步黨,civil_rights,bill_cosign,63,22568,2100,1337.3666666666666,2100,1337.3666666666666,complete
fetch-20261006T122600Z-dfc47335,v2.1-f4676a0b,2023,民主進步黨,commerce,bill_cosign,63,22568,729,411.4166666666667,729,411.4166666666667,complete
fetch-20261006T122600Z-dfc47335,v2.1-f4676a0b,2023,民主進步黨,cross_strait,bill_cosign,63,22568,93,43.83333333333333,93,43.83333333333333,complete
fetch-20261006T122600Z-dfc47335,v2.1-f4676a0b,2023,民主進步黨,culture,bill_cosign,63,22568,938,812.1666666666666,938,812.1666666666666,complete
fetch-20261006T122600Z-dfc47335,v2.1-f4676a0b,2023,民主進步黨,defense,bill_cosign,63,22568,309,193.2,309,193.2,complete
fetch-20261006T122600Z-dfc47335,v2.1-f4676a0b,2023,民主進步黨,education,bill_cosign,63,22568,1358,822.0666666666666,1358,822.0666666666666,complete
fetch-20261006T122600Z-dfc47335,v2.1-f4676a0b,2023,民主進步黨,energy,bill_cosign,63,22568,174,84.69999999999999,174,84.69999999999999,complete
fetch-20261006T122600Z-dfc47335,v2.1-f4676a0b,2023,民主進步黨,environment,bill_cosign,63,22568,594,457.9,594,457.9,complete
fetch-20261006T122600Z-dfc47335,v2.1-f4676a0b,2023,民主進步黨,foreign_trade,bill_cosign,63,22568,144,109.66666666666667,144,109.66666666666667,complete
fetch-20261006T122600Z-dfc47335,v2.1-f4676a0b,2023,民主進步黨,government,bill_cosign,63,22568,1111,709.5666666666667,1111,709.5666666666667,complete
fetch-20261006T122600Z-dfc47335,v2.1-f4676a0b,2023,民主進步黨,health,bill_cosign,63,22568,906,612.1666666666666,906,612.1666666666666,complete
fetch-20261006T122600Z-dfc47335,v2.1-f4676a0b,2023,民主進步黨,housing,bill_cosign,63,22568,351,268.6666666666667,351,268.6666666666667,complete
fetch-20261006T122600Z-dfc47335,v2.1-f4676a0b,2023,民主進步黨,immigration,bill_cosign,63,22568,283,237.5,283,237.5,complete
fetch-20261006T122600Z-dfc47335,v2.1-f4676a0b,2023,民主進步黨,indigenous,bill_cosign,63,22568,254,112.66666666666667,254,112.66666666666667,complete
fetch-20261006T122600Z-dfc47335,v2.1-f4676a0b,2023,民主進步黨,international,bill_cosign,63,22568,67,38.333333333333336,67,38.333333333333336,complete
fetch-20261006T122600Z-dfc47335,v2.1-f4676a0b,2023,民主進步黨,labor,bill_cosign,63,22568,856,610.5,856,610.5,complete
fetch-20261006T122600Z-dfc47335,v2.1-f4676a0b,2023,民主進步黨,law_crime,bill_cosign,63,22568,1934,1219.8666666666666,1934,1219.8666666666666,complete
fetch-20261006T122600Z-dfc47335,v2.1-f4676a0b,2023,民主進步黨,macroeconomy,bill_cosign,63,22568,757,440.4166666666667,757,440.4166666666667,complete
fetch-20261006T122600Z-dfc47335,v2.1-f4676a0b,2023,民主進步黨,public_lands,bill_cosign,63,22568,247,194.56666666666666,247,194.56666666666666,complete
fetch-20261006T122600Z-dfc47335,v2.1-f4676a0b,2023,民主進步黨,social_welfare,bill_cosign,63,22568,642,402.0,642,402.0,complete
fetch-20261006T122600Z-dfc47335,v2.1-f4676a0b,2023,民主進步黨,technology,bill_cosign,63,22568,1961,1131.2833333333333,1961,1131.2833333333333,complete
fetch-20261006T122600Z-dfc47335,v2.1-f4676a0b,2023,民主進步黨,transitional_justice,bill_cosign,63,22568,136,94.0,136,94.0,complete
fetch-20261006T122600Z-dfc47335,v2.1-f4676a0b,2023,民主進步黨,transportation,bill_cosign,63,22568,870,748.8666666666667,870,748.8666666666667,complete
fetch-20261006T122600Z-dfc47335,v2.1-f4676a0b,2023,民主進步黨,unclassified,bill_cosign,63,22568,2375,2375.0,2375,2375.0,complete
fetch-20261006T122600Z-dfc47335,v2.1-f4676a0b,2023,民主進步黨,agriculture,speech,63,22568,319,73.1020034665536,319,73.1020034665536,complete
fetch-20261006T122600Z-dfc47335,v2.1-f4676a0b,2023,民主進步黨,civil_rights,speech,63,22568,337,60.59982082861587,337,60.59982082861587,complete
fetch-20261006T122600Z-dfc47335,v2.1-f4676a0b,2023,民主進步黨,commerce,speech,63,22568,475,104.70141596970977,475,104.70141596970977,complete
fetch-20261006T122600Z-dfc47335,v2.1-f4676a0b,2023,民主進步黨,cross_strait,speech,63,22568,126,18.923533967106252,126,18.923533967106252,complete
fetch-20261006T122600Z-dfc47335,v2.1-f4676a0b,2023,民主進步黨,culture,speech,63,22568,323,90.61501149287123,323,90.61501149287123,complete
fetch-20261006T122600Z-dfc47335,v2.1-f4676a0b,2023,民主進步黨,defense,speech,63,22568,326,80.06866935572175,326,80.06866935572175,complete
fetch-20261006T122600Z-dfc47335,v2.1-f4676a0b,2023,民主進步黨,education,speech,63,22568,611,153.1173481283473,611,153.1173481283473,complete
fetch-20261006T122600Z-dfc47335,v2.1-f4676a0b,2023,民主進步黨,energy,speech,63,22568,251,58.746333068990566,251,58.746333068990566,complete
fetch-20261006T122600Z-dfc47335,v2.1-f4676a0b,2023,民主進步黨,environment,speech,63,22568,308,80.54930024241862,308,80.54930024241862,complete
fetch-20261006T122600Z-dfc47335,v2.1-f4676a0b,2023,民主進步黨,foreign_trade,speech,63,22568,174,28.247612586561385,174,28.247612586561385,complete
fetch-20261006T122600Z-dfc47335,v2.1-f4676a0b,2023,民主進步黨,government,speech,63,22568,417,91.64569513433523,417,91.64569513433523,complete
fetch-20261006T122600Z-dfc47335,v2.1-f4676a0b,2023,民主進步黨,health,speech,63,22568,596,170.72685414887238,596,170.72685414887238,complete
fetch-20261006T122600Z-dfc47335,v2.1-f4676a0b,2023,民主進步黨,housing,speech,63,22568,177,36.88213391418602,177,36.88213391418602,complete
fetch-20261006T122600Z-dfc47335,v2.1-f4676a0b,2023,民主進步黨,immigration,speech,63,22568,69,14.775849190933394,69,14.775849190933394,complete
fetch-20261006T122600Z-dfc47335,v2.1-f4676a0b,2023,民主進步黨,indigenous,speech,63,22568,114,30.306106840357298,114,30.306106840357298,complete
fetch-20261006T122600Z-dfc47335,v2.1-f4676a0b,2023,民主進步黨,international,speech,63,22568,163,27.89734478918821,163,27.89734478918821,complete
fetch-20261006T122600Z-dfc47335,v2.1-f4676a0b,2023,民主進步黨,labor,speech,63,22568,393,87.55633353294621,393,87.55633353294621,complete
fetch-20261006T122600Z-dfc47335,v2.1-f4676a0b,2023,民主進步黨,law_crime,speech,63,22568,794,215.0094336276156,794,215.0094336276156,complete
fetch-20261006T122600Z-dfc47335,v2.1-f4676a0b,2023,民主進步黨,macroeconomy,speech,63,22568,344,61.75455600453896,344,61.75455600453896,complete
fetch-20261006T122600Z-dfc47335,v2.1-f4676a0b,2023,民主進步黨,public_lands,speech,63,22568,165,28.831210010330462,165,28.831210010330462,complete
fetch-20261006T122600Z-dfc47335,v2.1-f4676a0b,2023,民主進步黨,social_welfare,speech,63,22568,310,52.75129011559494,310,52.75129011559494,complete
fetch-20261006T122600Z-dfc47335,v2.1-f4676a0b,2023,民主進步黨,technology,speech,63,22568,593,106.33697816795889,593,106.33697816795889,complete
fetch-20261006T122600Z-dfc47335,v2.1-f4676a0b,2023,民主進步黨,transitional_justice,speech,63,22568,31,5.956847454202449,31,5.956847454202449,complete
fetch-20261006T122600Z-dfc47335,v2.1-f4676a0b,2023,民主進步黨,transportation,speech,63,22568,414,109.03789904526542,414,109.03789904526542,complete
fetch-20261006T122600Z-dfc47335,v2.1-f4676a0b,2023,民主進步黨,unclassified,speech,63,22568,2734,1273.8604189167781,2734,1273.8604189167781,complete
fetch-20261006T122600Z-dfc47335,v2.1-f4676a0b,2023,民主進步黨,agriculture,written_question,63,22568,0,0.0,0,0.0,complete
fetch-20261006T122600Z-dfc47335,v2.1-f4676a0b,2023,民主進步黨,civil_rights,written_question,63,22568,1,0.5,1,0.5,complete
fetch-20261006T122600Z-dfc47335,v2.1-f4676a0b,2023,民主進步黨,commerce,written_question,63,22568,0,0.0,0,0.0,complete
fetch-20261006T122600Z-dfc47335,v2.1-f4676a0b,2023,民主進步黨,cross_strait,written_question,63,22568,0,0.0,0,0.0,complete
fetch-20261006T122600Z-dfc47335,v2.1-f4676a0b,2023,民主進步黨,culture,written_question,63,22568,0,0.0,0,0.0,complete
fetch-20261006T122600Z-dfc47335,v2.1-f4676a0b,2023,民主進步黨,defense,written_question,63,22568,0,0.0,0,0.0,complete
fetch-20261006T122600Z-dfc47335,v2.1-f4676a0b,2023,民主進步黨,education,written_question,63,22568,0,0.0,0,0.0,complete
fetch-20261006T122600Z-dfc47335,v2.1-f4676a0b,2023,民主進步黨,energy,written_question,63,22568,0,0.0,0,0.0,complete
fetch-20261006T122600Z-dfc47335,v2.1-f4676a0b,2023,民主進步黨,environment,written_question,63,22568,0,0.0,0,0.0,complete
fetch-20261006T122600Z-dfc47335,v2.1-f4676a0b,2023,民主進步黨,foreign_trade,written_question,63,22568,0,0.0,0,0.0,complete
fetch-20261006T122600Z-dfc47335,v2.1-f4676a0b,2023,民主進步黨,government,written_question,63,22568,0,0.0,0,0.0,complete
fetch-20261006T122600Z-dfc47335,v2.1-f4676a0b,2023,民主進步黨,health,written_question,63,22568,0,0.0,0,0.0,complete
fetch-20261006T122600Z-dfc47335,v2.1-f4676a0b,2023,民主進步黨,housing,written_question,63,22568,0,0.0,0,0.0,complete
fetch-20261006T122600Z-dfc47335,v2.1-f4676a0b,2023,民主進步黨,immigration,written_question,63,22568,0,0.0,0,0.0,complete
fetch-20261006T122600Z-dfc47335,v2.1-f4676a0b,2023,民主進步黨,indigenous,written_question,63,22568,0,0.0,0,0.0,complete
fetch-20261006T122600Z-dfc47335,v2.1-f4676a0b,2023,民主進步黨,international,written_question,63,22568,0,0.0,0,0.0,complete
fetch-20261006T122600Z-dfc47335,v2.1-f4676a0b,2023,民主進步黨,labor,written_question,63,22568,0,0.0,0,0.0,complete
fetch-20261006T122600Z-dfc47335,v2.1-f4676a0b,2023,民主進步黨,law_crime,written_question,63,22568,1,0.5,1,0.5,complete
fetch-20261006T122600Z-dfc47335,v2.1-f4676a0b,2023,民主進步黨,macroeconomy,written_question,63,22568,0,0.0,0,0.0,complete
fetch-20261006T122600Z-dfc47335,v2.1-f4676a0b,2023,民主進步黨,public_lands,written_question,63,22568,0,0.0,0,0.0,complete
fetch-20261006T122600Z-dfc47335,v2.1-f4676a0b,2023,民主進步黨,social_welfare,written_question,63,22568,0,0.0,0,0.0,complete
fetch-20261006T122600Z-dfc47335,v2.1-f4676a0b,2023,民主進步黨,technology,written_question,63,22568,0,0.0,0,0.0,complete
fetch-20261006T122600Z-dfc47335,v2.1-f4676a0b,2023,民主進步黨,transitional_justice,written_question,63,22568,0,0.0,0,0.0,complete
fetch-20261006T122600Z-dfc47335,v2.1-f4676a0b,2023,民主進步黨,transportation,written_question,63,22568,0,0.0,0,0.0,complete
fetch-20261006T122600Z-dfc47335,v2.1-f4676a0b,2023,民主進步黨,unclassified,written_question,63,22568,1,1.0,1,1.0,complete
fetch-20261006T122600Z-dfc47335,v2.1-f4676a0b,2024,民主進步黨,agriculture,bill_primary,53,18642,77,57.916666666666664,77,57.916666666666664,complete
fetch-20261006T122600Z-dfc47335,v2.1-f4676a0b,2024,民主進步黨,civil_rights,bill_primary,53,18642,185,108.83333333333333,185,108.83333333333333,complete
fetch-20261006T122600Z-dfc47335,v2.1-f4676a0b,2024,民主進步黨,commerce,bill_primary,53,18642,121,75.83333333333333,121,75.83333333333333,complete
fetch-20261006T122600Z-dfc47335,v2.1-f4676a0b,2024,民主進步黨,cross_strait,bill_primary,53,18642,10,4.6,10,4.6,complete
fetch-20261006T122600Z-dfc47335,v2.1-f4676a0b,2024,民主進步黨,culture,bill_primary,53,18642,185,104.33333333333333,185,104.33333333333333,complete
fetch-20261006T122600Z-dfc47335,v2.1-f4676a0b,2024,民主進步黨,defense,bill_primary,53,18642,35,19.083333333333332,35,19.083333333333332,complete
fetch-20261006T122600Z-dfc47335,v2.1-f4676a0b,2024,民主進步黨,education,bill_primary,53,18642,240,148.58333333333334,240,148.58333333333334,complete
fetch-20261006T122600Z-dfc47335,v2.1-f4676a0b,2024,民主進步黨,energy,bill_primary,53,18642,15,9.083333333333334,15,9.083333333333334,complete
fetch-20261006T122600Z-dfc47335,v2.1-f4676a0b,2024,民主進步黨,environment,bill_primary,53,18642,76,50.28333333333333,76,50.28333333333333,complete
fetch-20261006T122600Z-dfc47335,v2.1-f4676a0b,2024,民主進步黨,foreign_trade,bill_primary,53,18642,6,4.0,6,4.0,complete
fetch-20261006T122600Z-dfc47335,v2.1-f4676a0b,2024,民主進步黨,government,bill_primary,53,18642,126,75.3,126,75.3,complete
fetch-20261006T122600Z-dfc47335,v2.1-f4676a0b,2024,民主進步黨,health,bill_primary,53,18642,135,98.58333333333333,135,98.58333333333333,complete
fetch-20261006T122600Z-dfc47335,v2.1-f4676a0b,2024,民主進步黨,housing,bill_primary,53,18642,23,13.583333333333334,23,13.583333333333334,complete
fetch-20261006T122600Z-dfc47335,v2.1-f4676a0b,2024,民主進步黨,immigration,bill_primary,53,18642,82,65.0,82,65.0,complete
fetch-20261006T122600Z-dfc47335,v2.1-f4676a0b,2024,民主進步黨,indigenous,bill_primary,53,18642,82,39.333333333333336,82,39.333333333333336,complete
fetch-20261006T122600Z-dfc47335,v2.1-f4676a0b,2024,民主進步黨,international,bill_primary,53,18642,32,10.466666666666667,32,10.466666666666667,complete
fetch-20261006T122600Z-dfc47335,v2.1-f4676a0b,2024,民主進步黨,labor,bill_primary,53,18642,163,105.33333333333333,163,105.33333333333333,complete
fetch-20261006T122600Z-dfc47335,v2.1-f4676a0b,2024,民主進步黨,law_crime,bill_primary,53,18642,298,197.46666666666667,298,197.46666666666667,complete
fetch-20261006T122600Z-dfc47335,v2.1-f4676a0b,2024,民主進步黨,macroeconomy,bill_primary,53,18642,196,117.98333333333333,196,117.98333333333333,complete
fetch-20261006T122600Z-dfc47335,v2.1-f4676a0b,2024,民主進步黨,public_lands,bill_primary,53,18642,44,35.166666666666664,44,35.166666666666664,complete
fetch-20261006T122600Z-dfc47335,v2.1-f4676a0b,2024,民主進步黨,social_welfare,bill_primary,53,18642,209,123.66666666666666,209,123.66666666666666,complete
fetch-20261006T122600Z-dfc47335,v2.1-f4676a0b,2024,民主進步黨,technology,bill_primary,53,18642,533,303.3666666666666,533,303.3666666666666,complete
fetch-20261006T122600Z-dfc47335,v2.1-f4676a0b,2024,民主進步黨,transitional_justice,bill_primary,53,18642,24,16.166666666666668,24,16.166666666666668,complete
fetch-20261006T122600Z-dfc47335,v2.1-f4676a0b,2024,民主進步黨,transportation,bill_primary,53,18642,105,80.03333333333333,105,80.03333333333333,complete
fetch-20261006T122600Z-dfc47335,v2.1-f4676a0b,2024,民主進步黨,unclassified,bill_primary,53,18642,431,431.0,431,431.0,complete
fetch-20261006T122600Z-dfc47335,v2.1-f4676a0b,2024,民主進步黨,agriculture,bill_cosign,53,18642,567,452.0,567,452.0,complete
fetch-20261006T122600Z-dfc47335,v2.1-f4676a0b,2024,民主進步黨,civil_rights,bill_cosign,53,18642,1422,835.1833333333333,1422,835.1833333333333,complete
fetch-20261006T122600Z-dfc47335,v2.1-f4676a0b,2024,民主進步黨,commerce,bill_cosign,53,18642,976,665.4166666666666,976,665.4166666666666,complete
fetch-20261006T122600Z-dfc47335,v2.1-f4676a0b,2024,民主進步黨,cross_strait,bill_cosign,53,18642,79,52.0,79,52.0,complete
fetch-20261006T122600Z-dfc47335,v2.1-f4676a0b,2024,民主進步黨,culture,bill_cosign,53,18642,1400,835.0,1400,835.0,complete
fetch-20261006T122600Z-dfc47335,v2.1-f4676a0b,2024,民主進步黨,defense,bill_cosign,53,18642,321,188.75,321,188.75,complete
fetch-20261006T122600Z-dfc47335,v2.1-f4676a0b,2024,民主進步黨,education,bill_cosign,53,18642,2021,1298.25,2021,1298.25,complete
fetch-20261006T122600Z-dfc47335,v2.1-f4676a0b,2024,民主進步黨,energy,bill_cosign,53,18642,152,106.58333333333333,152,106.58333333333333,complete
fetch-20261006T122600Z-dfc47335,v2.1-f4676a0b,2024,民主進步黨,environment,bill_cosign,53,18642,612,424.76666666666665,612,424.76666666666665,complete
fetch-20261006T122600Z-dfc47335,v2.1-f4676a0b,2024,民主進步黨,foreign_trade,bill_cosign,53,18642,43,28.5,43,28.5,complete
fetch-20261006T122600Z-dfc47335,v2.1-f4676a0b,2024,民主進步黨,government,bill_cosign,53,18642,971,574.0833333333334,971,574.0833333333334,complete
fetch-20261006T122600Z-dfc47335,v2.1-f4676a0b,2024,民主進步黨,health,bill_cosign,53,18642,985,747.5833333333334,985,747.5833333333334,complete
fetch-20261006T122600Z-dfc47335,v2.1-f4676a0b,2024,民主進步黨,housing,bill_cosign,53,18642,179,132.5,179,132.5,complete
fetch-20261006T122600Z-dfc47335,v2.1-f4676a0b,2024,民主進步黨,immigration,bill_cosign,53,18642,562,443.5,562,443.5,complete
fetch-20261006T122600Z-dfc47335,v2.1-f4676a0b,2024,民主進步黨,indigenous,bill_cosign,53,18642,639,288.0,639,288.0,complete
fetch-20261006T122600Z-dfc47335,v2.1-f4676a0b,2024,民主進步黨,international,bill_cosign,53,18642,203,78.0,203,78.0,complete
fetch-20261006T122600Z-dfc47335,v2.1-f4676a0b,2024,民主進步黨,labor,bill_cosign,53,18642,1247,822.4166666666666,1247,822.4166666666666,complete
fetch-20261006T122600Z-dfc47335,v2.1-f4676a0b,2024,民主進步黨,law_crime,bill_cosign,53,18642,2018,1363.6666666666667,2018,1363.6666666666667,complete
fetch-20261006T122600Z-dfc47335,v2.1-f4676a0b,2024,民主進步黨,macroeconomy,bill_cosign,53,18642,1472,933.5166666666667,1472,933.5166666666667,complete
fetch-20261006T122600Z-dfc47335,v2.1-f4676a0b,2024,民主進步黨,public_lands,bill_cosign,53,18642,293,247.0,293,247.0,complete
fetch-20261006T122600Z-dfc47335,v2.1-f4676a0b,2024,民主進步黨,social_welfare,bill_cosign,53,18642,1556,950.4166666666665,1556,950.4166666666665,complete
fetch-20261006T122600Z-dfc47335,v2.1-f4676a0b,2024,民主進步黨,technology,bill_cosign,53,18642,3245,1863.1000000000001,3245,1863.1000000000001,complete
fetch-20261006T122600Z-dfc47335,v2.1-f4676a0b,2024,民主進步黨,transitional_justice,bill_cosign,53,18642,255,159.33333333333334,255,159.33333333333334,complete
fetch-20261006T122600Z-dfc47335,v2.1-f4676a0b,2024,民主進步黨,transportation,bill_cosign,53,18642,858,645.4333333333333,858,645.4333333333333,complete
fetch-20261006T122600Z-dfc47335,v2.1-f4676a0b,2024,民主進步黨,unclassified,bill_cosign,53,18642,3767,3767.0,3767,3767.0,complete
fetch-20261006T122600Z-dfc47335,v2.1-f4676a0b,2024,民主進步黨,agriculture,speech,53,18642,487,134.49535088082936,487,134.49535088082936,complete
fetch-20261006T122600Z-dfc47335,v2.1-f4676a0b,2024,民主進步黨,civil_rights,speech,53,18642,387,53.05579658754481,387,53.05579658754481,complete
fetch-20261006T122600Z-dfc47335,v2.1-f4676a0b,2024,民主進步黨,commerce,speech,53,18642,685,140.45220456651597,685,140.45220456651597,complete
fetch-20261006T122600Z-dfc47335,v2.1-f4676a0b,2024,民主進步黨,cross_strait,speech,53,18642,205,36.28401095910123,205,36.28401095910123,complete
fetch-20261006T122600Z-dfc47335,v2.1-f4676a0b,2024,民主進步黨,culture,speech,53,18642,661,208.43319812182153,661,208.43319812182153,complete
fetch-20261006T122600Z-dfc47335,v2.1-f4676a0b,2024,民主進步黨,defense,speech,53,18642,440,130.43881271894261,440,130.43881271894261,complete
fetch-20261006T122600Z-dfc47335,v2.1-f4676a0b,2024,民主進步黨,education,speech,53,18642,969,244.0133362485357,969,244.0133362485357,complete
fetch-20261006T122600Z-dfc47335,v2.1-f4676a0b,2024,民主進步黨,energy,speech,53,18642,449,98.33891495466015,449,98.33891495466015,complete
fetch-20261006T122600Z-dfc47335,v2.1-f4676a0b,2024,民主進步黨,environment,speech,53,18642,417,96.30166452263583,417,96.30166452263583,complete
fetch-20261006T122600Z-dfc47335,v2.1-f4676a0b,2024,民主進步黨,foreign_trade,speech,53,18642,177,22.50837064501338,177,22.50837064501338,complete
fetch-20261006T122600Z-dfc47335,v2.1-f4676a0b,2024,民主進步黨,government,speech,53,18642,847,230.42803057094008,847,230.42803057094008,complete
fetch-20261006T122600Z-dfc47335,v2.1-f4676a0b,2024,民主進步黨,health,speech,53,18642,839,207.76827919561381,839,207.76827919561381,complete
fetch-20261006T122600Z-dfc47335,v2.1-f4676a0b,2024,民主進步黨,housing,speech,53,18642,266,53.21984878310464,266,53.21984878310464,complete
fetch-20261006T122600Z-dfc47335,v2.1-f4676a0b,2024,民主進步黨,immigration,speech,53,18642,142,40.51422079823289,142,40.51422079823289,complete
fetch-20261006T122600Z-dfc47335,v2.1-f4676a0b,2024,民主進步黨,indigenous,speech,53,18642,398,144.53214653688266,398,144.53214653688266,complete
fetch-20261006T122600Z-dfc47335,v2.1-f4676a0b,2024,民主進步黨,international,speech,53,18642,341,84.04855845921954,341,84.04855845921954,complete
fetch-20261006T122600Z-dfc47335,v2.1-f4676a0b,2024,民主進步黨,labor,speech,53,18642,604,161.63576750038425,604,161.63576750038425,complete
fetch-20261006T122600Z-dfc47335,v2.1-f4676a0b,2024,民主進步黨,law_crime,speech,53,18642,1506,499.89407228998147,1506,499.89407228998147,complete
fetch-20261006T122600Z-dfc47335,v2.1-f4676a0b,2024,民主進步黨,macroeconomy,speech,53,18642,478,103.60545409031664,478,103.60545409031664,complete
fetch-20261006T122600Z-dfc47335,v2.1-f4676a0b,2024,民主進步黨,public_lands,speech,53,18642,406,85.74287679511055,406,85.74287679511055,complete
fetch-20261006T122600Z-dfc47335,v2.1-f4676a0b,2024,民主進步黨,social_welfare,speech,53,18642,635,126.22994915815387,635,126.22994915815387,complete
fetch-20261006T122600Z-dfc47335,v2.1-f4676a0b,2024,民主進步黨,technology,speech,53,18642,984,186.49681405828423,984,186.49681405828423,complete
fetch-20261006T122600Z-dfc47335,v2.1-f4676a0b,2024,民主進步黨,transitional_justice,speech,53,18642,62,9.993432846772377,62,9.993432846772377,complete
fetch-20261006T122600Z-dfc47335,v2.1-f4676a0b,2024,民主進步黨,transportation,speech,53,18642,696,219.56801628132592,696,219.56801628132592,complete
fetch-20261006T122600Z-dfc47335,v2.1-f4676a0b,2024,民主進步黨,unclassified,speech,53,18642,4099,1872.0008724300765,4099,1872.0008724300765,complete
fetch-20261006T122600Z-dfc47335,v2.1-f4676a0b,2024,民主進步黨,agriculture,written_question,53,18642,0,0.0,0,0.0,complete
fetch-20261006T122600Z-dfc47335,v2.1-f4676a0b,2024,民主進步黨,civil_rights,written_question,53,18642,0,0.0,0,0.0,complete
fetch-20261006T122600Z-dfc47335,v2.1-f4676a0b,2024,民主進步黨,commerce,written_question,53,18642,0,0.0,0,0.0,complete
fetch-20261006T122600Z-dfc47335,v2.1-f4676a0b,2024,民主進步黨,cross_strait,written_question,53,18642,0,0.0,0,0.0,complete
fetch-20261006T122600Z-dfc47335,v2.1-f4676a0b,2024,民主進步黨,culture,written_question,53,18642,0,0.0,0,0.0,complete
fetch-20261006T122600Z-dfc47335,v2.1-f4676a0b,2024,民主進步黨,defense,written_question,53,18642,0,0.0,0,0.0,complete
fetch-20261006T122600Z-dfc47335,v2.1-f4676a0b,2024,民主進步黨,education,written_question,53,18642,0,0.0,0,0.0,complete
fetch-20261006T122600Z-dfc47335,v2.1-f4676a0b,2024,民主進步黨,energy,written_question,53,18642,0,0.0,0,0.0,complete
fetch-20261006T122600Z-dfc47335,v2.1-f4676a0b,2024,民主進步黨,environment,written_question,53,18642,0,0.0,0,0.0,complete
fetch-20261006T122600Z-dfc47335,v2.1-f4676a0b,2024,民主進步黨,foreign_trade,written_question,53,18642,0,0.0,0,0.0,complete
fetch-20261006T122600Z-dfc47335,v2.1-f4676a0b,2024,民主進步黨,government,written_question,53,18642,0,0.0,0,0.0,complete
fetch-20261006T122600Z-dfc47335,v2.1-f4676a0b,2024,民主進步黨,health,written_question,53,18642,0,0.0,0,0.0,complete
fetch-20261006T122600Z-dfc47335,v2.1-f4676a0b,2024,民主進步黨,housing,written_question,53,18642,0,0.0,0,0.0,complete
fetch-20261006T122600Z-dfc47335,v2.1-f4676a0b,2024,民主進步黨,immigration,written_question,53,18642,0,0.0,0,0.0,complete
fetch-20261006T122600Z-dfc47335,v2.1-f4676a0b,2024,民主進步黨,indigenous,written_question,53,18642,0,0.0,0,0.0,complete
fetch-20261006T122600Z-dfc47335,v2.1-f4676a0b,2024,民主進步黨,international,written_question,53,18642,0,0.0,0,0.0,complete
fetch-20261006T122600Z-dfc47335,v2.1-f4676a0b,2024,民主進步黨,labor,written_question,53,18642,0,0.0,0,0.0,complete
fetch-20261006T122600Z-dfc47335,v2.1-f4676a0b,2024,民主進步黨,law_crime,written_question,53,18642,0,0.0,0,0.0,complete
fetch-20261006T122600Z-dfc47335,v2.1-f4676a0b,2024,民主進步黨,macroeconomy,written_question,53,18642,0,0.0,0,0.0,complete
fetch-20261006T122600Z-dfc47335,v2.1-f4676a0b,2024,民主進步黨,public_lands,written_question,53,18642,0,0.0,0,0.0,complete
fetch-20261006T122600Z-dfc47335,v2.1-f4676a0b,2024,民主進步黨,social_welfare,written_question,53,18642,0,0.0,0,0.0,complete
fetch-20261006T122600Z-dfc47335,v2.1-f4676a0b,2024,民主進步黨,technology,written_question,53,18642,0,0.0,0,0.0,complete
fetch-20261006T122600Z-dfc47335,v2.1-f4676a0b,2024,民主進步黨,transitional_justice,written_question,53,18642,0,0.0,0,0.0,complete
fetch-20261006T122600Z-dfc47335,v2.1-f4676a0b,2024,民主進步黨,transportation,written_question,53,18642,0,0.0,0,0.0,complete
fetch-20261006T122600Z-dfc47335,v2.1-f4676a0b,2024,民主進步黨,unclassified,written_question,53,18642,0,0.0,0,0.0,complete
fetch-20261006T122600Z-dfc47335,v2.1-f4676a0b,2025,民主進步黨,agriculture,bill_primary,51,18615,179,109.39999999999999,179,109.39999999999999,complete
fetch-20261006T122600Z-dfc47335,v2.1-f4676a0b,2025,民主進步黨,civil_rights,bill_primary,51,18615,155,94.25,155,94.25,complete
fetch-20261006T122600Z-dfc47335,v2.1-f4676a0b,2025,民主進步黨,commerce,bill_primary,51,18615,90,60.0,90,60.0,complete
fetch-20261006T122600Z-dfc47335,v2.1-f4676a0b,2025,民主進步黨,cross_strait,bill_primary,51,18615,11,7.5,11,7.5,complete
fetch-20261006T122600Z-dfc47335,v2.1-f4676a0b,2025,民主進步黨,culture,bill_primary,51,18615,106,70.75,106,70.75,complete
fetch-20261006T122600Z-dfc47335,v2.1-f4676a0b,2025,民主進步黨,defense,bill_primary,51,18615,55,34.083333333333336,55,34.083333333333336,complete
fetch-20261006T122600Z-dfc47335,v2.1-f4676a0b,2025,民主進步黨,education,bill_primary,51,18615,165,112.5,165,112.5,complete
fetch-20261006T122600Z-dfc47335,v2.1-f4676a0b,2025,民主進步黨,energy,bill_primary,51,18615,115,79.83333333333333,115,79.83333333333333,complete
fetch-20261006T122600Z-dfc47335,v2.1-f4676a0b,2025,民主進步黨,environment,bill_primary,51,18615,120,63.916666666666664,120,63.916666666666664,complete
fetch-20261006T122600Z-dfc47335,v2.1-f4676a0b,2025,民主進步黨,foreign_trade,bill_primary,51,18615,21,11.5,21,11.5,complete
fetch-20261006T122600Z-dfc47335,v2.1-f4676a0b,2025,民主進步黨,government,bill_primary,51,18615,120,72.25,120,72.25,complete
fetch-20261006T122600Z-dfc47335,v2.1-f4676a0b,2025,民主進步黨,health,bill_primary,51,18615,157,113.23333333333333,157,113.23333333333333,complete
fetch-20261006T122600Z-dfc47335,v2.1-f4676a0b,2025,民主進步黨,housing,bill_primary,51,18615,36,27.75,36,27.75,complete
fetch-20261006T122600Z-dfc47335,v2.1-f4676a0b,2025,民主進步黨,immigration,bill_primary,51,18615,35,29.166666666666668,35,29.166666666666668,complete
fetch-20261006T122600Z-dfc47335,v2.1-f4676a0b,2025,民主進步黨,indigenous,bill_primary,51,18615,53,21.983333333333334,53,21.983333333333334,complete
fetch-20261006T122600Z-dfc47335,v2.1-f4676a0b,2025,民主進步黨,international,bill_primary,51,18615,23,14.5,23,14.5,complete
fetch-20261006T122600Z-dfc47335,v2.1-f4676a0b,2025,民主進步黨,labor,bill_primary,51,18615,240,162.75,240,162.75,complete
fetch-20261006T122600Z-dfc47335,v2.1-f4676a0b,2025,民主進步黨,law_crime,bill_primary,51,18615,357,248.83333333333334,357,248.83333333333334,complete
fetch-20261006T122600Z-dfc47335,v2.1-f4676a0b,2025,民主進步黨,macroeconomy,bill_primary,51,18615,203,105.75,203,105.75,complete
fetch-20261006T122600Z-dfc47335,v2.1-f4676a0b,2025,民主進步黨,public_lands,bill_primary,51,18615,27,12.583333333333332,27,12.583333333333332,complete
fetch-20261006T122600Z-dfc47335,v2.1-f4676a0b,2025,民主進步黨,social_welfare,bill_primary,51,18615,218,116.89999999999999,218,116.89999999999999,complete
fetch-20261006T122600Z-dfc47335,v2.1-f4676a0b,2025,民主進步黨,technology,bill_primary,51,18615,637,370.4833333333333,637,370.4833333333333,complete
fetch-20261006T122600Z-dfc47335,v2.1-f4676a0b,2025,民主進步黨,transitional_justice,bill_primary,51,18615,1,0.3333333333333333,1,0.3333333333333333,complete
fetch-20261006T122600Z-dfc47335,v2.1-f4676a0b,2025,民主進步黨,transportation,bill_primary,51,18615,150,94.75,150,94.75,complete
fetch-20261006T122600Z-dfc47335,v2.1-f4676a0b,2025,民主進步黨,unclassified,bill_primary,51,18615,377,377.0,377,377.0,complete
fetch-20261006T122600Z-dfc47335,v2.1-f4676a0b,2025,民主進步黨,agriculture,bill_cosign,51,18615,877,592.4666666666667,877,592.4666666666667,complete
fetch-20261006T122600Z-dfc47335,v2.1-f4676a0b,2025,民主進步黨,civil_rights,bill_cosign,51,18615,1315,775.75,1315,775.75,complete
fetch-20261006T122600Z-dfc47335,v2.1-f4676a0b,2025,民主進步黨,commerce,bill_cosign,51,18615,679,459.8333333333333,679,459.8333333333333,complete
fetch-20261006T122600Z-dfc47335,v2.1-f4676a0b,2025,民主進步黨,cross_strait,bill_cosign,51,18615,79,43.0,79,43.0,complete
fetch-20261006T122600Z-dfc47335,v2.1-f4676a0b,2025,民主進步黨,culture,bill_cosign,51,18615,969,661.5166666666667,969,661.5166666666667,complete
fetch-20261006T122600Z-dfc47335,v2.1-f4676a0b,2025,民主進步黨,defense,bill_cosign,51,18615,581,356.66666666666663,581,356.66666666666663,complete
fetch-20261006T122600Z-dfc47335,v2.1-f4676a0b,2025,民主進步黨,education,bill_cosign,51,18615,1278,894.9166666666666,1278,894.9166666666666,complete
fetch-20261006T122600Z-dfc47335,v2.1-f4676a0b,2025,民主進步黨,energy,bill_cosign,51,18615,1020,701.6666666666666,1020,701.6666666666666,complete
fetch-20261006T122600Z-dfc47335,v2.1-f4676a0b,2025,民主進步黨,environment,bill_cosign,51,18615,962,524.75,962,524.75,complete
fetch-20261006T122600Z-dfc47335,v2.1-f4676a0b,2025,民主進步黨,foreign_trade,bill_cosign,51,18615,99,56.266666666666666,99,56.266666666666666,complete
fetch-20261006T122600Z-dfc47335,v2.1-f4676a0b,2025,民主進步黨,government,bill_cosign,51,18615,1078,658.5,1078,658.5,complete
fetch-20261006T122600Z-dfc47335,v2.1-f4676a0b,2025,民主進步黨,health,bill_cosign,51,18615,1289,927.1333333333333,1289,927.1333333333333,complete
fetch-20261006T122600Z-dfc47335,v2.1-f4676a0b,2025,民主進步黨,housing,bill_cosign,51,18615,271,202.0,271,202.0,complete
fetch-20261006T122600Z-dfc47335,v2.1-f4676a0b,2025,民主進步黨,immigration,bill_cosign,51,18615,239,193.83333333333334,239,193.83333333333334,complete
fetch-20261006T122600Z-dfc47335,v2.1-f4676a0b,2025,民主進步黨,indigenous,bill_cosign,51,18615,442,177.54999999999998,442,177.54999999999998,complete
fetch-20261006T122600Z-dfc47335,v2.1-f4676a0b,2025,民主進步黨,international,bill_cosign,51,18615,157,90.66666666666666,157,90.66666666666666,complete
fetch-20261006T122600Z-dfc47335,v2.1-f4676a0b,2025,民主進步黨,labor,bill_cosign,51,18615,1706,1223.0166666666667,1706,1223.0166666666667,complete
fetch-20261006T122600Z-dfc47335,v2.1-f4676a0b,2025,民主進步黨,law_crime,bill_cosign,51,18615,3335,2290.9166666666665,3335,2290.9166666666665,complete
fetch-20261006T122600Z-dfc47335,v2.1-f4676a0b,2025,民主進步黨,macroeconomy,bill_cosign,51,18615,1227,628.35,1227,628.35,complete
fetch-20261006T122600Z-dfc47335,v2.1-f4676a0b,2025,民主進步黨,public_lands,bill_cosign,51,18615,209,134.43333333333334,209,134.43333333333334,complete
fetch-20261006T122600Z-dfc47335,v2.1-f4676a0b,2025,民主進步黨,social_welfare,bill_cosign,51,18615,1477,852.3833333333333,1477,852.3833333333333,complete
fetch-20261006T122600Z-dfc47335,v2.1-f4676a0b,2025,民主進步黨,technology,bill_cosign,51,18615,3988,2459.133333333333,3988,2459.133333333333,complete
fetch-20261006T122600Z-dfc47335,v2.1-f4676a0b,2025,民主進步黨,transitional_justice,bill_cosign,51,18615,18,6.0,18,6.0,complete
fetch-20261006T122600Z-dfc47335,v2.1-f4676a0b,2025,民主進步黨,transportation,bill_cosign,51,18615,1201,778.25,1201,778.25,complete
fetch-20261006T122600Z-dfc47335,v2.1-f4676a0b,2025,民主進步黨,unclassified,bill_cosign,51,18615,3131,3131.0,3131,3131.0,complete
fetch-20261006T122600Z-dfc47335,v2.1-f4676a0b,2025,民主進步黨,agriculture,speech,51,18615,407,93.8678657622462,407,93.8678657622462,complete
fetch-20261006T122600Z-dfc47335,v2.1-f4676a0b,2025,民主進步黨,civil_rights,speech,51,18615,366,72.86286677189834,366,72.86286677189834,complete
fetch-20261006T122600Z-dfc47335,v2.1-f4676a0b,2025,民主進步黨,commerce,speech,51,18615,506,95.34080966647024,506,95.34080966647024,complete
fetch-20261006T122600Z-dfc47335,v2.1-f4676a0b,2025,民主進步黨,cross_strait,speech,51,18615,195,34.87410765274669,195,34.87410765274669,complete
fetch-20261006T122600Z-dfc47335,v2.1-f4676a0b,2025,民主進步黨,culture,speech,51,18615,397,101.41721791032475,397,101.41721791032475,complete
fetch-20261006T122600Z-dfc47335,v2.1-f4676a0b,2025,民主進步黨,defense,speech,51,18615,533,157.81456411281053,533,157.81456411281053,complete
fetch-20261006T122600Z-dfc47335,v2.1-f4676a0b,2025,民主進步黨,education,speech,51,18615,835,203.25333341554716,835,203.25333341554716,complete
fetch-20261006T122600Z-dfc47335,v2.1-f4676a0b,2025,民主進步黨,energy,speech,51,18615,626,199.29546571333955,626,199.29546571333955,complete
fetch-20261006T122600Z-dfc47335,v2.1-f4676a0b,2025,民主進步黨,environment,speech,51,18615,471,118.85121618282793,471,118.85121618282793,complete
fetch-20261006T122600Z-dfc47335,v2.1-f4676a0b,2025,民主進步黨,foreign_trade,speech,51,18615,351,68.55460135313812,351,68.55460135313812,complete
fetch-20261006T122600Z-dfc47335,v2.1-f4676a0b,2025,民主進步黨,government,speech,51,18615,890,274.8729997960306,890,274.8729997960306,complete
fetch-20261006T122600Z-dfc47335,v2.1-f4676a0b,2025,民主進步黨,health,speech,51,18615,615,144.27087600591054,615,144.27087600591054,complete
fetch-20261006T122600Z-dfc47335,v2.1-f4676a0b,2025,民主進步黨,housing,speech,51,18615,188,40.80926036120866,188,40.80926036120866,complete
fetch-20261006T122600Z-dfc47335,v2.1-f4676a0b,2025,民主進步黨,immigration,speech,51,18615,103,23.572278413506133,103,23.572278413506133,complete
fetch-20261006T122600Z-dfc47335,v2.1-f4676a0b,2025,民主進步黨,indigenous,speech,51,18615,221,58.323416542298816,221,58.323416542298816,complete
fetch-20261006T122600Z-dfc47335,v2.1-f4676a0b,2025,民主進步黨,international,speech,51,18615,220,45.17827165043903,220,45.17827165043903,complete
fetch-20261006T122600Z-dfc47335,v2.1-f4676a0b,2025,民主進步黨,labor,speech,51,18615,511,132.2909258894832,511,132.2909258894832,complete
fetch-20261006T122600Z-dfc47335,v2.1-f4676a0b,2025,民主進步黨,law_crime,speech,51,18615,1115,348.5122405581503,1115,348.5122405581503,complete
fetch-20261006T122600Z-dfc47335,v2.1-f4676a0b,2025,民主進步黨,macroeconomy,speech,51,18615,447,83.7744119705649,447,83.7744119705649,complete
fetch-20261006T122600Z-dfc47335,v2.1-f4676a0b,2025,民主進步黨,public_lands,speech,51,18615,276,53.02178818562303,276,53.02178818562303,complete
fetch-20261006T122600Z-dfc47335,v2.1-f4676a0b,2025,民主進步黨,social_welfare,speech,51,18615,472,80.71914950671572,472,80.71914950671572,complete
fetch-20261006T122600Z-dfc47335,v2.1-f4676a0b,2025,民主進步黨,technology,speech,51,18615,876,204.9487116869086,876,204.9487116869086,complete
fetch-20261006T122600Z-dfc47335,v2.1-f4676a0b,2025,民主進步黨,transitional_justice,speech,51,18615,46,10.711024860633925,46,10.711024860633925,complete
fetch-20261006T122600Z-dfc47335,v2.1-f4676a0b,2025,民主進步黨,transportation,speech,51,18615,575,162.80069030720196,575,162.80069030720196,complete
fetch-20261006T122600Z-dfc47335,v2.1-f4676a0b,2025,民主進步黨,unclassified,speech,51,18615,3632,1662.0619057239749,3632,1662.0619057239749,complete
fetch-20261006T122600Z-dfc47335,v2.1-f4676a0b,2025,民主進步黨,agriculture,written_question,51,18615,0,0.0,0,0.0,complete
fetch-20261006T122600Z-dfc47335,v2.1-f4676a0b,2025,民主進步黨,civil_rights,written_question,51,18615,0,0.0,0,0.0,complete
fetch-20261006T122600Z-dfc47335,v2.1-f4676a0b,2025,民主進步黨,commerce,written_question,51,18615,0,0.0,0,0.0,complete
fetch-20261006T122600Z-dfc47335,v2.1-f4676a0b,2025,民主進步黨,cross_strait,written_question,51,18615,0,0.0,0,0.0,complete
fetch-20261006T122600Z-dfc47335,v2.1-f4676a0b,2025,民主進步黨,culture,written_question,51,18615,0,0.0,0,0.0,complete
fetch-20261006T122600Z-dfc47335,v2.1-f4676a0b,2025,民主進步黨,defense,written_question,51,18615,0,0.0,0,0.0,complete
fetch-20261006T122600Z-dfc47335,v2.1-f4676a0b,2025,民主進步黨,education,written_question,51,18615,0,0.0,0,0.0,complete
fetch-20261006T122600Z-dfc47335,v2.1-f4676a0b,2025,民主進步黨,energy,written_question,51,18615,0,0.0,0,0.0,complete
fetch-20261006T122600Z-dfc47335,v2.1-f4676a0b,2025,民主進步黨,environment,written_question,51,18615,0,0.0,0,0.0,complete
fetch-20261006T122600Z-dfc47335,v2.1-f4676a0b,2025,民主進步黨,foreign_trade,written_question,51,18615,0,0.0,0,0.0,complete
fetch-20261006T122600Z-dfc47335,v2.1-f4676a0b,2025,民主進步黨,government,written_question,51,18615,0,0.0,0,0.0,complete
fetch-20261006T122600Z-dfc47335,v2.1-f4676a0b,2025,民主進步黨,health,written_question,51,18615,0,0.0,0,0.0,complete
fetch-20261006T122600Z-dfc47335,v2.1-f4676a0b,2025,民主進步黨,housing,written_question,51,18615,0,0.0,0,0.0,complete
fetch-20261006T122600Z-dfc47335,v2.1-f4676a0b,2025,民主進步黨,immigration,written_question,51,18615,0,0.0,0,0.0,complete
fetch-20261006T122600Z-dfc47335,v2.1-f4676a0b,2025,民主進步黨,indigenous,written_question,51,18615,0,0.0,0,0.0,complete
fetch-20261006T122600Z-dfc47335,v2.1-f4676a0b,2025,民主進步黨,international,written_question,51,18615,0,0.0,0,0.0,complete
fetch-20261006T122600Z-dfc47335,v2.1-f4676a0b,2025,民主進步黨,labor,written_question,51,18615,0,0.0,0,0.0,complete
fetch-20261006T122600Z-dfc47335,v2.1-f4676a0b,2025,民主進步黨,law_crime,written_question,51,18615,0,0.0,0,0.0,complete
fetch-20261006T122600Z-dfc47335,v2.1-f4676a0b,2025,民主進步黨,macroeconomy,written_question,51,18615,0,0.0,0,0.0,complete
fetch-20261006T122600Z-dfc47335,v2.1-f4676a0b,2025,民主進步黨,public_lands,written_question,51,18615,0,0.0,0,0.0,complete
fetch-20261006T122600Z-dfc47335,v2.1-f4676a0b,2025,民主進步黨,social_welfare,written_question,51,18615,0,0.0,0,0.0,complete
fetch-20261006T122600Z-dfc47335,v2.1-f4676a0b,2025,民主進步黨,technology,written_question,51,18615,0,0.0,0,0.0,complete
fetch-20261006T122600Z-dfc47335,v2.1-f4676a0b,2025,民主進步黨,transitional_justice,written_question,51,18615,0,0.0,0,0.0,complete
fetch-20261006T122600Z-dfc47335,v2.1-f4676a0b,2025,民主進步黨,transportation,written_question,51,18615,0,0.0,0,0.0,complete
fetch-20261006T122600Z-dfc47335,v2.1-f4676a0b,2025,民主進步黨,unclassified,written_question,51,18615,0,0.0,0,0.0,complete
fetch-20261006T122600Z-dfc47335,v2.1-f4676a0b,2020,中國國民黨,agriculture,bill_primary,38,13908,80,51.083333333333336,80,51.083333333333336,complete
fetch-20261006T122600Z-dfc47335,v2.1-f4676a0b,2020,中國國民黨,civil_rights,bill_primary,38,13908,83,53.0,83,53.0,complete
fetch-20261006T122600Z-dfc47335,v2.1-f4676a0b,2020,中國國民黨,commerce,bill_primary,38,13908,36,26.75,36,26.75,complete
fetch-20261006T122600Z-dfc47335,v2.1-f4676a0b,2020,中國國民黨,cross_strait,bill_primary,38,13908,3,1.3333333333333333,3,1.3333333333333333,complete
fetch-20261006T122600Z-dfc47335,v2.1-f4676a0b,2020,中國國民黨,culture,bill_primary,38,13908,47,34.083333333333336,47,34.083333333333336,complete
fetch-20261006T122600Z-dfc47335,v2.1-f4676a0b,2020,中國國民黨,defense,bill_primary,38,13908,57,33.9,57,33.9,complete
fetch-20261006T122600Z-dfc47335,v2.1-f4676a0b,2020,中國國民黨,education,bill_primary,38,13908,170,114.65,170,114.65,complete
fetch-20261006T122600Z-dfc47335,v2.1-f4676a0b,2020,中國國民黨,energy,bill_primary,38,13908,9,4.166666666666666,9,4.166666666666666,complete
fetch-20261006T122600Z-dfc47335,v2.1-f4676a0b,2020,中國國民黨,environment,bill_primary,38,13908,23,12.416666666666666,23,12.416666666666666,complete
fetch-20261006T122600Z-dfc47335,v2.1-f4676a0b,2020,中國國民黨,foreign_trade,bill_primary,38,13908,52,27.416666666666664,52,27.416666666666664,complete
fetch-20261006T122600Z-dfc47335,v2.1-f4676a0b,2020,中國國民黨,government,bill_primary,38,13908,159,103.98333333333333,159,103.98333333333333,complete
fetch-20261006T122600Z-dfc47335,v2.1-f4676a0b,2020,中國國民黨,health,bill_primary,38,13908,203,131.48333333333332,203,131.48333333333332,complete
fetch-20261006T122600Z-dfc47335,v2.1-f4676a0b,2020,中國國民黨,housing,bill_primary,38,13908,21,16.833333333333332,21,16.833333333333332,complete
fetch-20261006T122600Z-dfc47335,v2.1-f4676a0b,2020,中國國民黨,immigration,bill_primary,38,13908,17,9.333333333333334,17,9.333333333333334,complete
fetch-20261006T122600Z-dfc47335,v2.1-f4676a0b,2020,中國國民黨,indigenous,bill_primary,38,13908,67,34.383333333333326,67,34.383333333333326,complete
fetch-20261006T122600Z-dfc47335,v2.1-f4676a0b,2020,中國國民黨,international,bill_primary,38,13908,9,3.25,9,3.25,complete
fetch-20261006T122600Z-dfc47335,v2.1-f4676a0b,2020,中國國民黨,labor,bill_primary,38,13908,168,103.46666666666667,168,103.46666666666667,complete
fetch-20261006T122600Z-dfc47335,v2.1-f4676a0b,2020,中國國民黨,law_crime,bill_primary,38,13908,185,121.0,185,121.0,complete
fetch-20261006T122600Z-dfc47335,v2.1-f4676a0b,2020,中國國民黨,macroeconomy,bill_primary,38,13908,66,41.5,66,41.5,complete
fetch-20261006T122600Z-dfc47335,v2.1-f4676a0b,2020,中國國民黨,public_lands,bill_primary,38,13908,15,9.583333333333332,15,9.583333333333332,complete
fetch-20261006T122600Z-dfc47335,v2.1-f4676a0b,2020,中國國民黨,social_welfare,bill_primary,38,13908,139,86.3,139,86.3,complete
fetch-20261006T122600Z-dfc47335,v2.1-f4676a0b,2020,中國國民黨,technology,bill_primary,38,13908,50,30.5,50,30.5,complete
fetch-20261006T122600Z-dfc47335,v2.1-f4676a0b,2020,中國國民黨,transitional_justice,bill_primary,38,13908,4,2.5,4,2.5,complete
fetch-20261006T122600Z-dfc47335,v2.1-f4676a0b,2020,中國國民黨,transportation,bill_primary,38,13908,72,64.08333333333333,72,64.08333333333333,complete
fetch-20261006T122600Z-dfc47335,v2.1-f4676a0b,2020,中國國民黨,unclassified,bill_primary,38,13908,174,174.0,174,174.0,complete
fetch-20261006T122600Z-dfc47335,v2.1-f4676a0b,2020,中國國民黨,agriculture,bill_cosign,38,13908,472,284.8333333333333,472,284.8333333333333,complete
fetch-20261006T122600Z-dfc47335,v2.1-f4676a0b,2020,中國國民黨,civil_rights,bill_cosign,38,13908,692,446.0,692,446.0,complete
fetch-20261006T122600Z-dfc47335,v2.1-f4676a0b,2020,中國國民黨,commerce,bill_cosign,38,13908,405,283.0833333333333,405,283.0833333333333,complete
fetch-20261006T122600Z-dfc47335,v2.1-f4676a0b,2020,中國國民黨,cross_strait,bill_cosign,38,13908,15,7.5,15,7.5,complete
fetch-20261006T122600Z-dfc47335,v2.1-f4676a0b,2020,中國國民黨,culture,bill_cosign,38,13908,345,219.41666666666666,345,219.41666666666666,complete
fetch-20261006T122600Z-dfc47335,v2.1-f4676a0b,2020,中國國民黨,defense,bill_cosign,38,13908,486,272.0,486,272.0,complete
fetch-20261006T122600Z-dfc47335,v2.1-f4676a0b,2020,中國國民黨,education,bill_cosign,38,13908,1335,874.1833333333334,1335,874.1833333333334,complete
fetch-20261006T122600Z-dfc47335,v2.1-f4676a0b,2020,中國國民黨,energy,bill_cosign,38,13908,96,49.666666666666664,96,49.666666666666664,complete
fetch-20261006T122600Z-dfc47335,v2.1-f4676a0b,2020,中國國民黨,environment,bill_cosign,38,13908,267,138.0,267,138.0,complete
fetch-20261006T122600Z-dfc47335,v2.1-f4676a0b,2020,中國國民黨,foreign_trade,bill_cosign,38,13908,419,212.08333333333331,419,212.08333333333331,complete
fetch-20261006T122600Z-dfc47335,v2.1-f4676a0b,2020,中國國民黨,government,bill_cosign,38,13908,1931,1283.4333333333334,1931,1283.4333333333334,complete
fetch-20261006T122600Z-dfc47335,v2.1-f4676a0b,2020,中國國民黨,health,bill_cosign,38,13908,1778,1131.6666666666667,1778,1131.6666666666667,complete
fetch-20261006T122600Z-dfc47335,v2.1-f4676a0b,2020,中國國民黨,housing,bill_cosign,38,13908,240,186.66666666666666,240,186.66666666666666,complete
fetch-20261006T122600Z-dfc47335,v2.1-f4676a0b,2020,中國國民黨,immigration,bill_cosign,38,13908,147,88.83333333333333,147,88.83333333333333,complete
fetch-20261006T122600Z-dfc47335,v2.1-f4676a0b,2020,中國國民黨,indigenous,bill_cosign,38,13908,857,485.93333333333334,857,485.93333333333334,complete
fetch-20261006T122600Z-dfc47335,v2.1-f4676a0b,2020,中國國民黨,international,bill_cosign,38,13908,58,16.75,58,16.75,complete
fetch-20261006T122600Z-dfc47335,v2.1-f4676a0b,2020,中國國民黨,labor,bill_cosign,38,13908,1553,1000.1,1553,1000.1,complete
fetch-20261006T122600Z-dfc47335,v2.1-f4676a0b,2020,中國國民黨,law_crime,bill_cosign,38,13908,2324,1585.5,2324,1585.5,complete
fetch-20261006T122600Z-dfc47335,v2.1-f4676a0b,2020,中國國民黨,macroeconomy,bill_cosign,38,13908,657,420.3333333333333,657,420.3333333333333,complete
fetch-20261006T122600Z-dfc47335,v2.1-f4676a0b,2020,中國國民黨,public_lands,bill_cosign,38,13908,170,110.58333333333333,170,110.58333333333333,complete
fetch-20261006T122600Z-dfc47335,v2.1-f4676a0b,2020,中國國民黨,social_welfare,bill_cosign,38,13908,1143,688.2666666666667,1143,688.2666666666667,complete
fetch-20261006T122600Z-dfc47335,v2.1-f4676a0b,2020,中國國民黨,technology,bill_cosign,38,13908,562,364.6666666666667,562,364.6666666666667,complete
fetch-20261006T122600Z-dfc47335,v2.1-f4676a0b,2020,中國國民黨,transitional_justice,bill_cosign,38,13908,51,33.0,51,33.0,complete
fetch-20261006T122600Z-dfc47335,v2.1-f4676a0b,2020,中國國民黨,transportation,bill_cosign,38,13908,770,666.5,770,666.5,complete
fetch-20261006T122600Z-dfc47335,v2.1-f4676a0b,2020,中國國民黨,unclassified,bill_cosign,38,13908,1688,1688.0,1688,1688.0,complete
fetch-20261006T122600Z-dfc47335,v2.1-f4676a0b,2020,中國國民黨,agriculture,speech,38,13908,576,135.82829689955,576,135.82829689955,complete
fetch-20261006T122600Z-dfc47335,v2.1-f4676a0b,2020,中國國民黨,civil_rights,speech,38,13908,183,25.843924714663707,183,25.843924714663707,complete
fetch-20261006T122600Z-dfc47335,v2.1-f4676a0b,2020,中國國民黨,commerce,speech,38,13908,538,91.15652733803414,538,91.15652733803414,complete
fetch-20261006T122600Z-dfc47335,v2.1-f4676a0b,2020,中國國民黨,cross_strait,speech,38,13908,222,42.04939896272254,222,42.04939896272254,complete
fetch-20261006T122600Z-dfc47335,v2.1-f4676a0b,2020,中國國民黨,culture,speech,38,13908,333,72.34137168870225,333,72.34137168870225,complete
fetch-20261006T122600Z-dfc47335,v2.1-f4676a0b,2020,中國國民黨,defense,speech,38,13908,472,127.89653423248234,472,127.89653423248234,complete
fetch-20261006T122600Z-dfc47335,v2.1-f4676a0b,2020,中國國民黨,education,speech,38,13908,575,123.28701880791918,575,123.28701880791918,complete
fetch-20261006T122600Z-dfc47335,v2.1-f4676a0b,2020,中國國民黨,energy,speech,38,13908,193,33.29722479366311,193,33.29722479366311,complete
fetch-20261006T122600Z-dfc47335,v2.1-f4676a0b,2020,中國國民黨,environment,speech,38,13908,222,51.17514353616587,222,51.17514353616587,complete
fetch-20261006T122600Z-dfc47335,v2.1-f4676a0b,2020,中國國民黨,foreign_trade,speech,38,13908,584,134.56719894843613,584,134.56719894843613,complete
fetch-20261006T122600Z-dfc47335,v2.1-f4676a0b,2020,中國國民黨,government,speech,38,13908,433,93.23895042889067,433,93.23895042889067,complete
fetch-20261006T122600Z-dfc47335,v2.1-f4676a0b,2020,中國國民黨,health,speech,38,13908,1367,315.4157168022392,1367,315.4157168022392,complete
fetch-20261006T122600Z-dfc47335,v2.1-f4676a0b,2020,中國國民黨,housing,speech,38,13908,173,37.67432950032275,173,37.67432950032275,complete
fetch-20261006T122600Z-dfc47335,v2.1-f4676a0b,2020,中國國民黨,immigration,speech,38,13908,46,5.219452501809853,46,5.219452501809853,complete
fetch-20261006T122600Z-dfc47335,v2.1-f4676a0b,2020,中國國民黨,indigenous,speech,38,13908,466,131.97188786316067,466,131.97188786316067,complete
fetch-20261006T122600Z-dfc47335,v2.1-f4676a0b,2020,中國國民黨,international,speech,38,13908,270,50.13390418009698,270,50.13390418009698,complete
fetch-20261006T122600Z-dfc47335,v2.1-f4676a0b,2020,中國國民黨,labor,speech,38,13908,422,97.58624291315715,422,97.58624291315715,complete
fetch-20261006T122600Z-dfc47335,v2.1-f4676a0b,2020,中國國民黨,law_crime,speech,38,13908,787,241.85472920060303,787,241.85472920060303,complete
fetch-20261006T122600Z-dfc47335,v2.1-f4676a0b,2020,中國國民黨,macroeconomy,speech,38,13908,486,73.92338319196897,486,73.92338319196897,complete
fetch-20261006T122600Z-dfc47335,v2.1-f4676a0b,2020,中國國民黨,public_lands,speech,38,13908,207,41.39762353180739,207,41.39762353180739,complete
fetch-20261006T122600Z-dfc47335,v2.1-f4676a0b,2020,中國國民黨,social_welfare,speech,38,13908,248,43.88645956575058,248,43.88645956575058,complete
fetch-20261006T122600Z-dfc47335,v2.1-f4676a0b,2020,中國國民黨,technology,speech,38,13908,458,77.89889683570254,458,77.89889683570254,complete
fetch-20261006T122600Z-dfc47335,v2.1-f4676a0b,2020,中國國民黨,transitional_justice,speech,38,13908,75,18.115069322732,75,18.115069322732,complete
fetch-20261006T122600Z-dfc47335,v2.1-f4676a0b,2020,中國國民黨,transportation,speech,38,13908,475,113.09459531803918,475,113.09459531803918,complete
fetch-20261006T122600Z-dfc47335,v2.1-f4676a0b,2020,中國國民黨,unclassified,speech,38,13908,3705,2006.1461189213799,3705,2006.1461189213799,complete
fetch-20261006T122600Z-dfc47335,v2.1-f4676a0b,2020,中國國民黨,agriculture,written_question,38,13908,0,0.0,0,0.0,complete
fetch-20261006T122600Z-dfc47335,v2.1-f4676a0b,2020,中國國民黨,civil_rights,written_question,38,13908,0,0.0,0,0.0,complete
fetch-20261006T122600Z-dfc47335,v2.1-f4676a0b,2020,中國國民黨,commerce,written_question,38,13908,0,0.0,0,0.0,complete
fetch-20261006T122600Z-dfc47335,v2.1-f4676a0b,2020,中國國民黨,cross_strait,written_question,38,13908,0,0.0,0,0.0,complete
fetch-20261006T122600Z-dfc47335,v2.1-f4676a0b,2020,中國國民黨,culture,written_question,38,13908,0,0.0,0,0.0,complete
fetch-20261006T122600Z-dfc47335,v2.1-f4676a0b,2020,中國國民黨,defense,written_question,38,13908,0,0.0,0,0.0,complete
fetch-20261006T122600Z-dfc47335,v2.1-f4676a0b,2020,中國國民黨,education,written_question,38,13908,0,0.0,0,0.0,complete
fetch-20261006T122600Z-dfc47335,v2.1-f4676a0b,2020,中國國民黨,energy,written_question,38,13908,0,0.0,0,0.0,complete
fetch-20261006T122600Z-dfc47335,v2.1-f4676a0b,2020,中國國民黨,environment,written_question,38,13908,0,0.0,0,0.0,complete
fetch-20261006T122600Z-dfc47335,v2.1-f4676a0b,2020,中國國民黨,foreign_trade,written_question,38,13908,0,0.0,0,0.0,complete
fetch-20261006T122600Z-dfc47335,v2.1-f4676a0b,2020,中國國民黨,government,written_question,38,13908,0,0.0,0,0.0,complete
fetch-20261006T122600Z-dfc47335,v2.1-f4676a0b,2020,中國國民黨,health,written_question,38,13908,0,0.0,0,0.0,complete
fetch-20261006T122600Z-dfc47335,v2.1-f4676a0b,2020,中國國民黨,housing,written_question,38,13908,0,0.0,0,0.0,complete
fetch-20261006T122600Z-dfc47335,v2.1-f4676a0b,2020,中國國民黨,immigration,written_question,38,13908,0,0.0,0,0.0,complete
fetch-20261006T122600Z-dfc47335,v2.1-f4676a0b,2020,中國國民黨,indigenous,written_question,38,13908,0,0.0,0,0.0,complete
fetch-20261006T122600Z-dfc47335,v2.1-f4676a0b,2020,中國國民黨,international,written_question,38,13908,0,0.0,0,0.0,complete
fetch-20261006T122600Z-dfc47335,v2.1-f4676a0b,2020,中國國民黨,labor,written_question,38,13908,0,0.0,0,0.0,complete
fetch-20261006T122600Z-dfc47335,v2.1-f4676a0b,2020,中國國民黨,law_crime,written_question,38,13908,0,0.0,0,0.0,complete
fetch-20261006T122600Z-dfc47335,v2.1-f4676a0b,2020,中國國民黨,macroeconomy,written_question,38,13908,0,0.0,0,0.0,complete
fetch-20261006T122600Z-dfc47335,v2.1-f4676a0b,2020,中國國民黨,public_lands,written_question,38,13908,0,0.0,0,0.0,complete
fetch-20261006T122600Z-dfc47335,v2.1-f4676a0b,2020,中國國民黨,social_welfare,written_question,38,13908,0,0.0,0,0.0,complete
fetch-20261006T122600Z-dfc47335,v2.1-f4676a0b,2020,中國國民黨,technology,written_question,38,13908,0,0.0,0,0.0,complete
fetch-20261006T122600Z-dfc47335,v2.1-f4676a0b,2020,中國國民黨,transitional_justice,written_question,38,13908,0,0.0,0,0.0,complete
fetch-20261006T122600Z-dfc47335,v2.1-f4676a0b,2020,中國國民黨,transportation,written_question,38,13908,0,0.0,0,0.0,complete
fetch-20261006T122600Z-dfc47335,v2.1-f4676a0b,2020,中國國民黨,unclassified,written_question,38,13908,0,0.0,0,0.0,complete
fetch-20261006T122600Z-dfc47335,v2.1-f4676a0b,2021,中國國民黨,agriculture,bill_primary,39,13944,35,16.316666666666666,35,16.316666666666666,complete
fetch-20261006T122600Z-dfc47335,v2.1-f4676a0b,2021,中國國民黨,civil_rights,bill_primary,39,13944,38,28.5,38,28.5,complete
fetch-20261006T122600Z-dfc47335,v2.1-f4676a0b,2021,中國國民黨,commerce,bill_primary,39,13944,46,31.869047619047617,46,31.869047619047617,complete
fetch-20261006T122600Z-dfc47335,v2.1-f4676a0b,2021,中國國民黨,cross_strait,bill_primary,39,13944,0,0.0,0,0.0,complete
fetch-20261006T122600Z-dfc47335,v2.1-f4676a0b,2021,中國國民黨,culture,bill_primary,39,13944,63,36.03333333333333,63,36.03333333333333,complete
fetch-20261006T122600Z-dfc47335,v2.1-f4676a0b,2021,中國國民黨,defense,bill_primary,39,13944,71,46.916666666666664,71,46.916666666666664,complete
fetch-20261006T122600Z-dfc47335,v2.1-f4676a0b,2021,中國國民黨,education,bill_primary,39,13944,143,103.23571428571428,143,103.23571428571428,complete
fetch-20261006T122600Z-dfc47335,v2.1-f4676a0b,2021,中國國民黨,energy,bill_primary,39,13944,6,2.833333333333333,6,2.833333333333333,complete
fetch-20261006T122600Z-dfc47335,v2.1-f4676a0b,2021,中國國民黨,environment,bill_primary,39,13944,47,26.25,47,26.25,complete
fetch-20261006T122600Z-dfc47335,v2.1-f4676a0b,2021,中國國民黨,foreign_trade,bill_primary,39,13944,14,7.166666666666667,14,7.166666666666667,complete
fetch-20261006T122600Z-dfc47335,v2.1-f4676a0b,2021,中國國民黨,government,bill_primary,39,13944,120,63.86904761904761,120,63.86904761904761,complete
fetch-20261006T122600Z-dfc47335,v2.1-f4676a0b,2021,中國國民黨,health,bill_primary,39,13944,145,101.65,145,101.65,complete
fetch-20261006T122600Z-dfc47335,v2.1-f4676a0b,2021,中國國民黨,housing,bill_primary,39,13944,25,15.333333333333334,25,15.333333333333334,complete
fetch-20261006T122600Z-dfc47335,v2.1-f4676a0b,2021,中國國民黨,immigration,bill_primary,39,13944,6,4.333333333333333,6,4.333333333333333,complete
fetch-20261006T122600Z-dfc47335,v2.1-f4676a0b,2021,中國國民黨,indigenous,bill_primary,39,13944,45,25.733333333333334,45,25.733333333333334,complete
fetch-20261006T122600Z-dfc47335,v2.1-f4676a0b,2021,中國國民黨,international,bill_primary,39,13944,15,7.533333333333333,15,7.533333333333333,complete
fetch-20261006T122600Z-dfc47335,v2.1-f4676a0b,2021,中國國民黨,labor,bill_primary,39,13944,122,76.10238095238095,122,76.10238095238095,complete
fetch-20261006T122600Z-dfc47335,v2.1-f4676a0b,2021,中國國民黨,law_crime,bill_primary,39,13944,134,91.65238095238095,134,91.65238095238095,complete
fetch-20261006T122600Z-dfc47335,v2.1-f4676a0b,2021,中國國民黨,macroeconomy,bill_primary,39,13944,121,66.45238095238095,121,66.45238095238095,complete
fetch-20261006T122600Z-dfc47335,v2.1-f4676a0b,2021,中國國民黨,public_lands,bill_primary,39,13944,10,7.5,10,7.5,complete
fetch-20261006T122600Z-dfc47335,v2.1-f4676a0b,2021,中國國民黨,social_welfare,bill_primary,39,13944,110,71.76904761904761,110,71.76904761904761,complete
fetch-20261006T122600Z-dfc47335,v2.1-f4676a0b,2021,中國國民黨,technology,bill_primary,39,13944,50,28.866666666666667,50,28.866666666666667,complete
fetch-20261006T122600Z-dfc47335,v2.1-f4676a0b,2021,中國國民黨,transitional_justice,bill_primary,39,13944,1,0.5,1,0.5,complete
fetch-20261006T122600Z-dfc47335,v2.1-f4676a0b,2021,中國國民黨,transportation,bill_primary,39,13944,110,87.58333333333333,110,87.58333333333333,complete
fetch-20261006T122600Z-dfc47335,v2.1-f4676a0b,2021,中國國民黨,unclassified,bill_primary,39,13944,131,131.0,131,131.0,complete
fetch-20261006T122600Z-dfc47335,v2.1-f4676a0b,2021,中國國民黨,agriculture,bill_cosign,39,13944,296,137.83333333333334,296,137.83333333333334,complete
fetch-20261006T122600Z-dfc47335,v2.1-f4676a0b,2021,中國國民黨,civil_rights,bill_cosign,39,13944,362,282.3333333333333,362,282.3333333333333,complete
fetch-20261006T122600Z-dfc47335,v2.1-f4676a0b,2021,中國國民黨,commerce,bill_cosign,39,13944,504,341.5238095238095,504,341.5238095238095,complete
fetch-20261006T122600Z-dfc47335,v2.1-f4676a0b,2021,中國國民黨,cross_strait,bill_cosign,39,13944,0,0.0,0,0.0,complete
fetch-20261006T122600Z-dfc47335,v2.1-f4676a0b,2021,中國國民黨,culture,bill_cosign,39,13944,528,311.68333333333334,528,311.68333333333334,complete
fetch-20261006T122600Z-dfc47335,v2.1-f4676a0b,2021,中國國民黨,defense,bill_cosign,39,13944,726,450.91666666666663,726,450.91666666666663,complete
fetch-20261006T122600Z-dfc47335,v2.1-f4676a0b,2021,中國國民黨,education,bill_cosign,39,13944,1273,828.3738095238095,1273,828.3738095238095,complete
fetch-20261006T122600Z-dfc47335,v2.1-f4676a0b,2021,中國國民黨,energy,bill_cosign,39,13944,60,37.08333333333333,60,37.08333333333333,complete
fetch-20261006T122600Z-dfc47335,v2.1-f4676a0b,2021,中國國民黨,environment,bill_cosign,39,13944,490,261.9166666666667,490,261.9166666666667,complete
fetch-20261006T122600Z-dfc47335,v2.1-f4676a0b,2021,中國國民黨,foreign_trade,bill_cosign,39,13944,172,92.0,172,92.0,complete
fetch-20261006T122600Z-dfc47335,v2.1-f4676a0b,2021,中國國民黨,government,bill_cosign,39,13944,1374,813.3571428571428,1374,813.3571428571428,complete
fetch-20261006T122600Z-dfc47335,v2.1-f4676a0b,2021,中國國民黨,health,bill_cosign,39,13944,1266,845.4166666666666,1266,845.4166666666666,complete
fetch-20261006T122600Z-dfc47335,v2.1-f4676a0b,2021,中國國民黨,housing,bill_cosign,39,13944,412,261.6666666666667,412,261.6666666666667,complete
fetch-20261006T122600Z-dfc47335,v2.1-f4676a0b,2021,中國國民黨,immigration,bill_cosign,39,13944,118,84.16666666666667,118,84.16666666666667,complete
fetch-20261006T122600Z-dfc47335,v2.1-f4676a0b,2021,中國國民黨,indigenous,bill_cosign,39,13944,438,239.91666666666666,438,239.91666666666666,complete
fetch-20261006T122600Z-dfc47335,v2.1-f4676a0b,2021,中國國民黨,international,bill_cosign,39,13944,156,96.6,156,96.6,complete
fetch-20261006T122600Z-dfc47335,v2.1-f4676a0b,2021,中國國民黨,labor,bill_cosign,39,13944,1145,727.9404761904761,1145,727.9404761904761,complete
fetch-20261006T122600Z-dfc47335,v2.1-f4676a0b,2021,中國國民黨,law_crime,bill_cosign,39,13944,1704,1216.1238095238095,1704,1216.1238095238095,complete
fetch-20261006T122600Z-dfc47335,v2.1-f4676a0b,2021,中國國民黨,macroeconomy,bill_cosign,39,13944,1290,727.7738095238095,1290,727.7738095238095,complete
fetch-20261006T122600Z-dfc47335,v2.1-f4676a0b,2021,中國國民黨,public_lands,bill_cosign,39,13944,160,112.5,160,112.5,complete
fetch-20261006T122600Z-dfc47335,v2.1-f4676a0b,2021,中國國民黨,social_welfare,bill_cosign,39,13944,1217,800.7738095238095,1217,800.7738095238095,complete
fetch-20261006T122600Z-dfc47335,v2.1-f4676a0b,2021,中國國民黨,technology,bill_cosign,39,13944,607,385.93333333333334,607,385.93333333333334,complete
fetch-20261006T122600Z-dfc47335,v2.1-f4676a0b,2021,中國國民黨,transitional_justice,bill_cosign,39,13944,19,9.5,19,9.5,complete
fetch-20261006T122600Z-dfc47335,v2.1-f4676a0b,2021,中國國民黨,transportation,bill_cosign,39,13944,1395,1068.6666666666667,1395,1068.6666666666667,complete
fetch-20261006T122600Z-dfc47335,v2.1-f4676a0b,2021,中國國民黨,unclassified,bill_cosign,39,13944,1315,1315.0,1315,1315.0,complete
fetch-20261006T122600Z-dfc47335,v2.1-f4676a0b,2021,中國國民黨,agriculture,speech,39,13944,380,67.0932281588955,380,67.0932281588955,complete
fetch-20261006T122600Z-dfc47335,v2.1-f4676a0b,2021,中國國民黨,civil_rights,speech,39,13944,132,24.533397081962086,132,24.533397081962086,complete
fetch-20261006T122600Z-dfc47335,v2.1-f4676a0b,2021,中國國民黨,commerce,speech,39,13944,436,72.24082591549531,436,72.24082591549531,complete
fetch-20261006T122600Z-dfc47335,v2.1-f4676a0b,2021,中國國民黨,cross_strait,speech,39,13944,229,41.317327587932176,229,41.317327587932176,complete
fetch-20261006T122600Z-dfc47335,v2.1-f4676a0b,2021,中國國民黨,culture,speech,39,13944,307,59.720104825719154,307,59.720104825719154,complete
fetch-20261006T122600Z-dfc47335,v2.1-f4676a0b,2021,中國國民黨,defense,speech,39,13944,487,148.15201099260025,487,148.15201099260025,complete
fetch-20261006T122600Z-dfc47335,v2.1-f4676a0b,2021,中國國民黨,education,speech,39,13944,508,111.02933302077211,508,111.02933302077211,complete
fetch-20261006T122600Z-dfc47335,v2.1-f4676a0b,2021,中國國民黨,energy,speech,39,13944,386,77.60206608748027,386,77.60206608748027,complete
fetch-20261006T122600Z-dfc47335,v2.1-f4676a0b,2021,中國國民黨,environment,speech,39,13944,332,63.26860009688691,332,63.26860009688691,complete
fetch-20261006T122600Z-dfc47335,v2.1-f4676a0b,2021,中國國民黨,foreign_trade,speech,39,13944,350,57.68455524022792,350,57.68455524022792,complete
fetch-20261006T122600Z-dfc47335,v2.1-f4676a0b,2021,中國國民黨,government,speech,39,13944,600,131.8945463635227,600,131.8945463635227,complete
fetch-20261006T122600Z-dfc47335,v2.1-f4676a0b,2021,中國國民黨,health,speech,39,13944,1007,260.59871413101905,1007,260.59871413101905,complete
fetch-20261006T122600Z-dfc47335,v2.1-f4676a0b,2021,中國國民黨,housing,speech,39,13944,229,49.581673428006745,229,49.581673428006745,complete
fetch-20261006T122600Z-dfc47335,v2.1-f4676a0b,2021,中國國民黨,immigration,speech,39,13944,39,4.241248144905797,39,4.241248144905797,complete
fetch-20261006T122600Z-dfc47335,v2.1-f4676a0b,2021,中國國民黨,indigenous,speech,39,13944,346,93.06488239703266,346,93.06488239703266,complete
fetch-20261006T122600Z-dfc47335,v2.1-f4676a0b,2021,中國國民黨,international,speech,39,13944,271,43.59169103421974,271,43.59169103421974,complete
fetch-20261006T122600Z-dfc47335,v2.1-f4676a0b,2021,中國國民黨,labor,speech,39,13944,322,65.47759932101631,322,65.47759932101631,complete
fetch-20261006T122600Z-dfc47335,v2.1-f4676a0b,2021,中國國民黨,law_crime,speech,39,13944,657,166.15617556452275,657,166.15617556452275,complete
fetch-20261006T122600Z-dfc47335,v2.1-f4676a0b,2021,中國國民黨,macroeconomy,speech,39,13944,450,84.48129936600533,450,84.48129936600533,complete
fetch-20261006T122600Z-dfc47335,v2.1-f4676a0b,2021,中國國民黨,public_lands,speech,39,13944,221,40.85148400319108,221,40.85148400319108,complete
fetch-20261006T122600Z-dfc47335,v2.1-f4676a0b,2021,中國國民黨,social_welfare,speech,39,13944,234,35.480532348334144,234,35.480532348334144,complete
fetch-20261006T122600Z-dfc47335,v2.1-f4676a0b,2021,中國國民黨,technology,speech,39,13944,519,90.98724914948431,519,90.98724914948431,complete
fetch-20261006T122600Z-dfc47335,v2.1-f4676a0b,2021,中國國民黨,transitional_justice,speech,39,13944,35,5.454511651887658,35,5.454511651887658,complete
fetch-20261006T122600Z-dfc47335,v2.1-f4676a0b,2021,中國國民黨,transportation,speech,39,13944,479,142.7984202769378,479,142.7984202769378,complete
fetch-20261006T122600Z-dfc47335,v2.1-f4676a0b,2021,中國國民黨,unclassified,speech,39,13944,3427,1847.698523811942,3427,1847.698523811942,complete
fetch-20261006T122600Z-dfc47335,v2.1-f4676a0b,2021,中國國民黨,agriculture,written_question,39,13944,0,0.0,0,0.0,complete
fetch-20261006T122600Z-dfc47335,v2.1-f4676a0b,2021,中國國民黨,civil_rights,written_question,39,13944,0,0.0,0,0.0,complete
fetch-20261006T122600Z-dfc47335,v2.1-f4676a0b,2021,中國國民黨,commerce,written_question,39,13944,0,0.0,0,0.0,complete
fetch-20261006T122600Z-dfc47335,v2.1-f4676a0b,2021,中國國民黨,cross_strait,written_question,39,13944,0,0.0,0,0.0,complete
fetch-20261006T122600Z-dfc47335,v2.1-f4676a0b,2021,中國國民黨,culture,written_question,39,13944,0,0.0,0,0.0,complete
fetch-20261006T122600Z-dfc47335,v2.1-f4676a0b,2021,中國國民黨,defense,written_question,39,13944,0,0.0,0,0.0,complete
fetch-20261006T122600Z-dfc47335,v2.1-f4676a0b,2021,中國國民黨,education,written_question,39,13944,0,0.0,0,0.0,complete
fetch-20261006T122600Z-dfc47335,v2.1-f4676a0b,2021,中國國民黨,energy,written_question,39,13944,0,0.0,0,0.0,complete
fetch-20261006T122600Z-dfc47335,v2.1-f4676a0b,2021,中國國民黨,environment,written_question,39,13944,0,0.0,0,0.0,complete
fetch-20261006T122600Z-dfc47335,v2.1-f4676a0b,2021,中國國民黨,foreign_trade,written_question,39,13944,0,0.0,0,0.0,complete
fetch-20261006T122600Z-dfc47335,v2.1-f4676a0b,2021,中國國民黨,government,written_question,39,13944,0,0.0,0,0.0,complete
fetch-20261006T122600Z-dfc47335,v2.1-f4676a0b,2021,中國國民黨,health,written_question,39,13944,0,0.0,0,0.0,complete
fetch-20261006T122600Z-dfc47335,v2.1-f4676a0b,2021,中國國民黨,housing,written_question,39,13944,0,0.0,0,0.0,complete
fetch-20261006T122600Z-dfc47335,v2.1-f4676a0b,2021,中國國民黨,immigration,written_question,39,13944,0,0.0,0,0.0,complete
fetch-20261006T122600Z-dfc47335,v2.1-f4676a0b,2021,中國國民黨,indigenous,written_question,39,13944,0,0.0,0,0.0,complete
fetch-20261006T122600Z-dfc47335,v2.1-f4676a0b,2021,中國國民黨,international,written_question,39,13944,0,0.0,0,0.0,complete
fetch-20261006T122600Z-dfc47335,v2.1-f4676a0b,2021,中國國民黨,labor,written_question,39,13944,0,0.0,0,0.0,complete
fetch-20261006T122600Z-dfc47335,v2.1-f4676a0b,2021,中國國民黨,law_crime,written_question,39,13944,0,0.0,0,0.0,complete
fetch-20261006T122600Z-dfc47335,v2.1-f4676a0b,2021,中國國民黨,macroeconomy,written_question,39,13944,0,0.0,0,0.0,complete
fetch-20261006T122600Z-dfc47335,v2.1-f4676a0b,2021,中國國民黨,public_lands,written_question,39,13944,0,0.0,0,0.0,complete
fetch-20261006T122600Z-dfc47335,v2.1-f4676a0b,2021,中國國民黨,social_welfare,written_question,39,13944,0,0.0,0,0.0,complete
fetch-20261006T122600Z-dfc47335,v2.1-f4676a0b,2021,中國國民黨,technology,written_question,39,13944,0,0.0,0,0.0,complete
fetch-20261006T122600Z-dfc47335,v2.1-f4676a0b,2021,中國國民黨,transitional_justice,written_question,39,13944,0,0.0,0,0.0,complete
fetch-20261006T122600Z-dfc47335,v2.1-f4676a0b,2021,中國國民黨,transportation,written_question,39,13944,0,0.0,0,0.0,complete
fetch-20261006T122600Z-dfc47335,v2.1-f4676a0b,2021,中國國民黨,unclassified,written_question,39,13944,0,0.0,0,0.0,complete
fetch-20261006T122600Z-dfc47335,v2.1-f4676a0b,2022,中國國民黨,agriculture,bill_primary,40,14130,51,31.916666666666664,51,31.916666666666664,complete
fetch-20261006T122600Z-dfc47335,v2.1-f4676a0b,2022,中國國民黨,civil_rights,bill_primary,40,14130,60,31.25,60,31.25,complete
fetch-20261006T122600Z-dfc47335,v2.1-f4676a0b,2022,中國國民黨,commerce,bill_primary,40,14130,41,17.416666666666664,41,17.416666666666664,complete
fetch-20261006T122600Z-dfc47335,v2.1-f4676a0b,2022,中國國民黨,cross_strait,bill_primary,40,14130,0,0.0,0,0.0,complete
fetch-20261006T122600Z-dfc47335,v2.1-f4676a0b,2022,中國國民黨,culture,bill_primary,40,14130,38,24.6,38,24.6,complete
fetch-20261006T122600Z-dfc47335,v2.1-f4676a0b,2022,中國國民黨,defense,bill_primary,40,14130,36,24.583333333333332,36,24.583333333333332,complete
fetch-20261006T122600Z-dfc47335,v2.1-f4676a0b,2022,中國國民黨,education,bill_primary,40,14130,148,100.58333333333333,148,100.58333333333333,complete
fetch-20261006T122600Z-dfc47335,v2.1-f4676a0b,2022,中國國民黨,energy,bill_primary,40,14130,16,8.083333333333332,16,8.083333333333332,complete
fetch-20261006T122600Z-dfc47335,v2.1-f4676a0b,2022,中國國民黨,environment,bill_primary,40,14130,47,27.28333333333333,47,27.28333333333333,complete
fetch-20261006T122600Z-dfc47335,v2.1-f4676a0b,2022,中國國民黨,foreign_trade,bill_primary,40,14130,9,4.5,9,4.5,complete
fetch-20261006T122600Z-dfc47335,v2.1-f4676a0b,2022,中國國民黨,government,bill_primary,40,14130,82,47.43333333333333,82,47.43333333333333,complete
fetch-20261006T122600Z-dfc47335,v2.1-f4676a0b,2022,中國國民黨,health,bill_primary,40,14130,66,43.25,66,43.25,complete
fetch-20261006T122600Z-dfc47335,v2.1-f4676a0b,2022,中國國民黨,housing,bill_primary,40,14130,18,10.0,18,10.0,complete
fetch-20261006T122600Z-dfc47335,v2.1-f4676a0b,2022,中國國民黨,immigration,bill_primary,40,14130,18,11.833333333333334,18,11.833333333333334,complete
fetch-20261006T122600Z-dfc47335,v2.1-f4676a0b,2022,中國國民黨,indigenous,bill_primary,40,14130,37,24.6,37,24.6,complete
fetch-20261006T122600Z-dfc47335,v2.1-f4676a0b,2022,中國國民黨,international,bill_primary,40,14130,15,6.316666666666666,15,6.316666666666666,complete
fetch-20261006T122600Z-dfc47335,v2.1-f4676a0b,2022,中國國民黨,labor,bill_primary,40,14130,99,59.75,99,59.75,complete
fetch-20261006T122600Z-dfc47335,v2.1-f4676a0b,2022,中國國民黨,law_crime,bill_primary,40,14130,119,78.23333333333333,119,78.23333333333333,complete
fetch-20261006T122600Z-dfc47335,v2.1-f4676a0b,2022,中國國民黨,macroeconomy,bill_primary,40,14130,89,54.36666666666667,89,54.36666666666667,complete
fetch-20261006T122600Z-dfc47335,v2.1-f4676a0b,2022,中國國民黨,public_lands,bill_primary,40,14130,20,12.666666666666666,20,12.666666666666666,complete
fetch-20261006T122600Z-dfc47335,v2.1-f4676a0b,2022,中國國民黨,social_welfare,bill_primary,40,14130,35,21.5,35,21.5,complete
fetch-20261006T122600Z-dfc47335,v2.1-f4676a0b,2022,中國國民黨,technology,bill_primary,40,14130,48,31.0,48,31.0,complete
fetch-20261006T122600Z-dfc47335,v2.1-f4676a0b,2022,中國國民黨,transitional_justice,bill_primary,40,14130,2,1.0,2,1.0,complete
fetch-20261006T122600Z-dfc47335,v2.1-f4676a0b,2022,中國國民黨,transportation,bill_primary,40,14130,73,51.833333333333336,73,51.833333333333336,complete
fetch-20261006T122600Z-dfc47335,v2.1-f4676a0b,2022,中國國民黨,unclassified,bill_primary,40,14130,100,100.0,100,100.0,complete
fetch-20261006T122600Z-dfc47335,v2.1-f4676a0b,2022,中國國民黨,agriculture,bill_cosign,40,14130,346,196.58333333333334,346,196.58333333333334,complete
fetch-20261006T122600Z-dfc47335,v2.1-f4676a0b,2022,中國國民黨,civil_rights,bill_cosign,40,14130,728,389.1666666666667,728,389.1666666666667,complete
fetch-20261006T122600Z-dfc47335,v2.1-f4676a0b,2022,中國國民黨,commerce,bill_cosign,40,14130,438,177.41666666666666,438,177.41666666666666,complete
fetch-20261006T122600Z-dfc47335,v2.1-f4676a0b,2022,中國國民黨,cross_strait,bill_cosign,40,14130,0,0.0,0,0.0,complete
fetch-20261006T122600Z-dfc47335,v2.1-f4676a0b,2022,中國國民黨,culture,bill_cosign,40,14130,397,249.83333333333334,397,249.83333333333334,complete
fetch-20261006T122600Z-dfc47335,v2.1-f4676a0b,2022,中國國民黨,defense,bill_cosign,40,14130,410,300.75,410,300.75,complete
fetch-20261006T122600Z-dfc47335,v2.1-f4676a0b,2022,中國國民黨,education,bill_cosign,40,14130,1625,1168.25,1625,1168.25,complete
fetch-20261006T122600Z-dfc47335,v2.1-f4676a0b,2022,中國國民黨,energy,bill_cosign,40,14130,159,97.41666666666666,159,97.41666666666666,complete
fetch-20261006T122600Z-dfc47335,v2.1-f4676a0b,2022,中國國民黨,environment,bill_cosign,40,14130,499,300.2166666666667,499,300.2166666666667,complete
fetch-20261006T122600Z-dfc47335,v2.1-f4676a0b,2022,中國國民黨,foreign_trade,bill_cosign,40,14130,92,46.0,92,46.0,complete
fetch-20261006T122600Z-dfc47335,v2.1-f4676a0b,2022,中國國民黨,government,bill_cosign,40,14130,1064,649.0833333333334,1064,649.0833333333334,complete
fetch-20261006T122600Z-dfc47335,v2.1-f4676a0b,2022,中國國民黨,health,bill_cosign,40,14130,742,510.4166666666667,742,510.4166666666667,complete
fetch-20261006T122600Z-dfc47335,v2.1-f4676a0b,2022,中國國民黨,housing,bill_cosign,40,14130,298,170.33333333333331,298,170.33333333333331,complete
fetch-20261006T122600Z-dfc47335,v2.1-f4676a0b,2022,中國國民黨,immigration,bill_cosign,40,14130,181,123.66666666666667,181,123.66666666666667,complete
fetch-20261006T122600Z-dfc47335,v2.1-f4676a0b,2022,中國國民黨,indigenous,bill_cosign,40,14130,427,276.33333333333337,427,276.33333333333337,complete
fetch-20261006T122600Z-dfc47335,v2.1-f4676a0b,2022,中國國民黨,international,bill_cosign,40,14130,190,80.61666666666666,190,80.61666666666666,complete
fetch-20261006T122600Z-dfc47335,v2.1-f4676a0b,2022,中國國民黨,labor,bill_cosign,40,14130,1085,669.9166666666666,1085,669.9166666666666,complete
fetch-20261006T122600Z-dfc47335,v2.1-f4676a0b,2022,中國國民黨,law_crime,bill_cosign,40,14130,1494,1051.0333333333333,1494,1051.0333333333333,complete
fetch-20261006T122600Z-dfc47335,v2.1-f4676a0b,2022,中國國民黨,macroeconomy,bill_cosign,40,14130,943,542.2166666666667,943,542.2166666666667,complete
fetch-20261006T122600Z-dfc47335,v2.1-f4676a0b,2022,中國國民黨,public_lands,bill_cosign,40,14130,268,185.83333333333331,268,185.83333333333331,complete
fetch-20261006T122600Z-dfc47335,v2.1-f4676a0b,2022,中國國民黨,social_welfare,bill_cosign,40,14130,383,224.41666666666666,383,224.41666666666666,complete
fetch-20261006T122600Z-dfc47335,v2.1-f4676a0b,2022,中國國民黨,technology,bill_cosign,40,14130,591,411.83333333333337,591,411.83333333333337,complete
fetch-20261006T122600Z-dfc47335,v2.1-f4676a0b,2022,中國國民黨,transitional_justice,bill_cosign,40,14130,14,7.0,14,7.0,complete
fetch-20261006T122600Z-dfc47335,v2.1-f4676a0b,2022,中國國民黨,transportation,bill_cosign,40,14130,998,760.6666666666666,998,760.6666666666666,complete
fetch-20261006T122600Z-dfc47335,v2.1-f4676a0b,2022,中國國民黨,unclassified,bill_cosign,40,14130,1494,1494.0,1494,1494.0,complete
fetch-20261006T122600Z-dfc47335,v2.1-f4676a0b,2022,中國國民黨,agriculture,speech,40,14130,250,46.47649026781829,250,46.47649026781829,complete
fetch-20261006T122600Z-dfc47335,v2.1-f4676a0b,2022,中國國民黨,civil_rights,speech,40,14130,143,22.154039386759816,143,22.154039386759816,complete
fetch-20261006T122600Z-dfc47335,v2.1-f4676a0b,2022,中國國民黨,commerce,speech,40,14130,400,64.77417078283672,400,64.77417078283672,complete
fetch-20261006T122600Z-dfc47335,v2.1-f4676a0b,2022,中國國民黨,cross_strait,speech,40,14130,215,32.930372171497666,215,32.930372171497666,complete
fetch-20261006T122600Z-dfc47335,v2.1-f4676a0b,2022,中國國民黨,culture,speech,40,14130,247,52.45664604640834,247,52.45664604640834,complete
fetch-20261006T122600Z-dfc47335,v2.1-f4676a0b,2022,中國國民黨,defense,speech,40,14130,389,101.58229520351635,389,101.58229520351635,complete
fetch-20261006T122600Z-dfc47335,v2.1-f4676a0b,2022,中國國民黨,education,speech,40,14130,472,109.0262362124433,472,109.0262362124433,complete
fetch-20261006T122600Z-dfc47335,v2.1-f4676a0b,2022,中國國民黨,energy,speech,40,14130,381,86.42065401204569,381,86.42065401204569,complete
fetch-20261006T122600Z-dfc47335,v2.1-f4676a0b,2022,中國國民黨,environment,speech,40,14130,288,71.67616012818984,288,71.67616012818984,complete
fetch-20261006T122600Z-dfc47335,v2.1-f4676a0b,2022,中國國民黨,foreign_trade,speech,40,14130,200,26.631310285441202,200,26.631310285441202,complete
fetch-20261006T122600Z-dfc47335,v2.1-f4676a0b,2022,中國國民黨,government,speech,40,14130,552,121.61403361145257,552,121.61403361145257,complete
fetch-20261006T122600Z-dfc47335,v2.1-f4676a0b,2022,中國國民黨,health,speech,40,14130,837,211.3825728501194,837,211.3825728501194,complete
fetch-20261006T122600Z-dfc47335,v2.1-f4676a0b,2022,中國國民黨,housing,speech,40,14130,153,29.99038506916759,153,29.99038506916759,complete
fetch-20261006T122600Z-dfc47335,v2.1-f4676a0b,2022,中國國民黨,immigration,speech,40,14130,42,6.085997517711814,42,6.085997517711814,complete
fetch-20261006T122600Z-dfc47335,v2.1-f4676a0b,2022,中國國民黨,indigenous,speech,40,14130,313,94.73785328415971,313,94.73785328415971,complete
fetch-20261006T122600Z-dfc47335,v2.1-f4676a0b,2022,中國國民黨,international,speech,40,14130,203,34.59056779410751,203,34.59056779410751,complete
fetch-20261006T122600Z-dfc47335,v2.1-f4676a0b,2022,中國國民黨,labor,speech,40,14130,271,47.98218252480149,271,47.98218252480149,complete
fetch-20261006T122600Z-dfc47335,v2.1-f4676a0b,2022,中國國民黨,law_crime,speech,40,14130,748,207.68202808027408,748,207.68202808027408,complete
fetch-20261006T122600Z-dfc47335,v2.1-f4676a0b,2022,中國國民黨,macroeconomy,speech,40,14130,425,76.81174189311496,425,76.81174189311496,complete
fetch-20261006T122600Z-dfc47335,v2.1-f4676a0b,2022,中國國民黨,public_lands,speech,40,14130,152,24.249336135223636,152,24.249336135223636,complete
fetch-20261006T122600Z-dfc47335,v2.1-f4676a0b,2022,中國國民黨,social_welfare,speech,40,14130,179,24.362756458409763,179,24.362756458409763,complete
fetch-20261006T122600Z-dfc47335,v2.1-f4676a0b,2022,中國國民黨,technology,speech,40,14130,518,102.03748494294659,518,102.03748494294659,complete
fetch-20261006T122600Z-dfc47335,v2.1-f4676a0b,2022,中國國民黨,transitional_justice,speech,40,14130,58,25.36617641377923,58,25.36617641377923,complete
fetch-20261006T122600Z-dfc47335,v2.1-f4676a0b,2022,中國國民黨,transportation,speech,40,14130,376,92.6525801245378,376,92.6525801245378,complete
fetch-20261006T122600Z-dfc47335,v2.1-f4676a0b,2022,中國國民黨,unclassified,speech,40,14130,2915,1619.3259288032366,2915,1619.3259288032366,complete
fetch-20261006T122600Z-dfc47335,v2.1-f4676a0b,2022,中國國民黨,agriculture,written_question,40,14130,1,0.07142857142857142,1,0.07142857142857142,complete
fetch-20261006T122600Z-dfc47335,v2.1-f4676a0b,2022,中國國民黨,civil_rights,written_question,40,14130,1,0.07142857142857142,1,0.07142857142857142,complete
fetch-20261006T122600Z-dfc47335,v2.1-f4676a0b,2022,中國國民黨,commerce,written_question,40,14130,1,0.07142857142857142,1,0.07142857142857142,complete
fetch-20261006T122600Z-dfc47335,v2.1-f4676a0b,2022,中國國民黨,cross_strait,written_question,40,14130,0,0.0,0,0.0,complete
fetch-20261006T122600Z-dfc47335,v2.1-f4676a0b,2022,中國國民黨,culture,written_question,40,14130,0,0.0,0,0.0,complete
fetch-20261006T122600Z-dfc47335,v2.1-f4676a0b,2022,中國國民黨,defense,written_question,40,14130,0,0.0,0,0.0,complete
fetch-20261006T122600Z-dfc47335,v2.1-f4676a0b,2022,中國國民黨,education,written_question,40,14130,0,0.0,0,0.0,complete
fetch-20261006T122600Z-dfc47335,v2.1-f4676a0b,2022,中國國民黨,energy,written_question,40,14130,1,0.07142857142857142,1,0.07142857142857142,complete
fetch-20261006T122600Z-dfc47335,v2.1-f4676a0b,2022,中國國民黨,environment,written_question,40,14130,0,0.0,0,0.0,complete
fetch-20261006T122600Z-dfc47335,v2.1-f4676a0b,2022,中國國民黨,foreign_trade,written_question,40,14130,1,0.07142857142857142,1,0.07142857142857142,complete
fetch-20261006T122600Z-dfc47335,v2.1-f4676a0b,2022,中國國民黨,government,written_question,40,14130,1,0.07142857142857142,1,0.07142857142857142,complete
fetch-20261006T122600Z-dfc47335,v2.1-f4676a0b,2022,中國國民黨,health,written_question,40,14130,1,0.07142857142857142,1,0.07142857142857142,complete
fetch-20261006T122600Z-dfc47335,v2.1-f4676a0b,2022,中國國民黨,housing,written_question,40,14130,1,0.07142857142857142,1,0.07142857142857142,complete
fetch-20261006T122600Z-dfc47335,v2.1-f4676a0b,2022,中國國民黨,immigration,written_question,40,14130,0,0.0,0,0.0,complete
fetch-20261006T122600Z-dfc47335,v2.1-f4676a0b,2022,中國國民黨,indigenous,written_question,40,14130,0,0.0,0,0.0,complete
fetch-20261006T122600Z-dfc47335,v2.1-f4676a0b,2022,中國國民黨,international,written_question,40,14130,0,0.0,0,0.0,complete
fetch-20261006T122600Z-dfc47335,v2.1-f4676a0b,2022,中國國民黨,labor,written_question,40,14130,1,0.07142857142857142,1,0.07142857142857142,complete
fetch-20261006T122600Z-dfc47335,v2.1-f4676a0b,2022,中國國民黨,law_crime,written_question,40,14130,1,0.07142857142857142,1,0.07142857142857142,complete
fetch-20261006T122600Z-dfc47335,v2.1-f4676a0b,2022,中國國民黨,macroeconomy,written_question,40,14130,1,0.07142857142857142,1,0.07142857142857142,complete
fetch-20261006T122600Z-dfc47335,v2.1-f4676a0b,2022,中國國民黨,public_lands,written_question,40,14130,0,0.0,0,0.0,complete
fetch-20261006T122600Z-dfc47335,v2.1-f4676a0b,2022,中國國民黨,social_welfare,written_question,40,14130,1,0.07142857142857142,1,0.07142857142857142,complete
fetch-20261006T122600Z-dfc47335,v2.1-f4676a0b,2022,中國國民黨,technology,written_question,40,14130,1,0.07142857142857142,1,0.07142857142857142,complete
fetch-20261006T122600Z-dfc47335,v2.1-f4676a0b,2022,中國國民黨,transitional_justice,written_question,40,14130,0,0.0,0,0.0,complete
fetch-20261006T122600Z-dfc47335,v2.1-f4676a0b,2022,中國國民黨,transportation,written_question,40,14130,1,0.07142857142857142,1,0.07142857142857142,complete
fetch-20261006T122600Z-dfc47335,v2.1-f4676a0b,2022,中國國民黨,unclassified,written_question,40,14130,0,0.0,0,0.0,complete
fetch-20261006T122600Z-dfc47335,v2.1-f4676a0b,2023,中國國民黨,agriculture,bill_primary,38,13507,19,14.866666666666667,19,14.866666666666667,complete
fetch-20261006T122600Z-dfc47335,v2.1-f4676a0b,2023,中國國民黨,civil_rights,bill_primary,38,13507,54,34.166666666666664,54,34.166666666666664,complete
fetch-20261006T122600Z-dfc47335,v2.1-f4676a0b,2023,中國國民黨,commerce,bill_primary,38,13507,52,27.833333333333332,52,27.833333333333332,complete
fetch-20261006T122600Z-dfc47335,v2.1-f4676a0b,2023,中國國民黨,cross_strait,bill_primary,38,13507,6,3.25,6,3.25,complete
fetch-20261006T122600Z-dfc47335,v2.1-f4676a0b,2023,中國國民黨,culture,bill_primary,38,13507,40,28.333333333333332,40,28.333333333333332,complete
fetch-20261006T122600Z-dfc47335,v2.1-f4676a0b,2023,中國國民黨,defense,bill_primary,38,13507,24,17.333333333333332,24,17.333333333333332,complete
fetch-20261006T122600Z-dfc47335,v2.1-f4676a0b,2023,中國國民黨,education,bill_primary,38,13507,66,47.833333333333336,66,47.833333333333336,complete
fetch-20261006T122600Z-dfc47335,v2.1-f4676a0b,2023,中國國民黨,energy,bill_primary,38,13507,15,11.5,15,11.5,complete
fetch-20261006T122600Z-dfc47335,v2.1-f4676a0b,2023,中國國民黨,environment,bill_primary,38,13507,26,20.7,26,20.7,complete
fetch-20261006T122600Z-dfc47335,v2.1-f4676a0b,2023,中國國民黨,foreign_trade,bill_primary,38,13507,3,1.0333333333333332,3,1.0333333333333332,complete
fetch-20261006T122600Z-dfc47335,v2.1-f4676a0b,2023,中國國民黨,government,bill_primary,38,13507,44,26.75,44,26.75,complete
fetch-20261006T122600Z-dfc47335,v2.1-f4676a0b,2023,中國國民黨,health,bill_primary,38,13507,42,28.95,42,28.95,complete
fetch-20261006T122600Z-dfc47335,v2.1-f4676a0b,2023,中國國民黨,housing,bill_primary,38,13507,6,3.6666666666666665,6,3.6666666666666665,complete
fetch-20261006T122600Z-dfc47335,v2.1-f4676a0b,2023,中國國民黨,immigration,bill_primary,38,13507,15,8.416666666666666,15,8.416666666666666,complete
fetch-20261006T122600Z-dfc47335,v2.1-f4676a0b,2023,中國國民黨,indigenous,bill_primary,38,13507,29,16.666666666666664,29,16.666666666666664,complete
fetch-20261006T122600Z-dfc47335,v2.1-f4676a0b,2023,中國國民黨,international,bill_primary,38,13507,6,3.033333333333333,6,3.033333333333333,complete
fetch-20261006T122600Z-dfc47335,v2.1-f4676a0b,2023,中國國民黨,labor,bill_primary,38,13507,37,22.616666666666667,37,22.616666666666667,complete
fetch-20261006T122600Z-dfc47335,v2.1-f4676a0b,2023,中國國民黨,law_crime,bill_primary,38,13507,82,58.06666666666666,82,58.06666666666666,complete
fetch-20261006T122600Z-dfc47335,v2.1-f4676a0b,2023,中國國民黨,macroeconomy,bill_primary,38,13507,58,29.833333333333332,58,29.833333333333332,complete
fetch-20261006T122600Z-dfc47335,v2.1-f4676a0b,2023,中國國民黨,public_lands,bill_primary,38,13507,10,4.2,10,4.2,complete
fetch-20261006T122600Z-dfc47335,v2.1-f4676a0b,2023,中國國民黨,social_welfare,bill_primary,38,13507,37,25.416666666666668,37,25.416666666666668,complete
fetch-20261006T122600Z-dfc47335,v2.1-f4676a0b,2023,中國國民黨,technology,bill_primary,38,13507,17,10.533333333333333,17,10.533333333333333,complete
fetch-20261006T122600Z-dfc47335,v2.1-f4676a0b,2023,中國國民黨,transitional_justice,bill_primary,38,13507,0,0.0,0,0.0,complete
fetch-20261006T122600Z-dfc47335,v2.1-f4676a0b,2023,中國國民黨,transportation,bill_primary,38,13507,31,22.0,31,22.0,complete
fetch-20261006T122600Z-dfc47335,v2.1-f4676a0b,2023,中國國民黨,unclassified,bill_primary,38,13507,62,62.0,62,62.0,complete
fetch-20261006T122600Z-dfc47335,v2.1-f4676a0b,2023,中國國民黨,agriculture,bill_cosign,38,13507,231,162.96666666666667,231,162.96666666666667,complete
fetch-20261006T122600Z-dfc47335,v2.1-f4676a0b,2023,中國國民黨,civil_rights,bill_cosign,38,13507,590,373.1666666666667,590,373.1666666666667,complete
fetch-20261006T122600Z-dfc47335,v2.1-f4676a0b,2023,中國國民黨,commerce,bill_cosign,38,13507,417,212.33333333333331,417,212.33333333333331,complete
fetch-20261006T122600Z-dfc47335,v2.1-f4676a0b,2023,中國國民黨,cross_strait,bill_cosign,38,13507,48,31.5,48,31.5,complete
fetch-20261006T122600Z-dfc47335,v2.1-f4676a0b,2023,中國國民黨,culture,bill_cosign,38,13507,472,359.5,472,359.5,complete
fetch-20261006T122600Z-dfc47335,v2.1-f4676a0b,2023,中國國民黨,defense,bill_cosign,38,13507,242,171.08333333333331,242,171.08333333333331,complete
fetch-20261006T122600Z-dfc47335,v2.1-f4676a0b,2023,中國國民黨,education,bill_cosign,38,13507,659,491.71666666666664,659,491.71666666666664,complete
fetch-20261006T122600Z-dfc47335,v2.1-f4676a0b,2023,中國國民黨,energy,bill_cosign,38,13507,234,159.29999999999998,234,159.29999999999998,complete
fetch-20261006T122600Z-dfc47335,v2.1-f4676a0b,2023,中國國民黨,environment,bill_cosign,38,13507,438,302.43333333333334,438,302.43333333333334,complete
fetch-20261006T122600Z-dfc47335,v2.1-f4676a0b,2023,中國國民黨,foreign_trade,bill_cosign,38,13507,29,12.333333333333332,29,12.333333333333332,complete
fetch-20261006T122600Z-dfc47335,v2.1-f4676a0b,2023,中國國民黨,government,bill_cosign,38,13507,522,360.1333333333333,522,360.1333333333333,complete
fetch-20261006T122600Z-dfc47335,v2.1-f4676a0b,2023,中國國民黨,health,bill_cosign,38,13507,454,342.5833333333333,454,342.5833333333333,complete
fetch-20261006T122600Z-dfc47335,v2.1-f4676a0b,2023,中國國民黨,housing,bill_cosign,38,13507,64,36.83333333333333,64,36.83333333333333,complete
fetch-20261006T122600Z-dfc47335,v2.1-f4676a0b,2023,中國國民黨,immigration,bill_cosign,38,13507,172,122.66666666666667,172,122.66666666666667,complete
fetch-20261006T122600Z-dfc47335,v2.1-f4676a0b,2023,中國國民黨,indigenous,bill_cosign,38,13507,281,171.66666666666666,281,171.66666666666666,complete
fetch-20261006T122600Z-dfc47335,v2.1-f4676a0b,2023,中國國民黨,international,bill_cosign,38,13507,24,10.5,24,10.5,complete
fetch-20261006T122600Z-dfc47335,v2.1-f4676a0b,2023,中國國民黨,labor,bill_cosign,38,13507,368,217.5,368,217.5,complete
fetch-20261006T122600Z-dfc47335,v2.1-f4676a0b,2023,中國國民黨,law_crime,bill_cosign,38,13507,845,600.5,845,600.5,complete
fetch-20261006T122600Z-dfc47335,v2.1-f4676a0b,2023,中國國民黨,macroeconomy,bill_cosign,38,13507,533,275.8333333333333,533,275.8333333333333,complete
fetch-20261006T122600Z-dfc47335,v2.1-f4676a0b,2023,中國國民黨,public_lands,bill_cosign,38,13507,157,70.6,157,70.6,complete
fetch-20261006T122600Z-dfc47335,v2.1-f4676a0b,2023,中國國民黨,social_welfare,bill_cosign,38,13507,396,273.25,396,273.25,complete
fetch-20261006T122600Z-dfc47335,v2.1-f4676a0b,2023,中國國民黨,technology,bill_cosign,38,13507,202,124.46666666666667,202,124.46666666666667,complete
fetch-20261006T122600Z-dfc47335,v2.1-f4676a0b,2023,中國國民黨,transitional_justice,bill_cosign,38,13507,0,0.0,0,0.0,complete
fetch-20261006T122600Z-dfc47335,v2.1-f4676a0b,2023,中國國民黨,transportation,bill_cosign,38,13507,435,292.1333333333333,435,292.1333333333333,complete
fetch-20261006T122600Z-dfc47335,v2.1-f4676a0b,2023,中國國民黨,unclassified,bill_cosign,38,13507,843,843.0,843,843.0,complete
fetch-20261006T122600Z-dfc47335,v2.1-f4676a0b,2023,中國國民黨,agriculture,speech,38,13507,297,57.33607976729188,297,57.33607976729188,complete
fetch-20261006T122600Z-dfc47335,v2.1-f4676a0b,2023,中國國民黨,civil_rights,speech,38,13507,175,30.245453182988335,175,30.245453182988335,complete
fetch-20261006T122600Z-dfc47335,v2.1-f4676a0b,2023,中國國民黨,commerce,speech,38,13507,330,59.13522044875093,330,59.13522044875093,complete
fetch-20261006T122600Z-dfc47335,v2.1-f4676a0b,2023,中國國民黨,cross_strait,speech,38,13507,183,22.945397609977526,183,22.945397609977526,complete
fetch-20261006T122600Z-dfc47335,v2.1-f4676a0b,2023,中國國民黨,culture,speech,38,13507,172,44.67836957364367,172,44.67836957364367,complete
fetch-20261006T122600Z-dfc47335,v2.1-f4676a0b,2023,中國國民黨,defense,speech,38,13507,352,102.42457472906207,352,102.42457472906207,complete
fetch-20261006T122600Z-dfc47335,v2.1-f4676a0b,2023,中國國民黨,education,speech,38,13507,373,83.31906339185375,373,83.31906339185375,complete
fetch-20261006T122600Z-dfc47335,v2.1-f4676a0b,2023,中國國民黨,energy,speech,38,13507,277,59.36250901717438,277,59.36250901717438,complete
fetch-20261006T122600Z-dfc47335,v2.1-f4676a0b,2023,中國國民黨,environment,speech,38,13507,191,31.024896111288147,191,31.024896111288147,complete
fetch-20261006T122600Z-dfc47335,v2.1-f4676a0b,2023,中國國民黨,foreign_trade,speech,38,13507,228,33.69177081708874,228,33.69177081708874,complete
fetch-20261006T122600Z-dfc47335,v2.1-f4676a0b,2023,中國國民黨,government,speech,38,13507,396,84.32990528566282,396,84.32990528566282,complete
fetch-20261006T122600Z-dfc47335,v2.1-f4676a0b,2023,中國國民黨,health,speech,38,13507,404,89.65824276889809,404,89.65824276889809,complete
fetch-20261006T122600Z-dfc47335,v2.1-f4676a0b,2023,中國國民黨,housing,speech,38,13507,155,28.579911958474234,155,28.579911958474234,complete
fetch-20261006T122600Z-dfc47335,v2.1-f4676a0b,2023,中國國民黨,immigration,speech,38,13507,50,7.757415450065136,50,7.757415450065136,complete
fetch-20261006T122600Z-dfc47335,v2.1-f4676a0b,2023,中國國民黨,indigenous,speech,38,13507,266,83.46758020086446,266,83.46758020086446,complete
fetch-20261006T122600Z-dfc47335,v2.1-f4676a0b,2023,中國國民黨,international,speech,38,13507,173,31.298319557057635,173,31.298319557057635,complete
fetch-20261006T122600Z-dfc47335,v2.1-f4676a0b,2023,中國國民黨,labor,speech,38,13507,266,54.16500819432361,266,54.16500819432361,complete
fetch-20261006T122600Z-dfc47335,v2.1-f4676a0b,2023,中國國民黨,law_crime,speech,38,13507,625,176.49750790308659,625,176.49750790308659,complete
fetch-20261006T122600Z-dfc47335,v2.1-f4676a0b,2023,中國國民黨,macroeconomy,speech,38,13507,333,66.0643739184406,333,66.0643739184406,complete
fetch-20261006T122600Z-dfc47335,v2.1-f4676a0b,2023,中國國民黨,public_lands,speech,38,13507,196,32.02508459165738,196,32.02508459165738,complete
fetch-20261006T122600Z-dfc47335,v2.1-f4676a0b,2023,中國國民黨,social_welfare,speech,38,13507,186,28.868899778073185,186,28.868899778073185,complete
fetch-20261006T122600Z-dfc47335,v2.1-f4676a0b,2023,中國國民黨,technology,speech,38,13507,369,60.64252676894392,369,60.64252676894392,complete
fetch-20261006T122600Z-dfc47335,v2.1-f4676a0b,2023,中國國民黨,transitional_justice,speech,38,13507,29,3.9386625570176,29,3.9386625570176,complete
fetch-20261006T122600Z-dfc47335,v2.1-f4676a0b,2023,中國國民黨,transportation,speech,38,13507,274,70.05124750155139,274,70.05124750155139,complete
fetch-20261006T122600Z-dfc47335,v2.1-f4676a0b,2023,中國國民黨,unclassified,speech,38,13507,2165,1132.4919789167639,2165,1132.4919789167639,complete
fetch-20261006T122600Z-dfc47335,v2.1-f4676a0b,2023,中國國民黨,agriculture,written_question,38,13507,0,0.0,0,0.0,complete
fetch-20261006T122600Z-dfc47335,v2.1-f4676a0b,2023,中國國民黨,civil_rights,written_question,38,13507,0,0.0,0,0.0,complete
fetch-20261006T122600Z-dfc47335,v2.1-f4676a0b,2023,中國國民黨,commerce,written_question,38,13507,0,0.0,0,0.0,complete
fetch-20261006T122600Z-dfc47335,v2.1-f4676a0b,2023,中國國民黨,cross_strait,written_question,38,13507,0,0.0,0,0.0,complete
fetch-20261006T122600Z-dfc47335,v2.1-f4676a0b,2023,中國國民黨,culture,written_question,38,13507,0,0.0,0,0.0,complete
fetch-20261006T122600Z-dfc47335,v2.1-f4676a0b,2023,中國國民黨,defense,written_question,38,13507,0,0.0,0,0.0,complete
fetch-20261006T122600Z-dfc47335,v2.1-f4676a0b,2023,中國國民黨,education,written_question,38,13507,0,0.0,0,0.0,complete
fetch-20261006T122600Z-dfc47335,v2.1-f4676a0b,2023,中國國民黨,energy,written_question,38,13507,0,0.0,0,0.0,complete
fetch-20261006T122600Z-dfc47335,v2.1-f4676a0b,2023,中國國民黨,environment,written_question,38,13507,0,0.0,0,0.0,complete
fetch-20261006T122600Z-dfc47335,v2.1-f4676a0b,2023,中國國民黨,foreign_trade,written_question,38,13507,0,0.0,0,0.0,complete
fetch-20261006T122600Z-dfc47335,v2.1-f4676a0b,2023,中國國民黨,government,written_question,38,13507,0,0.0,0,0.0,complete
fetch-20261006T122600Z-dfc47335,v2.1-f4676a0b,2023,中國國民黨,health,written_question,38,13507,0,0.0,0,0.0,complete
fetch-20261006T122600Z-dfc47335,v2.1-f4676a0b,2023,中國國民黨,housing,written_question,38,13507,0,0.0,0,0.0,complete
fetch-20261006T122600Z-dfc47335,v2.1-f4676a0b,2023,中國國民黨,immigration,written_question,38,13507,0,0.0,0,0.0,complete
fetch-20261006T122600Z-dfc47335,v2.1-f4676a0b,2023,中國國民黨,indigenous,written_question,38,13507,0,0.0,0,0.0,complete
fetch-20261006T122600Z-dfc47335,v2.1-f4676a0b,2023,中國國民黨,international,written_question,38,13507,0,0.0,0,0.0,complete
fetch-20261006T122600Z-dfc47335,v2.1-f4676a0b,2023,中國國民黨,labor,written_question,38,13507,0,0.0,0,0.0,complete
fetch-20261006T122600Z-dfc47335,v2.1-f4676a0b,2023,中國國民黨,law_crime,written_question,38,13507,0,0.0,0,0.0,complete
fetch-20261006T122600Z-dfc47335,v2.1-f4676a0b,2023,中國國民黨,macroeconomy,written_question,38,13507,0,0.0,0,0.0,complete
fetch-20261006T122600Z-dfc47335,v2.1-f4676a0b,2023,中國國民黨,public_lands,written_question,38,13507,0,0.0,0,0.0,complete
fetch-20261006T122600Z-dfc47335,v2.1-f4676a0b,2023,中國國民黨,social_welfare,written_question,38,13507,0,0.0,0,0.0,complete
fetch-20261006T122600Z-dfc47335,v2.1-f4676a0b,2023,中國國民黨,technology,written_question,38,13507,0,0.0,0,0.0,complete
fetch-20261006T122600Z-dfc47335,v2.1-f4676a0b,2023,中國國民黨,transitional_justice,written_question,38,13507,0,0.0,0,0.0,complete
fetch-20261006T122600Z-dfc47335,v2.1-f4676a0b,2023,中國國民黨,transportation,written_question,38,13507,0,0.0,0,0.0,complete
fetch-20261006T122600Z-dfc47335,v2.1-f4676a0b,2023,中國國民黨,unclassified,written_question,38,13507,0,0.0,0,0.0,complete
fetch-20261006T122600Z-dfc47335,v2.1-f4676a0b,2016,親民黨,agriculture,bill_primary,3,1098,1,0.5,1,0.5,complete
fetch-20261006T122600Z-dfc47335,v2.1-f4676a0b,2016,親民黨,civil_rights,bill_primary,3,1098,9,5.0,9,5.0,complete
fetch-20261006T122600Z-dfc47335,v2.1-f4676a0b,2016,親民黨,commerce,bill_primary,3,1098,13,11.5,13,11.5,complete
fetch-20261006T122600Z-dfc47335,v2.1-f4676a0b,2016,親民黨,cross_strait,bill_primary,3,1098,1,1.0,1,1.0,complete
fetch-20261006T122600Z-dfc47335,v2.1-f4676a0b,2016,親民黨,culture,bill_primary,3,1098,1,0.5,1,0.5,complete
fetch-20261006T122600Z-dfc47335,v2.1-f4676a0b,2016,親民黨,defense,bill_primary,3,1098,2,1.5,2,1.5,complete
fetch-20261006T122600Z-dfc47335,v2.1-f4676a0b,2016,親民黨,education,bill_primary,3,1098,4,2.0,4,2.0,complete
fetch-20261006T122600Z-dfc47335,v2.1-f4676a0b,2016,親民黨,energy,bill_primary,3,1098,3,1.6666666666666665,3,1.6666666666666665,complete
fetch-20261006T122600Z-dfc47335,v2.1-f4676a0b,2016,親民黨,environment,bill_primary,3,1098,3,1.0,3,1.0,complete
fetch-20261006T122600Z-dfc47335,v2.1-f4676a0b,2016,親民黨,foreign_trade,bill_primary,3,1098,0,0.0,0,0.0,complete
fetch-20261006T122600Z-dfc47335,v2.1-f4676a0b,2016,親民黨,government,bill_primary,3,1098,5,2.5,5,2.5,complete
fetch-20261006T122600Z-dfc47335,v2.1-f4676a0b,2016,親民黨,health,bill_primary,3,1098,17,11.833333333333332,17,11.833333333333332,complete
fetch-20261006T122600Z-dfc47335,v2.1-f4676a0b,2016,親民黨,housing,bill_primary,3,1098,1,0.5,1,0.5,complete
fetch-20261006T122600Z-dfc47335,v2.1-f4676a0b,2016,親民黨,immigration,bill_primary,3,1098,2,0.5,2,0.5,complete
fetch-20261006T122600Z-dfc47335,v2.1-f4676a0b,2016,親民黨,indigenous,bill_primary,3,1098,6,3.166666666666667,6,3.166666666666667,complete
fetch-20261006T122600Z-dfc47335,v2.1-f4676a0b,2016,親民黨,international,bill_primary,3,1098,0,0.0,0,0.0,complete
fetch-20261006T122600Z-dfc47335,v2.1-f4676a0b,2016,親民黨,labor,bill_primary,3,1098,18,13.833333333333332,18,13.833333333333332,complete
fetch-20261006T122600Z-dfc47335,v2.1-f4676a0b,2016,親民黨,law_crime,bill_primary,3,1098,25,19.0,25,19.0,complete
fetch-20261006T122600Z-dfc47335,v2.1-f4676a0b,2016,親民黨,macroeconomy,bill_primary,3,1098,3,1.8333333333333333,3,1.8333333333333333,complete
fetch-20261006T122600Z-dfc47335,v2.1-f4676a0b,2016,親民黨,public_lands,bill_primary,3,1098,3,2.5,3,2.5,complete
fetch-20261006T122600Z-dfc47335,v2.1-f4676a0b,2016,親民黨,social_welfare,bill_primary,3,1098,4,3.3333333333333335,4,3.3333333333333335,complete
fetch-20261006T122600Z-dfc47335,v2.1-f4676a0b,2016,親民黨,technology,bill_primary,3,1098,1,0.5,1,0.5,complete
fetch-20261006T122600Z-dfc47335,v2.1-f4676a0b,2016,親民黨,transitional_justice,bill_primary,3,1098,1,1.0,1,1.0,complete
fetch-20261006T122600Z-dfc47335,v2.1-f4676a0b,2016,親民黨,transportation,bill_primary,3,1098,15,11.833333333333332,15,11.833333333333332,complete
fetch-20261006T122600Z-dfc47335,v2.1-f4676a0b,2016,親民黨,unclassified,bill_primary,3,1098,17,17.0,17,17.0,complete
fetch-20261006T122600Z-dfc47335,v2.1-f4676a0b,2016,親民黨,agriculture,bill_cosign,3,1098,5,3.1666666666666665,5,3.1666666666666665,complete
fetch-20261006T122600Z-dfc47335,v2.1-f4676a0b,2016,親民黨,civil_rights,bill_cosign,3,1098,14,7.333333333333333,14,7.333333333333333,complete
fetch-20261006T122600Z-dfc47335,v2.1-f4676a0b,2016,親民黨,commerce,bill_cosign,3,1098,24,11.833333333333332,24,11.833333333333332,complete
fetch-20261006T122600Z-dfc47335,v2.1-f4676a0b,2016,親民黨,cross_strait,bill_cosign,3,1098,0,0.0,0,0.0,complete
fetch-20261006T122600Z-dfc47335,v2.1-f4676a0b,2016,親民黨,culture,bill_cosign,3,1098,9,5.916666666666666,9,5.916666666666666,complete
fetch-20261006T122600Z-dfc47335,v2.1-f4676a0b,2016,親民黨,defense,bill_cosign,3,1098,7,6.0,7,6.0,complete
fetch-20261006T122600Z-dfc47335,v2.1-f4676a0b,2016,親民黨,education,bill_cosign,3,1098,16,12.25,16,12.25,complete
fetch-20261006T122600Z-dfc47335,v2.1-f4676a0b,2016,親民黨,energy,bill_cosign,3,1098,3,0.9166666666666665,3,0.9166666666666665,complete
fetch-20261006T122600Z-dfc47335,v2.1-f4676a0b,2016,親民黨,environment,bill_cosign,3,1098,7,3.75,7,3.75,complete
fetch-20261006T122600Z-dfc47335,v2.1-f4676a0b,2016,親民黨,foreign_trade,bill_cosign,3,1098,4,2.0,4,2.0,complete
fetch-20261006T122600Z-dfc47335,v2.1-f4676a0b,2016,親民黨,government,bill_cosign,3,1098,20,14.833333333333332,20,14.833333333333332,complete
fetch-20261006T122600Z-dfc47335,v2.1-f4676a0b,2016,親民黨,health,bill_cosign,3,1098,26,19.166666666666664,26,19.166666666666664,complete
fetch-20261006T122600Z-dfc47335,v2.1-f4676a0b,2016,親民黨,housing,bill_cosign,3,1098,4,3.25,4,3.25,complete
fetch-20261006T122600Z-dfc47335,v2.1-f4676a0b,2016,親民黨,immigration,bill_cosign,3,1098,16,11.333333333333332,16,11.333333333333332,complete
fetch-20261006T122600Z-dfc47335,v2.1-f4676a0b,2016,親民黨,indigenous,bill_cosign,3,1098,5,2.4166666666666665,5,2.4166666666666665,complete
fetch-20261006T122600Z-dfc47335,v2.1-f4676a0b,2016,親民黨,international,bill_cosign,3,1098,2,1.5,2,1.5,complete
fetch-20261006T122600Z-dfc47335,v2.1-f4676a0b,2016,親民黨,labor,bill_cosign,3,1098,48,35.833333333333336,48,35.833333333333336,complete
fetch-20261006T122600Z-dfc47335,v2.1-f4676a0b,2016,親民黨,law_crime,bill_cosign,3,1098,38,26.166666666666668,38,26.166666666666668,complete
fetch-20261006T122600Z-dfc47335,v2.1-f4676a0b,2016,親民黨,macroeconomy,bill_cosign,3,1098,21,11.583333333333332,21,11.583333333333332,complete
fetch-20261006T122600Z-dfc47335,v2.1-f4676a0b,2016,親民黨,public_lands,bill_cosign,3,1098,4,2.6666666666666665,4,2.6666666666666665,complete
fetch-20261006T122600Z-dfc47335,v2.1-f4676a0b,2016,親民黨,social_welfare,bill_cosign,3,1098,21,11.833333333333332,21,11.833333333333332,complete
fetch-20261006T122600Z-dfc47335,v2.1-f4676a0b,2016,親民黨,technology,bill_cosign,3,1098,20,11.333333333333332,20,11.333333333333332,complete
fetch-20261006T122600Z-dfc47335,v2.1-f4676a0b,2016,親民黨,transitional_justice,bill_cosign,3,1098,0,0.0,0,0.0,complete
fetch-20261006T122600Z-dfc47335,v2.1-f4676a0b,2016,親民黨,transportation,bill_cosign,3,1098,28,19.916666666666664,28,19.916666666666664,complete
fetch-20261006T122600Z-dfc47335,v2.1-f4676a0b,2016,親民黨,unclassified,bill_cosign,3,1098,29,29.0,29,29.0,complete
fetch-20261006T122600Z-dfc47335,v2.1-f4676a0b,2016,親民黨,agriculture,speech,3,1098,18,4.06665725372606,18,4.06665725372606,complete
fetch-20261006T122600Z-dfc47335,v2.1-f4676a0b,2016,親民黨,civil_rights,speech,3,1098,19,3.0230893129678718,19,3.0230893129678718,complete
fetch-20261006T122600Z-dfc47335,v2.1-f4676a0b,2016,親民黨,commerce,speech,3,1098,30,4.378213432300065,30,4.378213432300065,complete
fetch-20261006T122600Z-dfc47335,v2.1-f4676a0b,2016,親民黨,cross_strait,speech,3,1098,38,9.247658545962913,38,9.247658545962913,complete
fetch-20261006T122600Z-dfc47335,v2.1-f4676a0b,2016,親民黨,culture,speech,3,1098,11,1.9015461375361353,11,1.9015461375361353,complete
fetch-20261006T122600Z-dfc47335,v2.1-f4676a0b,2016,親民黨,defense,speech,3,1098,18,1.7478281528625432,18,1.7478281528625432,complete
fetch-20261006T122600Z-dfc47335,v2.1-f4676a0b,2016,親民黨,education,speech,3,1098,32,4.998973337647353,32,4.998973337647353,complete
fetch-20261006T122600Z-dfc47335,v2.1-f4676a0b,2016,親民黨,energy,speech,3,1098,11,2.613145899720336,11,2.613145899720336,complete
fetch-20261006T122600Z-dfc47335,v2.1-f4676a0b,2016,親民黨,environment,speech,3,1098,5,0.4618442628042248,5,0.4618442628042248,complete
fetch-20261006T122600Z-dfc47335,v2.1-f4676a0b,2016,親民黨,foreign_trade,speech,3,1098,10,0.599425457114283,10,0.599425457114283,complete
fetch-20261006T122600Z-dfc47335,v2.1-f4676a0b,2016,親民黨,government,speech,3,1098,45,11.688732013561356,45,11.688732013561356,complete
fetch-20261006T122600Z-dfc47335,v2.1-f4676a0b,2016,親民黨,health,speech,3,1098,21,4.166535894566413,21,4.166535894566413,complete
fetch-20261006T122600Z-dfc47335,v2.1-f4676a0b,2016,親民黨,housing,speech,3,1098,24,3.207620286166307,24,3.207620286166307,complete
fetch-20261006T122600Z-dfc47335,v2.1-f4676a0b,2016,親民黨,immigration,speech,3,1098,8,1.602164700038471,8,1.602164700038471,complete
fetch-20261006T122600Z-dfc47335,v2.1-f4676a0b,2016,親民黨,indigenous,speech,3,1098,12,2.6337617069849277,12,2.6337617069849277,complete
fetch-20261006T122600Z-dfc47335,v2.1-f4676a0b,2016,親民黨,international,speech,3,1098,18,2.8111209586122246,18,2.8111209586122246,complete
fetch-20261006T122600Z-dfc47335,v2.1-f4676a0b,2016,親民黨,labor,speech,3,1098,19,5.4468637544636165,19,5.4468637544636165,complete
fetch-20261006T122600Z-dfc47335,v2.1-f4676a0b,2016,親民黨,law_crime,speech,3,1098,79,27.399527358374087,79,27.399527358374087,complete
fetch-20261006T122600Z-dfc47335,v2.1-f4676a0b,2016,親民黨,macroeconomy,speech,3,1098,14,1.5774887918025504,14,1.5774887918025504,complete
fetch-20261006T122600Z-dfc47335,v2.1-f4676a0b,2016,親民黨,public_lands,speech,3,1098,22,3.1971878554844304,22,3.1971878554844304,complete
fetch-20261006T122600Z-dfc47335,v2.1-f4676a0b,2016,親民黨,social_welfare,speech,3,1098,22,2.237024767824699,22,2.237024767824699,complete
fetch-20261006T122600Z-dfc47335,v2.1-f4676a0b,2016,親民黨,technology,speech,3,1098,11,1.1787257785754792,11,1.1787257785754792,complete
fetch-20261006T122600Z-dfc47335,v2.1-f4676a0b,2016,親民黨,transitional_justice,speech,3,1098,12,3.6348814969785765,12,3.6348814969785765,complete
fetch-20261006T122600Z-dfc47335,v2.1-f4676a0b,2016,親民黨,transportation,speech,3,1098,41,13.842798402451427,41,13.842798402451427,complete
fetch-20261006T122600Z-dfc47335,v2.1-f4676a0b,2016,親民黨,unclassified,speech,3,1098,221,128.33718444147365,221,128.33718444147365,complete
fetch-20261006T122600Z-dfc47335,v2.1-f4676a0b,2016,親民黨,agriculture,written_question,3,1098,1,1.0,1,1.0,complete
fetch-20261006T122600Z-dfc47335,v2.1-f4676a0b,2016,親民黨,civil_rights,written_question,3,1098,0,0.0,0,0.0,complete
fetch-20261006T122600Z-dfc47335,v2.1-f4676a0b,2016,親民黨,commerce,written_question,3,1098,1,0.17809139784946237,1,0.17809139784946237,complete
fetch-20261006T122600Z-dfc47335,v2.1-f4676a0b,2016,親民黨,cross_strait,written_question,3,1098,4,1.5114247311827957,4,1.5114247311827957,complete
fetch-20261006T122600Z-dfc47335,v2.1-f4676a0b,2016,親民黨,culture,written_question,3,1098,0,0.0,0,0.0,complete
fetch-20261006T122600Z-dfc47335,v2.1-f4676a0b,2016,親民黨,defense,written_question,3,1098,0,0.0,0,0.0,complete
fetch-20261006T122600Z-dfc47335,v2.1-f4676a0b,2016,親民黨,education,written_question,3,1098,2,0.5262525879917184,2,0.5262525879917184,complete
fetch-20261006T122600Z-dfc47335,v2.1-f4676a0b,2016,親民黨,energy,written_question,3,1098,1,0.3333333333333333,1,0.3333333333333333,complete
fetch-20261006T122600Z-dfc47335,v2.1-f4676a0b,2016,親民黨,environment,written_question,3,1098,0,0.0,0,0.0,complete
fetch-20261006T122600Z-dfc47335,v2.1-f4676a0b,2016,親民黨,foreign_trade,written_question,3,1098,0,0.0,0,0.0,complete
fetch-20261006T122600Z-dfc47335,v2.1-f4676a0b,2016,親民黨,government,written_question,3,1098,3,1.692919254658385,3,1.692919254658385,complete
fetch-20261006T122600Z-dfc47335,v2.1-f4676a0b,2016,親民黨,health,written_question,3,1098,2,0.5262525879917184,2,0.5262525879917184,complete
fetch-20261006T122600Z-dfc47335,v2.1-f4676a0b,2016,親民黨,housing,written_question,3,1098,1,0.5,1,0.5,complete
fetch-20261006T122600Z-dfc47335,v2.1-f4676a0b,2016,親民黨,immigration,written_question,3,1098,1,0.5,1,0.5,complete
fetch-20261006T122600Z-dfc47335,v2.1-f4676a0b,2016,親民黨,indigenous,written_question,3,1098,2,1.0,2,1.0,complete
fetch-20261006T122600Z-dfc47335,v2.1-f4676a0b,2016,親民黨,international,written_question,3,1098,0,0.0,0,0.0,complete
fetch-20261006T122600Z-dfc47335,v2.1-f4676a0b,2016,親民黨,labor,written_question,3,1098,2,0.5262525879917184,2,0.5262525879917184,complete
fetch-20261006T122600Z-dfc47335,v2.1-f4676a0b,2016,親民黨,law_crime,written_question,3,1098,6,2.6666666666666665,6,2.6666666666666665,complete
fetch-20261006T122600Z-dfc47335,v2.1-f4676a0b,2016,親民黨,macroeconomy,written_question,3,1098,1,1.0,1,1.0,complete
fetch-20261006T122600Z-dfc47335,v2.1-f4676a0b,2016,親民黨,public_lands,written_question,3,1098,0,0.0,0,0.0,complete
fetch-20261006T122600Z-dfc47335,v2.1-f4676a0b,2016,親民黨,social_welfare,written_question,3,1098,2,0.34816119014225605,2,0.34816119014225605,complete
fetch-20261006T122600Z-dfc47335,v2.1-f4676a0b,2016,親民黨,technology,written_question,3,1098,3,1.4885752688172043,3,1.4885752688172043,complete
fetch-20261006T122600Z-dfc47335,v2.1-f4676a0b,2016,親民黨,transitional_justice,written_question,3,1098,2,1.0,2,1.0,complete
fetch-20261006T122600Z-dfc47335,v2.1-f4676a0b,2016,親民黨,transportation,written_question,3,1098,3,1.1666666666666665,3,1.1666666666666665,complete
fetch-20261006T122600Z-dfc47335,v2.1-f4676a0b,2016,親民黨,unclassified,written_question,3,1098,1,0.03540372670807453,1,0.03540372670807453,complete
fetch-20261006T122600Z-dfc47335,v2.1-f4676a0b,2017,親民黨,agriculture,bill_primary,3,1095,1,1.0,1,1.0,complete
fetch-20261006T122600Z-dfc47335,v2.1-f4676a0b,2017,親民黨,civil_rights,bill_primary,3,1095,0,0.0,0,0.0,complete
fetch-20261006T122600Z-dfc47335,v2.1-f4676a0b,2017,親民黨,commerce,bill_primary,3,1095,3,1.3333333333333333,3,1.3333333333333333,complete
fetch-20261006T122600Z-dfc47335,v2.1-f4676a0b,2017,親民黨,cross_strait,bill_primary,3,1095,0,0.0,0,0.0,complete
fetch-20261006T122600Z-dfc47335,v2.1-f4676a0b,2017,親民黨,culture,bill_primary,3,1095,1,1.0,1,1.0,complete
fetch-20261006T122600Z-dfc47335,v2.1-f4676a0b,2017,親民黨,defense,bill_primary,3,1095,3,1.5,3,1.5,complete
fetch-20261006T122600Z-dfc47335,v2.1-f4676a0b,2017,親民黨,education,bill_primary,3,1095,1,0.3333333333333333,1,0.3333333333333333,complete
fetch-20261006T122600Z-dfc47335,v2.1-f4676a0b,2017,親民黨,energy,bill_primary,3,1095,0,0.0,0,0.0,complete
fetch-20261006T122600Z-dfc47335,v2.1-f4676a0b,2017,親民黨,environment,bill_primary,3,1095,2,0.8333333333333333,2,0.8333333333333333,complete
fetch-20261006T122600Z-dfc47335,v2.1-f4676a0b,2017,親民黨,foreign_trade,bill_primary,3,1095,0,0.0,0,0.0,complete
fetch-20261006T122600Z-dfc47335,v2.1-f4676a0b,2017,親民黨,government,bill_primary,3,1095,20,9.0,20,9.0,complete
fetch-20261006T122600Z-dfc47335,v2.1-f4676a0b,2017,親民黨,health,bill_primary,3,1095,4,4.0,4,4.0,complete
fetch-20261006T122600Z-dfc47335,v2.1-f4676a0b,2017,親民黨,housing,bill_primary,3,1095,1,1.0,1,1.0,complete
fetch-20261006T122600Z-dfc47335,v2.1-f4676a0b,2017,親民黨,immigration,bill_primary,3,1095,0,0.0,0,0.0,complete
fetch-20261006T122600Z-dfc47335,v2.1-f4676a0b,2017,親民黨,indigenous,bill_primary,3,1095,3,3.0,3,3.0,complete
fetch-20261006T122600Z-dfc47335,v2.1-f4676a0b,2017,親民黨,international,bill_primary,3,1095,0,0.0,0,0.0,complete
fetch-20261006T122600Z-dfc47335,v2.1-f4676a0b,2017,親民黨,labor,bill_primary,3,1095,8,7.0,8,7.0,complete
fetch-20261006T122600Z-dfc47335,v2.1-f4676a0b,2017,親民黨,law_crime,bill_primary,3,1095,27,15.5,27,15.5,complete
fetch-20261006T122600Z-dfc47335,v2.1-f4676a0b,2017,親民黨,macroeconomy,bill_primary,3,1095,20,7.666666666666667,20,7.666666666666667,complete
fetch-20261006T122600Z-dfc47335,v2.1-f4676a0b,2017,親民黨,public_lands,bill_primary,3,1095,0,0.0,0,0.0,complete
fetch-20261006T122600Z-dfc47335,v2.1-f4676a0b,2017,親民黨,social_welfare,bill_primary,3,1095,4,2.333333333333333,4,2.333333333333333,complete
fetch-20261006T122600Z-dfc47335,v2.1-f4676a0b,2017,親民黨,technology,bill_primary,3,1095,1,1.0,1,1.0,complete
fetch-20261006T122600Z-dfc47335,v2.1-f4676a0b,2017,親民黨,transitional_justice,bill_primary,3,1095,0,0.0,0,0.0,complete
fetch-20261006T122600Z-dfc47335,v2.1-f4676a0b,2017,親民黨,transportation,bill_primary,3,1095,3,2.5,3,2.5,complete
fetch-20261006T122600Z-dfc47335,v2.1-f4676a0b,2017,親民黨,unclassified,bill_primary,3,1095,5,5.0,5,5.0,complete
fetch-20261006T122600Z-dfc47335,v2.1-f4676a0b,2017,親民黨,agriculture,bill_cosign,3,1095,3,2.5,3,2.5,complete
fetch-20261006T122600Z-dfc47335,v2.1-f4676a0b,2017,親民黨,civil_rights,bill_cosign,3,1095,6,2.583333333333333,6,2.583333333333333,complete
fetch-20261006T122600Z-dfc47335,v2.1-f4676a0b,2017,親民黨,commerce,bill_cosign,3,1095,10,6.666666666666666,10,6.666666666666666,complete
fetch-20261006T122600Z-dfc47335,v2.1-f4676a0b,2017,親民黨,cross_strait,bill_cosign,3,1095,0,0.0,0,0.0,complete
fetch-20261006T122600Z-dfc47335,v2.1-f4676a0b,2017,親民黨,culture,bill_cosign,3,1095,2,2.0,2,2.0,complete
fetch-20261006T122600Z-dfc47335,v2.1-f4676a0b,2017,親民黨,defense,bill_cosign,3,1095,3,2.5,3,2.5,complete
fetch-20261006T122600Z-dfc47335,v2.1-f4676a0b,2017,親民黨,education,bill_cosign,3,1095,6,3.9999999999999996,6,3.9999999999999996,complete
fetch-20261006T122600Z-dfc47335,v2.1-f4676a0b,2017,親民黨,energy,bill_cosign,3,1095,8,5.666666666666666,8,5.666666666666666,complete
fetch-20261006T122600Z-dfc47335,v2.1-f4676a0b,2017,親民黨,environment,bill_cosign,3,1095,15,12.666666666666666,15,12.666666666666666,complete
fetch-20261006T122600Z-dfc47335,v2.1-f4676a0b,2017,親民黨,foreign_trade,bill_cosign,3,1095,2,0.5,2,0.5,complete
fetch-20261006T122600Z-dfc47335,v2.1-f4676a0b,2017,親民黨,government,bill_cosign,3,1095,13,8.166666666666666,13,8.166666666666666,complete
fetch-20261006T122600Z-dfc47335,v2.1-f4676a0b,2017,親民黨,health,bill_cosign,3,1095,14,11.0,14,11.0,complete
fetch-20261006T122600Z-dfc47335,v2.1-f4676a0b,2017,親民黨,housing,bill_cosign,3,1095,2,0.8333333333333333,2,0.8333333333333333,complete
fetch-20261006T122600Z-dfc47335,v2.1-f4676a0b,2017,親民黨,immigration,bill_cosign,3,1095,2,0.5833333333333333,2,0.5833333333333333,complete
fetch-20261006T122600Z-dfc47335,v2.1-f4676a0b,2017,親民黨,indigenous,bill_cosign,3,1095,3,3.0,3,3.0,complete
fetch-20261006T122600Z-dfc47335,v2.1-f4676a0b,2017,親民黨,international,bill_cosign,3,1095,2,1.25,2,1.25,complete
fetch-20261006T122600Z-dfc47335,v2.1-f4676a0b,2017,親民黨,labor,bill_cosign,3,1095,14,9.833333333333332,14,9.833333333333332,complete
fetch-20261006T122600Z-dfc47335,v2.1-f4676a0b,2017,親民黨,law_crime,bill_cosign,3,1095,35,23.083333333333336,35,23.083333333333336,complete
fetch-20261006T122600Z-dfc47335,v2.1-f4676a0b,2017,親民黨,macroeconomy,bill_cosign,3,1095,12,4.833333333333334,12,4.833333333333334,complete
fetch-20261006T122600Z-dfc47335,v2.1-f4676a0b,2017,親民黨,public_lands,bill_cosign,3,1095,4,1.9999999999999998,4,1.9999999999999998,complete
fetch-20261006T122600Z-dfc47335,v2.1-f4676a0b,2017,親民黨,social_welfare,bill_cosign,3,1095,8,4.666666666666667,8,4.666666666666667,complete
fetch-20261006T122600Z-dfc47335,v2.1-f4676a0b,2017,親民黨,technology,bill_cosign,3,1095,8,5.0,8,5.0,complete
fetch-20261006T122600Z-dfc47335,v2.1-f4676a0b,2017,親民黨,transitional_justice,bill_cosign,3,1095,0,0.0,0,0.0,complete
fetch-20261006T122600Z-dfc47335,v2.1-f4676a0b,2017,親民黨,transportation,bill_cosign,3,1095,16,12.666666666666666,16,12.666666666666666,complete
fetch-20261006T122600Z-dfc47335,v2.1-f4676a0b,2017,親民黨,unclassified,bill_cosign,3,1095,28,28.0,28,28.0,complete
fetch-20261006T122600Z-dfc47335,v2.1-f4676a0b,2017,親民黨,agriculture,speech,3,1095,27,5.191186366475002,27,5.191186366475002,complete
fetch-20261006T122600Z-dfc47335,v2.1-f4676a0b,2017,親民黨,civil_rights,speech,3,1095,14,1.5331558959245724,14,1.5331558959245724,complete
fetch-20261006T122600Z-dfc47335,v2.1-f4676a0b,2017,親民黨,commerce,speech,3,1095,32,5.419393043558272,32,5.419393043558272,complete
fetch-20261006T122600Z-dfc47335,v2.1-f4676a0b,2017,親民黨,cross_strait,speech,3,1095,26,4.991218481775475,26,4.991218481775475,complete
fetch-20261006T122600Z-dfc47335,v2.1-f4676a0b,2017,親民黨,culture,speech,3,1095,22,7.102806866692032,22,7.102806866692032,complete
fetch-20261006T122600Z-dfc47335,v2.1-f4676a0b,2017,親民黨,defense,speech,3,1095,14,1.4755174817655425,14,1.4755174817655425,complete
fetch-20261006T122600Z-dfc47335,v2.1-f4676a0b,2017,親民黨,education,speech,3,1095,49,8.926012569556766,49,8.926012569556766,complete
fetch-20261006T122600Z-dfc47335,v2.1-f4676a0b,2017,親民黨,energy,speech,3,1095,22,5.022469639134242,22,5.022469639134242,complete
fetch-20261006T122600Z-dfc47335,v2.1-f4676a0b,2017,親民黨,environment,speech,3,1095,24,5.199335755741388,24,5.199335755741388,complete
fetch-20261006T122600Z-dfc47335,v2.1-f4676a0b,2017,親民黨,foreign_trade,speech,3,1095,7,0.6878958910161562,7,0.6878958910161562,complete
fetch-20261006T122600Z-dfc47335,v2.1-f4676a0b,2017,親民黨,government,speech,3,1095,63,20.936569194687245,63,20.936569194687245,complete
fetch-20261006T122600Z-dfc47335,v2.1-f4676a0b,2017,親民黨,health,speech,3,1095,55,13.15071006614263,55,13.15071006614263,complete
fetch-20261006T122600Z-dfc47335,v2.1-f4676a0b,2017,親民黨,housing,speech,3,1095,12,2.916632941798134,12,2.916632941798134,complete
fetch-20261006T122600Z-dfc47335,v2.1-f4676a0b,2017,親民黨,immigration,speech,3,1095,4,0.42403179763878174,4,0.42403179763878174,complete
fetch-20261006T122600Z-dfc47335,v2.1-f4676a0b,2017,親民黨,indigenous,speech,3,1095,14,3.7347591171107006,14,3.7347591171107006,complete
fetch-20261006T122600Z-dfc47335,v2.1-f4676a0b,2017,親民黨,international,speech,3,1095,16,1.4121798894543283,16,1.4121798894543283,complete
fetch-20261006T122600Z-dfc47335,v2.1-f4676a0b,2017,親民黨,labor,speech,3,1095,66,24.24506319383316,66,24.24506319383316,complete
fetch-20261006T122600Z-dfc47335,v2.1-f4676a0b,2017,親民黨,law_crime,speech,3,1095,59,11.75636769411472,59,11.75636769411472,complete
fetch-20261006T122600Z-dfc47335,v2.1-f4676a0b,2017,親民黨,macroeconomy,speech,3,1095,34,8.922298396762198,34,8.922298396762198,complete
fetch-20261006T122600Z-dfc47335,v2.1-f4676a0b,2017,親民黨,public_lands,speech,3,1095,22,4.0149144042487075,22,4.0149144042487075,complete
fetch-20261006T122600Z-dfc47335,v2.1-f4676a0b,2017,親民黨,social_welfare,speech,3,1095,53,13.157275690359779,53,13.157275690359779,complete
fetch-20261006T122600Z-dfc47335,v2.1-f4676a0b,2017,親民黨,technology,speech,3,1095,17,4.12247360059536,17,4.12247360059536,complete
fetch-20261006T122600Z-dfc47335,v2.1-f4676a0b,2017,親民黨,transitional_justice,speech,3,1095,7,1.7582686946979469,7,1.7582686946979469,complete
fetch-20261006T122600Z-dfc47335,v2.1-f4676a0b,2017,親民黨,transportation,speech,3,1095,62,19.65837419385118,62,19.65837419385118,complete
fetch-20261006T122600Z-dfc47335,v2.1-f4676a0b,2017,親民黨,unclassified,speech,3,1095,196,102.24108913306569,196,102.24108913306569,complete
fetch-20261006T122600Z-dfc47335,v2.1-f4676a0b,2017,親民黨,agriculture,written_question,3,1095,1,0.14285714285714285,1,0.14285714285714285,complete
fetch-20261006T122600Z-dfc47335,v2.1-f4676a0b,2017,親民黨,civil_rights,written_question,3,1095,0,0.0,0,0.0,complete
fetch-20261006T122600Z-dfc47335,v2.1-f4676a0b,2017,親民黨,commerce,written_question,3,1095,0,0.0,0,0.0,complete
fetch-20261006T122600Z-dfc47335,v2.1-f4676a0b,2017,親民黨,cross_strait,written_question,3,1095,0,0.0,0,0.0,complete
fetch-20261006T122600Z-dfc47335,v2.1-f4676a0b,2017,親民黨,culture,written_question,3,1095,0,0.0,0,0.0,complete
fetch-20261006T122600Z-dfc47335,v2.1-f4676a0b,2017,親民黨,defense,written_question,3,1095,0,0.0,0,0.0,complete
fetch-20261006T122600Z-dfc47335,v2.1-f4676a0b,2017,親民黨,education,written_question,3,1095,0,0.0,0,0.0,complete
fetch-20261006T122600Z-dfc47335,v2.1-f4676a0b,2017,親民黨,energy,written_question,3,1095,1,0.14285714285714285,1,0.14285714285714285,complete
fetch-20261006T122600Z-dfc47335,v2.1-f4676a0b,2017,親民黨,environment,written_question,3,1095,0,0.0,0,0.0,complete
fetch-20261006T122600Z-dfc47335,v2.1-f4676a0b,2017,親民黨,foreign_trade,written_question,3,1095,0,0.0,0,0.0,complete
fetch-20261006T122600Z-dfc47335,v2.1-f4676a0b,2017,親民黨,government,written_question,3,1095,1,0.3333333333333333,1,0.3333333333333333,complete
fetch-20261006T122600Z-dfc47335,v2.1-f4676a0b,2017,親民黨,health,written_question,3,1095,0,0.0,0,0.0,complete
fetch-20261006T122600Z-dfc47335,v2.1-f4676a0b,2017,親民黨,housing,written_question,3,1095,1,0.14285714285714285,1,0.14285714285714285,complete
fetch-20261006T122600Z-dfc47335,v2.1-f4676a0b,2017,親民黨,immigration,written_question,3,1095,0,0.0,0,0.0,complete
fetch-20261006T122600Z-dfc47335,v2.1-f4676a0b,2017,親民黨,indigenous,written_question,3,1095,0,0.0,0,0.0,complete
fetch-20261006T122600Z-dfc47335,v2.1-f4676a0b,2017,親民黨,international,written_question,3,1095,0,0.0,0,0.0,complete
fetch-20261006T122600Z-dfc47335,v2.1-f4676a0b,2017,親民黨,labor,written_question,3,1095,0,0.0,0,0.0,complete
fetch-20261006T122600Z-dfc47335,v2.1-f4676a0b,2017,親民黨,law_crime,written_question,3,1095,2,0.47619047619047616,2,0.47619047619047616,complete
fetch-20261006T122600Z-dfc47335,v2.1-f4676a0b,2017,親民黨,macroeconomy,written_question,3,1095,2,0.47619047619047616,2,0.47619047619047616,complete
fetch-20261006T122600Z-dfc47335,v2.1-f4676a0b,2017,親民黨,public_lands,written_question,3,1095,0,0.0,0,0.0,complete
fetch-20261006T122600Z-dfc47335,v2.1-f4676a0b,2017,親民黨,social_welfare,written_question,3,1095,0,0.0,0,0.0,complete
fetch-20261006T122600Z-dfc47335,v2.1-f4676a0b,2017,親民黨,technology,written_question,3,1095,1,0.14285714285714285,1,0.14285714285714285,complete
fetch-20261006T122600Z-dfc47335,v2.1-f4676a0b,2017,親民黨,transitional_justice,written_question,3,1095,0,0.0,0,0.0,complete
fetch-20261006T122600Z-dfc47335,v2.1-f4676a0b,2017,親民黨,transportation,written_question,3,1095,1,0.14285714285714285,1,0.14285714285714285,complete
fetch-20261006T122600Z-dfc47335,v2.1-f4676a0b,2017,親民黨,unclassified,written_question,3,1095,0,0.0,0,0.0,complete
fetch-20261006T122600Z-dfc47335,v2.1-f4676a0b,2018,親民黨,agriculture,bill_primary,3,1095,2,1.0,2,1.0,complete
fetch-20261006T122600Z-dfc47335,v2.1-f4676a0b,2018,親民黨,civil_rights,bill_primary,3,1095,2,1.0,2,1.0,complete
fetch-20261006T122600Z-dfc47335,v2.1-f4676a0b,2018,親民黨,commerce,bill_primary,3,1095,5,3.0,5,3.0,complete
fetch-20261006T122600Z-dfc47335,v2.1-f4676a0b,2018,親民黨,cross_strait,bill_primary,3,1095,0,0.0,0,0.0,complete
fetch-20261006T122600Z-dfc47335,v2.1-f4676a0b,2018,親民黨,culture,bill_primary,3,1095,1,1.0,1,1.0,complete
fetch-20261006T122600Z-dfc47335,v2.1-f4676a0b,2018,親民黨,defense,bill_primary,3,1095,6,5.25,6,5.25,complete
fetch-20261006T122600Z-dfc47335,v2.1-f4676a0b,2018,親民黨,education,bill_primary,3,1095,8,6.333333333333333,8,6.333333333333333,complete
fetch-20261006T122600Z-dfc47335,v2.1-f4676a0b,2018,親民黨,energy,bill_primary,3,1095,0,0.0,0,0.0,complete
fetch-20261006T122600Z-dfc47335,v2.1-f4676a0b,2018,親民黨,environment,bill_primary,3,1095,3,2.0,3,2.0,complete
fetch-20261006T122600Z-dfc47335,v2.1-f4676a0b,2018,親民黨,foreign_trade,bill_primary,3,1095,0,0.0,0,0.0,complete
fetch-20261006T122600Z-dfc47335,v2.1-f4676a0b,2018,親民黨,government,bill_primary,3,1095,5,3.083333333333333,5,3.083333333333333,complete
fetch-20261006T122600Z-dfc47335,v2.1-f4676a0b,2018,親民黨,health,bill_primary,3,1095,3,2.5,3,2.5,complete
fetch-20261006T122600Z-dfc47335,v2.1-f4676a0b,2018,親民黨,housing,bill_primary,3,1095,0,0.0,0,0.0,complete
fetch-20261006T122600Z-dfc47335,v2.1-f4676a0b,2018,親民黨,immigration,bill_primary,3,1095,0,0.0,0,0.0,complete
fetch-20261006T122600Z-dfc47335,v2.1-f4676a0b,2018,親民黨,indigenous,bill_primary,3,1095,0,0.0,0,0.0,complete
fetch-20261006T122600Z-dfc47335,v2.1-f4676a0b,2018,親民黨,international,bill_primary,3,1095,0,0.0,0,0.0,complete
fetch-20261006T122600Z-dfc47335,v2.1-f4676a0b,2018,親民黨,labor,bill_primary,3,1095,6,2.9166666666666665,6,2.9166666666666665,complete
fetch-20261006T122600Z-dfc47335,v2.1-f4676a0b,2018,親民黨,law_crime,bill_primary,3,1095,7,3.75,7,3.75,complete
fetch-20261006T122600Z-dfc47335,v2.1-f4676a0b,2018,親民黨,macroeconomy,bill_primary,3,1095,5,2.5,5,2.5,complete
fetch-20261006T122600Z-dfc47335,v2.1-f4676a0b,2018,親民黨,public_lands,bill_primary,3,1095,3,2.0,3,2.0,complete
fetch-20261006T122600Z-dfc47335,v2.1-f4676a0b,2018,親民黨,social_welfare,bill_primary,3,1095,7,3.1666666666666665,7,3.1666666666666665,complete
fetch-20261006T122600Z-dfc47335,v2.1-f4676a0b,2018,親民黨,technology,bill_primary,3,1095,2,1.5,2,1.5,complete
fetch-20261006T122600Z-dfc47335,v2.1-f4676a0b,2018,親民黨,transitional_justice,bill_primary,3,1095,0,0.0,0,0.0,complete
fetch-20261006T122600Z-dfc47335,v2.1-f4676a0b,2018,親民黨,transportation,bill_primary,3,1095,3,3.0,3,3.0,complete
fetch-20261006T122600Z-dfc47335,v2.1-f4676a0b,2018,親民黨,unclassified,bill_primary,3,1095,8,8.0,8,8.0,complete
fetch-20261006T122600Z-dfc47335,v2.1-f4676a0b,2018,親民黨,agriculture,bill_cosign,3,1095,3,1.5,3,1.5,complete
fetch-20261006T122600Z-dfc47335,v2.1-f4676a0b,2018,親民黨,civil_rights,bill_cosign,3,1095,12,6.666666666666666,12,6.666666666666666,complete
fetch-20261006T122600Z-dfc47335,v2.1-f4676a0b,2018,親民黨,commerce,bill_cosign,3,1095,6,4.0,6,4.0,complete
fetch-20261006T122600Z-dfc47335,v2.1-f4676a0b,2018,親民黨,cross_strait,bill_cosign,3,1095,0,0.0,0,0.0,complete
fetch-20261006T122600Z-dfc47335,v2.1-f4676a0b,2018,親民黨,culture,bill_cosign,3,1095,6,2.5,6,2.5,complete
fetch-20261006T122600Z-dfc47335,v2.1-f4676a0b,2018,親民黨,defense,bill_cosign,3,1095,2,1.5,2,1.5,complete
fetch-20261006T122600Z-dfc47335,v2.1-f4676a0b,2018,親民黨,education,bill_cosign,3,1095,9,4.666666666666667,9,4.666666666666667,complete
fetch-20261006T122600Z-dfc47335,v2.1-f4676a0b,2018,親民黨,energy,bill_cosign,3,1095,3,2.0,3,2.0,complete
fetch-20261006T122600Z-dfc47335,v2.1-f4676a0b,2018,親民黨,environment,bill_cosign,3,1095,3,1.5,3,1.5,complete
fetch-20261006T122600Z-dfc47335,v2.1-f4676a0b,2018,親民黨,foreign_trade,bill_cosign,3,1095,1,0.5,1,0.5,complete
fetch-20261006T122600Z-dfc47335,v2.1-f4676a0b,2018,親民黨,government,bill_cosign,3,1095,4,3.5,4,3.5,complete
fetch-20261006T122600Z-dfc47335,v2.1-f4676a0b,2018,親民黨,health,bill_cosign,3,1095,11,8.833333333333332,11,8.833333333333332,complete
fetch-20261006T122600Z-dfc47335,v2.1-f4676a0b,2018,親民黨,housing,bill_cosign,3,1095,3,1.0,3,1.0,complete
fetch-20261006T122600Z-dfc47335,v2.1-f4676a0b,2018,親民黨,immigration,bill_cosign,3,1095,5,2.833333333333333,5,2.833333333333333,complete
fetch-20261006T122600Z-dfc47335,v2.1-f4676a0b,2018,親民黨,indigenous,bill_cosign,3,1095,3,2.0,3,2.0,complete
fetch-20261006T122600Z-dfc47335,v2.1-f4676a0b,2018,親民黨,international,bill_cosign,3,1095,3,1.6666666666666665,3,1.6666666666666665,complete
fetch-20261006T122600Z-dfc47335,v2.1-f4676a0b,2018,親民黨,labor,bill_cosign,3,1095,11,9.0,11,9.0,complete
fetch-20261006T122600Z-dfc47335,v2.1-f4676a0b,2018,親民黨,law_crime,bill_cosign,3,1095,17,10.666666666666666,17,10.666666666666666,complete
fetch-20261006T122600Z-dfc47335,v2.1-f4676a0b,2018,親民黨,macroeconomy,bill_cosign,3,1095,9,6.5,9,6.5,complete
fetch-20261006T122600Z-dfc47335,v2.1-f4676a0b,2018,親民黨,public_lands,bill_cosign,3,1095,2,2.0,2,2.0,complete
fetch-20261006T122600Z-dfc47335,v2.1-f4676a0b,2018,親民黨,social_welfare,bill_cosign,3,1095,7,3.6666666666666665,7,3.6666666666666665,complete
fetch-20261006T122600Z-dfc47335,v2.1-f4676a0b,2018,親民黨,technology,bill_cosign,3,1095,3,1.6666666666666665,3,1.6666666666666665,complete
fetch-20261006T122600Z-dfc47335,v2.1-f4676a0b,2018,親民黨,transitional_justice,bill_cosign,3,1095,1,0.3333333333333333,1,0.3333333333333333,complete
fetch-20261006T122600Z-dfc47335,v2.1-f4676a0b,2018,親民黨,transportation,bill_cosign,3,1095,10,8.5,10,8.5,complete
fetch-20261006T122600Z-dfc47335,v2.1-f4676a0b,2018,親民黨,unclassified,bill_cosign,3,1095,20,20.0,20,20.0,complete
fetch-20261006T122600Z-dfc47335,v2.1-f4676a0b,2018,親民黨,agriculture,speech,3,1095,20,5.324424025703032,20,5.324424025703032,complete
fetch-20261006T122600Z-dfc47335,v2.1-f4676a0b,2018,親民黨,civil_rights,speech,3,1095,2,0.26933453740778196,2,0.26933453740778196,complete
fetch-20261006T122600Z-dfc47335,v2.1-f4676a0b,2018,親民黨,commerce,speech,3,1095,29,5.038965596480182,29,5.038965596480182,complete
fetch-20261006T122600Z-dfc47335,v2.1-f4676a0b,2018,親民黨,cross_strait,speech,3,1095,22,3.3343707281751893,22,3.3343707281751893,complete
fetch-20261006T122600Z-dfc47335,v2.1-f4676a0b,2018,親民黨,culture,speech,3,1095,9,1.8798639240935948,9,1.8798639240935948,complete
fetch-20261006T122600Z-dfc47335,v2.1-f4676a0b,2018,親民黨,defense,speech,3,1095,16,4.114650753366026,16,4.114650753366026,complete
fetch-20261006T122600Z-dfc47335,v2.1-f4676a0b,2018,親民黨,education,speech,3,1095,20,2.2071182905216737,20,2.2071182905216737,complete
fetch-20261006T122600Z-dfc47335,v2.1-f4676a0b,2018,親民黨,energy,speech,3,1095,25,5.361780621255065,25,5.361780621255065,complete
fetch-20261006T122600Z-dfc47335,v2.1-f4676a0b,2018,親民黨,environment,speech,3,1095,21,4.46672539299132,21,4.46672539299132,complete
fetch-20261006T122600Z-dfc47335,v2.1-f4676a0b,2018,親民黨,foreign_trade,speech,3,1095,12,1.2822432814120799,12,1.2822432814120799,complete
fetch-20261006T122600Z-dfc47335,v2.1-f4676a0b,2018,親民黨,government,speech,3,1095,45,14.04415726730985,45,14.04415726730985,complete
fetch-20261006T122600Z-dfc47335,v2.1-f4676a0b,2018,親民黨,health,speech,3,1095,11,1.425725791764092,11,1.425725791764092,complete
fetch-20261006T122600Z-dfc47335,v2.1-f4676a0b,2018,親民黨,housing,speech,3,1095,18,5.154556748505826,18,5.154556748505826,complete
fetch-20261006T122600Z-dfc47335,v2.1-f4676a0b,2018,親民黨,immigration,speech,3,1095,3,0.0910101921742682,3,0.0910101921742682,complete
fetch-20261006T122600Z-dfc47335,v2.1-f4676a0b,2018,親民黨,indigenous,speech,3,1095,4,1.5941718651854937,4,1.5941718651854937,complete
fetch-20261006T122600Z-dfc47335,v2.1-f4676a0b,2018,親民黨,international,speech,3,1095,9,0.939673255792949,9,0.939673255792949,complete
fetch-20261006T122600Z-dfc47335,v2.1-f4676a0b,2018,親民黨,labor,speech,3,1095,11,1.2784714861016067,11,1.2784714861016067,complete
fetch-20261006T122600Z-dfc47335,v2.1-f4676a0b,2018,親民黨,law_crime,speech,3,1095,51,13.608067759198956,51,13.608067759198956,complete
fetch-20261006T122600Z-dfc47335,v2.1-f4676a0b,2018,親民黨,macroeconomy,speech,3,1095,17,1.8690092473320208,17,1.8690092473320208,complete
fetch-20261006T122600Z-dfc47335,v2.1-f4676a0b,2018,親民黨,public_lands,speech,3,1095,32,8.567410579853771,32,8.567410579853771,complete
fetch-20261006T122600Z-dfc47335,v2.1-f4676a0b,2018,親民黨,social_welfare,speech,3,1095,8,1.0801892568981488,8,1.0801892568981488,complete
fetch-20261006T122600Z-dfc47335,v2.1-f4676a0b,2018,親民黨,technology,speech,3,1095,18,5.036094584799914,18,5.036094584799914,complete
fetch-20261006T122600Z-dfc47335,v2.1-f4676a0b,2018,親民黨,transitional_justice,speech,3,1095,5,0.21241902994981138,5,0.21241902994981138,complete
fetch-20261006T122600Z-dfc47335,v2.1-f4676a0b,2018,親民黨,transportation,speech,3,1095,34,12.372585071177916,34,12.372585071177916,complete
fetch-20261006T122600Z-dfc47335,v2.1-f4676a0b,2018,親民黨,unclassified,speech,3,1095,146,78.44698071254942,146,78.44698071254942,complete
fetch-20261006T122600Z-dfc47335,v2.1-f4676a0b,2018,親民黨,agriculture,written_question,3,1095,0,0.0,0,0.0,complete
fetch-20261006T122600Z-dfc47335,v2.1-f4676a0b,2018,親民黨,civil_rights,written_question,3,1095,0,0.0,0,0.0,complete
fetch-20261006T122600Z-dfc47335,v2.1-f4676a0b,2018,親民黨,commerce,written_question,3,1095,0,0.0,0,0.0,complete
fetch-20261006T122600Z-dfc47335,v2.1-f4676a0b,2018,親民黨,cross_strait,written_question,3,1095,0,0.0,0,0.0,complete
fetch-20261006T122600Z-dfc47335,v2.1-f4676a0b,2018,親民黨,culture,written_question,3,1095,0,0.0,0,0.0,complete
fetch-20261006T122600Z-dfc47335,v2.1-f4676a0b,2018,親民黨,defense,written_question,3,1095,0,0.0,0,0.0,complete
fetch-20261006T122600Z-dfc47335,v2.1-f4676a0b,2018,親民黨,education,written_question,3,1095,0,0.0,0,0.0,complete
fetch-20261006T122600Z-dfc47335,v2.1-f4676a0b,2018,親民黨,energy,written_question,3,1095,0,0.0,0,0.0,complete
fetch-20261006T122600Z-dfc47335,v2.1-f4676a0b,2018,親民黨,environment,written_question,3,1095,0,0.0,0,0.0,complete
fetch-20261006T122600Z-dfc47335,v2.1-f4676a0b,2018,親民黨,foreign_trade,written_question,3,1095,0,0.0,0,0.0,complete
fetch-20261006T122600Z-dfc47335,v2.1-f4676a0b,2018,親民黨,government,written_question,3,1095,0,0.0,0,0.0,complete
fetch-20261006T122600Z-dfc47335,v2.1-f4676a0b,2018,親民黨,health,written_question,3,1095,0,0.0,0,0.0,complete
fetch-20261006T122600Z-dfc47335,v2.1-f4676a0b,2018,親民黨,housing,written_question,3,1095,0,0.0,0,0.0,complete
fetch-20261006T122600Z-dfc47335,v2.1-f4676a0b,2018,親民黨,immigration,written_question,3,1095,0,0.0,0,0.0,complete
fetch-20261006T122600Z-dfc47335,v2.1-f4676a0b,2018,親民黨,indigenous,written_question,3,1095,0,0.0,0,0.0,complete
fetch-20261006T122600Z-dfc47335,v2.1-f4676a0b,2018,親民黨,international,written_question,3,1095,0,0.0,0,0.0,complete
fetch-20261006T122600Z-dfc47335,v2.1-f4676a0b,2018,親民黨,labor,written_question,3,1095,0,0.0,0,0.0,complete
fetch-20261006T122600Z-dfc47335,v2.1-f4676a0b,2018,親民黨,law_crime,written_question,3,1095,0,0.0,0,0.0,complete
fetch-20261006T122600Z-dfc47335,v2.1-f4676a0b,2018,親民黨,macroeconomy,written_question,3,1095,0,0.0,0,0.0,complete
fetch-20261006T122600Z-dfc47335,v2.1-f4676a0b,2018,親民黨,public_lands,written_question,3,1095,0,0.0,0,0.0,complete
fetch-20261006T122600Z-dfc47335,v2.1-f4676a0b,2018,親民黨,social_welfare,written_question,3,1095,0,0.0,0,0.0,complete
fetch-20261006T122600Z-dfc47335,v2.1-f4676a0b,2018,親民黨,technology,written_question,3,1095,0,0.0,0,0.0,complete
fetch-20261006T122600Z-dfc47335,v2.1-f4676a0b,2018,親民黨,transitional_justice,written_question,3,1095,0,0.0,0,0.0,complete
fetch-20261006T122600Z-dfc47335,v2.1-f4676a0b,2018,親民黨,transportation,written_question,3,1095,0,0.0,0,0.0,complete
fetch-20261006T122600Z-dfc47335,v2.1-f4676a0b,2018,親民黨,unclassified,written_question,3,1095,0,0.0,0,0.0,complete
fetch-20261006T122600Z-dfc47335,v2.1-f4676a0b,2019,親民黨,agriculture,bill_primary,3,1095,0,0.0,0,0.0,complete
fetch-20261006T122600Z-dfc47335,v2.1-f4676a0b,2019,親民黨,civil_rights,bill_primary,3,1095,2,0.5,2,0.5,complete
fetch-20261006T122600Z-dfc47335,v2.1-f4676a0b,2019,親民黨,commerce,bill_primary,3,1095,0,0.0,0,0.0,complete
fetch-20261006T122600Z-dfc47335,v2.1-f4676a0b,2019,親民黨,cross_strait,bill_primary,3,1095,0,0.0,0,0.0,complete
fetch-20261006T122600Z-dfc47335,v2.1-f4676a0b,2019,親民黨,culture,bill_primary,3,1095,0,0.0,0,0.0,complete
fetch-20261006T122600Z-dfc47335,v2.1-f4676a0b,2019,親民黨,defense,bill_primary,3,1095,0,0.0,0,0.0,complete
fetch-20261006T122600Z-dfc47335,v2.1-f4676a0b,2019,親民黨,education,bill_primary,3,1095,2,0.8333333333333333,2,0.8333333333333333,complete
fetch-20261006T122600Z-dfc47335,v2.1-f4676a0b,2019,親民黨,energy,bill_primary,3,1095,0,0.0,0,0.0,complete
fetch-20261006T122600Z-dfc47335,v2.1-f4676a0b,2019,親民黨,environment,bill_primary,3,1095,0,0.0,0,0.0,complete
fetch-20261006T122600Z-dfc47335,v2.1-f4676a0b,2019,親民黨,foreign_trade,bill_primary,3,1095,0,0.0,0,0.0,complete
fetch-20261006T122600Z-dfc47335,v2.1-f4676a0b,2019,親民黨,government,bill_primary,3,1095,4,2.833333333333333,4,2.833333333333333,complete
fetch-20261006T122600Z-dfc47335,v2.1-f4676a0b,2019,親民黨,health,bill_primary,3,1095,3,2.333333333333333,3,2.333333333333333,complete
fetch-20261006T122600Z-dfc47335,v2.1-f4676a0b,2019,親民黨,housing,bill_primary,3,1095,1,1.0,1,1.0,complete
fetch-20261006T122600Z-dfc47335,v2.1-f4676a0b,2019,親民黨,immigration,bill_primary,3,1095,3,1.5,3,1.5,complete
fetch-20261006T122600Z-dfc47335,v2.1-f4676a0b,2019,親民黨,indigenous,bill_primary,3,1095,0,0.0,0,0.0,complete
fetch-20261006T122600Z-dfc47335,v2.1-f4676a0b,2019,親民黨,international,bill_primary,3,1095,2,0.5,2,0.5,complete
fetch-20261006T122600Z-dfc47335,v2.1-f4676a0b,2019,親民黨,labor,bill_primary,3,1095,10,6.5,10,6.5,complete
fetch-20261006T122600Z-dfc47335,v2.1-f4676a0b,2019,親民黨,law_crime,bill_primary,3,1095,6,3.5,6,3.5,complete
fetch-20261006T122600Z-dfc47335,v2.1-f4676a0b,2019,親民黨,macroeconomy,bill_primary,3,1095,1,1.0,1,1.0,complete
fetch-20261006T122600Z-dfc47335,v2.1-f4676a0b,2019,親民黨,public_lands,bill_primary,3,1095,0,0.0,0,0.0,complete
fetch-20261006T122600Z-dfc47335,v2.1-f4676a0b,2019,親民黨,social_welfare,bill_primary,3,1095,5,2.5,5,2.5,complete
fetch-20261006T122600Z-dfc47335,v2.1-f4676a0b,2019,親民黨,technology,bill_primary,3,1095,1,1.0,1,1.0,complete
fetch-20261006T122600Z-dfc47335,v2.1-f4676a0b,2019,親民黨,transitional_justice,bill_primary,3,1095,0,0.0,0,0.0,complete
fetch-20261006T122600Z-dfc47335,v2.1-f4676a0b,2019,親民黨,transportation,bill_primary,3,1095,5,4.0,5,4.0,complete
fetch-20261006T122600Z-dfc47335,v2.1-f4676a0b,2019,親民黨,unclassified,bill_primary,3,1095,4,4.0,4,4.0,complete
fetch-20261006T122600Z-dfc47335,v2.1-f4676a0b,2019,親民黨,agriculture,bill_cosign,3,1095,5,2.75,5,2.75,complete
fetch-20261006T122600Z-dfc47335,v2.1-f4676a0b,2019,親民黨,civil_rights,bill_cosign,3,1095,5,3.6666666666666665,5,3.6666666666666665,complete
fetch-20261006T122600Z-dfc47335,v2.1-f4676a0b,2019,親民黨,commerce,bill_cosign,3,1095,2,2.0,2,2.0,complete
fetch-20261006T122600Z-dfc47335,v2.1-f4676a0b,2019,親民黨,cross_strait,bill_cosign,3,1095,0,0.0,0,0.0,complete
fetch-20261006T122600Z-dfc47335,v2.1-f4676a0b,2019,親民黨,culture,bill_cosign,3,1095,4,2.3333333333333335,4,2.3333333333333335,complete
fetch-20261006T122600Z-dfc47335,v2.1-f4676a0b,2019,親民黨,defense,bill_cosign,3,1095,8,6.5,8,6.5,complete
fetch-20261006T122600Z-dfc47335,v2.1-f4676a0b,2019,親民黨,education,bill_cosign,3,1095,7,2.9166666666666665,7,2.9166666666666665,complete
fetch-20261006T122600Z-dfc47335,v2.1-f4676a0b,2019,親民黨,energy,bill_cosign,3,1095,0,0.0,0,0.0,complete
fetch-20261006T122600Z-dfc47335,v2.1-f4676a0b,2019,親民黨,environment,bill_cosign,3,1095,2,1.5,2,1.5,complete
fetch-20261006T122600Z-dfc47335,v2.1-f4676a0b,2019,親民黨,foreign_trade,bill_cosign,3,1095,2,2.0,2,2.0,complete
fetch-20261006T122600Z-dfc47335,v2.1-f4676a0b,2019,親民黨,government,bill_cosign,3,1095,17,9.25,17,9.25,complete
fetch-20261006T122600Z-dfc47335,v2.1-f4676a0b,2019,親民黨,health,bill_cosign,3,1095,15,12.75,15,12.75,complete
fetch-20261006T122600Z-dfc47335,v2.1-f4676a0b,2019,親民黨,housing,bill_cosign,3,1095,0,0.0,0,0.0,complete
fetch-20261006T122600Z-dfc47335,v2.1-f4676a0b,2019,親民黨,immigration,bill_cosign,3,1095,1,1.0,1,1.0,complete
fetch-20261006T122600Z-dfc47335,v2.1-f4676a0b,2019,親民黨,indigenous,bill_cosign,3,1095,14,9.083333333333334,14,9.083333333333334,complete
fetch-20261006T122600Z-dfc47335,v2.1-f4676a0b,2019,親民黨,international,bill_cosign,3,1095,0,0.0,0,0.0,complete
fetch-20261006T122600Z-dfc47335,v2.1-f4676a0b,2019,親民黨,labor,bill_cosign,3,1095,10,5.166666666666666,10,5.166666666666666,complete
fetch-20261006T122600Z-dfc47335,v2.1-f4676a0b,2019,親民黨,law_crime,bill_cosign,3,1095,21,15.166666666666668,21,15.166666666666668,complete
fetch-20261006T122600Z-dfc47335,v2.1-f4676a0b,2019,親民黨,macroeconomy,bill_cosign,3,1095,2,1.0,2,1.0,complete
fetch-20261006T122600Z-dfc47335,v2.1-f4676a0b,2019,親民黨,public_lands,bill_cosign,3,1095,3,2.0,3,2.0,complete
fetch-20261006T122600Z-dfc47335,v2.1-f4676a0b,2019,親民黨,social_welfare,bill_cosign,3,1095,7,2.9166666666666665,7,2.9166666666666665,complete
fetch-20261006T122600Z-dfc47335,v2.1-f4676a0b,2019,親民黨,technology,bill_cosign,3,1095,1,1.0,1,1.0,complete
fetch-20261006T122600Z-dfc47335,v2.1-f4676a0b,2019,親民黨,transitional_justice,bill_cosign,3,1095,0,0.0,0,0.0,complete
fetch-20261006T122600Z-dfc47335,v2.1-f4676a0b,2019,親民黨,transportation,bill_cosign,3,1095,17,13.0,17,13.0,complete
fetch-20261006T122600Z-dfc47335,v2.1-f4676a0b,2019,親民黨,unclassified,bill_cosign,3,1095,23,23.0,23,23.0,complete
fetch-20261006T122600Z-dfc47335,v2.1-f4676a0b,2019,親民黨,agriculture,speech,3,1095,19,4.847124006065303,19,4.847124006065303,complete
fetch-20261006T122600Z-dfc47335,v2.1-f4676a0b,2019,親民黨,civil_rights,speech,3,1095,15,3.367797099571275,15,3.367797099571275,complete
fetch-20261006T122600Z-dfc47335,v2.1-f4676a0b,2019,親民黨,commerce,speech,3,1095,12,2.055154654776579,12,2.055154654776579,complete
fetch-20261006T122600Z-dfc47335,v2.1-f4676a0b,2019,親民黨,cross_strait,speech,3,1095,25,4.6191739025421,25,4.6191739025421,complete
fetch-20261006T122600Z-dfc47335,v2.1-f4676a0b,2019,親民黨,culture,speech,3,1095,6,1.2687976027631576,6,1.2687976027631576,complete
fetch-20261006T122600Z-dfc47335,v2.1-f4676a0b,2019,親民黨,defense,speech,3,1095,12,5.285559159988024,12,5.285559159988024,complete
fetch-20261006T122600Z-dfc47335,v2.1-f4676a0b,2019,親民黨,education,speech,3,1095,14,3.1058221230995677,14,3.1058221230995677,complete
fetch-20261006T122600Z-dfc47335,v2.1-f4676a0b,2019,親民黨,energy,speech,3,1095,7,0.7982067982676484,7,0.7982067982676484,complete
fetch-20261006T122600Z-dfc47335,v2.1-f4676a0b,2019,親民黨,environment,speech,3,1095,11,0.89282378310862,11,0.89282378310862,complete
fetch-20261006T122600Z-dfc47335,v2.1-f4676a0b,2019,親民黨,foreign_trade,speech,3,1095,19,2.02249089092122,19,2.02249089092122,complete
fetch-20261006T122600Z-dfc47335,v2.1-f4676a0b,2019,親民黨,government,speech,3,1095,33,11.019920248593488,33,11.019920248593488,complete
fetch-20261006T122600Z-dfc47335,v2.1-f4676a0b,2019,親民黨,health,speech,3,1095,19,3.0826439145447893,19,3.0826439145447893,complete
fetch-20261006T122600Z-dfc47335,v2.1-f4676a0b,2019,親民黨,housing,speech,3,1095,6,1.0985968824112875,6,1.0985968824112875,complete
fetch-20261006T122600Z-dfc47335,v2.1-f4676a0b,2019,親民黨,immigration,speech,3,1095,0,0.0,0,0.0,complete
fetch-20261006T122600Z-dfc47335,v2.1-f4676a0b,2019,親民黨,indigenous,speech,3,1095,4,1.569070895504747,4,1.569070895504747,complete
fetch-20261006T122600Z-dfc47335,v2.1-f4676a0b,2019,親民黨,international,speech,3,1095,4,0.208315662417973,4,0.208315662417973,complete
fetch-20261006T122600Z-dfc47335,v2.1-f4676a0b,2019,親民黨,labor,speech,3,1095,17,3.392501163056131,17,3.392501163056131,complete
fetch-20261006T122600Z-dfc47335,v2.1-f4676a0b,2019,親民黨,law_crime,speech,3,1095,57,19.413866420327597,57,19.413866420327597,complete
fetch-20261006T122600Z-dfc47335,v2.1-f4676a0b,2019,親民黨,macroeconomy,speech,3,1095,16,4.013775730340948,16,4.013775730340948,complete
fetch-20261006T122600Z-dfc47335,v2.1-f4676a0b,2019,親民黨,public_lands,speech,3,1095,12,1.6234032645895913,12,1.6234032645895913,complete
fetch-20261006T122600Z-dfc47335,v2.1-f4676a0b,2019,親民黨,social_welfare,speech,3,1095,20,3.2045289446905523,20,3.2045289446905523,complete
fetch-20261006T122600Z-dfc47335,v2.1-f4676a0b,2019,親民黨,technology,speech,3,1095,20,3.819927872067308,20,3.819927872067308,complete
fetch-20261006T122600Z-dfc47335,v2.1-f4676a0b,2019,親民黨,transitional_justice,speech,3,1095,4,2.154671734372304,4,2.154671734372304,complete
fetch-20261006T122600Z-dfc47335,v2.1-f4676a0b,2019,親民黨,transportation,speech,3,1095,41,16.374812447515556,41,16.374812447515556,complete
fetch-20261006T122600Z-dfc47335,v2.1-f4676a0b,2019,親民黨,unclassified,speech,3,1095,135,76.76101479846425,135,76.76101479846425,complete
fetch-20261006T122600Z-dfc47335,v2.1-f4676a0b,2019,親民黨,agriculture,written_question,3,1095,0,0.0,0,0.0,complete
fetch-20261006T122600Z-dfc47335,v2.1-f4676a0b,2019,親民黨,civil_rights,written_question,3,1095,0,0.0,0,0.0,complete
fetch-20261006T122600Z-dfc47335,v2.1-f4676a0b,2019,親民黨,commerce,written_question,3,1095,0,0.0,0,0.0,complete
fetch-20261006T122600Z-dfc47335,v2.1-f4676a0b,2019,親民黨,cross_strait,written_question,3,1095,0,0.0,0,0.0,complete
fetch-20261006T122600Z-dfc47335,v2.1-f4676a0b,2019,親民黨,culture,written_question,3,1095,0,0.0,0,0.0,complete
fetch-20261006T122600Z-dfc47335,v2.1-f4676a0b,2019,親民黨,defense,written_question,3,1095,0,0.0,0,0.0,complete
fetch-20261006T122600Z-dfc47335,v2.1-f4676a0b,2019,親民黨,education,written_question,3,1095,0,0.0,0,0.0,complete
fetch-20261006T122600Z-dfc47335,v2.1-f4676a0b,2019,親民黨,energy,written_question,3,1095,0,0.0,0,0.0,complete
fetch-20261006T122600Z-dfc47335,v2.1-f4676a0b,2019,親民黨,environment,written_question,3,1095,0,0.0,0,0.0,complete
fetch-20261006T122600Z-dfc47335,v2.1-f4676a0b,2019,親民黨,foreign_trade,written_question,3,1095,0,0.0,0,0.0,complete
fetch-20261006T122600Z-dfc47335,v2.1-f4676a0b,2019,親民黨,government,written_question,3,1095,0,0.0,0,0.0,complete
fetch-20261006T122600Z-dfc47335,v2.1-f4676a0b,2019,親民黨,health,written_question,3,1095,0,0.0,0,0.0,complete
fetch-20261006T122600Z-dfc47335,v2.1-f4676a0b,2019,親民黨,housing,written_question,3,1095,0,0.0,0,0.0,complete
fetch-20261006T122600Z-dfc47335,v2.1-f4676a0b,2019,親民黨,immigration,written_question,3,1095,0,0.0,0,0.0,complete
fetch-20261006T122600Z-dfc47335,v2.1-f4676a0b,2019,親民黨,indigenous,written_question,3,1095,0,0.0,0,0.0,complete
fetch-20261006T122600Z-dfc47335,v2.1-f4676a0b,2019,親民黨,international,written_question,3,1095,0,0.0,0,0.0,complete
fetch-20261006T122600Z-dfc47335,v2.1-f4676a0b,2019,親民黨,labor,written_question,3,1095,0,0.0,0,0.0,complete
fetch-20261006T122600Z-dfc47335,v2.1-f4676a0b,2019,親民黨,law_crime,written_question,3,1095,0,0.0,0,0.0,complete
fetch-20261006T122600Z-dfc47335,v2.1-f4676a0b,2019,親民黨,macroeconomy,written_question,3,1095,0,0.0,0,0.0,complete
fetch-20261006T122600Z-dfc47335,v2.1-f4676a0b,2019,親民黨,public_lands,written_question,3,1095,0,0.0,0,0.0,complete
fetch-20261006T122600Z-dfc47335,v2.1-f4676a0b,2019,親民黨,social_welfare,written_question,3,1095,0,0.0,0,0.0,complete
fetch-20261006T122600Z-dfc47335,v2.1-f4676a0b,2019,親民黨,technology,written_question,3,1095,0,0.0,0,0.0,complete
fetch-20261006T122600Z-dfc47335,v2.1-f4676a0b,2019,親民黨,transitional_justice,written_question,3,1095,0,0.0,0,0.0,complete
fetch-20261006T122600Z-dfc47335,v2.1-f4676a0b,2019,親民黨,transportation,written_question,3,1095,0,0.0,0,0.0,complete
fetch-20261006T122600Z-dfc47335,v2.1-f4676a0b,2019,親民黨,unclassified,written_question,3,1095,0,0.0,0,0.0,complete
fetch-20261006T122600Z-dfc47335,v2.1-f4676a0b,2016,時代力量,agriculture,bill_primary,5,1830,0,0.0,0,0.0,complete
fetch-20261006T122600Z-dfc47335,v2.1-f4676a0b,2016,時代力量,civil_rights,bill_primary,5,1830,15,12.5,15,12.5,complete
fetch-20261006T122600Z-dfc47335,v2.1-f4676a0b,2016,時代力量,commerce,bill_primary,5,1830,13,9.833333333333334,13,9.833333333333334,complete
fetch-20261006T122600Z-dfc47335,v2.1-f4676a0b,2016,時代力量,cross_strait,bill_primary,5,1830,0,0.0,0,0.0,complete
fetch-20261006T122600Z-dfc47335,v2.1-f4676a0b,2016,時代力量,culture,bill_primary,5,1830,9,8.0,9,8.0,complete
fetch-20261006T122600Z-dfc47335,v2.1-f4676a0b,2016,時代力量,defense,bill_primary,5,1830,6,5.0,6,5.0,complete
fetch-20261006T122600Z-dfc47335,v2.1-f4676a0b,2016,時代力量,education,bill_primary,5,1830,6,5.5,6,5.5,complete
fetch-20261006T122600Z-dfc47335,v2.1-f4676a0b,2016,時代力量,energy,bill_primary,5,1830,1,1.0,1,1.0,complete
fetch-20261006T122600Z-dfc47335,v2.1-f4676a0b,2016,時代力量,environment,bill_primary,5,1830,5,5.0,5,5.0,complete
fetch-20261006T122600Z-dfc47335,v2.1-f4676a0b,2016,時代力量,foreign_trade,bill_primary,5,1830,0,0.0,0,0.0,complete
fetch-20261006T122600Z-dfc47335,v2.1-f4676a0b,2016,時代力量,government,bill_primary,5,1830,22,15.166666666666668,22,15.166666666666668,complete
fetch-20261006T122600Z-dfc47335,v2.1-f4676a0b,2016,時代力量,health,bill_primary,5,1830,3,2.5,3,2.5,complete
fetch-20261006T122600Z-dfc47335,v2.1-f4676a0b,2016,時代力量,housing,bill_primary,5,1830,1,0.5,1,0.5,complete
fetch-20261006T122600Z-dfc47335,v2.1-f4676a0b,2016,時代力量,immigration,bill_primary,5,1830,4,3.0,4,3.0,complete
fetch-20261006T122600Z-dfc47335,v2.1-f4676a0b,2016,時代力量,indigenous,bill_primary,5,1830,6,4.333333333333333,6,4.333333333333333,complete
fetch-20261006T122600Z-dfc47335,v2.1-f4676a0b,2016,時代力量,international,bill_primary,5,1830,1,0.5,1,0.5,complete
fetch-20261006T122600Z-dfc47335,v2.1-f4676a0b,2016,時代力量,labor,bill_primary,5,1830,6,6.0,6,6.0,complete
fetch-20261006T122600Z-dfc47335,v2.1-f4676a0b,2016,時代力量,law_crime,bill_primary,5,1830,22,16.333333333333336,22,16.333333333333336,complete
fetch-20261006T122600Z-dfc47335,v2.1-f4676a0b,2016,時代力量,macroeconomy,bill_primary,5,1830,2,2.0,2,2.0,complete
fetch-20261006T122600Z-dfc47335,v2.1-f4676a0b,2016,時代力量,public_lands,bill_primary,5,1830,8,7.5,8,7.5,complete
fetch-20261006T122600Z-dfc47335,v2.1-f4676a0b,2016,時代力量,social_welfare,bill_primary,5,1830,4,2.5,4,2.5,complete
fetch-20261006T122600Z-dfc47335,v2.1-f4676a0b,2016,時代力量,technology,bill_primary,5,1830,5,5.0,5,5.0,complete
fetch-20261006T122600Z-dfc47335,v2.1-f4676a0b,2016,時代力量,transitional_justice,bill_primary,5,1830,1,0.3333333333333333,1,0.3333333333333333,complete
fetch-20261006T122600Z-dfc47335,v2.1-f4676a0b,2016,時代力量,transportation,bill_primary,5,1830,4,3.5,4,3.5,complete
fetch-20261006T122600Z-dfc47335,v2.1-f4676a0b,2016,時代力量,unclassified,bill_primary,5,1830,22,22.0,22,22.0,complete
fetch-20261006T122600Z-dfc47335,v2.1-f4676a0b,2016,時代力量,agriculture,bill_cosign,5,1830,18,11.9,18,11.9,complete
fetch-20261006T122600Z-dfc47335,v2.1-f4676a0b,2016,時代力量,civil_rights,bill_cosign,5,1830,35,25.5,35,25.5,complete
fetch-20261006T122600Z-dfc47335,v2.1-f4676a0b,2016,時代力量,commerce,bill_cosign,5,1830,26,13.233333333333333,26,13.233333333333333,complete
fetch-20261006T122600Z-dfc47335,v2.1-f4676a0b,2016,時代力量,cross_strait,bill_cosign,5,1830,7,3.5,7,3.5,complete
fetch-20261006T122600Z-dfc47335,v2.1-f4676a0b,2016,時代力量,culture,bill_cosign,5,1830,16,12.166666666666666,16,12.166666666666666,complete
fetch-20261006T122600Z-dfc47335,v2.1-f4676a0b,2016,時代力量,defense,bill_cosign,5,1830,40,27.833333333333332,40,27.833333333333332,complete
fetch-20261006T122600Z-dfc47335,v2.1-f4676a0b,2016,時代力量,education,bill_cosign,5,1830,27,20.833333333333332,27,20.833333333333332,complete
fetch-20261006T122600Z-dfc47335,v2.1-f4676a0b,2016,時代力量,energy,bill_cosign,5,1830,5,5.0,5,5.0,complete
fetch-20261006T122600Z-dfc47335,v2.1-f4676a0b,2016,時代力量,environment,bill_cosign,5,1830,22,16.566666666666666,22,16.566666666666666,complete
fetch-20261006T122600Z-dfc47335,v2.1-f4676a0b,2016,時代力量,foreign_trade,bill_cosign,5,1830,1,0.5,1,0.5,complete
fetch-20261006T122600Z-dfc47335,v2.1-f4676a0b,2016,時代力量,government,bill_cosign,5,1830,83,58.06666666666666,83,58.06666666666666,complete
fetch-20261006T122600Z-dfc47335,v2.1-f4676a0b,2016,時代力量,health,bill_cosign,5,1830,15,12.333333333333334,15,12.333333333333334,complete
fetch-20261006T122600Z-dfc47335,v2.1-f4676a0b,2016,時代力量,housing,bill_cosign,5,1830,1,1.0,1,1.0,complete
fetch-20261006T122600Z-dfc47335,v2.1-f4676a0b,2016,時代力量,immigration,bill_cosign,5,1830,13,7.5,13,7.5,complete
fetch-20261006T122600Z-dfc47335,v2.1-f4676a0b,2016,時代力量,indigenous,bill_cosign,5,1830,9,4.166666666666666,9,4.166666666666666,complete
fetch-20261006T122600Z-dfc47335,v2.1-f4676a0b,2016,時代力量,international,bill_cosign,5,1830,1,1.0,1,1.0,complete
fetch-20261006T122600Z-dfc47335,v2.1-f4676a0b,2016,時代力量,labor,bill_cosign,5,1830,20,14.333333333333334,20,14.333333333333334,complete
fetch-20261006T122600Z-dfc47335,v2.1-f4676a0b,2016,時代力量,law_crime,bill_cosign,5,1830,49,31.5,49,31.5,complete
fetch-20261006T122600Z-dfc47335,v2.1-f4676a0b,2016,時代力量,macroeconomy,bill_cosign,5,1830,6,3.4,6,3.4,complete
fetch-20261006T122600Z-dfc47335,v2.1-f4676a0b,2016,時代力量,public_lands,bill_cosign,5,1830,6,5.0,6,5.0,complete
fetch-20261006T122600Z-dfc47335,v2.1-f4676a0b,2016,時代力量,social_welfare,bill_cosign,5,1830,7,4.0,7,4.0,complete
fetch-20261006T122600Z-dfc47335,v2.1-f4676a0b,2016,時代力量,technology,bill_cosign,5,1830,5,3.333333333333333,5,3.333333333333333,complete
fetch-20261006T122600Z-dfc47335,v2.1-f4676a0b,2016,時代力量,transitional_justice,bill_cosign,5,1830,3,1.1666666666666665,3,1.1666666666666665,complete
fetch-20261006T122600Z-dfc47335,v2.1-f4676a0b,2016,時代力量,transportation,bill_cosign,5,1830,27,22.166666666666668,27,22.166666666666668,complete
fetch-20261006T122600Z-dfc47335,v2.1-f4676a0b,2016,時代力量,unclassified,bill_cosign,5,1830,68,68.0,68,68.0,complete
fetch-20261006T122600Z-dfc47335,v2.1-f4676a0b,2016,時代力量,agriculture,speech,5,1830,58,15.164846992092272,58,15.164846992092272,complete
fetch-20261006T122600Z-dfc47335,v2.1-f4676a0b,2016,時代力量,civil_rights,speech,5,1830,59,11.901367593710209,59,11.901367593710209,complete
fetch-20261006T122600Z-dfc47335,v2.1-f4676a0b,2016,時代力量,commerce,speech,5,1830,68,13.651703399316713,68,13.651703399316713,complete
fetch-20261006T122600Z-dfc47335,v2.1-f4676a0b,2016,時代力量,cross_strait,speech,5,1830,65,11.589494811546343,65,11.589494811546343,complete
fetch-20261006T122600Z-dfc47335,v2.1-f4676a0b,2016,時代力量,culture,speech,5,1830,125,25.581203120917376,125,25.581203120917376,complete
fetch-20261006T122600Z-dfc47335,v2.1-f4676a0b,2016,時代力量,defense,speech,5,1830,66,14.958032692063092,66,14.958032692063092,complete
fetch-20261006T122600Z-dfc47335,v2.1-f4676a0b,2016,時代力量,education,speech,5,1830,136,37.14640379196491,136,37.14640379196491,complete
fetch-20261006T122600Z-dfc47335,v2.1-f4676a0b,2016,時代力量,energy,speech,5,1830,88,42.70928583374169,88,42.70928583374169,complete
fetch-20261006T122600Z-dfc47335,v2.1-f4676a0b,2016,時代力量,environment,speech,5,1830,67,14.425028341087655,67,14.425028341087655,complete
fetch-20261006T122600Z-dfc47335,v2.1-f4676a0b,2016,時代力量,foreign_trade,speech,5,1830,26,2.802449843460523,26,2.802449843460523,complete
fetch-20261006T122600Z-dfc47335,v2.1-f4676a0b,2016,時代力量,government,speech,5,1830,120,31.577127880156354,120,31.577127880156354,complete
fetch-20261006T122600Z-dfc47335,v2.1-f4676a0b,2016,時代力量,health,speech,5,1830,111,27.867010201838575,111,27.867010201838575,complete
fetch-20261006T122600Z-dfc47335,v2.1-f4676a0b,2016,時代力量,housing,speech,5,1830,22,5.831195705886163,22,5.831195705886163,complete
fetch-20261006T122600Z-dfc47335,v2.1-f4676a0b,2016,時代力量,immigration,speech,5,1830,11,1.8165147123643766,11,1.8165147123643766,complete
fetch-20261006T122600Z-dfc47335,v2.1-f4676a0b,2016,時代力量,indigenous,speech,5,1830,207,54.25125522081782,207,54.25125522081782,complete
fetch-20261006T122600Z-dfc47335,v2.1-f4676a0b,2016,時代力量,international,speech,5,1830,73,19.654759039709393,73,19.654759039709393,complete
fetch-20261006T122600Z-dfc47335,v2.1-f4676a0b,2016,時代力量,labor,speech,5,1830,120,56.71377478266447,120,56.71377478266447,complete
fetch-20261006T122600Z-dfc47335,v2.1-f4676a0b,2016,時代力量,law_crime,speech,5,1830,205,52.51353267242861,205,52.51353267242861,complete
fetch-20261006T122600Z-dfc47335,v2.1-f4676a0b,2016,時代力量,macroeconomy,speech,5,1830,66,14.090756416020062,66,14.090756416020062,complete
fetch-20261006T122600Z-dfc47335,v2.1-f4676a0b,2016,時代力量,public_lands,speech,5,1830,32,3.3910673872666313,32,3.3910673872666313,complete
fetch-20261006T122600Z-dfc47335,v2.1-f4676a0b,2016,時代力量,social_welfare,speech,5,1830,80,13.143322114639787,80,13.143322114639787,complete
fetch-20261006T122600Z-dfc47335,v2.1-f4676a0b,2016,時代力量,technology,speech,5,1830,73,14.861117855154681,73,14.861117855154681,complete
fetch-20261006T122600Z-dfc47335,v2.1-f4676a0b,2016,時代力量,transitional_justice,speech,5,1830,67,26.013101041390883,67,26.013101041390883,complete
fetch-20261006T122600Z-dfc47335,v2.1-f4676a0b,2016,時代力量,transportation,speech,5,1830,97,47.36391519627178,97,47.36391519627178,complete
fetch-20261006T122600Z-dfc47335,v2.1-f4676a0b,2016,時代力量,unclassified,speech,5,1830,672,306.9817333534896,672,306.9817333534896,complete
fetch-20261006T122600Z-dfc47335,v2.1-f4676a0b,2016,時代力量,agriculture,written_question,5,1830,2,0.6666666666666666,2,0.6666666666666666,complete
fetch-20261006T122600Z-dfc47335,v2.1-f4676a0b,2016,時代力量,civil_rights,written_question,5,1830,2,0.5833333333333333,2,0.5833333333333333,complete
fetch-20261006T122600Z-dfc47335,v2.1-f4676a0b,2016,時代力量,commerce,written_question,5,1830,0,0.0,0,0.0,complete
fetch-20261006T122600Z-dfc47335,v2.1-f4676a0b,2016,時代力量,cross_strait,written_question,5,1830,2,0.6666666666666666,2,0.6666666666666666,complete
fetch-20261006T122600Z-dfc47335,v2.1-f4676a0b,2016,時代力量,culture,written_question,5,1830,0,0.0,0,0.0,complete
fetch-20261006T122600Z-dfc47335,v2.1-f4676a0b,2016,時代力量,defense,written_question,5,1830,5,3.833333333333333,5,3.833333333333333,complete
fetch-20261006T122600Z-dfc47335,v2.1-f4676a0b,2016,時代力量,education,written_question,5,1830,2,0.6666666666666666,2,0.6666666666666666,complete
fetch-20261006T122600Z-dfc47335,v2.1-f4676a0b,2016,時代力量,energy,written_question,5,1830,1,0.3333333333333333,1,0.3333333333333333,complete
fetch-20261006T122600Z-dfc47335,v2.1-f4676a0b,2016,時代力量,environment,written_question,5,1830,1,0.3333333333333333,1,0.3333333333333333,complete
fetch-20261006T122600Z-dfc47335,v2.1-f4676a0b,2016,時代力量,foreign_trade,written_question,5,1830,0,0.0,0,0.0,complete
fetch-20261006T122600Z-dfc47335,v2.1-f4676a0b,2016,時代力量,government,written_question,5,1830,1,0.3333333333333333,1,0.3333333333333333,complete
fetch-20261006T122600Z-dfc47335,v2.1-f4676a0b,2016,時代力量,health,written_question,5,1830,2,0.8333333333333333,2,0.8333333333333333,complete
fetch-20261006T122600Z-dfc47335,v2.1-f4676a0b,2016,時代力量,housing,written_question,5,1830,0,0.0,0,0.0,complete
fetch-20261006T122600Z-dfc47335,v2.1-f4676a0b,2016,時代力量,immigration,written_question,5,1830,0,0.0,0,0.0,complete
fetch-20261006T122600Z-dfc47335,v2.1-f4676a0b,2016,時代力量,indigenous,written_question,5,1830,0,0.0,0,0.0,complete
fetch-20261006T122600Z-dfc47335,v2.1-f4676a0b,2016,時代力量,international,written_question,5,1830,3,0.9166666666666665,3,0.9166666666666665,complete
fetch-20261006T122600Z-dfc47335,v2.1-f4676a0b,2016,時代力量,labor,written_question,5,1830,2,0.8333333333333333,2,0.8333333333333333,complete
fetch-20261006T122600Z-dfc47335,v2.1-f4676a0b,2016,時代力量,law_crime,written_question,5,1830,2,0.8333333333333333,2,0.8333333333333333,complete
fetch-20261006T122600Z-dfc47335,v2.1-f4676a0b,2016,時代力量,macroeconomy,written_question,5,1830,1,0.5,1,0.5,complete
fetch-20261006T122600Z-dfc47335,v2.1-f4676a0b,2016,時代力量,public_lands,written_question,5,1830,1,0.25,1,0.25,complete
fetch-20261006T122600Z-dfc47335,v2.1-f4676a0b,2016,時代力量,social_welfare,written_question,5,1830,0,0.0,0,0.0,complete
fetch-20261006T122600Z-dfc47335,v2.1-f4676a0b,2016,時代力量,technology,written_question,5,1830,4,2.0833333333333335,4,2.0833333333333335,complete
fetch-20261006T122600Z-dfc47335,v2.1-f4676a0b,2016,時代力量,transitional_justice,written_question,5,1830,0,0.0,0,0.0,complete
fetch-20261006T122600Z-dfc47335,v2.1-f4676a0b,2016,時代力量,transportation,written_question,5,1830,1,0.3333333333333333,1,0.3333333333333333,complete
fetch-20261006T122600Z-dfc47335,v2.1-f4676a0b,2016,時代力量,unclassified,written_question,5,1830,1,1.0,1,1.0,complete
fetch-20261006T122600Z-dfc47335,v2.1-f4676a0b,2017,時代力量,agriculture,bill_primary,5,1825,1,1.0,1,1.0,complete
fetch-20261006T122600Z-dfc47335,v2.1-f4676a0b,2017,時代力量,civil_rights,bill_primary,5,1825,8,2.9999999999999996,8,2.9999999999999996,complete
fetch-20261006T122600Z-dfc47335,v2.1-f4676a0b,2017,時代力量,commerce,bill_primary,5,1825,11,9.5,11,9.5,complete
fetch-20261006T122600Z-dfc47335,v2.1-f4676a0b,2017,時代力量,cross_strait,bill_primary,5,1825,0,0.0,0,0.0,complete
fetch-20261006T122600Z-dfc47335,v2.1-f4676a0b,2017,時代力量,culture,bill_primary,5,1825,7,2.6666666666666665,7,2.6666666666666665,complete
fetch-20261006T122600Z-dfc47335,v2.1-f4676a0b,2017,時代力量,defense,bill_primary,5,1825,10,3.333333333333333,10,3.333333333333333,complete
fetch-20261006T122600Z-dfc47335,v2.1-f4676a0b,2017,時代力量,education,bill_primary,5,1825,20,16.0,20,16.0,complete
fetch-20261006T122600Z-dfc47335,v2.1-f4676a0b,2017,時代力量,energy,bill_primary,5,1825,5,5.0,5,5.0,complete
fetch-20261006T122600Z-dfc47335,v2.1-f4676a0b,2017,時代力量,environment,bill_primary,5,1825,17,14.833333333333332,17,14.833333333333332,complete
fetch-20261006T122600Z-dfc47335,v2.1-f4676a0b,2017,時代力量,foreign_trade,bill_primary,5,1825,0,0.0,0,0.0,complete
fetch-20261006T122600Z-dfc47335,v2.1-f4676a0b,2017,時代力量,government,bill_primary,5,1825,12,7.333333333333333,12,7.333333333333333,complete
fetch-20261006T122600Z-dfc47335,v2.1-f4676a0b,2017,時代力量,health,bill_primary,5,1825,11,11.0,11,11.0,complete
fetch-20261006T122600Z-dfc47335,v2.1-f4676a0b,2017,時代力量,housing,bill_primary,5,1825,3,2.0,3,2.0,complete
fetch-20261006T122600Z-dfc47335,v2.1-f4676a0b,2017,時代力量,immigration,bill_primary,5,1825,5,1.6666666666666665,5,1.6666666666666665,complete
fetch-20261006T122600Z-dfc47335,v2.1-f4676a0b,2017,時代力量,indigenous,bill_primary,5,1825,6,3.8333333333333335,6,3.8333333333333335,complete
fetch-20261006T122600Z-dfc47335,v2.1-f4676a0b,2017,時代力量,international,bill_primary,5,1825,11,4.333333333333333,11,4.333333333333333,complete
fetch-20261006T122600Z-dfc47335,v2.1-f4676a0b,2017,時代力量,labor,bill_primary,5,1825,32,27.0,32,27.0,complete
fetch-20261006T122600Z-dfc47335,v2.1-f4676a0b,2017,時代力量,law_crime,bill_primary,5,1825,23,12.666666666666666,23,12.666666666666666,complete
fetch-20261006T122600Z-dfc47335,v2.1-f4676a0b,2017,時代力量,macroeconomy,bill_primary,5,1825,1,1.0,1,1.0,complete
fetch-20261006T122600Z-dfc47335,v2.1-f4676a0b,2017,時代力量,public_lands,bill_primary,5,1825,3,2.3333333333333335,3,2.3333333333333335,complete
fetch-20261006T122600Z-dfc47335,v2.1-f4676a0b,2017,時代力量,social_welfare,bill_primary,5,1825,15,12.5,15,12.5,complete
fetch-20261006T122600Z-dfc47335,v2.1-f4676a0b,2017,時代力量,technology,bill_primary,5,1825,1,0.5,1,0.5,complete
fetch-20261006T122600Z-dfc47335,v2.1-f4676a0b,2017,時代力量,transitional_justice,bill_primary,5,1825,0,0.0,0,0.0,complete
fetch-20261006T122600Z-dfc47335,v2.1-f4676a0b,2017,時代力量,transportation,bill_primary,5,1825,7,6.5,7,6.5,complete
fetch-20261006T122600Z-dfc47335,v2.1-f4676a0b,2017,時代力量,unclassified,bill_primary,5,1825,28,28.0,28,28.0,complete
fetch-20261006T122600Z-dfc47335,v2.1-f4676a0b,2017,時代力量,agriculture,bill_cosign,5,1825,8,6.333333333333333,8,6.333333333333333,complete
fetch-20261006T122600Z-dfc47335,v2.1-f4676a0b,2017,時代力量,civil_rights,bill_cosign,5,1825,28,16.5,28,16.5,complete
fetch-20261006T122600Z-dfc47335,v2.1-f4676a0b,2017,時代力量,commerce,bill_cosign,5,1825,18,13.833333333333334,18,13.833333333333334,complete
fetch-20261006T122600Z-dfc47335,v2.1-f4676a0b,2017,時代力量,cross_strait,bill_cosign,5,1825,0,0.0,0,0.0,complete
fetch-20261006T122600Z-dfc47335,v2.1-f4676a0b,2017,時代力量,culture,bill_cosign,5,1825,7,6.0,7,6.0,complete
fetch-20261006T122600Z-dfc47335,v2.1-f4676a0b,2017,時代力量,defense,bill_cosign,5,1825,13,7.916666666666666,13,7.916666666666666,complete
fetch-20261006T122600Z-dfc47335,v2.1-f4676a0b,2017,時代力量,education,bill_cosign,5,1825,38,30.5,38,30.5,complete
fetch-20261006T122600Z-dfc47335,v2.1-f4676a0b,2017,時代力量,energy,bill_cosign,5,1825,4,2.1666666666666665,4,2.1666666666666665,complete
fetch-20261006T122600Z-dfc47335,v2.1-f4676a0b,2017,時代力量,environment,bill_cosign,5,1825,35,27.333333333333336,35,27.333333333333336,complete
fetch-20261006T122600Z-dfc47335,v2.1-f4676a0b,2017,時代力量,foreign_trade,bill_cosign,5,1825,2,1.5,2,1.5,complete
fetch-20261006T122600Z-dfc47335,v2.1-f4676a0b,2017,時代力量,government,bill_cosign,5,1825,41,33.0,41,33.0,complete
fetch-20261006T122600Z-dfc47335,v2.1-f4676a0b,2017,時代力量,health,bill_cosign,5,1825,16,11.75,16,11.75,complete
fetch-20261006T122600Z-dfc47335,v2.1-f4676a0b,2017,時代力量,housing,bill_cosign,5,1825,13,9.583333333333334,13,9.583333333333334,complete
fetch-20261006T122600Z-dfc47335,v2.1-f4676a0b,2017,時代力量,immigration,bill_cosign,5,1825,3,1.8333333333333333,3,1.8333333333333333,complete
fetch-20261006T122600Z-dfc47335,v2.1-f4676a0b,2017,時代力量,indigenous,bill_cosign,5,1825,7,5.0,7,5.0,complete
fetch-20261006T122600Z-dfc47335,v2.1-f4676a0b,2017,時代力量,international,bill_cosign,5,1825,1,1.0,1,1.0,complete
fetch-20261006T122600Z-dfc47335,v2.1-f4676a0b,2017,時代力量,labor,bill_cosign,5,1825,13,10.333333333333332,13,10.333333333333332,complete
fetch-20261006T122600Z-dfc47335,v2.1-f4676a0b,2017,時代力量,law_crime,bill_cosign,5,1825,43,30.75,43,30.75,complete
fetch-20261006T122600Z-dfc47335,v2.1-f4676a0b,2017,時代力量,macroeconomy,bill_cosign,5,1825,13,9.416666666666668,13,9.416666666666668,complete
fetch-20261006T122600Z-dfc47335,v2.1-f4676a0b,2017,時代力量,public_lands,bill_cosign,5,1825,4,2.75,4,2.75,complete
fetch-20261006T122600Z-dfc47335,v2.1-f4676a0b,2017,時代力量,social_welfare,bill_cosign,5,1825,15,9.916666666666666,15,9.916666666666666,complete
fetch-20261006T122600Z-dfc47335,v2.1-f4676a0b,2017,時代力量,technology,bill_cosign,5,1825,8,6.75,8,6.75,complete
fetch-20261006T122600Z-dfc47335,v2.1-f4676a0b,2017,時代力量,transitional_justice,bill_cosign,5,1825,0,0.0,0,0.0,complete
fetch-20261006T122600Z-dfc47335,v2.1-f4676a0b,2017,時代力量,transportation,bill_cosign,5,1825,18,14.833333333333334,18,14.833333333333334,complete
fetch-20261006T122600Z-dfc47335,v2.1-f4676a0b,2017,時代力量,unclassified,bill_cosign,5,1825,71,71.0,71,71.0,complete
fetch-20261006T122600Z-dfc47335,v2.1-f4676a0b,2017,時代力量,agriculture,speech,5,1825,46,8.3927132716265,46,8.3927132716265,complete
fetch-20261006T122600Z-dfc47335,v2.1-f4676a0b,2017,時代力量,civil_rights,speech,5,1825,51,6.913795565649392,51,6.913795565649392,complete
fetch-20261006T122600Z-dfc47335,v2.1-f4676a0b,2017,時代力量,commerce,speech,5,1825,93,22.55203974525935,93,22.55203974525935,complete
fetch-20261006T122600Z-dfc47335,v2.1-f4676a0b,2017,時代力量,cross_strait,speech,5,1825,29,6.8054789142893375,29,6.8054789142893375,complete
fetch-20261006T122600Z-dfc47335,v2.1-f4676a0b,2017,時代力量,culture,speech,5,1825,91,20.107267635338264,91,20.107267635338264,complete
fetch-20261006T122600Z-dfc47335,v2.1-f4676a0b,2017,時代力量,defense,speech,5,1825,53,14.21047679178258,53,14.21047679178258,complete
fetch-20261006T122600Z-dfc47335,v2.1-f4676a0b,2017,時代力量,education,speech,5,1825,110,29.50900770856009,110,29.50900770856009,complete
fetch-20261006T122600Z-dfc47335,v2.1-f4676a0b,2017,時代力量,energy,speech,5,1825,76,21.349495621184932,76,21.349495621184932,complete
fetch-20261006T122600Z-dfc47335,v2.1-f4676a0b,2017,時代力量,environment,speech,5,1825,64,12.290795625194098,64,12.290795625194098,complete
fetch-20261006T122600Z-dfc47335,v2.1-f4676a0b,2017,時代力量,foreign_trade,speech,5,1825,17,2.0032234679308254,17,2.0032234679308254,complete
fetch-20261006T122600Z-dfc47335,v2.1-f4676a0b,2017,時代力量,government,speech,5,1825,118,30.34418125114309,118,30.34418125114309,complete
fetch-20261006T122600Z-dfc47335,v2.1-f4676a0b,2017,時代力量,health,speech,5,1825,69,11.761549361973502,69,11.761549361973502,complete
fetch-20261006T122600Z-dfc47335,v2.1-f4676a0b,2017,時代力量,housing,speech,5,1825,20,4.40430966806741,20,4.40430966806741,complete
fetch-20261006T122600Z-dfc47335,v2.1-f4676a0b,2017,時代力量,immigration,speech,5,1825,5,0.4817374729382444,5,0.4817374729382444,complete
fetch-20261006T122600Z-dfc47335,v2.1-f4676a0b,2017,時代力量,indigenous,speech,5,1825,121,37.58958373900063,121,37.58958373900063,complete
fetch-20261006T122600Z-dfc47335,v2.1-f4676a0b,2017,時代力量,international,speech,5,1825,45,12.88245906840178,45,12.88245906840178,complete
fetch-20261006T122600Z-dfc47335,v2.1-f4676a0b,2017,時代力量,labor,speech,5,1825,88,23.957732725312038,88,23.957732725312038,complete
fetch-20261006T122600Z-dfc47335,v2.1-f4676a0b,2017,時代力量,law_crime,speech,5,1825,184,53.17106580282535,184,53.17106580282535,complete
fetch-20261006T122600Z-dfc47335,v2.1-f4676a0b,2017,時代力量,macroeconomy,speech,5,1825,87,25.021094716578762,87,25.021094716578762,complete
fetch-20261006T122600Z-dfc47335,v2.1-f4676a0b,2017,時代力量,public_lands,speech,5,1825,45,6.606529631949765,45,6.606529631949765,complete
fetch-20261006T122600Z-dfc47335,v2.1-f4676a0b,2017,時代力量,social_welfare,speech,5,1825,79,15.533433529606686,79,15.533433529606686,complete
fetch-20261006T122600Z-dfc47335,v2.1-f4676a0b,2017,時代力量,technology,speech,5,1825,90,14.835331661499705,90,14.835331661499705,complete
fetch-20261006T122600Z-dfc47335,v2.1-f4676a0b,2017,時代力量,transitional_justice,speech,5,1825,31,7.604964281959489,31,7.604964281959489,complete
fetch-20261006T122600Z-dfc47335,v2.1-f4676a0b,2017,時代力量,transportation,speech,5,1825,98,29.42566554962775,98,29.42566554962775,complete
fetch-20261006T122600Z-dfc47335,v2.1-f4676a0b,2017,時代力量,unclassified,speech,5,1825,578,284.24606719230053,578,284.24606719230053,complete
fetch-20261006T122600Z-dfc47335,v2.1-f4676a0b,2017,時代力量,agriculture,written_question,5,1825,0,0.0,0,0.0,complete
fetch-20261006T122600Z-dfc47335,v2.1-f4676a0b,2017,時代力量,civil_rights,written_question,5,1825,0,0.0,0,0.0,complete
fetch-20261006T122600Z-dfc47335,v2.1-f4676a0b,2017,時代力量,commerce,written_question,5,1825,0,0.0,0,0.0,complete
fetch-20261006T122600Z-dfc47335,v2.1-f4676a0b,2017,時代力量,cross_strait,written_question,5,1825,0,0.0,0,0.0,complete
fetch-20261006T122600Z-dfc47335,v2.1-f4676a0b,2017,時代力量,culture,written_question,5,1825,0,0.0,0,0.0,complete
fetch-20261006T122600Z-dfc47335,v2.1-f4676a0b,2017,時代力量,defense,written_question,5,1825,4,2.25,4,2.25,complete
fetch-20261006T122600Z-dfc47335,v2.1-f4676a0b,2017,時代力量,education,written_question,5,1825,0,0.0,0,0.0,complete
fetch-20261006T122600Z-dfc47335,v2.1-f4676a0b,2017,時代力量,energy,written_question,5,1825,1,0.25,1,0.25,complete
fetch-20261006T122600Z-dfc47335,v2.1-f4676a0b,2017,時代力量,environment,written_question,5,1825,2,1.25,2,1.25,complete
fetch-20261006T122600Z-dfc47335,v2.1-f4676a0b,2017,時代力量,foreign_trade,written_question,5,1825,0,0.0,0,0.0,complete
fetch-20261006T122600Z-dfc47335,v2.1-f4676a0b,2017,時代力量,government,written_question,5,1825,0,0.0,0,0.0,complete
fetch-20261006T122600Z-dfc47335,v2.1-f4676a0b,2017,時代力量,health,written_question,5,1825,1,0.25,1,0.25,complete
fetch-20261006T122600Z-dfc47335,v2.1-f4676a0b,2017,時代力量,housing,written_question,5,1825,1,0.5,1,0.5,complete
fetch-20261006T122600Z-dfc47335,v2.1-f4676a0b,2017,時代力量,immigration,written_question,5,1825,0,0.0,0,0.0,complete
fetch-20261006T122600Z-dfc47335,v2.1-f4676a0b,2017,時代力量,indigenous,written_question,5,1825,0,0.0,0,0.0,complete
fetch-20261006T122600Z-dfc47335,v2.1-f4676a0b,2017,時代力量,international,written_question,5,1825,0,0.0,0,0.0,complete
fetch-20261006T122600Z-dfc47335,v2.1-f4676a0b,2017,時代力量,labor,written_question,5,1825,1,1.0,1,1.0,complete
fetch-20261006T122600Z-dfc47335,v2.1-f4676a0b,2017,時代力量,law_crime,written_question,5,1825,0,0.0,0,0.0,complete
fetch-20261006T122600Z-dfc47335,v2.1-f4676a0b,2017,時代力量,macroeconomy,written_question,5,1825,2,0.5,2,0.5,complete
fetch-20261006T122600Z-dfc47335,v2.1-f4676a0b,2017,時代力量,public_lands,written_question,5,1825,0,0.0,0,0.0,complete
fetch-20261006T122600Z-dfc47335,v2.1-f4676a0b,2017,時代力量,social_welfare,written_question,5,1825,1,0.25,1,0.25,complete
fetch-20261006T122600Z-dfc47335,v2.1-f4676a0b,2017,時代力量,technology,written_question,5,1825,2,0.75,2,0.75,complete
fetch-20261006T122600Z-dfc47335,v2.1-f4676a0b,2017,時代力量,transitional_justice,written_question,5,1825,0,0.0,0,0.0,complete
fetch-20261006T122600Z-dfc47335,v2.1-f4676a0b,2017,時代力量,transportation,written_question,5,1825,0,0.0,0,0.0,complete
fetch-20261006T122600Z-dfc47335,v2.1-f4676a0b,2017,時代力量,unclassified,written_question,5,1825,0,0.0,0,0.0,complete
fetch-20261006T122600Z-dfc47335,v2.1-f4676a0b,2018,時代力量,agriculture,bill_primary,5,1825,0,0.0,0,0.0,complete
fetch-20261006T122600Z-dfc47335,v2.1-f4676a0b,2018,時代力量,civil_rights,bill_primary,5,1825,2,1.0,2,1.0,complete
fetch-20261006T122600Z-dfc47335,v2.1-f4676a0b,2018,時代力量,commerce,bill_primary,5,1825,1,0.3333333333333333,1,0.3333333333333333,complete
fetch-20261006T122600Z-dfc47335,v2.1-f4676a0b,2018,時代力量,cross_strait,bill_primary,5,1825,0,0.0,0,0.0,complete
fetch-20261006T122600Z-dfc47335,v2.1-f4676a0b,2018,時代力量,culture,bill_primary,5,1825,5,4.0,5,4.0,complete
fetch-20261006T122600Z-dfc47335,v2.1-f4676a0b,2018,時代力量,defense,bill_primary,5,1825,2,2.0,2,2.0,complete
fetch-20261006T122600Z-dfc47335,v2.1-f4676a0b,2018,時代力量,education,bill_primary,5,1825,7,6.0,7,6.0,complete
fetch-20261006T122600Z-dfc47335,v2.1-f4676a0b,2018,時代力量,energy,bill_primary,5,1825,0,0.0,0,0.0,complete
fetch-20261006T122600Z-dfc47335,v2.1-f4676a0b,2018,時代力量,environment,bill_primary,5,1825,3,3.0,3,3.0,complete
fetch-20261006T122600Z-dfc47335,v2.1-f4676a0b,2018,時代力量,foreign_trade,bill_primary,5,1825,1,0.5,1,0.5,complete
fetch-20261006T122600Z-dfc47335,v2.1-f4676a0b,2018,時代力量,government,bill_primary,5,1825,9,6.166666666666667,9,6.166666666666667,complete
fetch-20261006T122600Z-dfc47335,v2.1-f4676a0b,2018,時代力量,health,bill_primary,5,1825,1,1.0,1,1.0,complete
fetch-20261006T122600Z-dfc47335,v2.1-f4676a0b,2018,時代力量,housing,bill_primary,5,1825,2,1.0,2,1.0,complete
fetch-20261006T122600Z-dfc47335,v2.1-f4676a0b,2018,時代力量,immigration,bill_primary,5,1825,2,2.0,2,2.0,complete
fetch-20261006T122600Z-dfc47335,v2.1-f4676a0b,2018,時代力量,indigenous,bill_primary,5,1825,4,2.5,4,2.5,complete
fetch-20261006T122600Z-dfc47335,v2.1-f4676a0b,2018,時代力量,international,bill_primary,5,1825,5,3.1666666666666665,5,3.1666666666666665,complete
fetch-20261006T122600Z-dfc47335,v2.1-f4676a0b,2018,時代力量,labor,bill_primary,5,1825,11,9.333333333333334,11,9.333333333333334,complete
fetch-20261006T122600Z-dfc47335,v2.1-f4676a0b,2018,時代力量,law_crime,bill_primary,5,1825,17,13.5,17,13.5,complete
fetch-20261006T122600Z-dfc47335,v2.1-f4676a0b,2018,時代力量,macroeconomy,bill_primary,5,1825,3,2.5,3,2.5,complete
fetch-20261006T122600Z-dfc47335,v2.1-f4676a0b,2018,時代力量,public_lands,bill_primary,5,1825,0,0.0,0,0.0,complete
fetch-20261006T122600Z-dfc47335,v2.1-f4676a0b,2018,時代力量,social_welfare,bill_primary,5,1825,1,1.0,1,1.0,complete
fetch-20261006T122600Z-dfc47335,v2.1-f4676a0b,2018,時代力量,technology,bill_primary,5,1825,0,0.0,0,0.0,complete
fetch-20261006T122600Z-dfc47335,v2.1-f4676a0b,2018,時代力量,transitional_justice,bill_primary,5,1825,1,1.0,1,1.0,complete
fetch-20261006T122600Z-dfc47335,v2.1-f4676a0b,2018,時代力量,transportation,bill_primary,5,1825,2,2.0,2,2.0,complete
fetch-20261006T122600Z-dfc47335,v2.1-f4676a0b,2018,時代力量,unclassified,bill_primary,5,1825,15,15.0,15,15.0,complete
fetch-20261006T122600Z-dfc47335,v2.1-f4676a0b,2018,時代力量,agriculture,bill_cosign,5,1825,4,3.0,4,3.0,complete
fetch-20261006T122600Z-dfc47335,v2.1-f4676a0b,2018,時代力量,civil_rights,bill_cosign,5,1825,10,4.916666666666667,10,4.916666666666667,complete
fetch-20261006T122600Z-dfc47335,v2.1-f4676a0b,2018,時代力量,commerce,bill_cosign,5,1825,5,2.8333333333333335,5,2.8333333333333335,complete
fetch-20261006T122600Z-dfc47335,v2.1-f4676a0b,2018,時代力量,cross_strait,bill_cosign,5,1825,0,0.0,0,0.0,complete
fetch-20261006T122600Z-dfc47335,v2.1-f4676a0b,2018,時代力量,culture,bill_cosign,5,1825,14,13.0,14,13.0,complete
fetch-20261006T122600Z-dfc47335,v2.1-f4676a0b,2018,時代力量,defense,bill_cosign,5,1825,4,2.6666666666666665,4,2.6666666666666665,complete
fetch-20261006T122600Z-dfc47335,v2.1-f4676a0b,2018,時代力量,education,bill_cosign,5,1825,26,21.166666666666664,26,21.166666666666664,complete
fetch-20261006T122600Z-dfc47335,v2.1-f4676a0b,2018,時代力量,energy,bill_cosign,5,1825,4,3.0,4,3.0,complete
fetch-20261006T122600Z-dfc47335,v2.1-f4676a0b,2018,時代力量,environment,bill_cosign,5,1825,10,9.333333333333334,10,9.333333333333334,complete
fetch-20261006T122600Z-dfc47335,v2.1-f4676a0b,2018,時代力量,foreign_trade,bill_cosign,5,1825,3,1.5,3,1.5,complete
fetch-20261006T122600Z-dfc47335,v2.1-f4676a0b,2018,時代力量,government,bill_cosign,5,1825,15,10.75,15,10.75,complete
fetch-20261006T122600Z-dfc47335,v2.1-f4676a0b,2018,時代力量,health,bill_cosign,5,1825,2,2.0,2,2.0,complete
fetch-20261006T122600Z-dfc47335,v2.1-f4676a0b,2018,時代力量,housing,bill_cosign,5,1825,2,1.0,2,1.0,complete
fetch-20261006T122600Z-dfc47335,v2.1-f4676a0b,2018,時代力量,immigration,bill_cosign,5,1825,7,6.333333333333333,7,6.333333333333333,complete
fetch-20261006T122600Z-dfc47335,v2.1-f4676a0b,2018,時代力量,indigenous,bill_cosign,5,1825,0,0.0,0,0.0,complete
fetch-20261006T122600Z-dfc47335,v2.1-f4676a0b,2018,時代力量,international,bill_cosign,5,1825,0,0.0,0,0.0,complete
fetch-20261006T122600Z-dfc47335,v2.1-f4676a0b,2018,時代力量,labor,bill_cosign,5,1825,27,18.166666666666668,27,18.166666666666668,complete
fetch-20261006T122600Z-dfc47335,v2.1-f4676a0b,2018,時代力量,law_crime,bill_cosign,5,1825,28,19.416666666666664,28,19.416666666666664,complete
fetch-20261006T122600Z-dfc47335,v2.1-f4676a0b,2018,時代力量,macroeconomy,bill_cosign,5,1825,12,9.583333333333334,12,9.583333333333334,complete
fetch-20261006T122600Z-dfc47335,v2.1-f4676a0b,2018,時代力量,public_lands,bill_cosign,5,1825,5,4.5,5,4.5,complete
fetch-20261006T122600Z-dfc47335,v2.1-f4676a0b,2018,時代力量,social_welfare,bill_cosign,5,1825,7,5.833333333333333,7,5.833333333333333,complete
fetch-20261006T122600Z-dfc47335,v2.1-f4676a0b,2018,時代力量,technology,bill_cosign,5,1825,5,2.6666666666666665,5,2.6666666666666665,complete
fetch-20261006T122600Z-dfc47335,v2.1-f4676a0b,2018,時代力量,transitional_justice,bill_cosign,5,1825,4,4.0,4,4.0,complete
fetch-20261006T122600Z-dfc47335,v2.1-f4676a0b,2018,時代力量,transportation,bill_cosign,5,1825,16,12.333333333333334,16,12.333333333333334,complete
fetch-20261006T122600Z-dfc47335,v2.1-f4676a0b,2018,時代力量,unclassified,bill_cosign,5,1825,52,52.0,52,52.0,complete
fetch-20261006T122600Z-dfc47335,v2.1-f4676a0b,2018,時代力量,agriculture,speech,5,1825,40,6.356255792083031,40,6.356255792083031,complete
fetch-20261006T122600Z-dfc47335,v2.1-f4676a0b,2018,時代力量,civil_rights,speech,5,1825,30,3.113047279096498,30,3.113047279096498,complete
fetch-20261006T122600Z-dfc47335,v2.1-f4676a0b,2018,時代力量,commerce,speech,5,1825,143,31.45579090274763,143,31.45579090274763,complete
fetch-20261006T122600Z-dfc47335,v2.1-f4676a0b,2018,時代力量,cross_strait,speech,5,1825,15,1.806589880371135,15,1.806589880371135,complete
fetch-20261006T122600Z-dfc47335,v2.1-f4676a0b,2018,時代力量,culture,speech,5,1825,87,20.63966135098764,87,20.63966135098764,complete
fetch-20261006T122600Z-dfc47335,v2.1-f4676a0b,2018,時代力量,defense,speech,5,1825,44,14.79162278173896,44,14.79162278173896,complete
fetch-20261006T122600Z-dfc47335,v2.1-f4676a0b,2018,時代力量,education,speech,5,1825,134,32.03446369545966,134,32.03446369545966,complete
fetch-20261006T122600Z-dfc47335,v2.1-f4676a0b,2018,時代力量,energy,speech,5,1825,107,26.29692683907,107,26.29692683907,complete
fetch-20261006T122600Z-dfc47335,v2.1-f4676a0b,2018,時代力量,environment,speech,5,1825,65,13.737736875366224,65,13.737736875366224,complete
fetch-20261006T122600Z-dfc47335,v2.1-f4676a0b,2018,時代力量,foreign_trade,speech,5,1825,39,3.744986441100498,39,3.744986441100498,complete
fetch-20261006T122600Z-dfc47335,v2.1-f4676a0b,2018,時代力量,government,speech,5,1825,110,18.327657813341865,110,18.327657813341865,complete
fetch-20261006T122600Z-dfc47335,v2.1-f4676a0b,2018,時代力量,health,speech,5,1825,65,11.1802268952779,65,11.1802268952779,complete
fetch-20261006T122600Z-dfc47335,v2.1-f4676a0b,2018,時代力量,housing,speech,5,1825,30,9.093298148480198,30,9.093298148480198,complete
fetch-20261006T122600Z-dfc47335,v2.1-f4676a0b,2018,時代力量,immigration,speech,5,1825,9,1.0322495240497385,9,1.0322495240497385,complete
fetch-20261006T122600Z-dfc47335,v2.1-f4676a0b,2018,時代力量,indigenous,speech,5,1825,127,40.8900400166989,127,40.8900400166989,complete
fetch-20261006T122600Z-dfc47335,v2.1-f4676a0b,2018,時代力量,international,speech,5,1825,46,9.766603020212813,46,9.766603020212813,complete
fetch-20261006T122600Z-dfc47335,v2.1-f4676a0b,2018,時代力量,labor,speech,5,1825,64,10.289650558709665,64,10.289650558709665,complete
fetch-20261006T122600Z-dfc47335,v2.1-f4676a0b,2018,時代力量,law_crime,speech,5,1825,183,50.58598659058929,183,50.58598659058929,complete
fetch-20261006T122600Z-dfc47335,v2.1-f4676a0b,2018,時代力量,macroeconomy,speech,5,1825,57,6.319944065213761,57,6.319944065213761,complete
fetch-20261006T122600Z-dfc47335,v2.1-f4676a0b,2018,時代力量,public_lands,speech,5,1825,38,4.7538176524960365,38,4.7538176524960365,complete
fetch-20261006T122600Z-dfc47335,v2.1-f4676a0b,2018,時代力量,social_welfare,speech,5,1825,25,3.325856956896609,25,3.325856956896609,complete
fetch-20261006T122600Z-dfc47335,v2.1-f4676a0b,2018,時代力量,technology,speech,5,1825,90,10.788970576640553,90,10.788970576640553,complete
fetch-20261006T122600Z-dfc47335,v2.1-f4676a0b,2018,時代力量,transitional_justice,speech,5,1825,35,10.271251421735036,35,10.271251421735036,complete
fetch-20261006T122600Z-dfc47335,v2.1-f4676a0b,2018,時代力量,transportation,speech,5,1825,83,17.614171472949398,83,17.614171472949398,complete
fetch-20261006T122600Z-dfc47335,v2.1-f4676a0b,2018,時代力量,unclassified,speech,5,1825,553,261.78319344868703,553,261.78319344868703,complete
fetch-20261006T122600Z-dfc47335,v2.1-f4676a0b,2018,時代力量,agriculture,written_question,5,1825,0,0.0,0,0.0,complete
fetch-20261006T122600Z-dfc47335,v2.1-f4676a0b,2018,時代力量,civil_rights,written_question,5,1825,0,0.0,0,0.0,complete
fetch-20261006T122600Z-dfc47335,v2.1-f4676a0b,2018,時代力量,commerce,written_question,5,1825,0,0.0,0,0.0,complete
fetch-20261006T122600Z-dfc47335,v2.1-f4676a0b,2018,時代力量,cross_strait,written_question,5,1825,0,0.0,0,0.0,complete
fetch-20261006T122600Z-dfc47335,v2.1-f4676a0b,2018,時代力量,culture,written_question,5,1825,0,0.0,0,0.0,complete
fetch-20261006T122600Z-dfc47335,v2.1-f4676a0b,2018,時代力量,defense,written_question,5,1825,0,0.0,0,0.0,complete
fetch-20261006T122600Z-dfc47335,v2.1-f4676a0b,2018,時代力量,education,written_question,5,1825,0,0.0,0,0.0,complete
fetch-20261006T122600Z-dfc47335,v2.1-f4676a0b,2018,時代力量,energy,written_question,5,1825,0,0.0,0,0.0,complete
fetch-20261006T122600Z-dfc47335,v2.1-f4676a0b,2018,時代力量,environment,written_question,5,1825,0,0.0,0,0.0,complete
fetch-20261006T122600Z-dfc47335,v2.1-f4676a0b,2018,時代力量,foreign_trade,written_question,5,1825,0,0.0,0,0.0,complete
fetch-20261006T122600Z-dfc47335,v2.1-f4676a0b,2018,時代力量,government,written_question,5,1825,0,0.0,0,0.0,complete
fetch-20261006T122600Z-dfc47335,v2.1-f4676a0b,2018,時代力量,health,written_question,5,1825,0,0.0,0,0.0,complete
fetch-20261006T122600Z-dfc47335,v2.1-f4676a0b,2018,時代力量,housing,written_question,5,1825,0,0.0,0,0.0,complete
fetch-20261006T122600Z-dfc47335,v2.1-f4676a0b,2018,時代力量,immigration,written_question,5,1825,0,0.0,0,0.0,complete
fetch-20261006T122600Z-dfc47335,v2.1-f4676a0b,2018,時代力量,indigenous,written_question,5,1825,0,0.0,0,0.0,complete
fetch-20261006T122600Z-dfc47335,v2.1-f4676a0b,2018,時代力量,international,written_question,5,1825,0,0.0,0,0.0,complete
fetch-20261006T122600Z-dfc47335,v2.1-f4676a0b,2018,時代力量,labor,written_question,5,1825,0,0.0,0,0.0,complete
fetch-20261006T122600Z-dfc47335,v2.1-f4676a0b,2018,時代力量,law_crime,written_question,5,1825,0,0.0,0,0.0,complete
fetch-20261006T122600Z-dfc47335,v2.1-f4676a0b,2018,時代力量,macroeconomy,written_question,5,1825,0,0.0,0,0.0,complete
fetch-20261006T122600Z-dfc47335,v2.1-f4676a0b,2018,時代力量,public_lands,written_question,5,1825,0,0.0,0,0.0,complete
fetch-20261006T122600Z-dfc47335,v2.1-f4676a0b,2018,時代力量,social_welfare,written_question,5,1825,0,0.0,0,0.0,complete
fetch-20261006T122600Z-dfc47335,v2.1-f4676a0b,2018,時代力量,technology,written_question,5,1825,0,0.0,0,0.0,complete
fetch-20261006T122600Z-dfc47335,v2.1-f4676a0b,2018,時代力量,transitional_justice,written_question,5,1825,0,0.0,0,0.0,complete
fetch-20261006T122600Z-dfc47335,v2.1-f4676a0b,2018,時代力量,transportation,written_question,5,1825,0,0.0,0,0.0,complete
fetch-20261006T122600Z-dfc47335,v2.1-f4676a0b,2018,時代力量,unclassified,written_question,5,1825,0,0.0,0,0.0,complete
fetch-20261006T122600Z-dfc47335,v2.1-f4676a0b,2019,時代力量,agriculture,bill_primary,6,1462,1,0.5,1,0.5,complete
fetch-20261006T122600Z-dfc47335,v2.1-f4676a0b,2019,無黨籍,agriculture,bill_primary,3,721,1,1.0,1,1.0,complete
fetch-20261006T122600Z-dfc47335,v2.1-f4676a0b,2019,時代力量,civil_rights,bill_primary,6,1462,2,2.0,2,2.0,complete
fetch-20261006T122600Z-dfc47335,v2.1-f4676a0b,2019,無黨籍,civil_rights,bill_primary,3,721,2,1.0,2,1.0,complete
fetch-20261006T122600Z-dfc47335,v2.1-f4676a0b,2019,時代力量,commerce,bill_primary,6,1462,0,0.0,0,0.0,complete
fetch-20261006T122600Z-dfc47335,v2.1-f4676a0b,2019,無黨籍,commerce,bill_primary,3,721,0,0.0,0,0.0,complete
fetch-20261006T122600Z-dfc47335,v2.1-f4676a0b,2019,時代力量,cross_strait,bill_primary,6,1462,0,0.0,0,0.0,complete
fetch-20261006T122600Z-dfc47335,v2.1-f4676a0b,2019,無黨籍,cross_strait,bill_primary,3,721,0,0.0,0,0.0,complete
fetch-20261006T122600Z-dfc47335,v2.1-f4676a0b,2019,時代力量,culture,bill_primary,6,1462,0,0.0,0,0.0,complete
fetch-20261006T122600Z-dfc47335,v2.1-f4676a0b,2019,無黨籍,culture,bill_primary,3,721,1,0.5,1,0.5,complete
fetch-20261006T122600Z-dfc47335,v2.1-f4676a0b,2019,時代力量,defense,bill_primary,6,1462,2,2.0,2,2.0,complete
fetch-20261006T122600Z-dfc47335,v2.1-f4676a0b,2019,無黨籍,defense,bill_primary,3,721,4,2.3333333333333335,4,2.3333333333333335,complete
fetch-20261006T122600Z-dfc47335,v2.1-f4676a0b,2019,時代力量,education,bill_primary,6,1462,3,2.5,3,2.5,complete
fetch-20261006T122600Z-dfc47335,v2.1-f4676a0b,2019,無黨籍,education,bill_primary,3,721,3,1.8333333333333333,3,1.8333333333333333,complete
fetch-20261006T122600Z-dfc47335,v2.1-f4676a0b,2019,時代力量,energy,bill_primary,6,1462,0,0.0,0,0.0,complete
fetch-20261006T122600Z-dfc47335,v2.1-f4676a0b,2019,無黨籍,energy,bill_primary,3,721,0,0.0,0,0.0,complete
fetch-20261006T122600Z-dfc47335,v2.1-f4676a0b,2019,時代力量,environment,bill_primary,6,1462,0,0.0,0,0.0,complete
fetch-20261006T122600Z-dfc47335,v2.1-f4676a0b,2019,無黨籍,environment,bill_primary,3,721,0,0.0,0,0.0,complete
fetch-20261006T122600Z-dfc47335,v2.1-f4676a0b,2019,時代力量,foreign_trade,bill_primary,6,1462,0,0.0,0,0.0,complete
fetch-20261006T122600Z-dfc47335,v2.1-f4676a0b,2019,無黨籍,foreign_trade,bill_primary,3,721,0,0.0,0,0.0,complete
fetch-20261006T122600Z-dfc47335,v2.1-f4676a0b,2019,時代力量,government,bill_primary,6,1462,5,4.0,5,4.0,complete
fetch-20261006T122600Z-dfc47335,v2.1-f4676a0b,2019,無黨籍,government,bill_primary,3,721,6,4.833333333333334,6,4.833333333333334,complete
fetch-20261006T122600Z-dfc47335,v2.1-f4676a0b,2019,時代力量,health,bill_primary,6,1462,1,1.0,1,1.0,complete
fetch-20261006T122600Z-dfc47335,v2.1-f4676a0b,2019,無黨籍,health,bill_primary,3,721,3,2.5,3,2.5,complete
fetch-20261006T122600Z-dfc47335,v2.1-f4676a0b,2019,時代力量,housing,bill_primary,6,1462,2,1.5,2,1.5,complete
fetch-20261006T122600Z-dfc47335,v2.1-f4676a0b,2019,無黨籍,housing,bill_primary,3,721,0,0.0,0,0.0,complete
fetch-20261006T122600Z-dfc47335,v2.1-f4676a0b,2019,時代力量,immigration,bill_primary,6,1462,1,1.0,1,1.0,complete
fetch-20261006T122600Z-dfc47335,v2.1-f4676a0b,2019,無黨籍,immigration,bill_primary,3,721,0,0.0,0,0.0,complete
fetch-20261006T122600Z-dfc47335,v2.1-f4676a0b,2019,時代力量,indigenous,bill_primary,6,1462,2,1.0,2,1.0,complete
fetch-20261006T122600Z-dfc47335,v2.1-f4676a0b,2019,無黨籍,indigenous,bill_primary,3,721,0,0.0,0,0.0,complete
fetch-20261006T122600Z-dfc47335,v2.1-f4676a0b,2019,時代力量,international,bill_primary,6,1462,0,0.0,0,0.0,complete
fetch-20261006T122600Z-dfc47335,v2.1-f4676a0b,2019,無黨籍,international,bill_primary,3,721,0,0.0,0,0.0,complete
fetch-20261006T122600Z-dfc47335,v2.1-f4676a0b,2019,時代力量,labor,bill_primary,6,1462,3,2.0,3,2.0,complete
fetch-20261006T122600Z-dfc47335,v2.1-f4676a0b,2019,無黨籍,labor,bill_primary,3,721,5,3.6666666666666665,5,3.6666666666666665,complete
fetch-20261006T122600Z-dfc47335,v2.1-f4676a0b,2019,時代力量,law_crime,bill_primary,6,1462,4,3.0,4,3.0,complete
fetch-20261006T122600Z-dfc47335,v2.1-f4676a0b,2019,無黨籍,law_crime,bill_primary,3,721,8,6.333333333333334,8,6.333333333333334,complete
fetch-20261006T122600Z-dfc47335,v2.1-f4676a0b,2019,時代力量,macroeconomy,bill_primary,6,1462,1,0.5,1,0.5,complete
fetch-20261006T122600Z-dfc47335,v2.1-f4676a0b,2019,無黨籍,macroeconomy,bill_primary,3,721,3,3.0,3,3.0,complete
fetch-20261006T122600Z-dfc47335,v2.1-f4676a0b,2019,時代力量,public_lands,bill_primary,6,1462,1,0.5,1,0.5,complete
fetch-20261006T122600Z-dfc47335,v2.1-f4676a0b,2019,無黨籍,public_lands,bill_primary,3,721,0,0.0,0,0.0,complete
fetch-20261006T122600Z-dfc47335,v2.1-f4676a0b,2019,時代力量,social_welfare,bill_primary,6,1462,0,0.0,0,0.0,complete
fetch-20261006T122600Z-dfc47335,v2.1-f4676a0b,2019,無黨籍,social_welfare,bill_primary,3,721,5,3.6666666666666665,5,3.6666666666666665,complete
fetch-20261006T122600Z-dfc47335,v2.1-f4676a0b,2019,時代力量,technology,bill_primary,6,1462,0,0.0,0,0.0,complete
fetch-20261006T122600Z-dfc47335,v2.1-f4676a0b,2019,無黨籍,technology,bill_primary,3,721,2,0.8333333333333333,2,0.8333333333333333,complete
fetch-20261006T122600Z-dfc47335,v2.1-f4676a0b,2019,時代力量,transitional_justice,bill_primary,6,1462,0,0.0,0,0.0,complete
fetch-20261006T122600Z-dfc47335,v2.1-f4676a0b,2019,無黨籍,transitional_justice,bill_primary,3,721,0,0.0,0,0.0,complete
fetch-20261006T122600Z-dfc47335,v2.1-f4676a0b,2019,時代力量,transportation,bill_primary,6,1462,3,2.5,3,2.5,complete
fetch-20261006T122600Z-dfc47335,v2.1-f4676a0b,2019,無黨籍,transportation,bill_primary,3,721,3,2.5,3,2.5,complete
fetch-20261006T122600Z-dfc47335,v2.1-f4676a0b,2019,時代力量,unclassified,bill_primary,6,1462,5,5.0,5,5.0,complete
fetch-20261006T122600Z-dfc47335,v2.1-f4676a0b,2019,無黨籍,unclassified,bill_primary,3,721,12,12.0,12,12.0,complete
fetch-20261006T122600Z-dfc47335,v2.1-f4676a0b,2019,時代力量,agriculture,bill_cosign,6,1462,4,2.5,4,2.5,complete
fetch-20261006T122600Z-dfc47335,v2.1-f4676a0b,2019,無黨籍,agriculture,bill_cosign,3,721,6,3.6666666666666665,6,3.6666666666666665,complete
fetch-20261006T122600Z-dfc47335,v2.1-f4676a0b,2019,時代力量,civil_rights,bill_cosign,6,1462,10,10.0,10,10.0,complete
fetch-20261006T122600Z-dfc47335,v2.1-f4676a0b,2019,無黨籍,civil_rights,bill_cosign,3,721,6,3.1666666666666665,6,3.1666666666666665,complete
fetch-20261006T122600Z-dfc47335,v2.1-f4676a0b,2019,時代力量,commerce,bill_cosign,6,1462,1,1.0,1,1.0,complete
fetch-20261006T122600Z-dfc47335,v2.1-f4676a0b,2019,無黨籍,commerce,bill_cosign,3,721,0,0.0,0,0.0,complete
fetch-20261006T122600Z-dfc47335,v2.1-f4676a0b,2019,時代力量,cross_strait,bill_cosign,6,1462,0,0.0,0,0.0,complete
fetch-20261006T122600Z-dfc47335,v2.1-f4676a0b,2019,無黨籍,cross_strait,bill_cosign,3,721,1,0.5,1,0.5,complete
fetch-20261006T122600Z-dfc47335,v2.1-f4676a0b,2019,時代力量,culture,bill_cosign,6,1462,4,4.0,4,4.0,complete
fetch-20261006T122600Z-dfc47335,v2.1-f4676a0b,2019,無黨籍,culture,bill_cosign,3,721,7,4.166666666666666,7,4.166666666666666,complete
fetch-20261006T122600Z-dfc47335,v2.1-f4676a0b,2019,時代力量,defense,bill_cosign,6,1462,8,8.0,8,8.0,complete
fetch-20261006T122600Z-dfc47335,v2.1-f4676a0b,2019,無黨籍,defense,bill_cosign,3,721,9,7.5,9,7.5,complete
fetch-20261006T122600Z-dfc47335,v2.1-f4676a0b,2019,時代力量,education,bill_cosign,6,1462,4,2.0,4,2.0,complete
fetch-20261006T122600Z-dfc47335,v2.1-f4676a0b,2019,無黨籍,education,bill_cosign,3,721,12,7.833333333333333,12,7.833333333333333,complete
fetch-20261006T122600Z-dfc47335,v2.1-f4676a0b,2019,時代力量,energy,bill_cosign,6,1462,1,0.5,1,0.5,complete
fetch-20261006T122600Z-dfc47335,v2.1-f4676a0b,2019,無黨籍,energy,bill_cosign,3,721,1,1.0,1,1.0,complete
fetch-20261006T122600Z-dfc47335,v2.1-f4676a0b,2019,時代力量,environment,bill_cosign,6,1462,2,1.5,2,1.5,complete
fetch-20261006T122600Z-dfc47335,v2.1-f4676a0b,2019,無黨籍,environment,bill_cosign,3,721,5,3.5,5,3.5,complete
fetch-20261006T122600Z-dfc47335,v2.1-f4676a0b,2019,時代力量,foreign_trade,bill_cosign,6,1462,0,0.0,0,0.0,complete
fetch-20261006T122600Z-dfc47335,v2.1-f4676a0b,2019,無黨籍,foreign_trade,bill_cosign,3,721,2,1.5,2,1.5,complete
fetch-20261006T122600Z-dfc47335,v2.1-f4676a0b,2019,時代力量,government,bill_cosign,6,1462,13,10.0,13,10.0,complete
fetch-20261006T122600Z-dfc47335,v2.1-f4676a0b,2019,無黨籍,government,bill_cosign,3,721,11,7.666666666666667,11,7.666666666666667,complete
fetch-20261006T122600Z-dfc47335,v2.1-f4676a0b,2019,時代力量,health,bill_cosign,6,1462,2,2.0,2,2.0,complete
fetch-20261006T122600Z-dfc47335,v2.1-f4676a0b,2019,無黨籍,health,bill_cosign,3,721,18,16.5,18,16.5,complete
fetch-20261006T122600Z-dfc47335,v2.1-f4676a0b,2019,時代力量,housing,bill_cosign,6,1462,0,0.0,0,0.0,complete
fetch-20261006T122600Z-dfc47335,v2.1-f4676a0b,2019,無黨籍,housing,bill_cosign,3,721,0,0.0,0,0.0,complete
fetch-20261006T122600Z-dfc47335,v2.1-f4676a0b,2019,時代力量,immigration,bill_cosign,6,1462,3,3.0,3,3.0,complete
fetch-20261006T122600Z-dfc47335,v2.1-f4676a0b,2019,無黨籍,immigration,bill_cosign,3,721,2,1.5,2,1.5,complete
fetch-20261006T122600Z-dfc47335,v2.1-f4676a0b,2019,時代力量,indigenous,bill_cosign,6,1462,4,2.0,4,2.0,complete
fetch-20261006T122600Z-dfc47335,v2.1-f4676a0b,2019,無黨籍,indigenous,bill_cosign,3,721,1,0.5,1,0.5,complete
fetch-20261006T122600Z-dfc47335,v2.1-f4676a0b,2019,時代力量,international,bill_cosign,6,1462,0,0.0,0,0.0,complete
fetch-20261006T122600Z-dfc47335,v2.1-f4676a0b,2019,無黨籍,international,bill_cosign,3,721,2,2.0,2,2.0,complete
fetch-20261006T122600Z-dfc47335,v2.1-f4676a0b,2019,時代力量,labor,bill_cosign,6,1462,15,11.5,15,11.5,complete
fetch-20261006T122600Z-dfc47335,v2.1-f4676a0b,2019,無黨籍,labor,bill_cosign,3,721,19,15.333333333333334,19,15.333333333333334,complete
fetch-20261006T122600Z-dfc47335,v2.1-f4676a0b,2019,時代力量,law_crime,bill_cosign,6,1462,6,5.0,6,5.0,complete
fetch-20261006T122600Z-dfc47335,v2.1-f4676a0b,2019,無黨籍,law_crime,bill_cosign,3,721,24,18.666666666666668,24,18.666666666666668,complete
fetch-20261006T122600Z-dfc47335,v2.1-f4676a0b,2019,時代力量,macroeconomy,bill_cosign,6,1462,3,2.5,3,2.5,complete
fetch-20261006T122600Z-dfc47335,v2.1-f4676a0b,2019,無黨籍,macroeconomy,bill_cosign,3,721,9,7.0,9,7.0,complete
fetch-20261006T122600Z-dfc47335,v2.1-f4676a0b,2019,時代力量,public_lands,bill_cosign,6,1462,2,1.5,2,1.5,complete
fetch-20261006T122600Z-dfc47335,v2.1-f4676a0b,2019,無黨籍,public_lands,bill_cosign,3,721,0,0.0,0,0.0,complete
fetch-20261006T122600Z-dfc47335,v2.1-f4676a0b,2019,時代力量,social_welfare,bill_cosign,6,1462,0,0.0,0,0.0,complete
fetch-20261006T122600Z-dfc47335,v2.1-f4676a0b,2019,無黨籍,social_welfare,bill_cosign,3,721,5,4.5,5,4.5,complete
fetch-20261006T122600Z-dfc47335,v2.1-f4676a0b,2019,時代力量,technology,bill_cosign,6,1462,1,1.0,1,1.0,complete
fetch-20261006T122600Z-dfc47335,v2.1-f4676a0b,2019,無黨籍,technology,bill_cosign,3,721,2,2.0,2,2.0,complete
fetch-20261006T122600Z-dfc47335,v2.1-f4676a0b,2019,時代力量,transitional_justice,bill_cosign,6,1462,0,0.0,0,0.0,complete
fetch-20261006T122600Z-dfc47335,v2.1-f4676a0b,2019,無黨籍,transitional_justice,bill_cosign,3,721,0,0.0,0,0.0,complete
fetch-20261006T122600Z-dfc47335,v2.1-f4676a0b,2019,時代力量,transportation,bill_cosign,6,1462,10,9.0,10,9.0,complete
fetch-20261006T122600Z-dfc47335,v2.1-f4676a0b,2019,無黨籍,transportation,bill_cosign,3,721,9,6.5,9,6.5,complete
fetch-20261006T122600Z-dfc47335,v2.1-f4676a0b,2019,時代力量,unclassified,bill_cosign,6,1462,20,20.0,20,20.0,complete
fetch-20261006T122600Z-dfc47335,v2.1-f4676a0b,2019,無黨籍,unclassified,bill_cosign,3,721,36,36.0,36,36.0,complete
fetch-20261006T122600Z-dfc47335,v2.1-f4676a0b,2019,時代力量,agriculture,speech,6,1462,34,4.4189787830234195,34,4.4189787830234195,complete
fetch-20261006T122600Z-dfc47335,v2.1-f4676a0b,2019,無黨籍,agriculture,speech,3,721,4,0.5146010733549992,4,0.5146010733549992,complete
fetch-20261006T122600Z-dfc47335,v2.1-f4676a0b,2019,時代力量,civil_rights,speech,6,1462,39,6.900731994432197,39,6.900731994432197,complete
fetch-20261006T122600Z-dfc47335,v2.1-f4676a0b,2019,無黨籍,civil_rights,speech,3,721,6,1.0652081277811378,6,1.0652081277811378,complete
fetch-20261006T122600Z-dfc47335,v2.1-f4676a0b,2019,時代力量,commerce,speech,6,1462,74,17.00787536569225,74,17.00787536569225,complete
fetch-20261006T122600Z-dfc47335,v2.1-f4676a0b,2019,無黨籍,commerce,speech,3,721,2,0.15991845581615144,2,0.15991845581615144,complete
fetch-20261006T122600Z-dfc47335,v2.1-f4676a0b,2019,時代力量,cross_strait,speech,6,1462,58,17.052580749179942,58,17.052580749179942,complete
fetch-20261006T122600Z-dfc47335,v2.1-f4676a0b,2019,無黨籍,cross_strait,speech,3,721,7,0.839629436155745,7,0.839629436155745,complete
fetch-20261006T122600Z-dfc47335,v2.1-f4676a0b,2019,時代力量,culture,speech,6,1462,24,4.9655045274280285,24,4.9655045274280285,complete
fetch-20261006T122600Z-dfc47335,v2.1-f4676a0b,2019,無黨籍,culture,speech,3,721,7,1.7311997476416523,7,1.7311997476416523,complete
fetch-20261006T122600Z-dfc47335,v2.1-f4676a0b,2019,時代力量,defense,speech,6,1462,45,9.614751261134371,45,9.614751261134371,complete
fetch-20261006T122600Z-dfc47335,v2.1-f4676a0b,2019,無黨籍,defense,speech,3,721,8,3.2894818600736695,8,3.2894818600736695,complete
fetch-20261006T122600Z-dfc47335,v2.1-f4676a0b,2019,時代力量,education,speech,6,1462,69,17.909187402147747,69,17.909187402147747,complete
fetch-20261006T122600Z-dfc47335,v2.1-f4676a0b,2019,無黨籍,education,speech,3,721,8,1.6350809245843394,8,1.6350809245843394,complete
fetch-20261006T122600Z-dfc47335,v2.1-f4676a0b,2019,時代力量,energy,speech,6,1462,49,8.53981201379594,49,8.53981201379594,complete
fetch-20261006T122600Z-dfc47335,v2.1-f4676a0b,2019,無黨籍,energy,speech,3,721,0,0.0,0,0.0,complete
fetch-20261006T122600Z-dfc47335,v2.1-f4676a0b,2019,時代力量,environment,speech,6,1462,35,7.866547512605426,35,7.866547512605426,complete
fetch-20261006T122600Z-dfc47335,v2.1-f4676a0b,2019,無黨籍,environment,speech,3,721,3,0.6189687712888036,3,0.6189687712888036,complete
fetch-20261006T122600Z-dfc47335,v2.1-f4676a0b,2019,時代力量,foreign_trade,speech,6,1462,27,2.9941788975268833,27,2.9941788975268833,complete
fetch-20261006T122600Z-dfc47335,v2.1-f4676a0b,2019,無黨籍,foreign_trade,speech,3,721,0,0.0,0,0.0,complete
fetch-20261006T122600Z-dfc47335,v2.1-f4676a0b,2019,時代力量,government,speech,6,1462,108,21.504197124107613,108,21.504197124107613,complete
fetch-20261006T122600Z-dfc47335,v2.1-f4676a0b,2019,無黨籍,government,speech,3,721,16,4.301621764802838,16,4.301621764802838,complete
fetch-20261006T122600Z-dfc47335,v2.1-f4676a0b,2019,時代力量,health,speech,6,1462,49,7.909315805535024,49,7.909315805535024,complete
fetch-20261006T122600Z-dfc47335,v2.1-f4676a0b,2019,無黨籍,health,speech,3,721,4,0.5273328791118268,4,0.5273328791118268,complete
fetch-20261006T122600Z-dfc47335,v2.1-f4676a0b,2019,時代力量,housing,speech,6,1462,33,7.283902367811164,33,7.283902367811164,complete
fetch-20261006T122600Z-dfc47335,v2.1-f4676a0b,2019,無黨籍,housing,speech,3,721,3,0.5128850913563816,3,0.5128850913563816,complete
fetch-20261006T122600Z-dfc47335,v2.1-f4676a0b,2019,時代力量,immigration,speech,6,1462,10,1.9056550295154508,10,1.9056550295154508,complete
fetch-20261006T122600Z-dfc47335,v2.1-f4676a0b,2019,無黨籍,immigration,speech,3,721,2,0.23873443998711175,2,0.23873443998711175,complete
fetch-20261006T122600Z-dfc47335,v2.1-f4676a0b,2019,時代力量,indigenous,speech,6,1462,53,16.500538488193666,53,16.500538488193666,complete
fetch-20261006T122600Z-dfc47335,v2.1-f4676a0b,2019,無黨籍,indigenous,speech,3,721,3,1.1435668725228678,3,1.1435668725228678,complete
fetch-20261006T122600Z-dfc47335,v2.1-f4676a0b,2019,時代力量,international,speech,6,1462,33,7.4717004287404185,33,7.4717004287404185,complete
fetch-20261006T122600Z-dfc47335,v2.1-f4676a0b,2019,無黨籍,international,speech,3,721,3,0.41405721822354047,3,0.41405721822354047,complete
fetch-20261006T122600Z-dfc47335,v2.1-f4676a0b,2019,時代力量,labor,speech,6,1462,27,3.4878565321562434,27,3.4878565321562434,complete
fetch-20261006T122600Z-dfc47335,v2.1-f4676a0b,2019,無黨籍,labor,speech,3,721,8,2.2492358415949125,8,2.2492358415949125,complete
fetch-20261006T122600Z-dfc47335,v2.1-f4676a0b,2019,時代力量,law_crime,speech,6,1462,196,80.98224649482572,196,80.98224649482572,complete
fetch-20261006T122600Z-dfc47335,v2.1-f4676a0b,2019,無黨籍,law_crime,speech,3,721,20,5.214633227442914,20,5.214633227442914,complete
fetch-20261006T122600Z-dfc47335,v2.1-f4676a0b,2019,時代力量,macroeconomy,speech,6,1462,48,8.022625993835113,48,8.022625993835113,complete
fetch-20261006T122600Z-dfc47335,v2.1-f4676a0b,2019,無黨籍,macroeconomy,speech,3,721,0,0.0,0,0.0,complete
fetch-20261006T122600Z-dfc47335,v2.1-f4676a0b,2019,時代力量,public_lands,speech,6,1462,26,4.957979191423039,26,4.957979191423039,complete
fetch-20261006T122600Z-dfc47335,v2.1-f4676a0b,2019,無黨籍,public_lands,speech,3,721,1,0.11478260869565217,1,0.11478260869565217,complete
fetch-20261006T122600Z-dfc47335,v2.1-f4676a0b,2019,時代力量,social_welfare,speech,6,1462,11,2.430775122403102,11,2.430775122403102,complete
fetch-20261006T122600Z-dfc47335,v2.1-f4676a0b,2019,無黨籍,social_welfare,speech,3,721,1,0.056978233034571064,1,0.056978233034571064,complete
fetch-20261006T122600Z-dfc47335,v2.1-f4676a0b,2019,時代力量,technology,speech,6,1462,69,10.790522169185714,69,10.790522169185714,complete
fetch-20261006T122600Z-dfc47335,v2.1-f4676a0b,2019,無黨籍,technology,speech,3,721,10,1.2824585614329878,10,1.2824585614329878,complete
fetch-20261006T122600Z-dfc47335,v2.1-f4676a0b,2019,時代力量,transitional_justice,speech,6,1462,14,5.046930975435207,14,5.046930975435207,complete
fetch-20261006T122600Z-dfc47335,v2.1-f4676a0b,2019,無黨籍,transitional_justice,speech,3,721,0,0.0,0,0.0,complete
fetch-20261006T122600Z-dfc47335,v2.1-f4676a0b,2019,時代力量,transportation,speech,6,1462,54,13.720522002043717,54,13.720522002043717,complete
fetch-20261006T122600Z-dfc47335,v2.1-f4676a0b,2019,無黨籍,transportation,speech,3,721,7,1.3685393986005319,7,1.3685393986005319,complete
fetch-20261006T122600Z-dfc47335,v2.1-f4676a0b,2019,時代力量,unclassified,speech,6,1462,445,236.71508376782262,445,236.71508376782262,complete
fetch-20261006T122600Z-dfc47335,v2.1-f4676a0b,2019,無黨籍,unclassified,speech,3,721,65,37.721085466497364,65,37.721085466497364,complete
fetch-20261006T122600Z-dfc47335,v2.1-f4676a0b,2019,時代力量,agriculture,written_question,6,1462,0,0.0,0,0.0,complete
fetch-20261006T122600Z-dfc47335,v2.1-f4676a0b,2019,無黨籍,agriculture,written_question,3,721,0,0.0,0,0.0,complete
fetch-20261006T122600Z-dfc47335,v2.1-f4676a0b,2019,時代力量,civil_rights,written_question,6,1462,0,0.0,0,0.0,complete
fetch-20261006T122600Z-dfc47335,v2.1-f4676a0b,2019,無黨籍,civil_rights,written_question,3,721,0,0.0,0,0.0,complete
fetch-20261006T122600Z-dfc47335,v2.1-f4676a0b,2019,時代力量,commerce,written_question,6,1462,0,0.0,0,0.0,complete
fetch-20261006T122600Z-dfc47335,v2.1-f4676a0b,2019,無黨籍,commerce,written_question,3,721,0,0.0,0,0.0,complete
fetch-20261006T122600Z-dfc47335,v2.1-f4676a0b,2019,時代力量,cross_strait,written_question,6,1462,0,0.0,0,0.0,complete
fetch-20261006T122600Z-dfc47335,v2.1-f4676a0b,2019,無黨籍,cross_strait,written_question,3,721,0,0.0,0,0.0,complete
fetch-20261006T122600Z-dfc47335,v2.1-f4676a0b,2019,時代力量,culture,written_question,6,1462,0,0.0,0,0.0,complete
fetch-20261006T122600Z-dfc47335,v2.1-f4676a0b,2019,無黨籍,culture,written_question,3,721,0,0.0,0,0.0,complete
fetch-20261006T122600Z-dfc47335,v2.1-f4676a0b,2019,時代力量,defense,written_question,6,1462,0,0.0,0,0.0,complete
fetch-20261006T122600Z-dfc47335,v2.1-f4676a0b,2019,無黨籍,defense,written_question,3,721,0,0.0,0,0.0,complete
fetch-20261006T122600Z-dfc47335,v2.1-f4676a0b,2019,時代力量,education,written_question,6,1462,0,0.0,0,0.0,complete
fetch-20261006T122600Z-dfc47335,v2.1-f4676a0b,2019,無黨籍,education,written_question,3,721,0,0.0,0,0.0,complete
fetch-20261006T122600Z-dfc47335,v2.1-f4676a0b,2019,時代力量,energy,written_question,6,1462,0,0.0,0,0.0,complete
fetch-20261006T122600Z-dfc47335,v2.1-f4676a0b,2019,無黨籍,energy,written_question,3,721,0,0.0,0,0.0,complete
fetch-20261006T122600Z-dfc47335,v2.1-f4676a0b,2019,時代力量,environment,written_question,6,1462,0,0.0,0,0.0,complete
fetch-20261006T122600Z-dfc47335,v2.1-f4676a0b,2019,無黨籍,environment,written_question,3,721,0,0.0,0,0.0,complete
fetch-20261006T122600Z-dfc47335,v2.1-f4676a0b,2019,時代力量,foreign_trade,written_question,6,1462,0,0.0,0,0.0,complete
fetch-20261006T122600Z-dfc47335,v2.1-f4676a0b,2019,無黨籍,foreign_trade,written_question,3,721,0,0.0,0,0.0,complete
fetch-20261006T122600Z-dfc47335,v2.1-f4676a0b,2019,時代力量,government,written_question,6,1462,0,0.0,0,0.0,complete
fetch-20261006T122600Z-dfc47335,v2.1-f4676a0b,2019,無黨籍,government,written_question,3,721,0,0.0,0,0.0,complete
fetch-20261006T122600Z-dfc47335,v2.1-f4676a0b,2019,時代力量,health,written_question,6,1462,0,0.0,0,0.0,complete
fetch-20261006T122600Z-dfc47335,v2.1-f4676a0b,2019,無黨籍,health,written_question,3,721,0,0.0,0,0.0,complete
fetch-20261006T122600Z-dfc47335,v2.1-f4676a0b,2019,時代力量,housing,written_question,6,1462,0,0.0,0,0.0,complete
fetch-20261006T122600Z-dfc47335,v2.1-f4676a0b,2019,無黨籍,housing,written_question,3,721,0,0.0,0,0.0,complete
fetch-20261006T122600Z-dfc47335,v2.1-f4676a0b,2019,時代力量,immigration,written_question,6,1462,0,0.0,0,0.0,complete
fetch-20261006T122600Z-dfc47335,v2.1-f4676a0b,2019,無黨籍,immigration,written_question,3,721,0,0.0,0,0.0,complete
fetch-20261006T122600Z-dfc47335,v2.1-f4676a0b,2019,時代力量,indigenous,written_question,6,1462,0,0.0,0,0.0,complete
fetch-20261006T122600Z-dfc47335,v2.1-f4676a0b,2019,無黨籍,indigenous,written_question,3,721,0,0.0,0,0.0,complete
fetch-20261006T122600Z-dfc47335,v2.1-f4676a0b,2019,時代力量,international,written_question,6,1462,0,0.0,0,0.0,complete
fetch-20261006T122600Z-dfc47335,v2.1-f4676a0b,2019,無黨籍,international,written_question,3,721,0,0.0,0,0.0,complete
fetch-20261006T122600Z-dfc47335,v2.1-f4676a0b,2019,時代力量,labor,written_question,6,1462,0,0.0,0,0.0,complete
fetch-20261006T122600Z-dfc47335,v2.1-f4676a0b,2019,無黨籍,labor,written_question,3,721,0,0.0,0,0.0,complete
fetch-20261006T122600Z-dfc47335,v2.1-f4676a0b,2019,時代力量,law_crime,written_question,6,1462,0,0.0,0,0.0,complete
fetch-20261006T122600Z-dfc47335,v2.1-f4676a0b,2019,無黨籍,law_crime,written_question,3,721,0,0.0,0,0.0,complete
fetch-20261006T122600Z-dfc47335,v2.1-f4676a0b,2019,時代力量,macroeconomy,written_question,6,1462,0,0.0,0,0.0,complete
fetch-20261006T122600Z-dfc47335,v2.1-f4676a0b,2019,無黨籍,macroeconomy,written_question,3,721,0,0.0,0,0.0,complete
fetch-20261006T122600Z-dfc47335,v2.1-f4676a0b,2019,時代力量,public_lands,written_question,6,1462,0,0.0,0,0.0,complete
fetch-20261006T122600Z-dfc47335,v2.1-f4676a0b,2019,無黨籍,public_lands,written_question,3,721,0,0.0,0,0.0,complete
fetch-20261006T122600Z-dfc47335,v2.1-f4676a0b,2019,時代力量,social_welfare,written_question,6,1462,0,0.0,0,0.0,complete
fetch-20261006T122600Z-dfc47335,v2.1-f4676a0b,2019,無黨籍,social_welfare,written_question,3,721,0,0.0,0,0.0,complete
fetch-20261006T122600Z-dfc47335,v2.1-f4676a0b,2019,時代力量,technology,written_question,6,1462,0,0.0,0,0.0,complete
fetch-20261006T122600Z-dfc47335,v2.1-f4676a0b,2019,無黨籍,technology,written_question,3,721,0,0.0,0,0.0,complete
fetch-20261006T122600Z-dfc47335,v2.1-f4676a0b,2019,時代力量,transitional_justice,written_question,6,1462,0,0.0,0,0.0,complete
fetch-20261006T122600Z-dfc47335,v2.1-f4676a0b,2019,無黨籍,transitional_justice,written_question,3,721,0,0.0,0,0.0,complete
fetch-20261006T122600Z-dfc47335,v2.1-f4676a0b,2019,時代力量,transportation,written_question,6,1462,0,0.0,0,0.0,complete
fetch-20261006T122600Z-dfc47335,v2.1-f4676a0b,2019,無黨籍,transportation,written_question,3,721,0,0.0,0,0.0,complete
fetch-20261006T122600Z-dfc47335,v2.1-f4676a0b,2019,時代力量,unclassified,written_question,6,1462,0,0.0,0,0.0,complete
fetch-20261006T122600Z-dfc47335,v2.1-f4676a0b,2019,無黨籍,unclassified,written_question,3,721,0,0.0,0,0.0,complete
fetch-20261006T122600Z-dfc47335,v2.1-f4676a0b,2020,無黨籍,agriculture,bill_primary,4,1464,2,1.3333333333333333,2,1.3333333333333333,complete
fetch-20261006T122600Z-dfc47335,v2.1-f4676a0b,2020,無黨籍,civil_rights,bill_primary,4,1464,4,2.333333333333333,4,2.333333333333333,complete
fetch-20261006T122600Z-dfc47335,v2.1-f4676a0b,2020,無黨籍,commerce,bill_primary,4,1464,1,0.3333333333333333,1,0.3333333333333333,complete
fetch-20261006T122600Z-dfc47335,v2.1-f4676a0b,2020,無黨籍,cross_strait,bill_primary,4,1464,0,0.0,0,0.0,complete
fetch-20261006T122600Z-dfc47335,v2.1-f4676a0b,2020,無黨籍,culture,bill_primary,4,1464,7,5.0,7,5.0,complete
fetch-20261006T122600Z-dfc47335,v2.1-f4676a0b,2020,無黨籍,defense,bill_primary,4,1464,3,1.0,3,1.0,complete
fetch-20261006T122600Z-dfc47335,v2.1-f4676a0b,2020,無黨籍,education,bill_primary,4,1464,7,3.9166666666666665,7,3.9166666666666665,complete
fetch-20261006T122600Z-dfc47335,v2.1-f4676a0b,2020,無黨籍,energy,bill_primary,4,1464,0,0.0,0,0.0,complete
fetch-20261006T122600Z-dfc47335,v2.1-f4676a0b,2020,無黨籍,environment,bill_primary,4,1464,0,0.0,0,0.0,complete
fetch-20261006T122600Z-dfc47335,v2.1-f4676a0b,2020,無黨籍,foreign_trade,bill_primary,4,1464,0,0.0,0,0.0,complete
fetch-20261006T122600Z-dfc47335,v2.1-f4676a0b,2020,無黨籍,government,bill_primary,4,1464,10,7.083333333333333,10,7.083333333333333,complete
fetch-20261006T122600Z-dfc47335,v2.1-f4676a0b,2020,無黨籍,health,bill_primary,4,1464,5,3.0,5,3.0,complete
fetch-20261006T122600Z-dfc47335,v2.1-f4676a0b,2020,無黨籍,housing,bill_primary,4,1464,0,0.0,0,0.0,complete
fetch-20261006T122600Z-dfc47335,v2.1-f4676a0b,2020,無黨籍,immigration,bill_primary,4,1464,1,1.0,1,1.0,complete
fetch-20261006T122600Z-dfc47335,v2.1-f4676a0b,2020,無黨籍,indigenous,bill_primary,4,1464,7,3.5,7,3.5,complete
fetch-20261006T122600Z-dfc47335,v2.1-f4676a0b,2020,無黨籍,international,bill_primary,4,1464,1,1.0,1,1.0,complete
fetch-20261006T122600Z-dfc47335,v2.1-f4676a0b,2020,無黨籍,labor,bill_primary,4,1464,5,3.5,5,3.5,complete
fetch-20261006T122600Z-dfc47335,v2.1-f4676a0b,2020,無黨籍,law_crime,bill_primary,4,1464,5,2.333333333333333,5,2.333333333333333,complete
fetch-20261006T122600Z-dfc47335,v2.1-f4676a0b,2020,無黨籍,macroeconomy,bill_primary,4,1464,5,3.333333333333333,5,3.333333333333333,complete
fetch-20261006T122600Z-dfc47335,v2.1-f4676a0b,2020,無黨籍,public_lands,bill_primary,4,1464,1,0.3333333333333333,1,0.3333333333333333,complete
fetch-20261006T122600Z-dfc47335,v2.1-f4676a0b,2020,無黨籍,social_welfare,bill_primary,4,1464,8,6.0,8,6.0,complete
fetch-20261006T122600Z-dfc47335,v2.1-f4676a0b,2020,無黨籍,technology,bill_primary,4,1464,3,2.5,3,2.5,complete
fetch-20261006T122600Z-dfc47335,v2.1-f4676a0b,2020,無黨籍,transitional_justice,bill_primary,4,1464,1,0.5,1,0.5,complete
fetch-20261006T122600Z-dfc47335,v2.1-f4676a0b,2020,無黨籍,transportation,bill_primary,4,1464,5,4.0,5,4.0,complete
fetch-20261006T122600Z-dfc47335,v2.1-f4676a0b,2020,無黨籍,unclassified,bill_primary,4,1464,8,8.0,8,8.0,complete
fetch-20261006T122600Z-dfc47335,v2.1-f4676a0b,2020,無黨籍,agriculture,bill_cosign,4,1464,13,9.5,13,9.5,complete
fetch-20261006T122600Z-dfc47335,v2.1-f4676a0b,2020,無黨籍,civil_rights,bill_cosign,4,1464,13,8.5,13,8.5,complete
fetch-20261006T122600Z-dfc47335,v2.1-f4676a0b,2020,無黨籍,commerce,bill_cosign,4,1464,10,4.833333333333333,10,4.833333333333333,complete
fetch-20261006T122600Z-dfc47335,v2.1-f4676a0b,2020,無黨籍,cross_strait,bill_cosign,4,1464,1,1.0,1,1.0,complete
fetch-20261006T122600Z-dfc47335,v2.1-f4676a0b,2020,無黨籍,culture,bill_cosign,4,1464,10,5.416666666666666,10,5.416666666666666,complete
fetch-20261006T122600Z-dfc47335,v2.1-f4676a0b,2020,無黨籍,defense,bill_cosign,4,1464,4,1.6666666666666665,4,1.6666666666666665,complete
fetch-20261006T122600Z-dfc47335,v2.1-f4676a0b,2020,無黨籍,education,bill_cosign,4,1464,22,14.75,22,14.75,complete
fetch-20261006T122600Z-dfc47335,v2.1-f4676a0b,2020,無黨籍,energy,bill_cosign,4,1464,1,1.0,1,1.0,complete
fetch-20261006T122600Z-dfc47335,v2.1-f4676a0b,2020,無黨籍,environment,bill_cosign,4,1464,6,5.333333333333334,6,5.333333333333334,complete
fetch-20261006T122600Z-dfc47335,v2.1-f4676a0b,2020,無黨籍,foreign_trade,bill_cosign,4,1464,1,0.5,1,0.5,complete
fetch-20261006T122600Z-dfc47335,v2.1-f4676a0b,2020,無黨籍,government,bill_cosign,4,1464,53,41.5,53,41.5,complete
fetch-20261006T122600Z-dfc47335,v2.1-f4676a0b,2020,無黨籍,health,bill_cosign,4,1464,27,17.5,27,17.5,complete
fetch-20261006T122600Z-dfc47335,v2.1-f4676a0b,2020,無黨籍,housing,bill_cosign,4,1464,3,2.0,3,2.0,complete
fetch-20261006T122600Z-dfc47335,v2.1-f4676a0b,2020,無黨籍,immigration,bill_cosign,4,1464,5,4.0,5,4.0,complete
fetch-20261006T122600Z-dfc47335,v2.1-f4676a0b,2020,無黨籍,indigenous,bill_cosign,4,1464,13,5.75,13,5.75,complete
fetch-20261006T122600Z-dfc47335,v2.1-f4676a0b,2020,無黨籍,international,bill_cosign,4,1464,1,0.3333333333333333,1,0.3333333333333333,complete
fetch-20261006T122600Z-dfc47335,v2.1-f4676a0b,2020,無黨籍,labor,bill_cosign,4,1464,24,15.666666666666666,24,15.666666666666666,complete
fetch-20261006T122600Z-dfc47335,v2.1-f4676a0b,2020,無黨籍,law_crime,bill_cosign,4,1464,43,30.333333333333332,43,30.333333333333332,complete
fetch-20261006T122600Z-dfc47335,v2.1-f4676a0b,2020,無黨籍,macroeconomy,bill_cosign,4,1464,13,8.333333333333332,13,8.333333333333332,complete
fetch-20261006T122600Z-dfc47335,v2.1-f4676a0b,2020,無黨籍,public_lands,bill_cosign,4,1464,3,2.5,3,2.5,complete
fetch-20261006T122600Z-dfc47335,v2.1-f4676a0b,2020,無黨籍,social_welfare,bill_cosign,4,1464,21,15.166666666666666,21,15.166666666666666,complete
fetch-20261006T122600Z-dfc47335,v2.1-f4676a0b,2020,無黨籍,technology,bill_cosign,4,1464,14,8.083333333333334,14,8.083333333333334,complete
fetch-20261006T122600Z-dfc47335,v2.1-f4676a0b,2020,無黨籍,transitional_justice,bill_cosign,4,1464,0,0.0,0,0.0,complete
fetch-20261006T122600Z-dfc47335,v2.1-f4676a0b,2020,無黨籍,transportation,bill_cosign,4,1464,17,12.333333333333332,17,12.333333333333332,complete
fetch-20261006T122600Z-dfc47335,v2.1-f4676a0b,2020,無黨籍,unclassified,bill_cosign,4,1464,76,76.0,76,76.0,complete
fetch-20261006T122600Z-dfc47335,v2.1-f4676a0b,2020,無黨籍,agriculture,speech,4,1464,14,2.9151793451677874,14,2.9151793451677874,complete
fetch-20261006T122600Z-dfc47335,v2.1-f4676a0b,2020,無黨籍,civil_rights,speech,4,1464,12,1.5309508291154528,12,1.5309508291154528,complete
fetch-20261006T122600Z-dfc47335,v2.1-f4676a0b,2020,無黨籍,commerce,speech,4,1464,23,3.1536456661183796,23,3.1536456661183796,complete
fetch-20261006T122600Z-dfc47335,v2.1-f4676a0b,2020,無黨籍,cross_strait,speech,4,1464,5,0.5296432907363093,5,0.5296432907363093,complete
fetch-20261006T122600Z-dfc47335,v2.1-f4676a0b,2020,無黨籍,culture,speech,4,1464,31,6.546007789002527,31,6.546007789002527,complete
fetch-20261006T122600Z-dfc47335,v2.1-f4676a0b,2020,無黨籍,defense,speech,4,1464,34,14.175868967253018,34,14.175868967253018,complete
fetch-20261006T122600Z-dfc47335,v2.1-f4676a0b,2020,無黨籍,education,speech,4,1464,35,5.004208224985069,35,5.004208224985069,complete
fetch-20261006T122600Z-dfc47335,v2.1-f4676a0b,2020,無黨籍,energy,speech,4,1464,9,0.7412200822611602,9,0.7412200822611602,complete
fetch-20261006T122600Z-dfc47335,v2.1-f4676a0b,2020,無黨籍,environment,speech,4,1464,5,0.9640198260229,5,0.9640198260229,complete
fetch-20261006T122600Z-dfc47335,v2.1-f4676a0b,2020,無黨籍,foreign_trade,speech,4,1464,20,8.563680114519643,20,8.563680114519643,complete
fetch-20261006T122600Z-dfc47335,v2.1-f4676a0b,2020,無黨籍,government,speech,4,1464,10,1.2576919061044751,10,1.2576919061044751,complete
fetch-20261006T122600Z-dfc47335,v2.1-f4676a0b,2020,無黨籍,health,speech,4,1464,57,10.71877543493557,57,10.71877543493557,complete
fetch-20261006T122600Z-dfc47335,v2.1-f4676a0b,2020,無黨籍,housing,speech,4,1464,5,0.5363693166432768,5,0.5363693166432768,complete
fetch-20261006T122600Z-dfc47335,v2.1-f4676a0b,2020,無黨籍,immigration,speech,4,1464,3,0.4210348768872997,3,0.4210348768872997,complete
fetch-20261006T122600Z-dfc47335,v2.1-f4676a0b,2020,無黨籍,indigenous,speech,4,1464,33,10.194342521219667,33,10.194342521219667,complete
fetch-20261006T122600Z-dfc47335,v2.1-f4676a0b,2020,無黨籍,international,speech,4,1464,21,6.3857723143357,21,6.3857723143357,complete
fetch-20261006T122600Z-dfc47335,v2.1-f4676a0b,2020,無黨籍,labor,speech,4,1464,7,0.7880752833820861,7,0.7880752833820861,complete
fetch-20261006T122600Z-dfc47335,v2.1-f4676a0b,2020,無黨籍,law_crime,speech,4,1464,32,6.708008412910809,32,6.708008412910809,complete
fetch-20261006T122600Z-dfc47335,v2.1-f4676a0b,2020,無黨籍,macroeconomy,speech,4,1464,14,1.436411116623685,14,1.436411116623685,complete
fetch-20261006T122600Z-dfc47335,v2.1-f4676a0b,2020,無黨籍,public_lands,speech,4,1464,6,0.8085298939361141,6,0.8085298939361141,complete
fetch-20261006T122600Z-dfc47335,v2.1-f4676a0b,2020,無黨籍,social_welfare,speech,4,1464,8,0.8768444332187305,8,0.8768444332187305,complete
fetch-20261006T122600Z-dfc47335,v2.1-f4676a0b,2020,無黨籍,technology,speech,4,1464,24,4.0398221912589936,24,4.0398221912589936,complete
fetch-20261006T122600Z-dfc47335,v2.1-f4676a0b,2020,無黨籍,transitional_justice,speech,4,1464,7,2.2813496639009756,7,2.2813496639009756,complete
fetch-20261006T122600Z-dfc47335,v2.1-f4676a0b,2020,無黨籍,transportation,speech,4,1464,35,10.412800213192336,35,10.412800213192336,complete
fetch-20261006T122600Z-dfc47335,v2.1-f4676a0b,2020,無黨籍,unclassified,speech,4,1464,162,70.00974828626804,162,70.00974828626804,complete
fetch-20261006T122600Z-dfc47335,v2.1-f4676a0b,2020,無黨籍,agriculture,written_question,4,1464,0,0.0,0,0.0,complete
fetch-20261006T122600Z-dfc47335,v2.1-f4676a0b,2020,無黨籍,civil_rights,written_question,4,1464,0,0.0,0,0.0,complete
fetch-20261006T122600Z-dfc47335,v2.1-f4676a0b,2020,無黨籍,commerce,written_question,4,1464,0,0.0,0,0.0,complete
fetch-20261006T122600Z-dfc47335,v2.1-f4676a0b,2020,無黨籍,cross_strait,written_question,4,1464,0,0.0,0,0.0,complete
fetch-20261006T122600Z-dfc47335,v2.1-f4676a0b,2020,無黨籍,culture,written_question,4,1464,0,0.0,0,0.0,complete
fetch-20261006T122600Z-dfc47335,v2.1-f4676a0b,2020,無黨籍,defense,written_question,4,1464,0,0.0,0,0.0,complete
fetch-20261006T122600Z-dfc47335,v2.1-f4676a0b,2020,無黨籍,education,written_question,4,1464,0,0.0,0,0.0,complete
fetch-20261006T122600Z-dfc47335,v2.1-f4676a0b,2020,無黨籍,energy,written_question,4,1464,0,0.0,0,0.0,complete
fetch-20261006T122600Z-dfc47335,v2.1-f4676a0b,2020,無黨籍,environment,written_question,4,1464,0,0.0,0,0.0,complete
fetch-20261006T122600Z-dfc47335,v2.1-f4676a0b,2020,無黨籍,foreign_trade,written_question,4,1464,0,0.0,0,0.0,complete
fetch-20261006T122600Z-dfc47335,v2.1-f4676a0b,2020,無黨籍,government,written_question,4,1464,0,0.0,0,0.0,complete
fetch-20261006T122600Z-dfc47335,v2.1-f4676a0b,2020,無黨籍,health,written_question,4,1464,0,0.0,0,0.0,complete
fetch-20261006T122600Z-dfc47335,v2.1-f4676a0b,2020,無黨籍,housing,written_question,4,1464,0,0.0,0,0.0,complete
fetch-20261006T122600Z-dfc47335,v2.1-f4676a0b,2020,無黨籍,immigration,written_question,4,1464,0,0.0,0,0.0,complete
fetch-20261006T122600Z-dfc47335,v2.1-f4676a0b,2020,無黨籍,indigenous,written_question,4,1464,0,0.0,0,0.0,complete
fetch-20261006T122600Z-dfc47335,v2.1-f4676a0b,2020,無黨籍,international,written_question,4,1464,0,0.0,0,0.0,complete
fetch-20261006T122600Z-dfc47335,v2.1-f4676a0b,2020,無黨籍,labor,written_question,4,1464,0,0.0,0,0.0,complete
fetch-20261006T122600Z-dfc47335,v2.1-f4676a0b,2020,無黨籍,law_crime,written_question,4,1464,0,0.0,0,0.0,complete
fetch-20261006T122600Z-dfc47335,v2.1-f4676a0b,2020,無黨籍,macroeconomy,written_question,4,1464,0,0.0,0,0.0,complete
fetch-20261006T122600Z-dfc47335,v2.1-f4676a0b,2020,無黨籍,public_lands,written_question,4,1464,0,0.0,0,0.0,complete
fetch-20261006T122600Z-dfc47335,v2.1-f4676a0b,2020,無黨籍,social_welfare,written_question,4,1464,0,0.0,0,0.0,complete
fetch-20261006T122600Z-dfc47335,v2.1-f4676a0b,2020,無黨籍,technology,written_question,4,1464,0,0.0,0,0.0,complete
fetch-20261006T122600Z-dfc47335,v2.1-f4676a0b,2020,無黨籍,transitional_justice,written_question,4,1464,0,0.0,0,0.0,complete
fetch-20261006T122600Z-dfc47335,v2.1-f4676a0b,2020,無黨籍,transportation,written_question,4,1464,0,0.0,0,0.0,complete
fetch-20261006T122600Z-dfc47335,v2.1-f4676a0b,2020,無黨籍,unclassified,written_question,4,1464,0,0.0,0,0.0,complete
fetch-20261006T122600Z-dfc47335,v2.1-f4676a0b,2021,無黨籍,agriculture,bill_primary,6,1833,2,0.6666666666666666,2,0.6666666666666666,complete
fetch-20261006T122600Z-dfc47335,v2.1-f4676a0b,2021,無黨籍,civil_rights,bill_primary,6,1833,21,13.666666666666668,21,13.666666666666668,complete
fetch-20261006T122600Z-dfc47335,v2.1-f4676a0b,2021,無黨籍,commerce,bill_primary,6,1833,1,0.3333333333333333,1,0.3333333333333333,complete
fetch-20261006T122600Z-dfc47335,v2.1-f4676a0b,2021,無黨籍,cross_strait,bill_primary,6,1833,0,0.0,0,0.0,complete
fetch-20261006T122600Z-dfc47335,v2.1-f4676a0b,2021,無黨籍,culture,bill_primary,6,1833,5,3.5,5,3.5,complete
fetch-20261006T122600Z-dfc47335,v2.1-f4676a0b,2021,無黨籍,defense,bill_primary,6,1833,10,7.0,10,7.0,complete
fetch-20261006T122600Z-dfc47335,v2.1-f4676a0b,2021,無黨籍,education,bill_primary,6,1833,16,11.666666666666666,16,11.666666666666666,complete
fetch-20261006T122600Z-dfc47335,v2.1-f4676a0b,2021,無黨籍,energy,bill_primary,6,1833,0,0.0,0,0.0,complete
fetch-20261006T122600Z-dfc47335,v2.1-f4676a0b,2021,無黨籍,environment,bill_primary,6,1833,5,3.0,5,3.0,complete
fetch-20261006T122600Z-dfc47335,v2.1-f4676a0b,2021,無黨籍,foreign_trade,bill_primary,6,1833,0,0.0,0,0.0,complete
fetch-20261006T122600Z-dfc47335,v2.1-f4676a0b,2021,無黨籍,government,bill_primary,6,1833,14,7.5,14,7.5,complete
fetch-20261006T122600Z-dfc47335,v2.1-f4676a0b,2021,無黨籍,health,bill_primary,6,1833,18,14.0,18,14.0,complete
fetch-20261006T122600Z-dfc47335,v2.1-f4676a0b,2021,無黨籍,housing,bill_primary,6,1833,2,2.0,2,2.0,complete
fetch-20261006T122600Z-dfc47335,v2.1-f4676a0b,2021,無黨籍,immigration,bill_primary,6,1833,3,1.3333333333333333,3,1.3333333333333333,complete
fetch-20261006T122600Z-dfc47335,v2.1-f4676a0b,2021,無黨籍,indigenous,bill_primary,6,1833,4,3.5,4,3.5,complete
fetch-20261006T122600Z-dfc47335,v2.1-f4676a0b,2021,無黨籍,international,bill_primary,6,1833,6,2.6666666666666665,6,2.6666666666666665,complete
fetch-20261006T122600Z-dfc47335,v2.1-f4676a0b,2021,無黨籍,labor,bill_primary,6,1833,13,8.666666666666666,13,8.666666666666666,complete
fetch-20261006T122600Z-dfc47335,v2.1-f4676a0b,2021,無黨籍,law_crime,bill_primary,6,1833,20,12.666666666666666,20,12.666666666666666,complete
fetch-20261006T122600Z-dfc47335,v2.1-f4676a0b,2021,無黨籍,macroeconomy,bill_primary,6,1833,3,2.5,3,2.5,complete
fetch-20261006T122600Z-dfc47335,v2.1-f4676a0b,2021,無黨籍,public_lands,bill_primary,6,1833,2,1.3333333333333333,2,1.3333333333333333,complete
fetch-20261006T122600Z-dfc47335,v2.1-f4676a0b,2021,無黨籍,social_welfare,bill_primary,6,1833,12,8.0,12,8.0,complete
fetch-20261006T122600Z-dfc47335,v2.1-f4676a0b,2021,無黨籍,technology,bill_primary,6,1833,24,15.833333333333332,24,15.833333333333332,complete
fetch-20261006T122600Z-dfc47335,v2.1-f4676a0b,2021,無黨籍,transitional_justice,bill_primary,6,1833,0,0.0,0,0.0,complete
fetch-20261006T122600Z-dfc47335,v2.1-f4676a0b,2021,無黨籍,transportation,bill_primary,6,1833,11,8.166666666666668,11,8.166666666666668,complete
fetch-20261006T122600Z-dfc47335,v2.1-f4676a0b,2021,無黨籍,unclassified,bill_primary,6,1833,33,33.0,33,33.0,complete
fetch-20261006T122600Z-dfc47335,v2.1-f4676a0b,2021,無黨籍,agriculture,bill_cosign,6,1833,17,10.0,17,10.0,complete
fetch-20261006T122600Z-dfc47335,v2.1-f4676a0b,2021,無黨籍,civil_rights,bill_cosign,6,1833,20,14.833333333333334,20,14.833333333333334,complete
fetch-20261006T122600Z-dfc47335,v2.1-f4676a0b,2021,無黨籍,commerce,bill_cosign,6,1833,6,5.5,6,5.5,complete
fetch-20261006T122600Z-dfc47335,v2.1-f4676a0b,2021,無黨籍,cross_strait,bill_cosign,6,1833,0,0.0,0,0.0,complete
fetch-20261006T122600Z-dfc47335,v2.1-f4676a0b,2021,無黨籍,culture,bill_cosign,6,1833,19,11.25,19,11.25,complete
fetch-20261006T122600Z-dfc47335,v2.1-f4676a0b,2021,無黨籍,defense,bill_cosign,6,1833,13,8.25,13,8.25,complete
fetch-20261006T122600Z-dfc47335,v2.1-f4676a0b,2021,無黨籍,education,bill_cosign,6,1833,41,29.866666666666667,41,29.866666666666667,complete
fetch-20261006T122600Z-dfc47335,v2.1-f4676a0b,2021,無黨籍,energy,bill_cosign,6,1833,1,0.2,1,0.2,complete
fetch-20261006T122600Z-dfc47335,v2.1-f4676a0b,2021,無黨籍,environment,bill_cosign,6,1833,7,5.2,7,5.2,complete
fetch-20261006T122600Z-dfc47335,v2.1-f4676a0b,2021,無黨籍,foreign_trade,bill_cosign,6,1833,2,0.8333333333333333,2,0.8333333333333333,complete
fetch-20261006T122600Z-dfc47335,v2.1-f4676a0b,2021,無黨籍,government,bill_cosign,6,1833,48,28.866666666666664,48,28.866666666666664,complete
fetch-20261006T122600Z-dfc47335,v2.1-f4676a0b,2021,無黨籍,health,bill_cosign,6,1833,21,15.166666666666666,21,15.166666666666666,complete
fetch-20261006T122600Z-dfc47335,v2.1-f4676a0b,2021,無黨籍,housing,bill_cosign,6,1833,7,6.5,7,6.5,complete
fetch-20261006T122600Z-dfc47335,v2.1-f4676a0b,2021,無黨籍,immigration,bill_cosign,6,1833,5,3.0,5,3.0,complete
fetch-20261006T122600Z-dfc47335,v2.1-f4676a0b,2021,無黨籍,indigenous,bill_cosign,6,1833,15,8.083333333333332,15,8.083333333333332,complete
fetch-20261006T122600Z-dfc47335,v2.1-f4676a0b,2021,無黨籍,international,bill_cosign,6,1833,2,1.5,2,1.5,complete
fetch-20261006T122600Z-dfc47335,v2.1-f4676a0b,2021,無黨籍,labor,bill_cosign,6,1833,29,20.533333333333335,29,20.533333333333335,complete
fetch-20261006T122600Z-dfc47335,v2.1-f4676a0b,2021,無黨籍,law_crime,bill_cosign,6,1833,40,30.333333333333336,40,30.333333333333336,complete
fetch-20261006T122600Z-dfc47335,v2.1-f4676a0b,2021,無黨籍,macroeconomy,bill_cosign,6,1833,16,8.066666666666666,16,8.066666666666666,complete
fetch-20261006T122600Z-dfc47335,v2.1-f4676a0b,2021,無黨籍,public_lands,bill_cosign,6,1833,4,3.0,4,3.0,complete
fetch-20261006T122600Z-dfc47335,v2.1-f4676a0b,2021,無黨籍,social_welfare,bill_cosign,6,1833,27,20.416666666666664,27,20.416666666666664,complete
fetch-20261006T122600Z-dfc47335,v2.1-f4676a0b,2021,無黨籍,technology,bill_cosign,6,1833,47,28.9,47,28.9,complete
fetch-20261006T122600Z-dfc47335,v2.1-f4676a0b,2021,無黨籍,transitional_justice,bill_cosign,6,1833,4,3.0,4,3.0,complete
fetch-20261006T122600Z-dfc47335,v2.1-f4676a0b,2021,無黨籍,transportation,bill_cosign,6,1833,18,15.7,18,15.7,complete
fetch-20261006T122600Z-dfc47335,v2.1-f4676a0b,2021,無黨籍,unclassified,bill_cosign,6,1833,56,56.0,56,56.0,complete
fetch-20261006T122600Z-dfc47335,v2.1-f4676a0b,2021,無黨籍,agriculture,speech,6,1833,32,6.831803704790672,32,6.831803704790672,complete
fetch-20261006T122600Z-dfc47335,v2.1-f4676a0b,2021,無黨籍,civil_rights,speech,6,1833,17,2.0577930280354058,17,2.0577930280354058,complete
fetch-20261006T122600Z-dfc47335,v2.1-f4676a0b,2021,無黨籍,commerce,speech,6,1833,34,3.3111189313963316,34,3.3111189313963316,complete
fetch-20261006T122600Z-dfc47335,v2.1-f4676a0b,2021,無黨籍,cross_strait,speech,6,1833,9,0.8829560985409958,9,0.8829560985409958,complete
fetch-20261006T122600Z-dfc47335,v2.1-f4676a0b,2021,無黨籍,culture,speech,6,1833,38,8.342708748417827,38,8.342708748417827,complete
fetch-20261006T122600Z-dfc47335,v2.1-f4676a0b,2021,無黨籍,defense,speech,6,1833,32,11.676861537585145,32,11.676861537585145,complete
fetch-20261006T122600Z-dfc47335,v2.1-f4676a0b,2021,無黨籍,education,speech,6,1833,46,10.856491826958187,46,10.856491826958187,complete
fetch-20261006T122600Z-dfc47335,v2.1-f4676a0b,2021,無黨籍,energy,speech,6,1833,16,3.298424252647543,16,3.298424252647543,complete
fetch-20261006T122600Z-dfc47335,v2.1-f4676a0b,2021,無黨籍,environment,speech,6,1833,22,2.6618239375387076,22,2.6618239375387076,complete
fetch-20261006T122600Z-dfc47335,v2.1-f4676a0b,2021,無黨籍,foreign_trade,speech,6,1833,21,3.5057376101473707,21,3.5057376101473707,complete
fetch-20261006T122600Z-dfc47335,v2.1-f4676a0b,2021,無黨籍,government,speech,6,1833,21,2.678443753657776,21,2.678443753657776,complete
fetch-20261006T122600Z-dfc47335,v2.1-f4676a0b,2021,無黨籍,health,speech,6,1833,52,10.018490116729225,52,10.018490116729225,complete
fetch-20261006T122600Z-dfc47335,v2.1-f4676a0b,2021,無黨籍,housing,speech,6,1833,6,0.6319300862345173,6,0.6319300862345173,complete
fetch-20261006T122600Z-dfc47335,v2.1-f4676a0b,2021,無黨籍,immigration,speech,6,1833,0,0.0,0,0.0,complete
fetch-20261006T122600Z-dfc47335,v2.1-f4676a0b,2021,無黨籍,indigenous,speech,6,1833,48,13.52990699000742,48,13.52990699000742,complete
fetch-20261006T122600Z-dfc47335,v2.1-f4676a0b,2021,無黨籍,international,speech,6,1833,25,6.748145053265766,25,6.748145053265766,complete
fetch-20261006T122600Z-dfc47335,v2.1-f4676a0b,2021,無黨籍,labor,speech,6,1833,19,1.764599794082651,19,1.764599794082651,complete
fetch-20261006T122600Z-dfc47335,v2.1-f4676a0b,2021,無黨籍,law_crime,speech,6,1833,31,4.645570676318456,31,4.645570676318456,complete
fetch-20261006T122600Z-dfc47335,v2.1-f4676a0b,2021,無黨籍,macroeconomy,speech,6,1833,17,2.2431824825558415,17,2.2431824825558415,complete
fetch-20261006T122600Z-dfc47335,v2.1-f4676a0b,2021,無黨籍,public_lands,speech,6,1833,12,1.3369904749262138,12,1.3369904749262138,complete
fetch-20261006T122600Z-dfc47335,v2.1-f4676a0b,2021,無黨籍,social_welfare,speech,6,1833,16,2.4274582217751504,16,2.4274582217751504,complete
fetch-20261006T122600Z-dfc47335,v2.1-f4676a0b,2021,無黨籍,technology,speech,6,1833,57,10.515014545790518,57,10.515014545790518,complete
fetch-20261006T122600Z-dfc47335,v2.1-f4676a0b,2021,無黨籍,transitional_justice,speech,6,1833,4,0.5844579725683003,4,0.5844579725683003,complete
fetch-20261006T122600Z-dfc47335,v2.1-f4676a0b,2021,無黨籍,transportation,speech,6,1833,70,20.64194048937707,70,20.64194048937707,complete
fetch-20261006T122600Z-dfc47335,v2.1-f4676a0b,2021,無黨籍,unclassified,speech,6,1833,204,81.80814966665292,204,81.80814966665292,complete
fetch-20261006T122600Z-dfc47335,v2.1-f4676a0b,2021,無黨籍,agriculture,written_question,6,1833,0,0.0,0,0.0,complete
fetch-20261006T122600Z-dfc47335,v2.1-f4676a0b,2021,無黨籍,civil_rights,written_question,6,1833,0,0.0,0,0.0,complete
fetch-20261006T122600Z-dfc47335,v2.1-f4676a0b,2021,無黨籍,commerce,written_question,6,1833,0,0.0,0,0.0,complete
fetch-20261006T122600Z-dfc47335,v2.1-f4676a0b,2021,無黨籍,cross_strait,written_question,6,1833,0,0.0,0,0.0,complete
fetch-20261006T122600Z-dfc47335,v2.1-f4676a0b,2021,無黨籍,culture,written_question,6,1833,0,0.0,0,0.0,complete
fetch-20261006T122600Z-dfc47335,v2.1-f4676a0b,2021,無黨籍,defense,written_question,6,1833,0,0.0,0,0.0,complete
fetch-20261006T122600Z-dfc47335,v2.1-f4676a0b,2021,無黨籍,education,written_question,6,1833,0,0.0,0,0.0,complete
fetch-20261006T122600Z-dfc47335,v2.1-f4676a0b,2021,無黨籍,energy,written_question,6,1833,0,0.0,0,0.0,complete
fetch-20261006T122600Z-dfc47335,v2.1-f4676a0b,2021,無黨籍,environment,written_question,6,1833,0,0.0,0,0.0,complete
fetch-20261006T122600Z-dfc47335,v2.1-f4676a0b,2021,無黨籍,foreign_trade,written_question,6,1833,0,0.0,0,0.0,complete
fetch-20261006T122600Z-dfc47335,v2.1-f4676a0b,2021,無黨籍,government,written_question,6,1833,0,0.0,0,0.0,complete
fetch-20261006T122600Z-dfc47335,v2.1-f4676a0b,2021,無黨籍,health,written_question,6,1833,0,0.0,0,0.0,complete
fetch-20261006T122600Z-dfc47335,v2.1-f4676a0b,2021,無黨籍,housing,written_question,6,1833,0,0.0,0,0.0,complete
fetch-20261006T122600Z-dfc47335,v2.1-f4676a0b,2021,無黨籍,immigration,written_question,6,1833,0,0.0,0,0.0,complete
fetch-20261006T122600Z-dfc47335,v2.1-f4676a0b,2021,無黨籍,indigenous,written_question,6,1833,0,0.0,0,0.0,complete
fetch-20261006T122600Z-dfc47335,v2.1-f4676a0b,2021,無黨籍,international,written_question,6,1833,0,0.0,0,0.0,complete
fetch-20261006T122600Z-dfc47335,v2.1-f4676a0b,2021,無黨籍,labor,written_question,6,1833,0,0.0,0,0.0,complete
fetch-20261006T122600Z-dfc47335,v2.1-f4676a0b,2021,無黨籍,law_crime,written_question,6,1833,0,0.0,0,0.0,complete
fetch-20261006T122600Z-dfc47335,v2.1-f4676a0b,2021,無黨籍,macroeconomy,written_question,6,1833,0,0.0,0,0.0,complete
fetch-20261006T122600Z-dfc47335,v2.1-f4676a0b,2021,無黨籍,public_lands,written_question,6,1833,0,0.0,0,0.0,complete
fetch-20261006T122600Z-dfc47335,v2.1-f4676a0b,2021,無黨籍,social_welfare,written_question,6,1833,0,0.0,0,0.0,complete
fetch-20261006T122600Z-dfc47335,v2.1-f4676a0b,2021,無黨籍,technology,written_question,6,1833,0,0.0,0,0.0,complete
fetch-20261006T122600Z-dfc47335,v2.1-f4676a0b,2021,無黨籍,transitional_justice,written_question,6,1833,0,0.0,0,0.0,complete
fetch-20261006T122600Z-dfc47335,v2.1-f4676a0b,2021,無黨籍,transportation,written_question,6,1833,0,0.0,0,0.0,complete
fetch-20261006T122600Z-dfc47335,v2.1-f4676a0b,2021,無黨籍,unclassified,written_question,6,1833,0,0.0,0,0.0,complete
fetch-20261006T122600Z-dfc47335,v2.1-f4676a0b,2022,無黨籍,agriculture,bill_primary,5,1825,4,2.8333333333333335,4,2.8333333333333335,complete
fetch-20261006T122600Z-dfc47335,v2.1-f4676a0b,2022,無黨籍,civil_rights,bill_primary,5,1825,10,7.333333333333334,10,7.333333333333334,complete
fetch-20261006T122600Z-dfc47335,v2.1-f4676a0b,2022,無黨籍,commerce,bill_primary,5,1825,8,4.333333333333333,8,4.333333333333333,complete
fetch-20261006T122600Z-dfc47335,v2.1-f4676a0b,2022,無黨籍,cross_strait,bill_primary,5,1825,0,0.0,0,0.0,complete
fetch-20261006T122600Z-dfc47335,v2.1-f4676a0b,2022,無黨籍,culture,bill_primary,5,1825,16,12.333333333333334,16,12.333333333333334,complete
fetch-20261006T122600Z-dfc47335,v2.1-f4676a0b,2022,無黨籍,defense,bill_primary,5,1825,6,4.833333333333333,6,4.833333333333333,complete
fetch-20261006T122600Z-dfc47335,v2.1-f4676a0b,2022,無黨籍,education,bill_primary,5,1825,17,11.166666666666666,17,11.166666666666666,complete
fetch-20261006T122600Z-dfc47335,v2.1-f4676a0b,2022,無黨籍,energy,bill_primary,5,1825,2,2.0,2,2.0,complete
fetch-20261006T122600Z-dfc47335,v2.1-f4676a0b,2022,無黨籍,environment,bill_primary,5,1825,10,7.833333333333334,10,7.833333333333334,complete
fetch-20261006T122600Z-dfc47335,v2.1-f4676a0b,2022,無黨籍,foreign_trade,bill_primary,5,1825,0,0.0,0,0.0,complete
fetch-20261006T122600Z-dfc47335,v2.1-f4676a0b,2022,無黨籍,government,bill_primary,5,1825,18,15.0,18,15.0,complete
fetch-20261006T122600Z-dfc47335,v2.1-f4676a0b,2022,無黨籍,health,bill_primary,5,1825,12,10.0,12,10.0,complete
fetch-20261006T122600Z-dfc47335,v2.1-f4676a0b,2022,無黨籍,housing,bill_primary,5,1825,5,2.833333333333333,5,2.833333333333333,complete
fetch-20261006T122600Z-dfc47335,v2.1-f4676a0b,2022,無黨籍,immigration,bill_primary,5,1825,2,1.5,2,1.5,complete
fetch-20261006T122600Z-dfc47335,v2.1-f4676a0b,2022,無黨籍,indigenous,bill_primary,5,1825,3,1.8333333333333333,3,1.8333333333333333,complete
fetch-20261006T122600Z-dfc47335,v2.1-f4676a0b,2022,無黨籍,international,bill_primary,5,1825,1,1.0,1,1.0,complete
fetch-20261006T122600Z-dfc47335,v2.1-f4676a0b,2022,無黨籍,labor,bill_primary,5,1825,15,11.0,15,11.0,complete
fetch-20261006T122600Z-dfc47335,v2.1-f4676a0b,2022,無黨籍,law_crime,bill_primary,5,1825,29,21.333333333333332,29,21.333333333333332,complete
fetch-20261006T122600Z-dfc47335,v2.1-f4676a0b,2022,無黨籍,macroeconomy,bill_primary,5,1825,8,5.333333333333333,8,5.333333333333333,complete
fetch-20261006T122600Z-dfc47335,v2.1-f4676a0b,2022,無黨籍,public_lands,bill_primary,5,1825,6,4.333333333333333,6,4.333333333333333,complete
fetch-20261006T122600Z-dfc47335,v2.1-f4676a0b,2022,無黨籍,social_welfare,bill_primary,5,1825,9,5.833333333333333,9,5.833333333333333,complete
fetch-20261006T122600Z-dfc47335,v2.1-f4676a0b,2022,無黨籍,technology,bill_primary,5,1825,27,19.833333333333332,27,19.833333333333332,complete
fetch-20261006T122600Z-dfc47335,v2.1-f4676a0b,2022,無黨籍,transitional_justice,bill_primary,5,1825,0,0.0,0,0.0,complete
fetch-20261006T122600Z-dfc47335,v2.1-f4676a0b,2022,無黨籍,transportation,bill_primary,5,1825,14,11.5,14,11.5,complete
fetch-20261006T122600Z-dfc47335,v2.1-f4676a0b,2022,無黨籍,unclassified,bill_primary,5,1825,35,35.0,35,35.0,complete
fetch-20261006T122600Z-dfc47335,v2.1-f4676a0b,2022,無黨籍,agriculture,bill_cosign,5,1825,11,6.083333333333333,11,6.083333333333333,complete
fetch-20261006T122600Z-dfc47335,v2.1-f4676a0b,2022,無黨籍,civil_rights,bill_cosign,5,1825,25,14.0,25,14.0,complete
fetch-20261006T122600Z-dfc47335,v2.1-f4676a0b,2022,無黨籍,commerce,bill_cosign,5,1825,5,2.3333333333333335,5,2.3333333333333335,complete
fetch-20261006T122600Z-dfc47335,v2.1-f4676a0b,2022,無黨籍,cross_strait,bill_cosign,5,1825,1,0.3333333333333333,1,0.3333333333333333,complete
fetch-20261006T122600Z-dfc47335,v2.1-f4676a0b,2022,無黨籍,culture,bill_cosign,5,1825,9,6.0,9,6.0,complete
fetch-20261006T122600Z-dfc47335,v2.1-f4676a0b,2022,無黨籍,defense,bill_cosign,5,1825,15,10.0,15,10.0,complete
fetch-20261006T122600Z-dfc47335,v2.1-f4676a0b,2022,無黨籍,education,bill_cosign,5,1825,40,30.083333333333336,40,30.083333333333336,complete
fetch-20261006T122600Z-dfc47335,v2.1-f4676a0b,2022,無黨籍,energy,bill_cosign,5,1825,12,8.5,12,8.5,complete
fetch-20261006T122600Z-dfc47335,v2.1-f4676a0b,2022,無黨籍,environment,bill_cosign,5,1825,17,12.666666666666666,17,12.666666666666666,complete
fetch-20261006T122600Z-dfc47335,v2.1-f4676a0b,2022,無黨籍,foreign_trade,bill_cosign,5,1825,2,1.5,2,1.5,complete
fetch-20261006T122600Z-dfc47335,v2.1-f4676a0b,2022,無黨籍,government,bill_cosign,5,1825,32,22.25,32,22.25,complete
fetch-20261006T122600Z-dfc47335,v2.1-f4676a0b,2022,無黨籍,health,bill_cosign,5,1825,15,11.5,15,11.5,complete
fetch-20261006T122600Z-dfc47335,v2.1-f4676a0b,2022,無黨籍,housing,bill_cosign,5,1825,8,5.666666666666667,8,5.666666666666667,complete
fetch-20261006T122600Z-dfc47335,v2.1-f4676a0b,2022,無黨籍,immigration,bill_cosign,5,1825,2,1.5,2,1.5,complete
fetch-20261006T122600Z-dfc47335,v2.1-f4676a0b,2022,無黨籍,indigenous,bill_cosign,5,1825,2,1.0,2,1.0,complete
fetch-20261006T122600Z-dfc47335,v2.1-f4676a0b,2022,無黨籍,international,bill_cosign,5,1825,6,4.333333333333333,6,4.333333333333333,complete
fetch-20261006T122600Z-dfc47335,v2.1-f4676a0b,2022,無黨籍,labor,bill_cosign,5,1825,25,16.25,25,16.25,complete
fetch-20261006T122600Z-dfc47335,v2.1-f4676a0b,2022,無黨籍,law_crime,bill_cosign,5,1825,50,30.416666666666664,50,30.416666666666664,complete
fetch-20261006T122600Z-dfc47335,v2.1-f4676a0b,2022,無黨籍,macroeconomy,bill_cosign,5,1825,15,9.583333333333334,15,9.583333333333334,complete
fetch-20261006T122600Z-dfc47335,v2.1-f4676a0b,2022,無黨籍,public_lands,bill_cosign,5,1825,6,3.833333333333333,6,3.833333333333333,complete
fetch-20261006T122600Z-dfc47335,v2.1-f4676a0b,2022,無黨籍,social_welfare,bill_cosign,5,1825,4,3.0,4,3.0,complete
fetch-20261006T122600Z-dfc47335,v2.1-f4676a0b,2022,無黨籍,technology,bill_cosign,5,1825,57,37.333333333333336,57,37.333333333333336,complete
fetch-20261006T122600Z-dfc47335,v2.1-f4676a0b,2022,無黨籍,transitional_justice,bill_cosign,5,1825,2,1.0,2,1.0,complete
fetch-20261006T122600Z-dfc47335,v2.1-f4676a0b,2022,無黨籍,transportation,bill_cosign,5,1825,23,15.833333333333332,23,15.833333333333332,complete
fetch-20261006T122600Z-dfc47335,v2.1-f4676a0b,2022,無黨籍,unclassified,bill_cosign,5,1825,64,64.0,64,64.0,complete
fetch-20261006T122600Z-dfc47335,v2.1-f4676a0b,2022,無黨籍,agriculture,speech,5,1825,31,9.256959196125568,31,9.256959196125568,complete
fetch-20261006T122600Z-dfc47335,v2.1-f4676a0b,2022,無黨籍,civil_rights,speech,5,1825,14,2.0381489587202632,14,2.0381489587202632,complete
fetch-20261006T122600Z-dfc47335,v2.1-f4676a0b,2022,無黨籍,commerce,speech,5,1825,19,2.778427049646584,19,2.778427049646584,complete
fetch-20261006T122600Z-dfc47335,v2.1-f4676a0b,2022,無黨籍,cross_strait,speech,5,1825,10,1.090717719482263,10,1.090717719482263,complete
fetch-20261006T122600Z-dfc47335,v2.1-f4676a0b,2022,無黨籍,culture,speech,5,1825,45,12.717427812442299,45,12.717427812442299,complete
fetch-20261006T122600Z-dfc47335,v2.1-f4676a0b,2022,無黨籍,defense,speech,5,1825,32,9.41307966992508,32,9.41307966992508,complete
fetch-20261006T122600Z-dfc47335,v2.1-f4676a0b,2022,無黨籍,education,speech,5,1825,61,19.237070273130414,61,19.237070273130414,complete
fetch-20261006T122600Z-dfc47335,v2.1-f4676a0b,2022,無黨籍,energy,speech,5,1825,28,7.263011426229203,28,7.263011426229203,complete
fetch-20261006T122600Z-dfc47335,v2.1-f4676a0b,2022,無黨籍,environment,speech,5,1825,18,2.494425875718463,18,2.494425875718463,complete
fetch-20261006T122600Z-dfc47335,v2.1-f4676a0b,2022,無黨籍,foreign_trade,speech,5,1825,22,5.211243433085892,22,5.211243433085892,complete
fetch-20261006T122600Z-dfc47335,v2.1-f4676a0b,2022,無黨籍,government,speech,5,1825,18,2.3655316749261917,18,2.3655316749261917,complete
fetch-20261006T122600Z-dfc47335,v2.1-f4676a0b,2022,無黨籍,health,speech,5,1825,48,8.567361664251443,48,8.567361664251443,complete
fetch-20261006T122600Z-dfc47335,v2.1-f4676a0b,2022,無黨籍,housing,speech,5,1825,6,1.8296931327588142,6,1.8296931327588142,complete
fetch-20261006T122600Z-dfc47335,v2.1-f4676a0b,2022,無黨籍,immigration,speech,5,1825,6,0.46063037137461726,6,0.46063037137461726,complete
fetch-20261006T122600Z-dfc47335,v2.1-f4676a0b,2022,無黨籍,indigenous,speech,5,1825,32,8.34849809006903,32,8.34849809006903,complete
fetch-20261006T122600Z-dfc47335,v2.1-f4676a0b,2022,無黨籍,international,speech,5,1825,21,5.704946860467745,21,5.704946860467745,complete
fetch-20261006T122600Z-dfc47335,v2.1-f4676a0b,2022,無黨籍,labor,speech,5,1825,23,2.8146881440422202,23,2.8146881440422202,complete
fetch-20261006T122600Z-dfc47335,v2.1-f4676a0b,2022,無黨籍,law_crime,speech,5,1825,29,5.15650456473092,29,5.15650456473092,complete
fetch-20261006T122600Z-dfc47335,v2.1-f4676a0b,2022,無黨籍,macroeconomy,speech,5,1825,18,2.6794143747977666,18,2.6794143747977666,complete
fetch-20261006T122600Z-dfc47335,v2.1-f4676a0b,2022,無黨籍,public_lands,speech,5,1825,13,1.637985752209784,13,1.637985752209784,complete
fetch-20261006T122600Z-dfc47335,v2.1-f4676a0b,2022,無黨籍,social_welfare,speech,5,1825,7,0.7811413318740231,7,0.7811413318740231,complete
fetch-20261006T122600Z-dfc47335,v2.1-f4676a0b,2022,無黨籍,technology,speech,5,1825,50,8.515954812036881,50,8.515954812036881,complete
fetch-20261006T122600Z-dfc47335,v2.1-f4676a0b,2022,無黨籍,transitional_justice,speech,5,1825,2,0.5720024721878862,2,0.5720024721878862,complete
fetch-20261006T122600Z-dfc47335,v2.1-f4676a0b,2022,無黨籍,transportation,speech,5,1825,35,10.000311632025584,35,10.000311632025584,complete
fetch-20261006T122600Z-dfc47335,v2.1-f4676a0b,2022,無黨籍,unclassified,speech,5,1825,206,88.06482370774107,206,88.06482370774107,complete
fetch-20261006T122600Z-dfc47335,v2.1-f4676a0b,2022,無黨籍,agriculture,written_question,5,1825,0,0.0,0,0.0,complete
fetch-20261006T122600Z-dfc47335,v2.1-f4676a0b,2022,無黨籍,civil_rights,written_question,5,1825,0,0.0,0,0.0,complete
fetch-20261006T122600Z-dfc47335,v2.1-f4676a0b,2022,無黨籍,commerce,written_question,5,1825,0,0.0,0,0.0,complete
fetch-20261006T122600Z-dfc47335,v2.1-f4676a0b,2022,無黨籍,cross_strait,written_question,5,1825,0,0.0,0,0.0,complete
fetch-20261006T122600Z-dfc47335,v2.1-f4676a0b,2022,無黨籍,culture,written_question,5,1825,0,0.0,0,0.0,complete
fetch-20261006T122600Z-dfc47335,v2.1-f4676a0b,2022,無黨籍,defense,written_question,5,1825,0,0.0,0,0.0,complete
fetch-20261006T122600Z-dfc47335,v2.1-f4676a0b,2022,無黨籍,education,written_question,5,1825,0,0.0,0,0.0,complete
fetch-20261006T122600Z-dfc47335,v2.1-f4676a0b,2022,無黨籍,energy,written_question,5,1825,0,0.0,0,0.0,complete
fetch-20261006T122600Z-dfc47335,v2.1-f4676a0b,2022,無黨籍,environment,written_question,5,1825,0,0.0,0,0.0,complete
fetch-20261006T122600Z-dfc47335,v2.1-f4676a0b,2022,無黨籍,foreign_trade,written_question,5,1825,0,0.0,0,0.0,complete
fetch-20261006T122600Z-dfc47335,v2.1-f4676a0b,2022,無黨籍,government,written_question,5,1825,0,0.0,0,0.0,complete
fetch-20261006T122600Z-dfc47335,v2.1-f4676a0b,2022,無黨籍,health,written_question,5,1825,0,0.0,0,0.0,complete
fetch-20261006T122600Z-dfc47335,v2.1-f4676a0b,2022,無黨籍,housing,written_question,5,1825,0,0.0,0,0.0,complete
fetch-20261006T122600Z-dfc47335,v2.1-f4676a0b,2022,無黨籍,immigration,written_question,5,1825,0,0.0,0,0.0,complete
fetch-20261006T122600Z-dfc47335,v2.1-f4676a0b,2022,無黨籍,indigenous,written_question,5,1825,0,0.0,0,0.0,complete
fetch-20261006T122600Z-dfc47335,v2.1-f4676a0b,2022,無黨籍,international,written_question,5,1825,0,0.0,0,0.0,complete
fetch-20261006T122600Z-dfc47335,v2.1-f4676a0b,2022,無黨籍,labor,written_question,5,1825,0,0.0,0,0.0,complete
fetch-20261006T122600Z-dfc47335,v2.1-f4676a0b,2022,無黨籍,law_crime,written_question,5,1825,0,0.0,0,0.0,complete
fetch-20261006T122600Z-dfc47335,v2.1-f4676a0b,2022,無黨籍,macroeconomy,written_question,5,1825,0,0.0,0,0.0,complete
fetch-20261006T122600Z-dfc47335,v2.1-f4676a0b,2022,無黨籍,public_lands,written_question,5,1825,0,0.0,0,0.0,complete
fetch-20261006T122600Z-dfc47335,v2.1-f4676a0b,2022,無黨籍,social_welfare,written_question,5,1825,0,0.0,0,0.0,complete
fetch-20261006T122600Z-dfc47335,v2.1-f4676a0b,2022,無黨籍,technology,written_question,5,1825,0,0.0,0,0.0,complete
fetch-20261006T122600Z-dfc47335,v2.1-f4676a0b,2022,無黨籍,transitional_justice,written_question,5,1825,0,0.0,0,0.0,complete
fetch-20261006T122600Z-dfc47335,v2.1-f4676a0b,2022,無黨籍,transportation,written_question,5,1825,0,0.0,0,0.0,complete
fetch-20261006T122600Z-dfc47335,v2.1-f4676a0b,2022,無黨籍,unclassified,written_question,5,1825,0,0.0,0,0.0,complete
fetch-20261006T122600Z-dfc47335,v2.1-f4676a0b,2023,無黨籍,agriculture,bill_primary,6,1842,5,4.5,5,4.5,complete
fetch-20261006T122600Z-dfc47335,v2.1-f4676a0b,2023,無黨籍,civil_rights,bill_primary,6,1842,14,9.25,14,9.25,complete
fetch-20261006T122600Z-dfc47335,v2.1-f4676a0b,2023,無黨籍,commerce,bill_primary,6,1842,4,2.3333333333333335,4,2.3333333333333335,complete
fetch-20261006T122600Z-dfc47335,v2.1-f4676a0b,2023,無黨籍,cross_strait,bill_primary,6,1842,1,1.0,1,1.0,complete
fetch-20261006T122600Z-dfc47335,v2.1-f4676a0b,2023,無黨籍,culture,bill_primary,6,1842,13,12.5,13,12.5,complete
fetch-20261006T122600Z-dfc47335,v2.1-f4676a0b,2023,無黨籍,defense,bill_primary,6,1842,5,4.5,5,4.5,complete
fetch-20261006T122600Z-dfc47335,v2.1-f4676a0b,2023,無黨籍,education,bill_primary,6,1842,13,8.5,13,8.5,complete
fetch-20261006T122600Z-dfc47335,v2.1-f4676a0b,2023,無黨籍,energy,bill_primary,6,1842,1,0.5,1,0.5,complete
fetch-20261006T122600Z-dfc47335,v2.1-f4676a0b,2023,無黨籍,environment,bill_primary,6,1842,9,7.0,9,7.0,complete
fetch-20261006T122600Z-dfc47335,v2.1-f4676a0b,2023,無黨籍,foreign_trade,bill_primary,6,1842,1,1.0,1,1.0,complete
fetch-20261006T122600Z-dfc47335,v2.1-f4676a0b,2023,無黨籍,government,bill_primary,6,1842,7,4.416666666666666,7,4.416666666666666,complete
fetch-20261006T122600Z-dfc47335,v2.1-f4676a0b,2023,無黨籍,health,bill_primary,6,1842,7,3.833333333333333,7,3.833333333333333,complete
fetch-20261006T122600Z-dfc47335,v2.1-f4676a0b,2023,無黨籍,housing,bill_primary,6,1842,3,2.5,3,2.5,complete
fetch-20261006T122600Z-dfc47335,v2.1-f4676a0b,2023,無黨籍,immigration,bill_primary,6,1842,1,1.0,1,1.0,complete
fetch-20261006T122600Z-dfc47335,v2.1-f4676a0b,2023,無黨籍,indigenous,bill_primary,6,1842,2,1.5,2,1.5,complete
fetch-20261006T122600Z-dfc47335,v2.1-f4676a0b,2023,無黨籍,international,bill_primary,6,1842,0,0.0,0,0.0,complete
fetch-20261006T122600Z-dfc47335,v2.1-f4676a0b,2023,無黨籍,labor,bill_primary,6,1842,3,3.0,3,3.0,complete
fetch-20261006T122600Z-dfc47335,v2.1-f4676a0b,2023,無黨籍,law_crime,bill_primary,6,1842,18,13.916666666666666,18,13.916666666666666,complete
fetch-20261006T122600Z-dfc47335,v2.1-f4676a0b,2023,無黨籍,macroeconomy,bill_primary,6,1842,11,5.583333333333333,11,5.583333333333333,complete
fetch-20261006T122600Z-dfc47335,v2.1-f4676a0b,2023,無黨籍,public_lands,bill_primary,6,1842,2,1.0,2,1.0,complete
fetch-20261006T122600Z-dfc47335,v2.1-f4676a0b,2023,無黨籍,social_welfare,bill_primary,6,1842,9,5.833333333333333,9,5.833333333333333,complete
fetch-20261006T122600Z-dfc47335,v2.1-f4676a0b,2023,無黨籍,technology,bill_primary,6,1842,3,1.3333333333333333,3,1.3333333333333333,complete
fetch-20261006T122600Z-dfc47335,v2.1-f4676a0b,2023,無黨籍,transitional_justice,bill_primary,6,1842,2,1.5,2,1.5,complete
fetch-20261006T122600Z-dfc47335,v2.1-f4676a0b,2023,無黨籍,transportation,bill_primary,6,1842,9,8.5,9,8.5,complete
fetch-20261006T122600Z-dfc47335,v2.1-f4676a0b,2023,無黨籍,unclassified,bill_primary,6,1842,18,18.0,18,18.0,complete
fetch-20261006T122600Z-dfc47335,v2.1-f4676a0b,2023,無黨籍,agriculture,bill_cosign,6,1842,15,11.166666666666666,15,11.166666666666666,complete
fetch-20261006T122600Z-dfc47335,v2.1-f4676a0b,2023,無黨籍,civil_rights,bill_cosign,6,1842,57,36.36666666666667,57,36.36666666666667,complete
fetch-20261006T122600Z-dfc47335,v2.1-f4676a0b,2023,無黨籍,commerce,bill_cosign,6,1842,20,11.166666666666666,20,11.166666666666666,complete
fetch-20261006T122600Z-dfc47335,v2.1-f4676a0b,2023,無黨籍,cross_strait,bill_cosign,6,1842,1,0.5,1,0.5,complete
fetch-20261006T122600Z-dfc47335,v2.1-f4676a0b,2023,無黨籍,culture,bill_cosign,6,1842,40,34.5,40,34.5,complete
fetch-20261006T122600Z-dfc47335,v2.1-f4676a0b,2023,無黨籍,defense,bill_cosign,6,1842,9,4.033333333333333,9,4.033333333333333,complete
fetch-20261006T122600Z-dfc47335,v2.1-f4676a0b,2023,無黨籍,education,bill_cosign,6,1842,40,25.95,40,25.95,complete
fetch-20261006T122600Z-dfc47335,v2.1-f4676a0b,2023,無黨籍,energy,bill_cosign,6,1842,6,3.4166666666666665,6,3.4166666666666665,complete
fetch-20261006T122600Z-dfc47335,v2.1-f4676a0b,2023,無黨籍,environment,bill_cosign,6,1842,15,10.583333333333332,15,10.583333333333332,complete
fetch-20261006T122600Z-dfc47335,v2.1-f4676a0b,2023,無黨籍,foreign_trade,bill_cosign,6,1842,4,1.6666666666666665,4,1.6666666666666665,complete
fetch-20261006T122600Z-dfc47335,v2.1-f4676a0b,2023,無黨籍,government,bill_cosign,6,1842,24,15.95,24,15.95,complete
fetch-20261006T122600Z-dfc47335,v2.1-f4676a0b,2023,無黨籍,health,bill_cosign,6,1842,18,12.25,18,12.25,complete
fetch-20261006T122600Z-dfc47335,v2.1-f4676a0b,2023,無黨籍,housing,bill_cosign,6,1842,8,5.5,8,5.5,complete
fetch-20261006T122600Z-dfc47335,v2.1-f4676a0b,2023,無黨籍,immigration,bill_cosign,6,1842,4,2.75,4,2.75,complete
fetch-20261006T122600Z-dfc47335,v2.1-f4676a0b,2023,無黨籍,indigenous,bill_cosign,6,1842,3,3.0,3,3.0,complete
fetch-20261006T122600Z-dfc47335,v2.1-f4676a0b,2023,無黨籍,international,bill_cosign,6,1842,1,0.5,1,0.5,complete
fetch-20261006T122600Z-dfc47335,v2.1-f4676a0b,2023,無黨籍,labor,bill_cosign,6,1842,24,16.583333333333332,24,16.583333333333332,complete
fetch-20261006T122600Z-dfc47335,v2.1-f4676a0b,2023,無黨籍,law_crime,bill_cosign,6,1842,44,26.616666666666667,44,26.616666666666667,complete
fetch-20261006T122600Z-dfc47335,v2.1-f4676a0b,2023,無黨籍,macroeconomy,bill_cosign,6,1842,16,8.166666666666666,16,8.166666666666666,complete
fetch-20261006T122600Z-dfc47335,v2.1-f4676a0b,2023,無黨籍,public_lands,bill_cosign,6,1842,6,4.083333333333334,6,4.083333333333334,complete
fetch-20261006T122600Z-dfc47335,v2.1-f4676a0b,2023,無黨籍,social_welfare,bill_cosign,6,1842,16,9.083333333333332,16,9.083333333333332,complete
fetch-20261006T122600Z-dfc47335,v2.1-f4676a0b,2023,無黨籍,technology,bill_cosign,6,1842,31,21.25,31,21.25,complete
fetch-20261006T122600Z-dfc47335,v2.1-f4676a0b,2023,無黨籍,transitional_justice,bill_cosign,6,1842,3,1.8333333333333333,3,1.8333333333333333,complete
fetch-20261006T122600Z-dfc47335,v2.1-f4676a0b,2023,無黨籍,transportation,bill_cosign,6,1842,21,16.083333333333332,21,16.083333333333332,complete
fetch-20261006T122600Z-dfc47335,v2.1-f4676a0b,2023,無黨籍,unclassified,bill_cosign,6,1842,52,52.0,52,52.0,complete
fetch-20261006T122600Z-dfc47335,v2.1-f4676a0b,2023,無黨籍,agriculture,speech,6,1842,19,3.7975525867223623,19,3.7975525867223623,complete
fetch-20261006T122600Z-dfc47335,v2.1-f4676a0b,2023,無黨籍,civil_rights,speech,6,1842,5,0.5700451061997316,5,0.5700451061997316,complete
fetch-20261006T122600Z-dfc47335,v2.1-f4676a0b,2023,無黨籍,commerce,speech,6,1842,9,2.5128773425848117,9,2.5128773425848117,complete
fetch-20261006T122600Z-dfc47335,v2.1-f4676a0b,2023,無黨籍,cross_strait,speech,6,1842,4,0.22315552570781216,4,0.22315552570781216,complete
fetch-20261006T122600Z-dfc47335,v2.1-f4676a0b,2023,無黨籍,culture,speech,6,1842,37,11.006911955449347,37,11.006911955449347,complete
fetch-20261006T122600Z-dfc47335,v2.1-f4676a0b,2023,無黨籍,defense,speech,6,1842,24,8.629770412661053,24,8.629770412661053,complete
fetch-20261006T122600Z-dfc47335,v2.1-f4676a0b,2023,無黨籍,education,speech,6,1842,46,11.441746185729933,46,11.441746185729933,complete
fetch-20261006T122600Z-dfc47335,v2.1-f4676a0b,2023,無黨籍,energy,speech,6,1842,12,2.9099413993956897,12,2.9099413993956897,complete
fetch-20261006T122600Z-dfc47335,v2.1-f4676a0b,2023,無黨籍,environment,speech,6,1842,3,0.3783274802713416,3,0.3783274802713416,complete
fetch-20261006T122600Z-dfc47335,v2.1-f4676a0b,2023,無黨籍,foreign_trade,speech,6,1842,10,2.25752637375715,10,2.25752637375715,complete
fetch-20261006T122600Z-dfc47335,v2.1-f4676a0b,2023,無黨籍,government,speech,6,1842,14,1.5282617029194332,14,1.5282617029194332,complete
fetch-20261006T122600Z-dfc47335,v2.1-f4676a0b,2023,無黨籍,health,speech,6,1842,25,4.11511334085374,25,4.11511334085374,complete
fetch-20261006T122600Z-dfc47335,v2.1-f4676a0b,2023,無黨籍,housing,speech,6,1842,4,0.4954580145477092,4,0.4954580145477092,complete
fetch-20261006T122600Z-dfc47335,v2.1-f4676a0b,2023,無黨籍,immigration,speech,6,1842,2,1.0030214330592293,2,1.0030214330592293,complete
fetch-20261006T122600Z-dfc47335,v2.1-f4676a0b,2023,無黨籍,indigenous,speech,6,1842,26,8.422544883703225,26,8.422544883703225,complete
fetch-20261006T122600Z-dfc47335,v2.1-f4676a0b,2023,無黨籍,international,speech,6,1842,11,2.955234071249062,11,2.955234071249062,complete
fetch-20261006T122600Z-dfc47335,v2.1-f4676a0b,2023,無黨籍,labor,speech,6,1842,9,1.7049500861975855,9,1.7049500861975855,complete
fetch-20261006T122600Z-dfc47335,v2.1-f4676a0b,2023,無黨籍,law_crime,speech,6,1842,24,3.343534383155086,24,3.343534383155086,complete
fetch-20261006T122600Z-dfc47335,v2.1-f4676a0b,2023,無黨籍,macroeconomy,speech,6,1842,8,1.5399160229503905,8,1.5399160229503905,complete
fetch-20261006T122600Z-dfc47335,v2.1-f4676a0b,2023,無黨籍,public_lands,speech,6,1842,8,1.574102648450191,8,1.574102648450191,complete
fetch-20261006T122600Z-dfc47335,v2.1-f4676a0b,2023,無黨籍,social_welfare,speech,6,1842,15,2.7201144295189765,15,2.7201144295189765,complete
fetch-20261006T122600Z-dfc47335,v2.1-f4676a0b,2023,無黨籍,technology,speech,6,1842,31,6.822426053725506,31,6.822426053725506,complete
fetch-20261006T122600Z-dfc47335,v2.1-f4676a0b,2023,無黨籍,transitional_justice,speech,6,1842,3,0.27660581474968127,3,0.27660581474968127,complete
fetch-20261006T122600Z-dfc47335,v2.1-f4676a0b,2023,無黨籍,transportation,speech,6,1842,24,6.458409073968924,24,6.458409073968924,complete
fetch-20261006T122600Z-dfc47335,v2.1-f4676a0b,2023,無黨籍,unclassified,speech,6,1842,132,53.31245367247203,132,53.31245367247203,complete
fetch-20261006T122600Z-dfc47335,v2.1-f4676a0b,2023,無黨籍,agriculture,written_question,6,1842,0,0.0,0,0.0,complete
fetch-20261006T122600Z-dfc47335,v2.1-f4676a0b,2023,無黨籍,civil_rights,written_question,6,1842,0,0.0,0,0.0,complete
fetch-20261006T122600Z-dfc47335,v2.1-f4676a0b,2023,無黨籍,commerce,written_question,6,1842,0,0.0,0,0.0,complete
fetch-20261006T122600Z-dfc47335,v2.1-f4676a0b,2023,無黨籍,cross_strait,written_question,6,1842,0,0.0,0,0.0,complete
fetch-20261006T122600Z-dfc47335,v2.1-f4676a0b,2023,無黨籍,culture,written_question,6,1842,0,0.0,0,0.0,complete
fetch-20261006T122600Z-dfc47335,v2.1-f4676a0b,2023,無黨籍,defense,written_question,6,1842,0,0.0,0,0.0,complete
fetch-20261006T122600Z-dfc47335,v2.1-f4676a0b,2023,無黨籍,education,written_question,6,1842,0,0.0,0,0.0,complete
fetch-20261006T122600Z-dfc47335,v2.1-f4676a0b,2023,無黨籍,energy,written_question,6,1842,0,0.0,0,0.0,complete
fetch-20261006T122600Z-dfc47335,v2.1-f4676a0b,2023,無黨籍,environment,written_question,6,1842,0,0.0,0,0.0,complete
fetch-20261006T122600Z-dfc47335,v2.1-f4676a0b,2023,無黨籍,foreign_trade,written_question,6,1842,0,0.0,0,0.0,complete
fetch-20261006T122600Z-dfc47335,v2.1-f4676a0b,2023,無黨籍,government,written_question,6,1842,0,0.0,0,0.0,complete
fetch-20261006T122600Z-dfc47335,v2.1-f4676a0b,2023,無黨籍,health,written_question,6,1842,0,0.0,0,0.0,complete
fetch-20261006T122600Z-dfc47335,v2.1-f4676a0b,2023,無黨籍,housing,written_question,6,1842,0,0.0,0,0.0,complete
fetch-20261006T122600Z-dfc47335,v2.1-f4676a0b,2023,無黨籍,immigration,written_question,6,1842,0,0.0,0,0.0,complete
fetch-20261006T122600Z-dfc47335,v2.1-f4676a0b,2023,無黨籍,indigenous,written_question,6,1842,0,0.0,0,0.0,complete
fetch-20261006T122600Z-dfc47335,v2.1-f4676a0b,2023,無黨籍,international,written_question,6,1842,0,0.0,0,0.0,complete
fetch-20261006T122600Z-dfc47335,v2.1-f4676a0b,2023,無黨籍,labor,written_question,6,1842,0,0.0,0,0.0,complete
fetch-20261006T122600Z-dfc47335,v2.1-f4676a0b,2023,無黨籍,law_crime,written_question,6,1842,0,0.0,0,0.0,complete
fetch-20261006T122600Z-dfc47335,v2.1-f4676a0b,2023,無黨籍,macroeconomy,written_question,6,1842,0,0.0,0,0.0,complete
fetch-20261006T122600Z-dfc47335,v2.1-f4676a0b,2023,無黨籍,public_lands,written_question,6,1842,0,0.0,0,0.0,complete
fetch-20261006T122600Z-dfc47335,v2.1-f4676a0b,2023,無黨籍,social_welfare,written_question,6,1842,0,0.0,0,0.0,complete
fetch-20261006T122600Z-dfc47335,v2.1-f4676a0b,2023,無黨籍,technology,written_question,6,1842,0,0.0,0,0.0,complete
fetch-20261006T122600Z-dfc47335,v2.1-f4676a0b,2023,無黨籍,transitional_justice,written_question,6,1842,0,0.0,0,0.0,complete
fetch-20261006T122600Z-dfc47335,v2.1-f4676a0b,2023,無黨籍,transportation,written_question,6,1842,0,0.0,0,0.0,complete
fetch-20261006T122600Z-dfc47335,v2.1-f4676a0b,2023,無黨籍,unclassified,written_question,6,1842,0,0.0,0,0.0,complete
fetch-20261006T122600Z-dfc47335,v2.1-f4676a0b,2016,無黨團結聯盟,agriculture,bill_primary,1,366,1,0.5,1,0.5,complete
fetch-20261006T122600Z-dfc47335,v2.1-f4676a0b,2016,無黨團結聯盟,civil_rights,bill_primary,1,366,0,0.0,0,0.0,complete
fetch-20261006T122600Z-dfc47335,v2.1-f4676a0b,2016,無黨團結聯盟,commerce,bill_primary,1,366,0,0.0,0,0.0,complete
fetch-20261006T122600Z-dfc47335,v2.1-f4676a0b,2016,無黨團結聯盟,cross_strait,bill_primary,1,366,0,0.0,0,0.0,complete
fetch-20261006T122600Z-dfc47335,v2.1-f4676a0b,2016,無黨團結聯盟,culture,bill_primary,1,366,1,0.3333333333333333,1,0.3333333333333333,complete
fetch-20261006T122600Z-dfc47335,v2.1-f4676a0b,2016,無黨團結聯盟,defense,bill_primary,1,366,1,1.0,1,1.0,complete
fetch-20261006T122600Z-dfc47335,v2.1-f4676a0b,2016,無黨團結聯盟,education,bill_primary,1,366,1,0.3333333333333333,1,0.3333333333333333,complete
fetch-20261006T122600Z-dfc47335,v2.1-f4676a0b,2016,無黨團結聯盟,energy,bill_primary,1,366,0,0.0,0,0.0,complete
fetch-20261006T122600Z-dfc47335,v2.1-f4676a0b,2016,無黨團結聯盟,environment,bill_primary,1,366,1,0.5,1,0.5,complete
fetch-20261006T122600Z-dfc47335,v2.1-f4676a0b,2016,無黨團結聯盟,foreign_trade,bill_primary,1,366,0,0.0,0,0.0,complete
fetch-20261006T122600Z-dfc47335,v2.1-f4676a0b,2016,無黨團結聯盟,government,bill_primary,1,366,2,0.8333333333333333,2,0.8333333333333333,complete
fetch-20261006T122600Z-dfc47335,v2.1-f4676a0b,2016,無黨團結聯盟,health,bill_primary,1,366,1,1.0,1,1.0,complete
fetch-20261006T122600Z-dfc47335,v2.1-f4676a0b,2016,無黨團結聯盟,housing,bill_primary,1,366,0,0.0,0,0.0,complete
fetch-20261006T122600Z-dfc47335,v2.1-f4676a0b,2016,無黨團結聯盟,immigration,bill_primary,1,366,0,0.0,0,0.0,complete
fetch-20261006T122600Z-dfc47335,v2.1-f4676a0b,2016,無黨團結聯盟,indigenous,bill_primary,1,366,6,3.166666666666667,6,3.166666666666667,complete
fetch-20261006T122600Z-dfc47335,v2.1-f4676a0b,2016,無黨團結聯盟,international,bill_primary,1,366,0,0.0,0,0.0,complete
fetch-20261006T122600Z-dfc47335,v2.1-f4676a0b,2016,無黨團結聯盟,labor,bill_primary,1,366,0,0.0,0,0.0,complete
fetch-20261006T122600Z-dfc47335,v2.1-f4676a0b,2016,無黨團結聯盟,law_crime,bill_primary,1,366,0,0.0,0,0.0,complete
fetch-20261006T122600Z-dfc47335,v2.1-f4676a0b,2016,無黨團結聯盟,macroeconomy,bill_primary,1,366,0,0.0,0,0.0,complete
fetch-20261006T122600Z-dfc47335,v2.1-f4676a0b,2016,無黨團結聯盟,public_lands,bill_primary,1,366,1,1.0,1,1.0,complete
fetch-20261006T122600Z-dfc47335,v2.1-f4676a0b,2016,無黨團結聯盟,social_welfare,bill_primary,1,366,1,1.0,1,1.0,complete
fetch-20261006T122600Z-dfc47335,v2.1-f4676a0b,2016,無黨團結聯盟,technology,bill_primary,1,366,0,0.0,0,0.0,complete
fetch-20261006T122600Z-dfc47335,v2.1-f4676a0b,2016,無黨團結聯盟,transitional_justice,bill_primary,1,366,1,0.3333333333333333,1,0.3333333333333333,complete
fetch-20261006T122600Z-dfc47335,v2.1-f4676a0b,2016,無黨團結聯盟,transportation,bill_primary,1,366,0,0.0,0,0.0,complete
fetch-20261006T122600Z-dfc47335,v2.1-f4676a0b,2016,無黨團結聯盟,unclassified,bill_primary,1,366,3,3.0,3,3.0,complete
fetch-20261006T122600Z-dfc47335,v2.1-f4676a0b,2016,無黨團結聯盟,agriculture,bill_cosign,1,366,0,0.0,0,0.0,complete
fetch-20261006T122600Z-dfc47335,v2.1-f4676a0b,2016,無黨團結聯盟,civil_rights,bill_cosign,1,366,3,2.5,3,2.5,complete
fetch-20261006T122600Z-dfc47335,v2.1-f4676a0b,2016,無黨團結聯盟,commerce,bill_cosign,1,366,1,0.5,1,0.5,complete
fetch-20261006T122600Z-dfc47335,v2.1-f4676a0b,2016,無黨團結聯盟,cross_strait,bill_cosign,1,366,0,0.0,0,0.0,complete
fetch-20261006T122600Z-dfc47335,v2.1-f4676a0b,2016,無黨團結聯盟,culture,bill_cosign,1,366,1,0.5,1,0.5,complete
fetch-20261006T122600Z-dfc47335,v2.1-f4676a0b,2016,無黨團結聯盟,defense,bill_cosign,1,366,1,1.0,1,1.0,complete
fetch-20261006T122600Z-dfc47335,v2.1-f4676a0b,2016,無黨團結聯盟,education,bill_cosign,1,366,3,2.5,3,2.5,complete
fetch-20261006T122600Z-dfc47335,v2.1-f4676a0b,2016,無黨團結聯盟,energy,bill_cosign,1,366,1,0.5,1,0.5,complete
fetch-20261006T122600Z-dfc47335,v2.1-f4676a0b,2016,無黨團結聯盟,environment,bill_cosign,1,366,1,0.5,1,0.5,complete
fetch-20261006T122600Z-dfc47335,v2.1-f4676a0b,2016,無黨團結聯盟,foreign_trade,bill_cosign,1,366,0,0.0,0,0.0,complete
fetch-20261006T122600Z-dfc47335,v2.1-f4676a0b,2016,無黨團結聯盟,government,bill_cosign,1,366,3,1.3333333333333333,3,1.3333333333333333,complete
fetch-20261006T122600Z-dfc47335,v2.1-f4676a0b,2016,無黨團結聯盟,health,bill_cosign,1,366,0,0.0,0,0.0,complete
fetch-20261006T122600Z-dfc47335,v2.1-f4676a0b,2016,無黨團結聯盟,housing,bill_cosign,1,366,0,0.0,0,0.0,complete
fetch-20261006T122600Z-dfc47335,v2.1-f4676a0b,2016,無黨團結聯盟,immigration,bill_cosign,1,366,0,0.0,0,0.0,complete
fetch-20261006T122600Z-dfc47335,v2.1-f4676a0b,2016,無黨團結聯盟,indigenous,bill_cosign,1,366,4,2.333333333333333,4,2.333333333333333,complete
fetch-20261006T122600Z-dfc47335,v2.1-f4676a0b,2016,無黨團結聯盟,international,bill_cosign,1,366,0,0.0,0,0.0,complete
fetch-20261006T122600Z-dfc47335,v2.1-f4676a0b,2016,無黨團結聯盟,labor,bill_cosign,1,366,1,0.5,1,0.5,complete
fetch-20261006T122600Z-dfc47335,v2.1-f4676a0b,2016,無黨團結聯盟,law_crime,bill_cosign,1,366,3,2.0,3,2.0,complete
fetch-20261006T122600Z-dfc47335,v2.1-f4676a0b,2016,無黨團結聯盟,macroeconomy,bill_cosign,1,366,0,0.0,0,0.0,complete
fetch-20261006T122600Z-dfc47335,v2.1-f4676a0b,2016,無黨團結聯盟,public_lands,bill_cosign,1,366,1,1.0,1,1.0,complete
fetch-20261006T122600Z-dfc47335,v2.1-f4676a0b,2016,無黨團結聯盟,social_welfare,bill_cosign,1,366,2,1.0,2,1.0,complete
fetch-20261006T122600Z-dfc47335,v2.1-f4676a0b,2016,無黨團結聯盟,technology,bill_cosign,1,366,0,0.0,0,0.0,complete
fetch-20261006T122600Z-dfc47335,v2.1-f4676a0b,2016,無黨團結聯盟,transitional_justice,bill_cosign,1,366,1,0.3333333333333333,1,0.3333333333333333,complete
fetch-20261006T122600Z-dfc47335,v2.1-f4676a0b,2016,無黨團結聯盟,transportation,bill_cosign,1,366,2,1.5,2,1.5,complete
fetch-20261006T122600Z-dfc47335,v2.1-f4676a0b,2016,無黨團結聯盟,unclassified,bill_cosign,1,366,4,4.0,4,4.0,complete
fetch-20261006T122600Z-dfc47335,v2.1-f4676a0b,2016,無黨團結聯盟,agriculture,speech,1,366,18,2.5705484241987917,18,2.5705484241987917,complete
fetch-20261006T122600Z-dfc47335,v2.1-f4676a0b,2016,無黨團結聯盟,civil_rights,speech,1,366,7,1.0301421780629945,7,1.0301421780629945,complete
fetch-20261006T122600Z-dfc47335,v2.1-f4676a0b,2016,無黨團結聯盟,commerce,speech,1,366,7,0.9414268583258915,7,0.9414268583258915,complete
fetch-20261006T122600Z-dfc47335,v2.1-f4676a0b,2016,無黨團結聯盟,cross_strait,speech,1,366,4,0.6201563440337173,4,0.6201563440337173,complete
fetch-20261006T122600Z-dfc47335,v2.1-f4676a0b,2016,無黨團結聯盟,culture,speech,1,366,31,4.4474640935443865,31,4.4474640935443865,complete
fetch-20261006T122600Z-dfc47335,v2.1-f4676a0b,2016,無黨團結聯盟,defense,speech,1,366,14,2.5910076482978317,14,2.5910076482978317,complete
fetch-20261006T122600Z-dfc47335,v2.1-f4676a0b,2016,無黨團結聯盟,education,speech,1,366,38,8.441663714830652,38,8.441663714830652,complete
fetch-20261006T122600Z-dfc47335,v2.1-f4676a0b,2016,無黨團結聯盟,energy,speech,1,366,7,1.3322540880454108,7,1.3322540880454108,complete
fetch-20261006T122600Z-dfc47335,v2.1-f4676a0b,2016,無黨團結聯盟,environment,speech,1,366,5,0.39114703178986365,5,0.39114703178986365,complete
fetch-20261006T122600Z-dfc47335,v2.1-f4676a0b,2016,無黨團結聯盟,foreign_trade,speech,1,366,9,1.9944708880540032,9,1.9944708880540032,complete
fetch-20261006T122600Z-dfc47335,v2.1-f4676a0b,2016,無黨團結聯盟,government,speech,1,366,11,1.6561215016530775,11,1.6561215016530775,complete
fetch-20261006T122600Z-dfc47335,v2.1-f4676a0b,2016,無黨團結聯盟,health,speech,1,366,19,2.4682091485448274,19,2.4682091485448274,complete
fetch-20261006T122600Z-dfc47335,v2.1-f4676a0b,2016,無黨團結聯盟,housing,speech,1,366,2,0.2663511301082655,2,0.2663511301082655,complete
fetch-20261006T122600Z-dfc47335,v2.1-f4676a0b,2016,無黨團結聯盟,immigration,speech,1,366,2,0.21692874790137082,2,0.21692874790137082,complete
fetch-20261006T122600Z-dfc47335,v2.1-f4676a0b,2016,無黨團結聯盟,indigenous,speech,1,366,71,23.52223411758971,71,23.52223411758971,complete
fetch-20261006T122600Z-dfc47335,v2.1-f4676a0b,2016,無黨團結聯盟,international,speech,1,366,12,2.3350073257073722,12,2.3350073257073722,complete
fetch-20261006T122600Z-dfc47335,v2.1-f4676a0b,2016,無黨團結聯盟,labor,speech,1,366,6,0.31285713775309576,6,0.31285713775309576,complete
fetch-20261006T122600Z-dfc47335,v2.1-f4676a0b,2016,無黨團結聯盟,law_crime,speech,1,366,18,2.567086807646529,18,2.567086807646529,complete
fetch-20261006T122600Z-dfc47335,v2.1-f4676a0b,2016,無黨團結聯盟,macroeconomy,speech,1,366,1,0.08147868728781592,1,0.08147868728781592,complete
fetch-20261006T122600Z-dfc47335,v2.1-f4676a0b,2016,無黨團結聯盟,public_lands,speech,1,366,5,0.611911184027432,5,0.611911184027432,complete
fetch-20261006T122600Z-dfc47335,v2.1-f4676a0b,2016,無黨團結聯盟,social_welfare,speech,1,366,20,2.021774609525728,20,2.021774609525728,complete
fetch-20261006T122600Z-dfc47335,v2.1-f4676a0b,2016,無黨團結聯盟,technology,speech,1,366,16,2.6848272612345525,16,2.6848272612345525,complete
fetch-20261006T122600Z-dfc47335,v2.1-f4676a0b,2016,無黨團結聯盟,transitional_justice,speech,1,366,20,3.863776541904396,20,3.863776541904396,complete
fetch-20261006T122600Z-dfc47335,v2.1-f4676a0b,2016,無黨團結聯盟,transportation,speech,1,366,11,1.37513920894933,11,1.37513920894933,complete
fetch-20261006T122600Z-dfc47335,v2.1-f4676a0b,2016,無黨團結聯盟,unclassified,speech,1,366,81,23.656015320982963,81,23.656015320982963,complete
fetch-20261006T122600Z-dfc47335,v2.1-f4676a0b,2016,無黨團結聯盟,agriculture,written_question,1,366,0,0.0,0,0.0,complete
fetch-20261006T122600Z-dfc47335,v2.1-f4676a0b,2016,無黨團結聯盟,civil_rights,written_question,1,366,0,0.0,0,0.0,complete
fetch-20261006T122600Z-dfc47335,v2.1-f4676a0b,2016,無黨團結聯盟,commerce,written_question,1,366,0,0.0,0,0.0,complete
fetch-20261006T122600Z-dfc47335,v2.1-f4676a0b,2016,無黨團結聯盟,cross_strait,written_question,1,366,0,0.0,0,0.0,complete
fetch-20261006T122600Z-dfc47335,v2.1-f4676a0b,2016,無黨團結聯盟,culture,written_question,1,366,0,0.0,0,0.0,complete
fetch-20261006T122600Z-dfc47335,v2.1-f4676a0b,2016,無黨團結聯盟,defense,written_question,1,366,0,0.0,0,0.0,complete
fetch-20261006T122600Z-dfc47335,v2.1-f4676a0b,2016,無黨團結聯盟,education,written_question,1,366,2,0.8333333333333333,2,0.8333333333333333,complete
fetch-20261006T122600Z-dfc47335,v2.1-f4676a0b,2016,無黨團結聯盟,energy,written_question,1,366,1,0.3333333333333333,1,0.3333333333333333,complete
fetch-20261006T122600Z-dfc47335,v2.1-f4676a0b,2016,無黨團結聯盟,environment,written_question,1,366,1,0.3333333333333333,1,0.3333333333333333,complete
fetch-20261006T122600Z-dfc47335,v2.1-f4676a0b,2016,無黨團結聯盟,foreign_trade,written_question,1,366,0,0.0,0,0.0,complete
fetch-20261006T122600Z-dfc47335,v2.1-f4676a0b,2016,無黨團結聯盟,government,written_question,1,366,0,0.0,0,0.0,complete
fetch-20261006T122600Z-dfc47335,v2.1-f4676a0b,2016,無黨團結聯盟,health,written_question,1,366,1,0.3333333333333333,1,0.3333333333333333,complete
fetch-20261006T122600Z-dfc47335,v2.1-f4676a0b,2016,無黨團結聯盟,housing,written_question,1,366,0,0.0,0,0.0,complete
fetch-20261006T122600Z-dfc47335,v2.1-f4676a0b,2016,無黨團結聯盟,immigration,written_question,1,366,0,0.0,0,0.0,complete
fetch-20261006T122600Z-dfc47335,v2.1-f4676a0b,2016,無黨團結聯盟,indigenous,written_question,1,366,2,0.8333333333333333,2,0.8333333333333333,complete
fetch-20261006T122600Z-dfc47335,v2.1-f4676a0b,2016,無黨團結聯盟,international,written_question,1,366,0,0.0,0,0.0,complete
fetch-20261006T122600Z-dfc47335,v2.1-f4676a0b,2016,無黨團結聯盟,labor,written_question,1,366,1,0.3333333333333333,1,0.3333333333333333,complete
fetch-20261006T122600Z-dfc47335,v2.1-f4676a0b,2016,無黨團結聯盟,law_crime,written_question,1,366,0,0.0,0,0.0,complete
fetch-20261006T122600Z-dfc47335,v2.1-f4676a0b,2016,無黨團結聯盟,macroeconomy,written_question,1,366,0,0.0,0,0.0,complete
fetch-20261006T122600Z-dfc47335,v2.1-f4676a0b,2016,無黨團結聯盟,public_lands,written_question,1,366,0,0.0,0,0.0,complete
fetch-20261006T122600Z-dfc47335,v2.1-f4676a0b,2016,無黨團結聯盟,social_welfare,written_question,1,366,0,0.0,0,0.0,complete
fetch-20261006T122600Z-dfc47335,v2.1-f4676a0b,2016,無黨團結聯盟,technology,written_question,1,366,0,0.0,0,0.0,complete
fetch-20261006T122600Z-dfc47335,v2.1-f4676a0b,2016,無黨團結聯盟,transitional_justice,written_question,1,366,0,0.0,0,0.0,complete
fetch-20261006T122600Z-dfc47335,v2.1-f4676a0b,2016,無黨團結聯盟,transportation,written_question,1,366,0,0.0,0,0.0,complete
fetch-20261006T122600Z-dfc47335,v2.1-f4676a0b,2016,無黨團結聯盟,unclassified,written_question,1,366,0,0.0,0,0.0,complete
fetch-20261006T122600Z-dfc47335,v2.1-f4676a0b,2017,無黨團結聯盟,agriculture,bill_primary,1,365,0,0.0,0,0.0,complete
fetch-20261006T122600Z-dfc47335,v2.1-f4676a0b,2017,無黨團結聯盟,civil_rights,bill_primary,1,365,0,0.0,0,0.0,complete
fetch-20261006T122600Z-dfc47335,v2.1-f4676a0b,2017,無黨團結聯盟,commerce,bill_primary,1,365,0,0.0,0,0.0,complete
fetch-20261006T122600Z-dfc47335,v2.1-f4676a0b,2017,無黨團結聯盟,cross_strait,bill_primary,1,365,0,0.0,0,0.0,complete
fetch-20261006T122600Z-dfc47335,v2.1-f4676a0b,2017,無黨團結聯盟,culture,bill_primary,1,365,0,0.0,0,0.0,complete
fetch-20261006T122600Z-dfc47335,v2.1-f4676a0b,2017,無黨團結聯盟,defense,bill_primary,1,365,0,0.0,0,0.0,complete
fetch-20261006T122600Z-dfc47335,v2.1-f4676a0b,2017,無黨團結聯盟,education,bill_primary,1,365,0,0.0,0,0.0,complete
fetch-20261006T122600Z-dfc47335,v2.1-f4676a0b,2017,無黨團結聯盟,energy,bill_primary,1,365,0,0.0,0,0.0,complete
fetch-20261006T122600Z-dfc47335,v2.1-f4676a0b,2017,無黨團結聯盟,environment,bill_primary,1,365,1,0.5,1,0.5,complete
fetch-20261006T122600Z-dfc47335,v2.1-f4676a0b,2017,無黨團結聯盟,foreign_trade,bill_primary,1,365,0,0.0,0,0.0,complete
fetch-20261006T122600Z-dfc47335,v2.1-f4676a0b,2017,無黨團結聯盟,government,bill_primary,1,365,0,0.0,0,0.0,complete
fetch-20261006T122600Z-dfc47335,v2.1-f4676a0b,2017,無黨團結聯盟,health,bill_primary,1,365,0,0.0,0,0.0,complete
fetch-20261006T122600Z-dfc47335,v2.1-f4676a0b,2017,無黨團結聯盟,housing,bill_primary,1,365,0,0.0,0,0.0,complete
fetch-20261006T122600Z-dfc47335,v2.1-f4676a0b,2017,無黨團結聯盟,immigration,bill_primary,1,365,0,0.0,0,0.0,complete
fetch-20261006T122600Z-dfc47335,v2.1-f4676a0b,2017,無黨團結聯盟,indigenous,bill_primary,1,365,1,0.5,1,0.5,complete
fetch-20261006T122600Z-dfc47335,v2.1-f4676a0b,2017,無黨團結聯盟,international,bill_primary,1,365,0,0.0,0,0.0,complete
fetch-20261006T122600Z-dfc47335,v2.1-f4676a0b,2017,無黨團結聯盟,labor,bill_primary,1,365,1,0.5,1,0.5,complete
fetch-20261006T122600Z-dfc47335,v2.1-f4676a0b,2017,無黨團結聯盟,law_crime,bill_primary,1,365,0,0.0,0,0.0,complete
fetch-20261006T122600Z-dfc47335,v2.1-f4676a0b,2017,無黨團結聯盟,macroeconomy,bill_primary,1,365,0,0.0,0,0.0,complete
fetch-20261006T122600Z-dfc47335,v2.1-f4676a0b,2017,無黨團結聯盟,public_lands,bill_primary,1,365,0,0.0,0,0.0,complete
fetch-20261006T122600Z-dfc47335,v2.1-f4676a0b,2017,無黨團結聯盟,social_welfare,bill_primary,1,365,0,0.0,0,0.0,complete
fetch-20261006T122600Z-dfc47335,v2.1-f4676a0b,2017,無黨團結聯盟,technology,bill_primary,1,365,0,0.0,0,0.0,complete
fetch-20261006T122600Z-dfc47335,v2.1-f4676a0b,2017,無黨團結聯盟,transitional_justice,bill_primary,1,365,0,0.0,0,0.0,complete
fetch-20261006T122600Z-dfc47335,v2.1-f4676a0b,2017,無黨團結聯盟,transportation,bill_primary,1,365,2,1.5,2,1.5,complete
fetch-20261006T122600Z-dfc47335,v2.1-f4676a0b,2017,無黨團結聯盟,unclassified,bill_primary,1,365,0,0.0,0,0.0,complete
fetch-20261006T122600Z-dfc47335,v2.1-f4676a0b,2017,無黨團結聯盟,agriculture,bill_cosign,1,365,0,0.0,0,0.0,complete
fetch-20261006T122600Z-dfc47335,v2.1-f4676a0b,2017,無黨團結聯盟,civil_rights,bill_cosign,1,365,0,0.0,0,0.0,complete
fetch-20261006T122600Z-dfc47335,v2.1-f4676a0b,2017,無黨團結聯盟,commerce,bill_cosign,1,365,0,0.0,0,0.0,complete
fetch-20261006T122600Z-dfc47335,v2.1-f4676a0b,2017,無黨團結聯盟,cross_strait,bill_cosign,1,365,0,0.0,0,0.0,complete
fetch-20261006T122600Z-dfc47335,v2.1-f4676a0b,2017,無黨團結聯盟,culture,bill_cosign,1,365,0,0.0,0,0.0,complete
fetch-20261006T122600Z-dfc47335,v2.1-f4676a0b,2017,無黨團結聯盟,defense,bill_cosign,1,365,0,0.0,0,0.0,complete
fetch-20261006T122600Z-dfc47335,v2.1-f4676a0b,2017,無黨團結聯盟,education,bill_cosign,1,365,0,0.0,0,0.0,complete
fetch-20261006T122600Z-dfc47335,v2.1-f4676a0b,2017,無黨團結聯盟,energy,bill_cosign,1,365,0,0.0,0,0.0,complete
fetch-20261006T122600Z-dfc47335,v2.1-f4676a0b,2017,無黨團結聯盟,environment,bill_cosign,1,365,0,0.0,0,0.0,complete
fetch-20261006T122600Z-dfc47335,v2.1-f4676a0b,2017,無黨團結聯盟,foreign_trade,bill_cosign,1,365,6,1.5,6,1.5,complete
fetch-20261006T122600Z-dfc47335,v2.1-f4676a0b,2017,無黨團結聯盟,government,bill_cosign,1,365,6,1.5,6,1.5,complete
fetch-20261006T122600Z-dfc47335,v2.1-f4676a0b,2017,無黨團結聯盟,health,bill_cosign,1,365,0,0.0,0,0.0,complete
fetch-20261006T122600Z-dfc47335,v2.1-f4676a0b,2017,無黨團結聯盟,housing,bill_cosign,1,365,0,0.0,0,0.0,complete
fetch-20261006T122600Z-dfc47335,v2.1-f4676a0b,2017,無黨團結聯盟,immigration,bill_cosign,1,365,0,0.0,0,0.0,complete
fetch-20261006T122600Z-dfc47335,v2.1-f4676a0b,2017,無黨團結聯盟,indigenous,bill_cosign,1,365,0,0.0,0,0.0,complete
fetch-20261006T122600Z-dfc47335,v2.1-f4676a0b,2017,無黨團結聯盟,international,bill_cosign,1,365,0,0.0,0,0.0,complete
fetch-20261006T122600Z-dfc47335,v2.1-f4676a0b,2017,無黨團結聯盟,labor,bill_cosign,1,365,0,0.0,0,0.0,complete
fetch-20261006T122600Z-dfc47335,v2.1-f4676a0b,2017,無黨團結聯盟,law_crime,bill_cosign,1,365,8,3.5,8,3.5,complete
fetch-20261006T122600Z-dfc47335,v2.1-f4676a0b,2017,無黨團結聯盟,macroeconomy,bill_cosign,1,365,6,1.5,6,1.5,complete
fetch-20261006T122600Z-dfc47335,v2.1-f4676a0b,2017,無黨團結聯盟,public_lands,bill_cosign,1,365,1,0.5,1,0.5,complete
fetch-20261006T122600Z-dfc47335,v2.1-f4676a0b,2017,無黨團結聯盟,social_welfare,bill_cosign,1,365,0,0.0,0,0.0,complete
fetch-20261006T122600Z-dfc47335,v2.1-f4676a0b,2017,無黨團結聯盟,technology,bill_cosign,1,365,0,0.0,0,0.0,complete
fetch-20261006T122600Z-dfc47335,v2.1-f4676a0b,2017,無黨團結聯盟,transitional_justice,bill_cosign,1,365,0,0.0,0,0.0,complete
fetch-20261006T122600Z-dfc47335,v2.1-f4676a0b,2017,無黨團結聯盟,transportation,bill_cosign,1,365,3,2.5,3,2.5,complete
fetch-20261006T122600Z-dfc47335,v2.1-f4676a0b,2017,無黨團結聯盟,unclassified,bill_cosign,1,365,2,2.0,2,2.0,complete
fetch-20261006T122600Z-dfc47335,v2.1-f4676a0b,2017,無黨團結聯盟,agriculture,speech,1,365,11,1.3568208355410984,11,1.3568208355410984,complete
fetch-20261006T122600Z-dfc47335,v2.1-f4676a0b,2017,無黨團結聯盟,civil_rights,speech,1,365,4,0.24607389443951572,4,0.24607389443951572,complete
fetch-20261006T122600Z-dfc47335,v2.1-f4676a0b,2017,無黨團結聯盟,commerce,speech,1,365,6,1.2452298115816494,6,1.2452298115816494,complete
fetch-20261006T122600Z-dfc47335,v2.1-f4676a0b,2017,無黨團結聯盟,cross_strait,speech,1,365,3,0.6772326495382581,3,0.6772326495382581,complete
fetch-20261006T122600Z-dfc47335,v2.1-f4676a0b,2017,無黨團結聯盟,culture,speech,1,365,18,2.9217783325649767,18,2.9217783325649767,complete
fetch-20261006T122600Z-dfc47335,v2.1-f4676a0b,2017,無黨團結聯盟,defense,speech,1,365,5,0.410383560618655,5,0.410383560618655,complete
fetch-20261006T122600Z-dfc47335,v2.1-f4676a0b,2017,無黨團結聯盟,education,speech,1,365,24,5.759697996832669,24,5.759697996832669,complete
fetch-20261006T122600Z-dfc47335,v2.1-f4676a0b,2017,無黨團結聯盟,energy,speech,1,365,1,0.8410572049239682,1,0.8410572049239682,complete
fetch-20261006T122600Z-dfc47335,v2.1-f4676a0b,2017,無黨團結聯盟,environment,speech,1,365,5,0.28040170630966177,5,0.28040170630966177,complete
fetch-20261006T122600Z-dfc47335,v2.1-f4676a0b,2017,無黨團結聯盟,foreign_trade,speech,1,365,10,1.6226243009858297,10,1.6226243009858297,complete
fetch-20261006T122600Z-dfc47335,v2.1-f4676a0b,2017,無黨團結聯盟,government,speech,1,365,10,1.238734157919349,10,1.238734157919349,complete
fetch-20261006T122600Z-dfc47335,v2.1-f4676a0b,2017,無黨團結聯盟,health,speech,1,365,12,2.072988556763174,12,2.072988556763174,complete
fetch-20261006T122600Z-dfc47335,v2.1-f4676a0b,2017,無黨團結聯盟,housing,speech,1,365,0,0.0,0,0.0,complete
fetch-20261006T122600Z-dfc47335,v2.1-f4676a0b,2017,無黨團結聯盟,immigration,speech,1,365,2,0.06953855622555666,2,0.06953855622555666,complete
fetch-20261006T122600Z-dfc47335,v2.1-f4676a0b,2017,無黨團結聯盟,indigenous,speech,1,365,36,10.846818500044508,36,10.846818500044508,complete
fetch-20261006T122600Z-dfc47335,v2.1-f4676a0b,2017,無黨團結聯盟,international,speech,1,365,5,1.2617685178020128,5,1.2617685178020128,complete
fetch-20261006T122600Z-dfc47335,v2.1-f4676a0b,2017,無黨團結聯盟,labor,speech,1,365,3,0.6235294036166692,3,0.6235294036166692,complete
fetch-20261006T122600Z-dfc47335,v2.1-f4676a0b,2017,無黨團結聯盟,law_crime,speech,1,365,11,1.6930903268888298,11,1.6930903268888298,complete
fetch-20261006T122600Z-dfc47335,v2.1-f4676a0b,2017,無黨團結聯盟,macroeconomy,speech,1,365,3,0.404822256891361,3,0.404822256891361,complete
fetch-20261006T122600Z-dfc47335,v2.1-f4676a0b,2017,無黨團結聯盟,public_lands,speech,1,365,3,0.3183590924484369,3,0.3183590924484369,complete
fetch-20261006T122600Z-dfc47335,v2.1-f4676a0b,2017,無黨團結聯盟,social_welfare,speech,1,365,5,0.4025023276292494,5,0.4025023276292494,complete
fetch-20261006T122600Z-dfc47335,v2.1-f4676a0b,2017,無黨團結聯盟,technology,speech,1,365,2,0.12567370564523062,2,0.12567370564523062,complete
fetch-20261006T122600Z-dfc47335,v2.1-f4676a0b,2017,無黨團結聯盟,transitional_justice,speech,1,365,11,2.7303815224907866,11,2.7303815224907866,complete
fetch-20261006T122600Z-dfc47335,v2.1-f4676a0b,2017,無黨團結聯盟,transportation,speech,1,365,7,0.39735631193679155,7,0.39735631193679155,complete
fetch-20261006T122600Z-dfc47335,v2.1-f4676a0b,2017,無黨團結聯盟,unclassified,speech,1,365,44,12.453136470361764,44,12.453136470361764,complete
fetch-20261006T122600Z-dfc47335,v2.1-f4676a0b,2017,無黨團結聯盟,agriculture,written_question,1,365,0,0.0,0,0.0,complete
fetch-20261006T122600Z-dfc47335,v2.1-f4676a0b,2017,無黨團結聯盟,civil_rights,written_question,1,365,0,0.0,0,0.0,complete
fetch-20261006T122600Z-dfc47335,v2.1-f4676a0b,2017,無黨團結聯盟,commerce,written_question,1,365,0,0.0,0,0.0,complete
fetch-20261006T122600Z-dfc47335,v2.1-f4676a0b,2017,無黨團結聯盟,cross_strait,written_question,1,365,0,0.0,0,0.0,complete
fetch-20261006T122600Z-dfc47335,v2.1-f4676a0b,2017,無黨團結聯盟,culture,written_question,1,365,0,0.0,0,0.0,complete
fetch-20261006T122600Z-dfc47335,v2.1-f4676a0b,2017,無黨團結聯盟,defense,written_question,1,365,0,0.0,0,0.0,complete
fetch-20261006T122600Z-dfc47335,v2.1-f4676a0b,2017,無黨團結聯盟,education,written_question,1,365,0,0.0,0,0.0,complete
fetch-20261006T122600Z-dfc47335,v2.1-f4676a0b,2017,無黨團結聯盟,energy,written_question,1,365,0,0.0,0,0.0,complete
fetch-20261006T122600Z-dfc47335,v2.1-f4676a0b,2017,無黨團結聯盟,environment,written_question,1,365,0,0.0,0,0.0,complete
fetch-20261006T122600Z-dfc47335,v2.1-f4676a0b,2017,無黨團結聯盟,foreign_trade,written_question,1,365,0,0.0,0,0.0,complete
fetch-20261006T122600Z-dfc47335,v2.1-f4676a0b,2017,無黨團結聯盟,government,written_question,1,365,0,0.0,0,0.0,complete
fetch-20261006T122600Z-dfc47335,v2.1-f4676a0b,2017,無黨團結聯盟,health,written_question,1,365,0,0.0,0,0.0,complete
fetch-20261006T122600Z-dfc47335,v2.1-f4676a0b,2017,無黨團結聯盟,housing,written_question,1,365,0,0.0,0,0.0,complete
fetch-20261006T122600Z-dfc47335,v2.1-f4676a0b,2017,無黨團結聯盟,immigration,written_question,1,365,0,0.0,0,0.0,complete
fetch-20261006T122600Z-dfc47335,v2.1-f4676a0b,2017,無黨團結聯盟,indigenous,written_question,1,365,0,0.0,0,0.0,complete
fetch-20261006T122600Z-dfc47335,v2.1-f4676a0b,2017,無黨團結聯盟,international,written_question,1,365,0,0.0,0,0.0,complete
fetch-20261006T122600Z-dfc47335,v2.1-f4676a0b,2017,無黨團結聯盟,labor,written_question,1,365,0,0.0,0,0.0,complete
fetch-20261006T122600Z-dfc47335,v2.1-f4676a0b,2017,無黨團結聯盟,law_crime,written_question,1,365,0,0.0,0,0.0,complete
fetch-20261006T122600Z-dfc47335,v2.1-f4676a0b,2017,無黨團結聯盟,macroeconomy,written_question,1,365,0,0.0,0,0.0,complete
fetch-20261006T122600Z-dfc47335,v2.1-f4676a0b,2017,無黨團結聯盟,public_lands,written_question,1,365,0,0.0,0,0.0,complete
fetch-20261006T122600Z-dfc47335,v2.1-f4676a0b,2017,無黨團結聯盟,social_welfare,written_question,1,365,0,0.0,0,0.0,complete
fetch-20261006T122600Z-dfc47335,v2.1-f4676a0b,2017,無黨團結聯盟,technology,written_question,1,365,0,0.0,0,0.0,complete
fetch-20261006T122600Z-dfc47335,v2.1-f4676a0b,2017,無黨團結聯盟,transitional_justice,written_question,1,365,0,0.0,0,0.0,complete
fetch-20261006T122600Z-dfc47335,v2.1-f4676a0b,2017,無黨團結聯盟,transportation,written_question,1,365,0,0.0,0,0.0,complete
fetch-20261006T122600Z-dfc47335,v2.1-f4676a0b,2017,無黨團結聯盟,unclassified,written_question,1,365,0,0.0,0,0.0,complete
fetch-20261006T122600Z-dfc47335,v2.1-f4676a0b,2018,無黨團結聯盟,agriculture,bill_primary,1,365,0,0.0,0,0.0,complete
fetch-20261006T122600Z-dfc47335,v2.1-f4676a0b,2018,無黨團結聯盟,civil_rights,bill_primary,1,365,0,0.0,0,0.0,complete
fetch-20261006T122600Z-dfc47335,v2.1-f4676a0b,2018,無黨團結聯盟,commerce,bill_primary,1,365,0,0.0,0,0.0,complete
fetch-20261006T122600Z-dfc47335,v2.1-f4676a0b,2018,無黨團結聯盟,cross_strait,bill_primary,1,365,0,0.0,0,0.0,complete
fetch-20261006T122600Z-dfc47335,v2.1-f4676a0b,2018,無黨團結聯盟,culture,bill_primary,1,365,1,1.0,1,1.0,complete
fetch-20261006T122600Z-dfc47335,v2.1-f4676a0b,2018,無黨團結聯盟,defense,bill_primary,1,365,0,0.0,0,0.0,complete
fetch-20261006T122600Z-dfc47335,v2.1-f4676a0b,2018,無黨團結聯盟,education,bill_primary,1,365,2,1.0,2,1.0,complete
fetch-20261006T122600Z-dfc47335,v2.1-f4676a0b,2018,無黨團結聯盟,energy,bill_primary,1,365,0,0.0,0,0.0,complete
fetch-20261006T122600Z-dfc47335,v2.1-f4676a0b,2018,無黨團結聯盟,environment,bill_primary,1,365,0,0.0,0,0.0,complete
fetch-20261006T122600Z-dfc47335,v2.1-f4676a0b,2018,無黨團結聯盟,foreign_trade,bill_primary,1,365,0,0.0,0,0.0,complete
fetch-20261006T122600Z-dfc47335,v2.1-f4676a0b,2018,無黨團結聯盟,government,bill_primary,1,365,0,0.0,0,0.0,complete
fetch-20261006T122600Z-dfc47335,v2.1-f4676a0b,2018,無黨團結聯盟,health,bill_primary,1,365,0,0.0,0,0.0,complete
fetch-20261006T122600Z-dfc47335,v2.1-f4676a0b,2018,無黨團結聯盟,housing,bill_primary,1,365,0,0.0,0,0.0,complete
fetch-20261006T122600Z-dfc47335,v2.1-f4676a0b,2018,無黨團結聯盟,immigration,bill_primary,1,365,0,0.0,0,0.0,complete
fetch-20261006T122600Z-dfc47335,v2.1-f4676a0b,2018,無黨團結聯盟,indigenous,bill_primary,1,365,2,1.0,2,1.0,complete
fetch-20261006T122600Z-dfc47335,v2.1-f4676a0b,2018,無黨團結聯盟,international,bill_primary,1,365,0,0.0,0,0.0,complete
fetch-20261006T122600Z-dfc47335,v2.1-f4676a0b,2018,無黨團結聯盟,labor,bill_primary,1,365,1,1.0,1,1.0,complete
fetch-20261006T122600Z-dfc47335,v2.1-f4676a0b,2018,無黨團結聯盟,law_crime,bill_primary,1,365,0,0.0,0,0.0,complete
fetch-20261006T122600Z-dfc47335,v2.1-f4676a0b,2018,無黨團結聯盟,macroeconomy,bill_primary,1,365,0,0.0,0,0.0,complete
fetch-20261006T122600Z-dfc47335,v2.1-f4676a0b,2018,無黨團結聯盟,public_lands,bill_primary,1,365,0,0.0,0,0.0,complete
fetch-20261006T122600Z-dfc47335,v2.1-f4676a0b,2018,無黨團結聯盟,social_welfare,bill_primary,1,365,0,0.0,0,0.0,complete
fetch-20261006T122600Z-dfc47335,v2.1-f4676a0b,2018,無黨團結聯盟,technology,bill_primary,1,365,0,0.0,0,0.0,complete
fetch-20261006T122600Z-dfc47335,v2.1-f4676a0b,2018,無黨團結聯盟,transitional_justice,bill_primary,1,365,0,0.0,0,0.0,complete
fetch-20261006T122600Z-dfc47335,v2.1-f4676a0b,2018,無黨團結聯盟,transportation,bill_primary,1,365,0,0.0,0,0.0,complete
fetch-20261006T122600Z-dfc47335,v2.1-f4676a0b,2018,無黨團結聯盟,unclassified,bill_primary,1,365,0,0.0,0,0.0,complete
fetch-20261006T122600Z-dfc47335,v2.1-f4676a0b,2018,無黨團結聯盟,agriculture,bill_cosign,1,365,0,0.0,0,0.0,complete
fetch-20261006T122600Z-dfc47335,v2.1-f4676a0b,2018,無黨團結聯盟,civil_rights,bill_cosign,1,365,0,0.0,0,0.0,complete
fetch-20261006T122600Z-dfc47335,v2.1-f4676a0b,2018,無黨團結聯盟,commerce,bill_cosign,1,365,4,2.0,4,2.0,complete
fetch-20261006T122600Z-dfc47335,v2.1-f4676a0b,2018,無黨團結聯盟,cross_strait,bill_cosign,1,365,0,0.0,0,0.0,complete
fetch-20261006T122600Z-dfc47335,v2.1-f4676a0b,2018,無黨團結聯盟,culture,bill_cosign,1,365,1,0.5,1,0.5,complete
fetch-20261006T122600Z-dfc47335,v2.1-f4676a0b,2018,無黨團結聯盟,defense,bill_cosign,1,365,0,0.0,0,0.0,complete
fetch-20261006T122600Z-dfc47335,v2.1-f4676a0b,2018,無黨團結聯盟,education,bill_cosign,1,365,0,0.0,0,0.0,complete
fetch-20261006T122600Z-dfc47335,v2.1-f4676a0b,2018,無黨團結聯盟,energy,bill_cosign,1,365,0,0.0,0,0.0,complete
fetch-20261006T122600Z-dfc47335,v2.1-f4676a0b,2018,無黨團結聯盟,environment,bill_cosign,1,365,0,0.0,0,0.0,complete
fetch-20261006T122600Z-dfc47335,v2.1-f4676a0b,2018,無黨團結聯盟,foreign_trade,bill_cosign,1,365,0,0.0,0,0.0,complete
fetch-20261006T122600Z-dfc47335,v2.1-f4676a0b,2018,無黨團結聯盟,government,bill_cosign,1,365,0,0.0,0,0.0,complete
fetch-20261006T122600Z-dfc47335,v2.1-f4676a0b,2018,無黨團結聯盟,health,bill_cosign,1,365,0,0.0,0,0.0,complete
fetch-20261006T122600Z-dfc47335,v2.1-f4676a0b,2018,無黨團結聯盟,housing,bill_cosign,1,365,0,0.0,0,0.0,complete
fetch-20261006T122600Z-dfc47335,v2.1-f4676a0b,2018,無黨團結聯盟,immigration,bill_cosign,1,365,0,0.0,0,0.0,complete
fetch-20261006T122600Z-dfc47335,v2.1-f4676a0b,2018,無黨團結聯盟,indigenous,bill_cosign,1,365,1,0.5,1,0.5,complete
fetch-20261006T122600Z-dfc47335,v2.1-f4676a0b,2018,無黨團結聯盟,international,bill_cosign,1,365,0,0.0,0,0.0,complete
fetch-20261006T122600Z-dfc47335,v2.1-f4676a0b,2018,無黨團結聯盟,labor,bill_cosign,1,365,0,0.0,0,0.0,complete
fetch-20261006T122600Z-dfc47335,v2.1-f4676a0b,2018,無黨團結聯盟,law_crime,bill_cosign,1,365,2,1.5,2,1.5,complete
fetch-20261006T122600Z-dfc47335,v2.1-f4676a0b,2018,無黨團結聯盟,macroeconomy,bill_cosign,1,365,5,3.0,5,3.0,complete
fetch-20261006T122600Z-dfc47335,v2.1-f4676a0b,2018,無黨團結聯盟,public_lands,bill_cosign,1,365,0,0.0,0,0.0,complete
fetch-20261006T122600Z-dfc47335,v2.1-f4676a0b,2018,無黨團結聯盟,social_welfare,bill_cosign,1,365,1,0.5,1,0.5,complete
fetch-20261006T122600Z-dfc47335,v2.1-f4676a0b,2018,無黨團結聯盟,technology,bill_cosign,1,365,1,1.0,1,1.0,complete
fetch-20261006T122600Z-dfc47335,v2.1-f4676a0b,2018,無黨團結聯盟,transitional_justice,bill_cosign,1,365,1,1.0,1,1.0,complete
fetch-20261006T122600Z-dfc47335,v2.1-f4676a0b,2018,無黨團結聯盟,transportation,bill_cosign,1,365,1,1.0,1,1.0,complete
fetch-20261006T122600Z-dfc47335,v2.1-f4676a0b,2018,無黨團結聯盟,unclassified,bill_cosign,1,365,4,4.0,4,4.0,complete
fetch-20261006T122600Z-dfc47335,v2.1-f4676a0b,2018,無黨團結聯盟,agriculture,speech,1,365,5,0.5403661301685175,5,0.5403661301685175,complete
fetch-20261006T122600Z-dfc47335,v2.1-f4676a0b,2018,無黨團結聯盟,civil_rights,speech,1,365,1,0.06944740447556705,1,0.06944740447556705,complete
fetch-20261006T122600Z-dfc47335,v2.1-f4676a0b,2018,無黨團結聯盟,commerce,speech,1,365,10,1.164345800587196,10,1.164345800587196,complete
fetch-20261006T122600Z-dfc47335,v2.1-f4676a0b,2018,無黨團結聯盟,cross_strait,speech,1,365,3,0.2619722440566301,3,0.2619722440566301,complete
fetch-20261006T122600Z-dfc47335,v2.1-f4676a0b,2018,無黨團結聯盟,culture,speech,1,365,19,4.04212436241407,19,4.04212436241407,complete
fetch-20261006T122600Z-dfc47335,v2.1-f4676a0b,2018,無黨團結聯盟,defense,speech,1,365,6,0.7613516538877774,6,0.7613516538877774,complete
fetch-20261006T122600Z-dfc47335,v2.1-f4676a0b,2018,無黨團結聯盟,education,speech,1,365,23,4.754306685148696,23,4.754306685148696,complete
fetch-20261006T122600Z-dfc47335,v2.1-f4676a0b,2018,無黨團結聯盟,energy,speech,1,365,5,1.4212526832041148,5,1.4212526832041148,complete
fetch-20261006T122600Z-dfc47335,v2.1-f4676a0b,2018,無黨團結聯盟,environment,speech,1,365,5,0.7952510309679215,5,0.7952510309679215,complete
fetch-20261006T122600Z-dfc47335,v2.1-f4676a0b,2018,無黨團結聯盟,foreign_trade,speech,1,365,2,0.09287919352205803,2,0.09287919352205803,complete
fetch-20261006T122600Z-dfc47335,v2.1-f4676a0b,2018,無黨團結聯盟,government,speech,1,365,7,1.1431382889875097,7,1.1431382889875097,complete
fetch-20261006T122600Z-dfc47335,v2.1-f4676a0b,2018,無黨團結聯盟,health,speech,1,365,8,0.5000460255182083,8,0.5000460255182083,complete
fetch-20261006T122600Z-dfc47335,v2.1-f4676a0b,2018,無黨團結聯盟,housing,speech,1,365,1,0.047800274014309634,1,0.047800274014309634,complete
fetch-20261006T122600Z-dfc47335,v2.1-f4676a0b,2018,無黨團結聯盟,immigration,speech,1,365,1,0.06247325631151048,1,0.06247325631151048,complete
fetch-20261006T122600Z-dfc47335,v2.1-f4676a0b,2018,無黨團結聯盟,indigenous,speech,1,365,29,8.308532293705138,29,8.308532293705138,complete
fetch-20261006T122600Z-dfc47335,v2.1-f4676a0b,2018,無黨團結聯盟,international,speech,1,365,7,1.1451630415217524,7,1.1451630415217524,complete
fetch-20261006T122600Z-dfc47335,v2.1-f4676a0b,2018,無黨團結聯盟,labor,speech,1,365,4,0.7432441996250435,4,0.7432441996250435,complete
fetch-20261006T122600Z-dfc47335,v2.1-f4676a0b,2018,無黨團結聯盟,law_crime,speech,1,365,9,1.449584056779739,9,1.449584056779739,complete
fetch-20261006T122600Z-dfc47335,v2.1-f4676a0b,2018,無黨團結聯盟,macroeconomy,speech,1,365,5,0.47923726312880255,5,0.47923726312880255,complete
fetch-20261006T122600Z-dfc47335,v2.1-f4676a0b,2018,無黨團結聯盟,public_lands,speech,1,365,3,0.22726840325953088,3,0.22726840325953088,complete
fetch-20261006T122600Z-dfc47335,v2.1-f4676a0b,2018,無黨團結聯盟,social_welfare,speech,1,365,8,0.49407884087930426,8,0.49407884087930426,complete
fetch-20261006T122600Z-dfc47335,v2.1-f4676a0b,2018,無黨團結聯盟,technology,speech,1,365,6,0.3349777594548895,6,0.3349777594548895,complete
fetch-20261006T122600Z-dfc47335,v2.1-f4676a0b,2018,無黨團結聯盟,transitional_justice,speech,1,365,6,0.9511466597531669,6,0.9511466597531669,complete
fetch-20261006T122600Z-dfc47335,v2.1-f4676a0b,2018,無黨團結聯盟,transportation,speech,1,365,10,1.3487380636252175,10,1.3487380636252175,complete
fetch-20261006T122600Z-dfc47335,v2.1-f4676a0b,2018,無黨團結聯盟,unclassified,speech,1,365,37,8.86127438500333,37,8.86127438500333,complete
fetch-20261006T122600Z-dfc47335,v2.1-f4676a0b,2018,無黨團結聯盟,agriculture,written_question,1,365,0,0.0,0,0.0,complete
fetch-20261006T122600Z-dfc47335,v2.1-f4676a0b,2018,無黨團結聯盟,civil_rights,written_question,1,365,0,0.0,0,0.0,complete
fetch-20261006T122600Z-dfc47335,v2.1-f4676a0b,2018,無黨團結聯盟,commerce,written_question,1,365,0,0.0,0,0.0,complete
fetch-20261006T122600Z-dfc47335,v2.1-f4676a0b,2018,無黨團結聯盟,cross_strait,written_question,1,365,0,0.0,0,0.0,complete
fetch-20261006T122600Z-dfc47335,v2.1-f4676a0b,2018,無黨團結聯盟,culture,written_question,1,365,0,0.0,0,0.0,complete
fetch-20261006T122600Z-dfc47335,v2.1-f4676a0b,2018,無黨團結聯盟,defense,written_question,1,365,0,0.0,0,0.0,complete
fetch-20261006T122600Z-dfc47335,v2.1-f4676a0b,2018,無黨團結聯盟,education,written_question,1,365,1,1.0,1,1.0,complete
fetch-20261006T122600Z-dfc47335,v2.1-f4676a0b,2018,無黨團結聯盟,energy,written_question,1,365,0,0.0,0,0.0,complete
fetch-20261006T122600Z-dfc47335,v2.1-f4676a0b,2018,無黨團結聯盟,environment,written_question,1,365,0,0.0,0,0.0,complete
fetch-20261006T122600Z-dfc47335,v2.1-f4676a0b,2018,無黨團結聯盟,foreign_trade,written_question,1,365,0,0.0,0,0.0,complete
fetch-20261006T122600Z-dfc47335,v2.1-f4676a0b,2018,無黨團結聯盟,government,written_question,1,365,0,0.0,0,0.0,complete
fetch-20261006T122600Z-dfc47335,v2.1-f4676a0b,2018,無黨團結聯盟,health,written_question,1,365,0,0.0,0,0.0,complete
fetch-20261006T122600Z-dfc47335,v2.1-f4676a0b,2018,無黨團結聯盟,housing,written_question,1,365,0,0.0,0,0.0,complete
fetch-20261006T122600Z-dfc47335,v2.1-f4676a0b,2018,無黨團結聯盟,immigration,written_question,1,365,0,0.0,0,0.0,complete
fetch-20261006T122600Z-dfc47335,v2.1-f4676a0b,2018,無黨團結聯盟,indigenous,written_question,1,365,0,0.0,0,0.0,complete
fetch-20261006T122600Z-dfc47335,v2.1-f4676a0b,2018,無黨團結聯盟,international,written_question,1,365,0,0.0,0,0.0,complete
fetch-20261006T122600Z-dfc47335,v2.1-f4676a0b,2018,無黨團結聯盟,labor,written_question,1,365,0,0.0,0,0.0,complete
fetch-20261006T122600Z-dfc47335,v2.1-f4676a0b,2018,無黨團結聯盟,law_crime,written_question,1,365,0,0.0,0,0.0,complete
fetch-20261006T122600Z-dfc47335,v2.1-f4676a0b,2018,無黨團結聯盟,macroeconomy,written_question,1,365,0,0.0,0,0.0,complete
fetch-20261006T122600Z-dfc47335,v2.1-f4676a0b,2018,無黨團結聯盟,public_lands,written_question,1,365,0,0.0,0,0.0,complete
fetch-20261006T122600Z-dfc47335,v2.1-f4676a0b,2018,無黨團結聯盟,social_welfare,written_question,1,365,0,0.0,0,0.0,complete
fetch-20261006T122600Z-dfc47335,v2.1-f4676a0b,2018,無黨團結聯盟,technology,written_question,1,365,0,0.0,0,0.0,complete
fetch-20261006T122600Z-dfc47335,v2.1-f4676a0b,2018,無黨團結聯盟,transitional_justice,written_question,1,365,0,0.0,0,0.0,complete
fetch-20261006T122600Z-dfc47335,v2.1-f4676a0b,2018,無黨團結聯盟,transportation,written_question,1,365,0,0.0,0,0.0,complete
fetch-20261006T122600Z-dfc47335,v2.1-f4676a0b,2018,無黨團結聯盟,unclassified,written_question,1,365,0,0.0,0,0.0,complete
fetch-20261006T122600Z-dfc47335,v2.1-f4676a0b,2019,無黨團結聯盟,agriculture,bill_primary,1,365,0,0.0,0,0.0,complete
fetch-20261006T122600Z-dfc47335,v2.1-f4676a0b,2019,無黨團結聯盟,civil_rights,bill_primary,1,365,0,0.0,0,0.0,complete
fetch-20261006T122600Z-dfc47335,v2.1-f4676a0b,2019,無黨團結聯盟,commerce,bill_primary,1,365,0,0.0,0,0.0,complete
fetch-20261006T122600Z-dfc47335,v2.1-f4676a0b,2019,無黨團結聯盟,cross_strait,bill_primary,1,365,0,0.0,0,0.0,complete
fetch-20261006T122600Z-dfc47335,v2.1-f4676a0b,2019,無黨團結聯盟,culture,bill_primary,1,365,0,0.0,0,0.0,complete
fetch-20261006T122600Z-dfc47335,v2.1-f4676a0b,2019,無黨團結聯盟,defense,bill_primary,1,365,0,0.0,0,0.0,complete
fetch-20261006T122600Z-dfc47335,v2.1-f4676a0b,2019,無黨團結聯盟,education,bill_primary,1,365,0,0.0,0,0.0,complete
fetch-20261006T122600Z-dfc47335,v2.1-f4676a0b,2019,無黨團結聯盟,energy,bill_primary,1,365,0,0.0,0,0.0,complete
fetch-20261006T122600Z-dfc47335,v2.1-f4676a0b,2019,無黨團結聯盟,environment,bill_primary,1,365,0,0.0,0,0.0,complete
fetch-20261006T122600Z-dfc47335,v2.1-f4676a0b,2019,無黨團結聯盟,foreign_trade,bill_primary,1,365,0,0.0,0,0.0,complete
fetch-20261006T122600Z-dfc47335,v2.1-f4676a0b,2019,無黨團結聯盟,government,bill_primary,1,365,0,0.0,0,0.0,complete
fetch-20261006T122600Z-dfc47335,v2.1-f4676a0b,2019,無黨團結聯盟,health,bill_primary,1,365,1,0.3333333333333333,1,0.3333333333333333,complete
fetch-20261006T122600Z-dfc47335,v2.1-f4676a0b,2019,無黨團結聯盟,housing,bill_primary,1,365,1,1.0,1,1.0,complete
fetch-20261006T122600Z-dfc47335,v2.1-f4676a0b,2019,無黨團結聯盟,immigration,bill_primary,1,365,0,0.0,0,0.0,complete
fetch-20261006T122600Z-dfc47335,v2.1-f4676a0b,2019,無黨團結聯盟,indigenous,bill_primary,1,365,2,1.3333333333333333,2,1.3333333333333333,complete
fetch-20261006T122600Z-dfc47335,v2.1-f4676a0b,2019,無黨團結聯盟,international,bill_primary,1,365,0,0.0,0,0.0,complete
fetch-20261006T122600Z-dfc47335,v2.1-f4676a0b,2019,無黨團結聯盟,labor,bill_primary,1,365,0,0.0,0,0.0,complete
fetch-20261006T122600Z-dfc47335,v2.1-f4676a0b,2019,無黨團結聯盟,law_crime,bill_primary,1,365,0,0.0,0,0.0,complete
fetch-20261006T122600Z-dfc47335,v2.1-f4676a0b,2019,無黨團結聯盟,macroeconomy,bill_primary,1,365,0,0.0,0,0.0,complete
fetch-20261006T122600Z-dfc47335,v2.1-f4676a0b,2019,無黨團結聯盟,public_lands,bill_primary,1,365,0,0.0,0,0.0,complete
fetch-20261006T122600Z-dfc47335,v2.1-f4676a0b,2019,無黨團結聯盟,social_welfare,bill_primary,1,365,1,0.3333333333333333,1,0.3333333333333333,complete
fetch-20261006T122600Z-dfc47335,v2.1-f4676a0b,2019,無黨團結聯盟,technology,bill_primary,1,365,0,0.0,0,0.0,complete
fetch-20261006T122600Z-dfc47335,v2.1-f4676a0b,2019,無黨團結聯盟,transitional_justice,bill_primary,1,365,0,0.0,0,0.0,complete
fetch-20261006T122600Z-dfc47335,v2.1-f4676a0b,2019,無黨團結聯盟,transportation,bill_primary,1,365,0,0.0,0,0.0,complete
fetch-20261006T122600Z-dfc47335,v2.1-f4676a0b,2019,無黨團結聯盟,unclassified,bill_primary,1,365,0,0.0,0,0.0,complete
fetch-20261006T122600Z-dfc47335,v2.1-f4676a0b,2019,無黨團結聯盟,agriculture,bill_cosign,1,365,1,0.25,1,0.25,complete
fetch-20261006T122600Z-dfc47335,v2.1-f4676a0b,2019,無黨團結聯盟,civil_rights,bill_cosign,1,365,1,1.0,1,1.0,complete
fetch-20261006T122600Z-dfc47335,v2.1-f4676a0b,2019,無黨團結聯盟,commerce,bill_cosign,1,365,1,0.3333333333333333,1,0.3333333333333333,complete
fetch-20261006T122600Z-dfc47335,v2.1-f4676a0b,2019,無黨團結聯盟,cross_strait,bill_cosign,1,365,0,0.0,0,0.0,complete
fetch-20261006T122600Z-dfc47335,v2.1-f4676a0b,2019,無黨團結聯盟,culture,bill_cosign,1,365,1,1.0,1,1.0,complete
fetch-20261006T122600Z-dfc47335,v2.1-f4676a0b,2019,無黨團結聯盟,defense,bill_cosign,1,365,3,1.8333333333333333,3,1.8333333333333333,complete
fetch-20261006T122600Z-dfc47335,v2.1-f4676a0b,2019,無黨團結聯盟,education,bill_cosign,1,365,0,0.0,0,0.0,complete
fetch-20261006T122600Z-dfc47335,v2.1-f4676a0b,2019,無黨團結聯盟,energy,bill_cosign,1,365,0,0.0,0,0.0,complete
fetch-20261006T122600Z-dfc47335,v2.1-f4676a0b,2019,無黨團結聯盟,environment,bill_cosign,1,365,0,0.0,0,0.0,complete
fetch-20261006T122600Z-dfc47335,v2.1-f4676a0b,2019,無黨團結聯盟,foreign_trade,bill_cosign,1,365,0,0.0,0,0.0,complete
fetch-20261006T122600Z-dfc47335,v2.1-f4676a0b,2019,無黨團結聯盟,government,bill_cosign,1,365,3,1.3333333333333333,3,1.3333333333333333,complete
fetch-20261006T122600Z-dfc47335,v2.1-f4676a0b,2019,無黨團結聯盟,health,bill_cosign,1,365,0,0.0,0,0.0,complete
fetch-20261006T122600Z-dfc47335,v2.1-f4676a0b,2019,無黨團結聯盟,housing,bill_cosign,1,365,1,0.5,1,0.5,complete
fetch-20261006T122600Z-dfc47335,v2.1-f4676a0b,2019,無黨團結聯盟,immigration,bill_cosign,1,365,0,0.0,0,0.0,complete
fetch-20261006T122600Z-dfc47335,v2.1-f4676a0b,2019,無黨團結聯盟,indigenous,bill_cosign,1,365,1,0.25,1,0.25,complete
fetch-20261006T122600Z-dfc47335,v2.1-f4676a0b,2019,無黨團結聯盟,international,bill_cosign,1,365,0,0.0,0,0.0,complete
fetch-20261006T122600Z-dfc47335,v2.1-f4676a0b,2019,無黨團結聯盟,labor,bill_cosign,1,365,2,0.5833333333333333,2,0.5833333333333333,complete
fetch-20261006T122600Z-dfc47335,v2.1-f4676a0b,2019,無黨團結聯盟,law_crime,bill_cosign,1,365,2,1.0,2,1.0,complete
fetch-20261006T122600Z-dfc47335,v2.1-f4676a0b,2019,無黨團結聯盟,macroeconomy,bill_cosign,1,365,2,1.0,2,1.0,complete
fetch-20261006T122600Z-dfc47335,v2.1-f4676a0b,2019,無黨團結聯盟,public_lands,bill_cosign,1,365,0,0.0,0,0.0,complete
fetch-20261006T122600Z-dfc47335,v2.1-f4676a0b,2019,無黨團結聯盟,social_welfare,bill_cosign,1,365,2,0.5833333333333333,2,0.5833333333333333,complete
fetch-20261006T122600Z-dfc47335,v2.1-f4676a0b,2019,無黨團結聯盟,technology,bill_cosign,1,365,0,0.0,0,0.0,complete
fetch-20261006T122600Z-dfc47335,v2.1-f4676a0b,2019,無黨團結聯盟,transitional_justice,bill_cosign,1,365,0,0.0,0,0.0,complete
fetch-20261006T122600Z-dfc47335,v2.1-f4676a0b,2019,無黨團結聯盟,transportation,bill_cosign,1,365,5,3.333333333333333,5,3.333333333333333,complete
fetch-20261006T122600Z-dfc47335,v2.1-f4676a0b,2019,無黨團結聯盟,unclassified,bill_cosign,1,365,1,1.0,1,1.0,complete
fetch-20261006T122600Z-dfc47335,v2.1-f4676a0b,2019,無黨團結聯盟,agriculture,speech,1,365,6,0.4486336552650545,6,0.4486336552650545,complete
fetch-20261006T122600Z-dfc47335,v2.1-f4676a0b,2019,無黨團結聯盟,civil_rights,speech,1,365,2,0.09780301671561017,2,0.09780301671561017,complete
fetch-20261006T122600Z-dfc47335,v2.1-f4676a0b,2019,無黨團結聯盟,commerce,speech,1,365,3,0.11327378777271015,3,0.11327378777271015,complete
fetch-20261006T122600Z-dfc47335,v2.1-f4676a0b,2019,無黨團結聯盟,cross_strait,speech,1,365,1,0.14285714285714285,1,0.14285714285714285,complete
fetch-20261006T122600Z-dfc47335,v2.1-f4676a0b,2019,無黨團結聯盟,culture,speech,1,365,15,2.5218980081707114,15,2.5218980081707114,complete
fetch-20261006T122600Z-dfc47335,v2.1-f4676a0b,2019,無黨團結聯盟,defense,speech,1,365,2,0.16983944246859772,2,0.16983944246859772,complete
fetch-20261006T122600Z-dfc47335,v2.1-f4676a0b,2019,無黨團結聯盟,education,speech,1,365,23,4.350031645452906,23,4.350031645452906,complete
fetch-20261006T122600Z-dfc47335,v2.1-f4676a0b,2019,無黨團結聯盟,energy,speech,1,365,5,0.777573305039623,5,0.777573305039623,complete
fetch-20261006T122600Z-dfc47335,v2.1-f4676a0b,2019,無黨團結聯盟,environment,speech,1,365,1,0.04230401529636711,1,0.04230401529636711,complete
fetch-20261006T122600Z-dfc47335,v2.1-f4676a0b,2019,無黨團結聯盟,foreign_trade,speech,1,365,1,0.14285714285714285,1,0.14285714285714285,complete
fetch-20261006T122600Z-dfc47335,v2.1-f4676a0b,2019,無黨團結聯盟,government,speech,1,365,1,0.07394216457580269,1,0.07394216457580269,complete
fetch-20261006T122600Z-dfc47335,v2.1-f4676a0b,2019,無黨團結聯盟,health,speech,1,365,17,3.4328282193611557,17,3.4328282193611557,complete
fetch-20261006T122600Z-dfc47335,v2.1-f4676a0b,2019,無黨團結聯盟,housing,speech,1,365,0,0.0,0,0.0,complete
fetch-20261006T122600Z-dfc47335,v2.1-f4676a0b,2019,無黨團結聯盟,immigration,speech,1,365,0,0.0,0,0.0,complete
fetch-20261006T122600Z-dfc47335,v2.1-f4676a0b,2019,無黨團結聯盟,indigenous,speech,1,365,40,13.924170728985267,40,13.924170728985267,complete
fetch-20261006T122600Z-dfc47335,v2.1-f4676a0b,2019,無黨團結聯盟,international,speech,1,365,1,0.14285714285714285,1,0.14285714285714285,complete
fetch-20261006T122600Z-dfc47335,v2.1-f4676a0b,2019,無黨團結聯盟,labor,speech,1,365,2,0.12743251726302574,2,0.12743251726302574,complete
fetch-20261006T122600Z-dfc47335,v2.1-f4676a0b,2019,無黨團結聯盟,law_crime,speech,1,365,8,2.7492973261364546,8,2.7492973261364546,complete
fetch-20261006T122600Z-dfc47335,v2.1-f4676a0b,2019,無黨團結聯盟,macroeconomy,speech,1,365,3,0.13150277475351194,3,0.13150277475351194,complete
fetch-20261006T122600Z-dfc47335,v2.1-f4676a0b,2019,無黨團結聯盟,public_lands,speech,1,365,4,0.42873227787988394,4,0.42873227787988394,complete
fetch-20261006T122600Z-dfc47335,v2.1-f4676a0b,2019,無黨團結聯盟,social_welfare,speech,1,365,13,3.261228533220105,13,3.261228533220105,complete
fetch-20261006T122600Z-dfc47335,v2.1-f4676a0b,2019,無黨團結聯盟,technology,speech,1,365,12,1.7266646040167364,12,1.7266646040167364,complete
fetch-20261006T122600Z-dfc47335,v2.1-f4676a0b,2019,無黨團結聯盟,transitional_justice,speech,1,365,7,0.6342254416104554,7,0.6342254416104554,complete
fetch-20261006T122600Z-dfc47335,v2.1-f4676a0b,2019,無黨團結聯盟,transportation,speech,1,365,7,0.6327913579103673,7,0.6327913579103673,complete
fetch-20261006T122600Z-dfc47335,v2.1-f4676a0b,2019,無黨團結聯盟,unclassified,speech,1,365,28,8.927255749534229,28,8.927255749534229,complete
fetch-20261006T122600Z-dfc47335,v2.1-f4676a0b,2019,無黨團結聯盟,agriculture,written_question,1,365,0,0.0,0,0.0,complete
fetch-20261006T122600Z-dfc47335,v2.1-f4676a0b,2019,無黨團結聯盟,civil_rights,written_question,1,365,0,0.0,0,0.0,complete
fetch-20261006T122600Z-dfc47335,v2.1-f4676a0b,2019,無黨團結聯盟,commerce,written_question,1,365,0,0.0,0,0.0,complete
fetch-20261006T122600Z-dfc47335,v2.1-f4676a0b,2019,無黨團結聯盟,cross_strait,written_question,1,365,0,0.0,0,0.0,complete
fetch-20261006T122600Z-dfc47335,v2.1-f4676a0b,2019,無黨團結聯盟,culture,written_question,1,365,0,0.0,0,0.0,complete
fetch-20261006T122600Z-dfc47335,v2.1-f4676a0b,2019,無黨團結聯盟,defense,written_question,1,365,0,0.0,0,0.0,complete
fetch-20261006T122600Z-dfc47335,v2.1-f4676a0b,2019,無黨團結聯盟,education,written_question,1,365,0,0.0,0,0.0,complete
fetch-20261006T122600Z-dfc47335,v2.1-f4676a0b,2019,無黨團結聯盟,energy,written_question,1,365,0,0.0,0,0.0,complete
fetch-20261006T122600Z-dfc47335,v2.1-f4676a0b,2019,無黨團結聯盟,environment,written_question,1,365,0,0.0,0,0.0,complete
fetch-20261006T122600Z-dfc47335,v2.1-f4676a0b,2019,無黨團結聯盟,foreign_trade,written_question,1,365,0,0.0,0,0.0,complete
fetch-20261006T122600Z-dfc47335,v2.1-f4676a0b,2019,無黨團結聯盟,government,written_question,1,365,0,0.0,0,0.0,complete
fetch-20261006T122600Z-dfc47335,v2.1-f4676a0b,2019,無黨團結聯盟,health,written_question,1,365,0,0.0,0,0.0,complete
fetch-20261006T122600Z-dfc47335,v2.1-f4676a0b,2019,無黨團結聯盟,housing,written_question,1,365,0,0.0,0,0.0,complete
fetch-20261006T122600Z-dfc47335,v2.1-f4676a0b,2019,無黨團結聯盟,immigration,written_question,1,365,0,0.0,0,0.0,complete
fetch-20261006T122600Z-dfc47335,v2.1-f4676a0b,2019,無黨團結聯盟,indigenous,written_question,1,365,0,0.0,0,0.0,complete
fetch-20261006T122600Z-dfc47335,v2.1-f4676a0b,2019,無黨團結聯盟,international,written_question,1,365,0,0.0,0,0.0,complete
fetch-20261006T122600Z-dfc47335,v2.1-f4676a0b,2019,無黨團結聯盟,labor,written_question,1,365,0,0.0,0,0.0,complete
fetch-20261006T122600Z-dfc47335,v2.1-f4676a0b,2019,無黨團結聯盟,law_crime,written_question,1,365,0,0.0,0,0.0,complete
fetch-20261006T122600Z-dfc47335,v2.1-f4676a0b,2019,無黨團結聯盟,macroeconomy,written_question,1,365,0,0.0,0,0.0,complete
fetch-20261006T122600Z-dfc47335,v2.1-f4676a0b,2019,無黨團結聯盟,public_lands,written_question,1,365,0,0.0,0,0.0,complete
fetch-20261006T122600Z-dfc47335,v2.1-f4676a0b,2019,無黨團結聯盟,social_welfare,written_question,1,365,0,0.0,0,0.0,complete
fetch-20261006T122600Z-dfc47335,v2.1-f4676a0b,2019,無黨團結聯盟,technology,written_question,1,365,0,0.0,0,0.0,complete
fetch-20261006T122600Z-dfc47335,v2.1-f4676a0b,2019,無黨團結聯盟,transitional_justice,written_question,1,365,0,0.0,0,0.0,complete
fetch-20261006T122600Z-dfc47335,v2.1-f4676a0b,2019,無黨團結聯盟,transportation,written_question,1,365,0,0.0,0,0.0,complete
fetch-20261006T122600Z-dfc47335,v2.1-f4676a0b,2019,無黨團結聯盟,unclassified,written_question,1,365,0,0.0,0,0.0,complete
fetch-20261006T122600Z-dfc47335,v2.1-f4676a0b,2024,無黨籍,agriculture,bill_primary,2,732,9,5.75,9,5.75,complete
fetch-20261006T122600Z-dfc47335,v2.1-f4676a0b,2024,無黨籍,civil_rights,bill_primary,2,732,5,2.333333333333333,5,2.333333333333333,complete
fetch-20261006T122600Z-dfc47335,v2.1-f4676a0b,2024,無黨籍,commerce,bill_primary,2,732,2,1.25,2,1.25,complete
fetch-20261006T122600Z-dfc47335,v2.1-f4676a0b,2024,無黨籍,cross_strait,bill_primary,2,732,0,0.0,0,0.0,complete
fetch-20261006T122600Z-dfc47335,v2.1-f4676a0b,2024,無黨籍,culture,bill_primary,2,732,5,1.9999999999999998,5,1.9999999999999998,complete
fetch-20261006T122600Z-dfc47335,v2.1-f4676a0b,2024,無黨籍,defense,bill_primary,2,732,1,0.2,1,0.2,complete
fetch-20261006T122600Z-dfc47335,v2.1-f4676a0b,2024,無黨籍,education,bill_primary,2,732,5,3.333333333333333,5,3.333333333333333,complete
fetch-20261006T122600Z-dfc47335,v2.1-f4676a0b,2024,無黨籍,energy,bill_primary,2,732,2,1.5,2,1.5,complete
fetch-20261006T122600Z-dfc47335,v2.1-f4676a0b,2024,無黨籍,environment,bill_primary,2,732,6,3.25,6,3.25,complete
fetch-20261006T122600Z-dfc47335,v2.1-f4676a0b,2024,無黨籍,foreign_trade,bill_primary,2,732,0,0.0,0,0.0,complete
fetch-20261006T122600Z-dfc47335,v2.1-f4676a0b,2024,無黨籍,government,bill_primary,2,732,12,4.25,12,4.25,complete
fetch-20261006T122600Z-dfc47335,v2.1-f4676a0b,2024,無黨籍,health,bill_primary,2,732,8,5.533333333333333,8,5.533333333333333,complete
fetch-20261006T122600Z-dfc47335,v2.1-f4676a0b,2024,無黨籍,housing,bill_primary,2,732,0,0.0,0,0.0,complete
fetch-20261006T122600Z-dfc47335,v2.1-f4676a0b,2024,無黨籍,immigration,bill_primary,2,732,3,2.5,3,2.5,complete
fetch-20261006T122600Z-dfc47335,v2.1-f4676a0b,2024,無黨籍,indigenous,bill_primary,2,732,39,20.866666666666667,39,20.866666666666667,complete
fetch-20261006T122600Z-dfc47335,v2.1-f4676a0b,2024,無黨籍,international,bill_primary,2,732,0,0.0,0,0.0,complete
fetch-20261006T122600Z-dfc47335,v2.1-f4676a0b,2024,無黨籍,labor,bill_primary,2,732,13,6.366666666666667,13,6.366666666666667,complete
fetch-20261006T122600Z-dfc47335,v2.1-f4676a0b,2024,無黨籍,law_crime,bill_primary,2,732,7,3.9166666666666665,7,3.9166666666666665,complete
fetch-20261006T122600Z-dfc47335,v2.1-f4676a0b,2024,無黨籍,macroeconomy,bill_primary,2,732,18,10.083333333333332,18,10.083333333333332,complete
fetch-20261006T122600Z-dfc47335,v2.1-f4676a0b,2024,無黨籍,public_lands,bill_primary,2,732,4,3.5,4,3.5,complete
fetch-20261006T122600Z-dfc47335,v2.1-f4676a0b,2024,無黨籍,social_welfare,bill_primary,2,732,14,5.866666666666667,14,5.866666666666667,complete
fetch-20261006T122600Z-dfc47335,v2.1-f4676a0b,2024,無黨籍,technology,bill_primary,2,732,7,3.1666666666666665,7,3.1666666666666665,complete
fetch-20261006T122600Z-dfc47335,v2.1-f4676a0b,2024,無黨籍,transitional_justice,bill_primary,2,732,4,2.0,4,2.0,complete
fetch-20261006T122600Z-dfc47335,v2.1-f4676a0b,2024,無黨籍,transportation,bill_primary,2,732,1,0.3333333333333333,1,0.3333333333333333,complete
fetch-20261006T122600Z-dfc47335,v2.1-f4676a0b,2024,無黨籍,unclassified,bill_primary,2,732,9,9.0,9,9.0,complete
fetch-20261006T122600Z-dfc47335,v2.1-f4676a0b,2024,無黨籍,agriculture,bill_cosign,2,732,43,33.75,43,33.75,complete
fetch-20261006T122600Z-dfc47335,v2.1-f4676a0b,2024,無黨籍,civil_rights,bill_cosign,2,732,72,39.35000000000001,72,39.35000000000001,complete
fetch-20261006T122600Z-dfc47335,v2.1-f4676a0b,2024,無黨籍,commerce,bill_cosign,2,732,37,20.516666666666666,37,20.516666666666666,complete
fetch-20261006T122600Z-dfc47335,v2.1-f4676a0b,2024,無黨籍,cross_strait,bill_cosign,2,732,3,1.5,3,1.5,complete
fetch-20261006T122600Z-dfc47335,v2.1-f4676a0b,2024,無黨籍,culture,bill_cosign,2,732,71,53.083333333333336,71,53.083333333333336,complete
fetch-20261006T122600Z-dfc47335,v2.1-f4676a0b,2024,無黨籍,defense,bill_cosign,2,732,35,18.78333333333333,35,18.78333333333333,complete
fetch-20261006T122600Z-dfc47335,v2.1-f4676a0b,2024,無黨籍,education,bill_cosign,2,732,121,79.0,121,79.0,complete
fetch-20261006T122600Z-dfc47335,v2.1-f4676a0b,2024,無黨籍,energy,bill_cosign,2,732,24,13.566666666666666,24,13.566666666666666,complete
fetch-20261006T122600Z-dfc47335,v2.1-f4676a0b,2024,無黨籍,environment,bill_cosign,2,732,30,16.316666666666666,30,16.316666666666666,complete
fetch-20261006T122600Z-dfc47335,v2.1-f4676a0b,2024,無黨籍,foreign_trade,bill_cosign,2,732,8,4.416666666666666,8,4.416666666666666,complete
fetch-20261006T122600Z-dfc47335,v2.1-f4676a0b,2024,無黨籍,government,bill_cosign,2,732,89,53.51666666666666,89,53.51666666666666,complete
fetch-20261006T122600Z-dfc47335,v2.1-f4676a0b,2024,無黨籍,health,bill_cosign,2,732,82,56.866666666666674,82,56.866666666666674,complete
fetch-20261006T122600Z-dfc47335,v2.1-f4676a0b,2024,無黨籍,housing,bill_cosign,2,732,15,10.833333333333332,15,10.833333333333332,complete
fetch-20261006T122600Z-dfc47335,v2.1-f4676a0b,2024,無黨籍,immigration,bill_cosign,2,732,15,9.333333333333334,15,9.333333333333334,complete
fetch-20261006T122600Z-dfc47335,v2.1-f4676a0b,2024,無黨籍,indigenous,bill_cosign,2,732,55,35.75,55,35.75,complete
fetch-20261006T122600Z-dfc47335,v2.1-f4676a0b,2024,無黨籍,international,bill_cosign,2,732,4,2.083333333333333,4,2.083333333333333,complete
fetch-20261006T122600Z-dfc47335,v2.1-f4676a0b,2024,無黨籍,labor,bill_cosign,2,732,130,83.51666666666668,130,83.51666666666668,complete
fetch-20261006T122600Z-dfc47335,v2.1-f4676a0b,2024,無黨籍,law_crime,bill_cosign,2,732,113,78.08333333333334,113,78.08333333333334,complete
fetch-20261006T122600Z-dfc47335,v2.1-f4676a0b,2024,無黨籍,macroeconomy,bill_cosign,2,732,118,68.36666666666667,118,68.36666666666667,complete
fetch-20261006T122600Z-dfc47335,v2.1-f4676a0b,2024,無黨籍,public_lands,bill_cosign,2,732,17,10.166666666666666,17,10.166666666666666,complete
fetch-20261006T122600Z-dfc47335,v2.1-f4676a0b,2024,無黨籍,social_welfare,bill_cosign,2,732,96,55.599999999999994,96,55.599999999999994,complete
fetch-20261006T122600Z-dfc47335,v2.1-f4676a0b,2024,無黨籍,technology,bill_cosign,2,732,35,22.166666666666668,35,22.166666666666668,complete
fetch-20261006T122600Z-dfc47335,v2.1-f4676a0b,2024,無黨籍,transitional_justice,bill_cosign,2,732,2,1.0,2,1.0,complete
fetch-20261006T122600Z-dfc47335,v2.1-f4676a0b,2024,無黨籍,transportation,bill_cosign,2,732,53,41.43333333333333,53,41.43333333333333,complete
fetch-20261006T122600Z-dfc47335,v2.1-f4676a0b,2024,無黨籍,unclassified,bill_cosign,2,732,120,120.0,120,120.0,complete
fetch-20261006T122600Z-dfc47335,v2.1-f4676a0b,2024,無黨籍,agriculture,speech,2,732,31,6.407122308983247,31,6.407122308983247,complete
fetch-20261006T122600Z-dfc47335,v2.1-f4676a0b,2024,無黨籍,civil_rights,speech,2,732,6,0.4428538540896666,6,0.4428538540896666,complete
fetch-20261006T122600Z-dfc47335,v2.1-f4676a0b,2024,無黨籍,commerce,speech,2,732,13,2.296911408669687,13,2.296911408669687,complete
fetch-20261006T122600Z-dfc47335,v2.1-f4676a0b,2024,無黨籍,cross_strait,speech,2,732,10,1.2884005575197894,10,1.2884005575197894,complete
fetch-20261006T122600Z-dfc47335,v2.1-f4676a0b,2024,無黨籍,culture,speech,2,732,15,2.223116746405182,15,2.223116746405182,complete
fetch-20261006T122600Z-dfc47335,v2.1-f4676a0b,2024,無黨籍,defense,speech,2,732,7,0.8491504629283282,7,0.8491504629283282,complete
fetch-20261006T122600Z-dfc47335,v2.1-f4676a0b,2024,無黨籍,education,speech,2,732,23,2.769376703671991,23,2.769376703671991,complete
fetch-20261006T122600Z-dfc47335,v2.1-f4676a0b,2024,無黨籍,energy,speech,2,732,23,4.149557381311826,23,4.149557381311826,complete
fetch-20261006T122600Z-dfc47335,v2.1-f4676a0b,2024,無黨籍,environment,speech,2,732,13,2.1283820544784655,13,2.1283820544784655,complete
fetch-20261006T122600Z-dfc47335,v2.1-f4676a0b,2024,無黨籍,foreign_trade,speech,2,732,10,1.5696989906191594,10,1.5696989906191594,complete
fetch-20261006T122600Z-dfc47335,v2.1-f4676a0b,2024,無黨籍,government,speech,2,732,28,5.45323635638251,28,5.45323635638251,complete
fetch-20261006T122600Z-dfc47335,v2.1-f4676a0b,2024,無黨籍,health,speech,2,732,11,0.8512570672458614,11,0.8512570672458614,complete
fetch-20261006T122600Z-dfc47335,v2.1-f4676a0b,2024,無黨籍,housing,speech,2,732,20,4.573042308554196,20,4.573042308554196,complete
fetch-20261006T122600Z-dfc47335,v2.1-f4676a0b,2024,無黨籍,immigration,speech,2,732,3,0.34455574645206327,3,0.34455574645206327,complete
fetch-20261006T122600Z-dfc47335,v2.1-f4676a0b,2024,無黨籍,indigenous,speech,2,732,78,35.74564137185865,78,35.74564137185865,complete
fetch-20261006T122600Z-dfc47335,v2.1-f4676a0b,2024,無黨籍,international,speech,2,732,3,0.20692222762283632,3,0.20692222762283632,complete
fetch-20261006T122600Z-dfc47335,v2.1-f4676a0b,2024,無黨籍,labor,speech,2,732,13,1.1134333086229227,13,1.1134333086229227,complete
fetch-20261006T122600Z-dfc47335,v2.1-f4676a0b,2024,無黨籍,law_crime,speech,2,732,34,5.877862388609457,34,5.877862388609457,complete
fetch-20261006T122600Z-dfc47335,v2.1-f4676a0b,2024,無黨籍,macroeconomy,speech,2,732,23,3.684022846642331,23,3.684022846642331,complete
fetch-20261006T122600Z-dfc47335,v2.1-f4676a0b,2024,無黨籍,public_lands,speech,2,732,38,8.18203579833226,38,8.18203579833226,complete
fetch-20261006T122600Z-dfc47335,v2.1-f4676a0b,2024,無黨籍,social_welfare,speech,2,732,6,0.21612279882173346,6,0.21612279882173346,complete
fetch-20261006T122600Z-dfc47335,v2.1-f4676a0b,2024,無黨籍,technology,speech,2,732,23,3.7469105001061314,23,3.7469105001061314,complete
fetch-20261006T122600Z-dfc47335,v2.1-f4676a0b,2024,無黨籍,transitional_justice,speech,2,732,3,0.45247303243429443,3,0.45247303243429443,complete
fetch-20261006T122600Z-dfc47335,v2.1-f4676a0b,2024,無黨籍,transportation,speech,2,732,20,3.59807986365656,20,3.59807986365656,complete
fetch-20261006T122600Z-dfc47335,v2.1-f4676a0b,2024,無黨籍,unclassified,speech,2,732,110,50.829833915980814,110,50.829833915980814,complete
fetch-20261006T122600Z-dfc47335,v2.1-f4676a0b,2024,無黨籍,agriculture,written_question,2,732,0,0.0,0,0.0,complete
fetch-20261006T122600Z-dfc47335,v2.1-f4676a0b,2024,無黨籍,civil_rights,written_question,2,732,1,0.14285714285714285,1,0.14285714285714285,complete
fetch-20261006T122600Z-dfc47335,v2.1-f4676a0b,2024,無黨籍,commerce,written_question,2,732,1,0.14285714285714285,1,0.14285714285714285,complete
fetch-20261006T122600Z-dfc47335,v2.1-f4676a0b,2024,無黨籍,cross_strait,written_question,2,732,0,0.0,0,0.0,complete
fetch-20261006T122600Z-dfc47335,v2.1-f4676a0b,2024,無黨籍,culture,written_question,2,732,0,0.0,0,0.0,complete
fetch-20261006T122600Z-dfc47335,v2.1-f4676a0b,2024,無黨籍,defense,written_question,2,732,0,0.0,0,0.0,complete
fetch-20261006T122600Z-dfc47335,v2.1-f4676a0b,2024,無黨籍,education,written_question,2,732,0,0.0,0,0.0,complete
fetch-20261006T122600Z-dfc47335,v2.1-f4676a0b,2024,無黨籍,energy,written_question,2,732,0,0.0,0,0.0,complete
fetch-20261006T122600Z-dfc47335,v2.1-f4676a0b,2024,無黨籍,environment,written_question,2,732,0,0.0,0,0.0,complete
fetch-20261006T122600Z-dfc47335,v2.1-f4676a0b,2024,無黨籍,foreign_trade,written_question,2,732,0,0.0,0,0.0,complete
fetch-20261006T122600Z-dfc47335,v2.1-f4676a0b,2024,無黨籍,government,written_question,2,732,0,0.0,0,0.0,complete
fetch-20261006T122600Z-dfc47335,v2.1-f4676a0b,2024,無黨籍,health,written_question,2,732,0,0.0,0,0.0,complete
fetch-20261006T122600Z-dfc47335,v2.1-f4676a0b,2024,無黨籍,housing,written_question,2,732,1,0.14285714285714285,1,0.14285714285714285,complete
fetch-20261006T122600Z-dfc47335,v2.1-f4676a0b,2024,無黨籍,immigration,written_question,2,732,0,0.0,0,0.0,complete
fetch-20261006T122600Z-dfc47335,v2.1-f4676a0b,2024,無黨籍,indigenous,written_question,2,732,1,0.14285714285714285,1,0.14285714285714285,complete
fetch-20261006T122600Z-dfc47335,v2.1-f4676a0b,2024,無黨籍,international,written_question,2,732,0,0.0,0,0.0,complete
fetch-20261006T122600Z-dfc47335,v2.1-f4676a0b,2024,無黨籍,labor,written_question,2,732,0,0.0,0,0.0,complete
fetch-20261006T122600Z-dfc47335,v2.1-f4676a0b,2024,無黨籍,law_crime,written_question,2,732,1,0.14285714285714285,1,0.14285714285714285,complete
fetch-20261006T122600Z-dfc47335,v2.1-f4676a0b,2024,無黨籍,macroeconomy,written_question,2,732,0,0.0,0,0.0,complete
fetch-20261006T122600Z-dfc47335,v2.1-f4676a0b,2024,無黨籍,public_lands,written_question,2,732,1,0.14285714285714285,1,0.14285714285714285,complete
fetch-20261006T122600Z-dfc47335,v2.1-f4676a0b,2024,無黨籍,social_welfare,written_question,2,732,0,0.0,0,0.0,complete
fetch-20261006T122600Z-dfc47335,v2.1-f4676a0b,2024,無黨籍,technology,written_question,2,732,0,0.0,0,0.0,complete
fetch-20261006T122600Z-dfc47335,v2.1-f4676a0b,2024,無黨籍,transitional_justice,written_question,2,732,0,0.0,0,0.0,complete
fetch-20261006T122600Z-dfc47335,v2.1-f4676a0b,2024,無黨籍,transportation,written_question,2,732,1,0.14285714285714285,1,0.14285714285714285,complete
fetch-20261006T122600Z-dfc47335,v2.1-f4676a0b,2024,無黨籍,unclassified,written_question,2,732,0,0.0,0,0.0,complete
fetch-20261006T122600Z-dfc47335,v2.1-f4676a0b,2025,無黨籍,agriculture,bill_primary,2,730,4,2.75,4,2.75,complete
fetch-20261006T122600Z-dfc47335,v2.1-f4676a0b,2025,無黨籍,civil_rights,bill_primary,2,730,3,1.8333333333333333,3,1.8333333333333333,complete
fetch-20261006T122600Z-dfc47335,v2.1-f4676a0b,2025,無黨籍,commerce,bill_primary,2,730,2,1.0,2,1.0,complete
fetch-20261006T122600Z-dfc47335,v2.1-f4676a0b,2025,無黨籍,cross_strait,bill_primary,2,730,0,0.0,0,0.0,complete
fetch-20261006T122600Z-dfc47335,v2.1-f4676a0b,2025,無黨籍,culture,bill_primary,2,730,1,0.5,1,0.5,complete
fetch-20261006T122600Z-dfc47335,v2.1-f4676a0b,2025,無黨籍,defense,bill_primary,2,730,0,0.0,0,0.0,complete
fetch-20261006T122600Z-dfc47335,v2.1-f4676a0b,2025,無黨籍,education,bill_primary,2,730,6,4.5,6,4.5,complete
fetch-20261006T122600Z-dfc47335,v2.1-f4676a0b,2025,無黨籍,energy,bill_primary,2,730,1,1.0,1,1.0,complete
fetch-20261006T122600Z-dfc47335,v2.1-f4676a0b,2025,無黨籍,environment,bill_primary,2,730,0,0.0,0,0.0,complete
fetch-20261006T122600Z-dfc47335,v2.1-f4676a0b,2025,無黨籍,foreign_trade,bill_primary,2,730,0,0.0,0,0.0,complete
fetch-20261006T122600Z-dfc47335,v2.1-f4676a0b,2025,無黨籍,government,bill_primary,2,730,4,2.333333333333333,4,2.333333333333333,complete
fetch-20261006T122600Z-dfc47335,v2.1-f4676a0b,2025,無黨籍,health,bill_primary,2,730,4,2.583333333333333,4,2.583333333333333,complete
fetch-20261006T122600Z-dfc47335,v2.1-f4676a0b,2025,無黨籍,housing,bill_primary,2,730,2,1.0,2,1.0,complete
fetch-20261006T122600Z-dfc47335,v2.1-f4676a0b,2025,無黨籍,immigration,bill_primary,2,730,0,0.0,0,0.0,complete
fetch-20261006T122600Z-dfc47335,v2.1-f4676a0b,2025,無黨籍,indigenous,bill_primary,2,730,13,8.083333333333332,13,8.083333333333332,complete
fetch-20261006T122600Z-dfc47335,v2.1-f4676a0b,2025,無黨籍,international,bill_primary,2,730,0,0.0,0,0.0,complete
fetch-20261006T122600Z-dfc47335,v2.1-f4676a0b,2025,無黨籍,labor,bill_primary,2,730,0,0.0,0,0.0,complete
fetch-20261006T122600Z-dfc47335,v2.1-f4676a0b,2025,無黨籍,law_crime,bill_primary,2,730,2,0.8333333333333333,2,0.8333333333333333,complete
fetch-20261006T122600Z-dfc47335,v2.1-f4676a0b,2025,無黨籍,macroeconomy,bill_primary,2,730,4,3.0,4,3.0,complete
fetch-20261006T122600Z-dfc47335,v2.1-f4676a0b,2025,無黨籍,public_lands,bill_primary,2,730,1,0.5,1,0.5,complete
fetch-20261006T122600Z-dfc47335,v2.1-f4676a0b,2025,無黨籍,social_welfare,bill_primary,2,730,2,0.5833333333333333,2,0.5833333333333333,complete
fetch-20261006T122600Z-dfc47335,v2.1-f4676a0b,2025,無黨籍,technology,bill_primary,2,730,3,2.0,3,2.0,complete
fetch-20261006T122600Z-dfc47335,v2.1-f4676a0b,2025,無黨籍,transitional_justice,bill_primary,2,730,1,0.5,1,0.5,complete
fetch-20261006T122600Z-dfc47335,v2.1-f4676a0b,2025,無黨籍,transportation,bill_primary,2,730,3,2.0,3,2.0,complete
fetch-20261006T122600Z-dfc47335,v2.1-f4676a0b,2025,無黨籍,unclassified,bill_primary,2,730,5,5.0,5,5.0,complete
fetch-20261006T122600Z-dfc47335,v2.1-f4676a0b,2025,無黨籍,agriculture,bill_cosign,2,730,45,37.08333333333333,45,37.08333333333333,complete
fetch-20261006T122600Z-dfc47335,v2.1-f4676a0b,2025,無黨籍,civil_rights,bill_cosign,2,730,49,24.866666666666667,49,24.866666666666667,complete
fetch-20261006T122600Z-dfc47335,v2.1-f4676a0b,2025,無黨籍,commerce,bill_cosign,2,730,33,20.95,33,20.95,complete
fetch-20261006T122600Z-dfc47335,v2.1-f4676a0b,2025,無黨籍,cross_strait,bill_cosign,2,730,3,1.0,3,1.0,complete
fetch-20261006T122600Z-dfc47335,v2.1-f4676a0b,2025,無黨籍,culture,bill_cosign,2,730,16,8.833333333333332,16,8.833333333333332,complete
fetch-20261006T122600Z-dfc47335,v2.1-f4676a0b,2025,無黨籍,defense,bill_cosign,2,730,21,13.333333333333332,21,13.333333333333332,complete
fetch-20261006T122600Z-dfc47335,v2.1-f4676a0b,2025,無黨籍,education,bill_cosign,2,730,71,50.64999999999999,71,50.64999999999999,complete
fetch-20261006T122600Z-dfc47335,v2.1-f4676a0b,2025,無黨籍,energy,bill_cosign,2,730,39,25.333333333333336,39,25.333333333333336,complete
fetch-20261006T122600Z-dfc47335,v2.1-f4676a0b,2025,無黨籍,environment,bill_cosign,2,730,51,25.166666666666668,51,25.166666666666668,complete
fetch-20261006T122600Z-dfc47335,v2.1-f4676a0b,2025,無黨籍,foreign_trade,bill_cosign,2,730,19,17.5,19,17.5,complete
fetch-20261006T122600Z-dfc47335,v2.1-f4676a0b,2025,無黨籍,government,bill_cosign,2,730,45,23.400000000000002,45,23.400000000000002,complete
fetch-20261006T122600Z-dfc47335,v2.1-f4676a0b,2025,無黨籍,health,bill_cosign,2,730,50,35.28333333333333,50,35.28333333333333,complete
fetch-20261006T122600Z-dfc47335,v2.1-f4676a0b,2025,無黨籍,housing,bill_cosign,2,730,10,8.5,10,8.5,complete
fetch-20261006T122600Z-dfc47335,v2.1-f4676a0b,2025,無黨籍,immigration,bill_cosign,2,730,4,2.333333333333333,4,2.333333333333333,complete
fetch-20261006T122600Z-dfc47335,v2.1-f4676a0b,2025,無黨籍,indigenous,bill_cosign,2,730,29,13.783333333333335,29,13.783333333333335,complete
fetch-20261006T122600Z-dfc47335,v2.1-f4676a0b,2025,無黨籍,international,bill_cosign,2,730,2,0.75,2,0.75,complete
fetch-20261006T122600Z-dfc47335,v2.1-f4676a0b,2025,無黨籍,labor,bill_cosign,2,730,95,63.849999999999994,95,63.849999999999994,complete
fetch-20261006T122600Z-dfc47335,v2.1-f4676a0b,2025,無黨籍,law_crime,bill_cosign,2,730,85,62.83333333333333,85,62.83333333333333,complete
fetch-20261006T122600Z-dfc47335,v2.1-f4676a0b,2025,無黨籍,macroeconomy,bill_cosign,2,730,56,27.950000000000003,56,27.950000000000003,complete
fetch-20261006T122600Z-dfc47335,v2.1-f4676a0b,2025,無黨籍,public_lands,bill_cosign,2,730,18,13.416666666666664,18,13.416666666666664,complete
fetch-20261006T122600Z-dfc47335,v2.1-f4676a0b,2025,無黨籍,social_welfare,bill_cosign,2,730,75,46.43333333333332,75,46.43333333333332,complete
fetch-20261006T122600Z-dfc47335,v2.1-f4676a0b,2025,無黨籍,technology,bill_cosign,2,730,46,33.916666666666664,46,33.916666666666664,complete
fetch-20261006T122600Z-dfc47335,v2.1-f4676a0b,2025,無黨籍,transitional_justice,bill_cosign,2,730,0,0.0,0,0.0,complete
fetch-20261006T122600Z-dfc47335,v2.1-f4676a0b,2025,無黨籍,transportation,bill_cosign,2,730,54,34.833333333333336,54,34.833333333333336,complete
fetch-20261006T122600Z-dfc47335,v2.1-f4676a0b,2025,無黨籍,unclassified,bill_cosign,2,730,114,114.0,114,114.0,complete
fetch-20261006T122600Z-dfc47335,v2.1-f4676a0b,2025,無黨籍,agriculture,speech,2,730,18,4.816358467940291,18,4.816358467940291,complete
fetch-20261006T122600Z-dfc47335,v2.1-f4676a0b,2025,無黨籍,civil_rights,speech,2,730,9,1.4884836857534298,9,1.4884836857534298,complete
fetch-20261006T122600Z-dfc47335,v2.1-f4676a0b,2025,無黨籍,commerce,speech,2,730,6,0.7937837318961,6,0.7937837318961,complete
fetch-20261006T122600Z-dfc47335,v2.1-f4676a0b,2025,無黨籍,cross_strait,speech,2,730,7,1.0306017048950766,7,1.0306017048950766,complete
fetch-20261006T122600Z-dfc47335,v2.1-f4676a0b,2025,無黨籍,culture,speech,2,730,14,2.368303317667917,14,2.368303317667917,complete
fetch-20261006T122600Z-dfc47335,v2.1-f4676a0b,2025,無黨籍,defense,speech,2,730,3,0.574232820921816,3,0.574232820921816,complete
fetch-20261006T122600Z-dfc47335,v2.1-f4676a0b,2025,無黨籍,education,speech,2,730,7,0.757322332106652,7,0.757322332106652,complete
fetch-20261006T122600Z-dfc47335,v2.1-f4676a0b,2025,無黨籍,energy,speech,2,730,9,1.3430567409352026,9,1.3430567409352026,complete
fetch-20261006T122600Z-dfc47335,v2.1-f4676a0b,2025,無黨籍,environment,speech,2,730,7,1.1703533639385346,7,1.1703533639385346,complete
fetch-20261006T122600Z-dfc47335,v2.1-f4676a0b,2025,無黨籍,foreign_trade,speech,2,730,14,2.57417784442513,14,2.57417784442513,complete
fetch-20261006T122600Z-dfc47335,v2.1-f4676a0b,2025,無黨籍,government,speech,2,730,20,4.3156135987785635,20,4.3156135987785635,complete
fetch-20261006T122600Z-dfc47335,v2.1-f4676a0b,2025,無黨籍,health,speech,2,730,4,0.55270468677375,4,0.55270468677375,complete
fetch-20261006T122600Z-dfc47335,v2.1-f4676a0b,2025,無黨籍,housing,speech,2,730,3,0.5690019043531704,3,0.5690019043531704,complete
fetch-20261006T122600Z-dfc47335,v2.1-f4676a0b,2025,無黨籍,immigration,speech,2,730,4,1.0,4,1.0,complete
fetch-20261006T122600Z-dfc47335,v2.1-f4676a0b,2025,無黨籍,indigenous,speech,2,730,49,26.29707208059065,49,26.29707208059065,complete
fetch-20261006T122600Z-dfc47335,v2.1-f4676a0b,2025,無黨籍,international,speech,2,730,1,0.02951575710991545,1,0.02951575710991545,complete
fetch-20261006T122600Z-dfc47335,v2.1-f4676a0b,2025,無黨籍,labor,speech,2,730,8,1.1614816998732511,8,1.1614816998732511,complete
fetch-20261006T122600Z-dfc47335,v2.1-f4676a0b,2025,無黨籍,law_crime,speech,2,730,16,2.9827499621296356,16,2.9827499621296356,complete
fetch-20261006T122600Z-dfc47335,v2.1-f4676a0b,2025,無黨籍,macroeconomy,speech,2,730,10,1.3571387922791476,10,1.3571387922791476,complete
fetch-20261006T122600Z-dfc47335,v2.1-f4676a0b,2025,無黨籍,public_lands,speech,2,730,12,1.8091707879234886,12,1.8091707879234886,complete
fetch-20261006T122600Z-dfc47335,v2.1-f4676a0b,2025,無黨籍,social_welfare,speech,2,730,2,0.13102718647076123,2,0.13102718647076123,complete
fetch-20261006T122600Z-dfc47335,v2.1-f4676a0b,2025,無黨籍,technology,speech,2,730,22,5.307210725455321,22,5.307210725455321,complete
fetch-20261006T122600Z-dfc47335,v2.1-f4676a0b,2025,無黨籍,transitional_justice,speech,2,730,7,1.2297102823212542,7,1.2297102823212542,complete
fetch-20261006T122600Z-dfc47335,v2.1-f4676a0b,2025,無黨籍,transportation,speech,2,730,14,2.877297424060699,14,2.877297424060699,complete
fetch-20261006T122600Z-dfc47335,v2.1-f4676a0b,2025,無黨籍,unclassified,speech,2,730,80,36.46363110140024,80,36.46363110140024,complete
fetch-20261006T122600Z-dfc47335,v2.1-f4676a0b,2025,無黨籍,agriculture,written_question,2,730,0,0.0,0,0.0,complete
fetch-20261006T122600Z-dfc47335,v2.1-f4676a0b,2025,無黨籍,civil_rights,written_question,2,730,0,0.0,0,0.0,complete
fetch-20261006T122600Z-dfc47335,v2.1-f4676a0b,2025,無黨籍,commerce,written_question,2,730,0,0.0,0,0.0,complete
fetch-20261006T122600Z-dfc47335,v2.1-f4676a0b,2025,無黨籍,cross_strait,written_question,2,730,0,0.0,0,0.0,complete
fetch-20261006T122600Z-dfc47335,v2.1-f4676a0b,2025,無黨籍,culture,written_question,2,730,0,0.0,0,0.0,complete
fetch-20261006T122600Z-dfc47335,v2.1-f4676a0b,2025,無黨籍,defense,written_question,2,730,0,0.0,0,0.0,complete
fetch-20261006T122600Z-dfc47335,v2.1-f4676a0b,2025,無黨籍,education,written_question,2,730,0,0.0,0,0.0,complete
fetch-20261006T122600Z-dfc47335,v2.1-f4676a0b,2025,無黨籍,energy,written_question,2,730,0,0.0,0,0.0,complete
fetch-20261006T122600Z-dfc47335,v2.1-f4676a0b,2025,無黨籍,environment,written_question,2,730,0,0.0,0,0.0,complete
fetch-20261006T122600Z-dfc47335,v2.1-f4676a0b,2025,無黨籍,foreign_trade,written_question,2,730,0,0.0,0,0.0,complete
fetch-20261006T122600Z-dfc47335,v2.1-f4676a0b,2025,無黨籍,government,written_question,2,730,0,0.0,0,0.0,complete
fetch-20261006T122600Z-dfc47335,v2.1-f4676a0b,2025,無黨籍,health,written_question,2,730,0,0.0,0,0.0,complete
fetch-20261006T122600Z-dfc47335,v2.1-f4676a0b,2025,無黨籍,housing,written_question,2,730,0,0.0,0,0.0,complete
fetch-20261006T122600Z-dfc47335,v2.1-f4676a0b,2025,無黨籍,immigration,written_question,2,730,0,0.0,0,0.0,complete
fetch-20261006T122600Z-dfc47335,v2.1-f4676a0b,2025,無黨籍,indigenous,written_question,2,730,0,0.0,0,0.0,complete
fetch-20261006T122600Z-dfc47335,v2.1-f4676a0b,2025,無黨籍,international,written_question,2,730,0,0.0,0,0.0,complete
fetch-20261006T122600Z-dfc47335,v2.1-f4676a0b,2025,無黨籍,labor,written_question,2,730,0,0.0,0,0.0,complete
fetch-20261006T122600Z-dfc47335,v2.1-f4676a0b,2025,無黨籍,law_crime,written_question,2,730,0,0.0,0,0.0,complete
fetch-20261006T122600Z-dfc47335,v2.1-f4676a0b,2025,無黨籍,macroeconomy,written_question,2,730,0,0.0,0,0.0,complete
fetch-20261006T122600Z-dfc47335,v2.1-f4676a0b,2025,無黨籍,public_lands,written_question,2,730,0,0.0,0,0.0,complete
fetch-20261006T122600Z-dfc47335,v2.1-f4676a0b,2025,無黨籍,social_welfare,written_question,2,730,0,0.0,0,0.0,complete
fetch-20261006T122600Z-dfc47335,v2.1-f4676a0b,2025,無黨籍,technology,written_question,2,730,0,0.0,0,0.0,complete
fetch-20261006T122600Z-dfc47335,v2.1-f4676a0b,2025,無黨籍,transitional_justice,written_question,2,730,0,0.0,0,0.0,complete
fetch-20261006T122600Z-dfc47335,v2.1-f4676a0b,2025,無黨籍,transportation,written_question,2,730,0,0.0,0,0.0,complete
fetch-20261006T122600Z-dfc47335,v2.1-f4676a0b,2025,無黨籍,unclassified,written_question,2,730,0,0.0,0,0.0,complete
fetch-20261006T122600Z-dfc47335,v2.1-f4676a0b,2024,台灣民眾黨,agriculture,bill_primary,8,2928,12,6.333333333333333,12,6.333333333333333,complete
fetch-20261006T122600Z-dfc47335,v2.1-f4676a0b,2024,台灣民眾黨,civil_rights,bill_primary,8,2928,50,26.8,50,26.8,complete
fetch-20261006T122600Z-dfc47335,v2.1-f4676a0b,2024,台灣民眾黨,commerce,bill_primary,8,2928,38,22.7,38,22.7,complete
fetch-20261006T122600Z-dfc47335,v2.1-f4676a0b,2024,台灣民眾黨,cross_strait,bill_primary,8,2928,4,3.25,4,3.25,complete
fetch-20261006T122600Z-dfc47335,v2.1-f4676a0b,2024,台灣民眾黨,culture,bill_primary,8,2928,36,22.43333333333333,36,22.43333333333333,complete
fetch-20261006T122600Z-dfc47335,v2.1-f4676a0b,2024,台灣民眾黨,defense,bill_primary,8,2928,16,9.2,16,9.2,complete
fetch-20261006T122600Z-dfc47335,v2.1-f4676a0b,2024,台灣民眾黨,education,bill_primary,8,2928,64,43.93333333333333,64,43.93333333333333,complete
fetch-20261006T122600Z-dfc47335,v2.1-f4676a0b,2024,台灣民眾黨,energy,bill_primary,8,2928,31,12.866666666666665,31,12.866666666666665,complete
fetch-20261006T122600Z-dfc47335,v2.1-f4676a0b,2024,台灣民眾黨,environment,bill_primary,8,2928,37,17.833333333333332,37,17.833333333333332,complete
fetch-20261006T122600Z-dfc47335,v2.1-f4676a0b,2024,台灣民眾黨,foreign_trade,bill_primary,8,2928,1,0.25,1,0.25,complete
fetch-20261006T122600Z-dfc47335,v2.1-f4676a0b,2024,台灣民眾黨,government,bill_primary,8,2928,50,24.933333333333334,50,24.933333333333334,complete
fetch-20261006T122600Z-dfc47335,v2.1-f4676a0b,2024,台灣民眾黨,health,bill_primary,8,2928,87,54.1,87,54.1,complete
fetch-20261006T122600Z-dfc47335,v2.1-f4676a0b,2024,台灣民眾黨,housing,bill_primary,8,2928,18,10.1,18,10.1,complete
fetch-20261006T122600Z-dfc47335,v2.1-f4676a0b,2024,台灣民眾黨,immigration,bill_primary,8,2928,25,14.133333333333333,25,14.133333333333333,complete
fetch-20261006T122600Z-dfc47335,v2.1-f4676a0b,2024,台灣民眾黨,indigenous,bill_primary,8,2928,6,1.3333333333333333,6,1.3333333333333333,complete
fetch-20261006T122600Z-dfc47335,v2.1-f4676a0b,2024,台灣民眾黨,international,bill_primary,8,2928,10,3.683333333333333,10,3.683333333333333,complete
fetch-20261006T122600Z-dfc47335,v2.1-f4676a0b,2024,台灣民眾黨,labor,bill_primary,8,2928,79,42.63333333333333,79,42.63333333333333,complete
fetch-20261006T122600Z-dfc47335,v2.1-f4676a0b,2024,台灣民眾黨,law_crime,bill_primary,8,2928,97,54.51666666666667,97,54.51666666666667,complete
fetch-20261006T122600Z-dfc47335,v2.1-f4676a0b,2024,台灣民眾黨,macroeconomy,bill_primary,8,2928,61,36.766666666666666,61,36.766666666666666,complete
fetch-20261006T122600Z-dfc47335,v2.1-f4676a0b,2024,台灣民眾黨,public_lands,bill_primary,8,2928,0,0.0,0,0.0,complete
fetch-20261006T122600Z-dfc47335,v2.1-f4676a0b,2024,台灣民眾黨,social_welfare,bill_primary,8,2928,66,33.46666666666666,66,33.46666666666666,complete
fetch-20261006T122600Z-dfc47335,v2.1-f4676a0b,2024,台灣民眾黨,technology,bill_primary,8,2928,61,34.63333333333333,61,34.63333333333333,complete
fetch-20261006T122600Z-dfc47335,v2.1-f4676a0b,2024,台灣民眾黨,transitional_justice,bill_primary,8,2928,1,1.0,1,1.0,complete
fetch-20261006T122600Z-dfc47335,v2.1-f4676a0b,2024,台灣民眾黨,transportation,bill_primary,8,2928,29,24.1,29,24.1,complete
fetch-20261006T122600Z-dfc47335,v2.1-f4676a0b,2024,台灣民眾黨,unclassified,bill_primary,8,2928,60,60.0,60,60.0,complete
fetch-20261006T122600Z-dfc47335,v2.1-f4676a0b,2024,台灣民眾黨,agriculture,bill_cosign,8,2928,6,5.25,6,5.25,complete
fetch-20261006T122600Z-dfc47335,v2.1-f4676a0b,2024,台灣民眾黨,civil_rights,bill_cosign,8,2928,33,18.166666666666668,33,18.166666666666668,complete
fetch-20261006T122600Z-dfc47335,v2.1-f4676a0b,2024,台灣民眾黨,commerce,bill_cosign,8,2928,14,9.583333333333334,14,9.583333333333334,complete
fetch-20261006T122600Z-dfc47335,v2.1-f4676a0b,2024,台灣民眾黨,cross_strait,bill_cosign,8,2928,0,0.0,0,0.0,complete
fetch-20261006T122600Z-dfc47335,v2.1-f4676a0b,2024,台灣民眾黨,culture,bill_cosign,8,2928,25,16.833333333333332,25,16.833333333333332,complete
fetch-20261006T122600Z-dfc47335,v2.1-f4676a0b,2024,台灣民眾黨,defense,bill_cosign,8,2928,11,5.75,11,5.75,complete
fetch-20261006T122600Z-dfc47335,v2.1-f4676a0b,2024,台灣民眾黨,education,bill_cosign,8,2928,53,35.333333333333336,53,35.333333333333336,complete
fetch-20261006T122600Z-dfc47335,v2.1-f4676a0b,2024,台灣民眾黨,energy,bill_cosign,8,2928,20,11.0,20,11.0,complete
fetch-20261006T122600Z-dfc47335,v2.1-f4676a0b,2024,台灣民眾黨,environment,bill_cosign,8,2928,26,13.333333333333334,26,13.333333333333334,complete
fetch-20261006T122600Z-dfc47335,v2.1-f4676a0b,2024,台灣民眾黨,foreign_trade,bill_cosign,8,2928,2,2.0,2,2.0,complete
fetch-20261006T122600Z-dfc47335,v2.1-f4676a0b,2024,台灣民眾黨,government,bill_cosign,8,2928,28,16.333333333333332,28,16.333333333333332,complete
fetch-20261006T122600Z-dfc47335,v2.1-f4676a0b,2024,台灣民眾黨,health,bill_cosign,8,2928,30,19.416666666666668,30,19.416666666666668,complete
fetch-20261006T122600Z-dfc47335,v2.1-f4676a0b,2024,台灣民眾黨,housing,bill_cosign,8,2928,6,4.333333333333333,6,4.333333333333333,complete
fetch-20261006T122600Z-dfc47335,v2.1-f4676a0b,2024,台灣民眾黨,immigration,bill_cosign,8,2928,3,3.0,3,3.0,complete
fetch-20261006T122600Z-dfc47335,v2.1-f4676a0b,2024,台灣民眾黨,indigenous,bill_cosign,8,2928,41,23.083333333333332,41,23.083333333333332,complete
fetch-20261006T122600Z-dfc47335,v2.1-f4676a0b,2024,台灣民眾黨,international,bill_cosign,8,2928,0,0.0,0,0.0,complete
fetch-20261006T122600Z-dfc47335,v2.1-f4676a0b,2024,台灣民眾黨,labor,bill_cosign,8,2928,66,44.916666666666664,66,44.916666666666664,complete
fetch-20261006T122600Z-dfc47335,v2.1-f4676a0b,2024,台灣民眾黨,law_crime,bill_cosign,8,2928,50,36.33333333333333,50,36.33333333333333,complete
fetch-20261006T122600Z-dfc47335,v2.1-f4676a0b,2024,台灣民眾黨,macroeconomy,bill_cosign,8,2928,48,30.083333333333332,48,30.083333333333332,complete
fetch-20261006T122600Z-dfc47335,v2.1-f4676a0b,2024,台灣民眾黨,public_lands,bill_cosign,8,2928,4,2.3333333333333335,4,2.3333333333333335,complete
fetch-20261006T122600Z-dfc47335,v2.1-f4676a0b,2024,台灣民眾黨,social_welfare,bill_cosign,8,2928,72,43.0,72,43.0,complete
fetch-20261006T122600Z-dfc47335,v2.1-f4676a0b,2024,台灣民眾黨,technology,bill_cosign,8,2928,27,16.083333333333332,27,16.083333333333332,complete
fetch-20261006T122600Z-dfc47335,v2.1-f4676a0b,2024,台灣民眾黨,transitional_justice,bill_cosign,8,2928,3,1.5,3,1.5,complete
fetch-20261006T122600Z-dfc47335,v2.1-f4676a0b,2024,台灣民眾黨,transportation,bill_cosign,8,2928,10,7.333333333333333,10,7.333333333333333,complete
fetch-20261006T122600Z-dfc47335,v2.1-f4676a0b,2024,台灣民眾黨,unclassified,bill_cosign,8,2928,58,58.0,58,58.0,complete
fetch-20261006T122600Z-dfc47335,v2.1-f4676a0b,2024,台灣民眾黨,agriculture,speech,8,2928,91,21.071526727222437,91,21.071526727222437,complete
fetch-20261006T122600Z-dfc47335,v2.1-f4676a0b,2024,台灣民眾黨,civil_rights,speech,8,2928,76,9.64043556382276,76,9.64043556382276,complete
fetch-20261006T122600Z-dfc47335,v2.1-f4676a0b,2024,台灣民眾黨,commerce,speech,8,2928,158,33.29724204028064,158,33.29724204028064,complete
fetch-20261006T122600Z-dfc47335,v2.1-f4676a0b,2024,台灣民眾黨,cross_strait,speech,8,2928,43,5.662738225556066,43,5.662738225556066,complete
fetch-20261006T122600Z-dfc47335,v2.1-f4676a0b,2024,台灣民眾黨,culture,speech,8,2928,103,41.52048463539031,103,41.52048463539031,complete
fetch-20261006T122600Z-dfc47335,v2.1-f4676a0b,2024,台灣民眾黨,defense,speech,8,2928,69,19.47114626109231,69,19.47114626109231,complete
fetch-20261006T122600Z-dfc47335,v2.1-f4676a0b,2024,台灣民眾黨,education,speech,8,2928,163,35.358810462087156,163,35.358810462087156,complete
fetch-20261006T122600Z-dfc47335,v2.1-f4676a0b,2024,台灣民眾黨,energy,speech,8,2928,150,48.541306812994875,150,48.541306812994875,complete
fetch-20261006T122600Z-dfc47335,v2.1-f4676a0b,2024,台灣民眾黨,environment,speech,8,2928,94,20.107308469927414,94,20.107308469927414,complete
fetch-20261006T122600Z-dfc47335,v2.1-f4676a0b,2024,台灣民眾黨,foreign_trade,speech,8,2928,80,10.703383576506887,80,10.703383576506887,complete
fetch-20261006T122600Z-dfc47335,v2.1-f4676a0b,2024,台灣民眾黨,government,speech,8,2928,210,54.47763406769759,210,54.47763406769759,complete
fetch-20261006T122600Z-dfc47335,v2.1-f4676a0b,2024,台灣民眾黨,health,speech,8,2928,180,50.717009320026335,180,50.717009320026335,complete
fetch-20261006T122600Z-dfc47335,v2.1-f4676a0b,2024,台灣民眾黨,housing,speech,8,2928,52,10.388143978429841,52,10.388143978429841,complete
fetch-20261006T122600Z-dfc47335,v2.1-f4676a0b,2024,台灣民眾黨,immigration,speech,8,2928,45,17.177856728761846,45,17.177856728761846,complete
fetch-20261006T122600Z-dfc47335,v2.1-f4676a0b,2024,台灣民眾黨,indigenous,speech,8,2928,46,15.824766985884054,46,15.824766985884054,complete
fetch-20261006T122600Z-dfc47335,v2.1-f4676a0b,2024,台灣民眾黨,international,speech,8,2928,41,8.845261011520053,41,8.845261011520053,complete
fetch-20261006T122600Z-dfc47335,v2.1-f4676a0b,2024,台灣民眾黨,labor,speech,8,2928,201,48.774563541781056,201,48.774563541781056,complete
fetch-20261006T122600Z-dfc47335,v2.1-f4676a0b,2024,台灣民眾黨,law_crime,speech,8,2928,392,120.92628446256309,392,120.92628446256309,complete
fetch-20261006T122600Z-dfc47335,v2.1-f4676a0b,2024,台灣民眾黨,macroeconomy,speech,8,2928,126,26.531427644122335,126,26.531427644122335,complete
fetch-20261006T122600Z-dfc47335,v2.1-f4676a0b,2024,台灣民眾黨,public_lands,speech,8,2928,50,8.798103792884646,50,8.798103792884646,complete
fetch-20261006T122600Z-dfc47335,v2.1-f4676a0b,2024,台灣民眾黨,social_welfare,speech,8,2928,118,25.38915634484625,118,25.38915634484625,complete
fetch-20261006T122600Z-dfc47335,v2.1-f4676a0b,2024,台灣民眾黨,technology,speech,8,2928,200,47.40760841187185,200,47.40760841187185,complete
fetch-20261006T122600Z-dfc47335,v2.1-f4676a0b,2024,台灣民眾黨,transitional_justice,speech,8,2928,3,0.2699379918067941,3,0.2699379918067941,complete
fetch-20261006T122600Z-dfc47335,v2.1-f4676a0b,2024,台灣民眾黨,transportation,speech,8,2928,106,28.441550976635,106,28.441550976635,complete
fetch-20261006T122600Z-dfc47335,v2.1-f4676a0b,2024,台灣民眾黨,unclassified,speech,8,2928,820,419.6563119662884,820,419.6563119662884,complete
fetch-20261006T122600Z-dfc47335,v2.1-f4676a0b,2024,台灣民眾黨,agriculture,written_question,8,2928,0,0.0,0,0.0,complete
fetch-20261006T122600Z-dfc47335,v2.1-f4676a0b,2024,台灣民眾黨,civil_rights,written_question,8,2928,0,0.0,0,0.0,complete
fetch-20261006T122600Z-dfc47335,v2.1-f4676a0b,2024,台灣民眾黨,commerce,written_question,8,2928,0,0.0,0,0.0,complete
fetch-20261006T122600Z-dfc47335,v2.1-f4676a0b,2024,台灣民眾黨,cross_strait,written_question,8,2928,0,0.0,0,0.0,complete
fetch-20261006T122600Z-dfc47335,v2.1-f4676a0b,2024,台灣民眾黨,culture,written_question,8,2928,0,0.0,0,0.0,complete
fetch-20261006T122600Z-dfc47335,v2.1-f4676a0b,2024,台灣民眾黨,defense,written_question,8,2928,0,0.0,0,0.0,complete
fetch-20261006T122600Z-dfc47335,v2.1-f4676a0b,2024,台灣民眾黨,education,written_question,8,2928,0,0.0,0,0.0,complete
fetch-20261006T122600Z-dfc47335,v2.1-f4676a0b,2024,台灣民眾黨,energy,written_question,8,2928,0,0.0,0,0.0,complete
fetch-20261006T122600Z-dfc47335,v2.1-f4676a0b,2024,台灣民眾黨,environment,written_question,8,2928,0,0.0,0,0.0,complete
fetch-20261006T122600Z-dfc47335,v2.1-f4676a0b,2024,台灣民眾黨,foreign_trade,written_question,8,2928,0,0.0,0,0.0,complete
fetch-20261006T122600Z-dfc47335,v2.1-f4676a0b,2024,台灣民眾黨,government,written_question,8,2928,0,0.0,0,0.0,complete
fetch-20261006T122600Z-dfc47335,v2.1-f4676a0b,2024,台灣民眾黨,health,written_question,8,2928,0,0.0,0,0.0,complete
fetch-20261006T122600Z-dfc47335,v2.1-f4676a0b,2024,台灣民眾黨,housing,written_question,8,2928,0,0.0,0,0.0,complete
fetch-20261006T122600Z-dfc47335,v2.1-f4676a0b,2024,台灣民眾黨,immigration,written_question,8,2928,0,0.0,0,0.0,complete
fetch-20261006T122600Z-dfc47335,v2.1-f4676a0b,2024,台灣民眾黨,indigenous,written_question,8,2928,0,0.0,0,0.0,complete
fetch-20261006T122600Z-dfc47335,v2.1-f4676a0b,2024,台灣民眾黨,international,written_question,8,2928,0,0.0,0,0.0,complete
fetch-20261006T122600Z-dfc47335,v2.1-f4676a0b,2024,台灣民眾黨,labor,written_question,8,2928,0,0.0,0,0.0,complete
fetch-20261006T122600Z-dfc47335,v2.1-f4676a0b,2024,台灣民眾黨,law_crime,written_question,8,2928,0,0.0,0,0.0,complete
fetch-20261006T122600Z-dfc47335,v2.1-f4676a0b,2024,台灣民眾黨,macroeconomy,written_question,8,2928,0,0.0,0,0.0,complete
fetch-20261006T122600Z-dfc47335,v2.1-f4676a0b,2024,台灣民眾黨,public_lands,written_question,8,2928,0,0.0,0,0.0,complete
fetch-20261006T122600Z-dfc47335,v2.1-f4676a0b,2024,台灣民眾黨,social_welfare,written_question,8,2928,0,0.0,0,0.0,complete
fetch-20261006T122600Z-dfc47335,v2.1-f4676a0b,2024,台灣民眾黨,technology,written_question,8,2928,0,0.0,0,0.0,complete
fetch-20261006T122600Z-dfc47335,v2.1-f4676a0b,2024,台灣民眾黨,transitional_justice,written_question,8,2928,0,0.0,0,0.0,complete
fetch-20261006T122600Z-dfc47335,v2.1-f4676a0b,2024,台灣民眾黨,transportation,written_question,8,2928,0,0.0,0,0.0,complete
fetch-20261006T122600Z-dfc47335,v2.1-f4676a0b,2024,台灣民眾黨,unclassified,written_question,8,2928,0,0.0,0,0.0,complete
fetch-20261006T122600Z-dfc47335,v2.1-f4676a0b,2025,台灣民眾黨,agriculture,bill_primary,9,2905,6,6.0,6,6.0,complete
fetch-20261006T122600Z-dfc47335,v2.1-f4676a0b,2025,台灣民眾黨,civil_rights,bill_primary,9,2905,14,6.333333333333333,14,6.333333333333333,complete
fetch-20261006T122600Z-dfc47335,v2.1-f4676a0b,2025,台灣民眾黨,commerce,bill_primary,9,2905,17,11.666666666666666,17,11.666666666666666,complete
fetch-20261006T122600Z-dfc47335,v2.1-f4676a0b,2025,台灣民眾黨,cross_strait,bill_primary,9,2905,2,0.5,2,0.5,complete
fetch-20261006T122600Z-dfc47335,v2.1-f4676a0b,2025,台灣民眾黨,culture,bill_primary,9,2905,12,11.333333333333334,12,11.333333333333334,complete
fetch-20261006T122600Z-dfc47335,v2.1-f4676a0b,2025,台灣民眾黨,defense,bill_primary,9,2905,5,2.3333333333333335,5,2.3333333333333335,complete
fetch-20261006T122600Z-dfc47335,v2.1-f4676a0b,2025,台灣民眾黨,education,bill_primary,9,2905,26,13.75,26,13.75,complete
fetch-20261006T122600Z-dfc47335,v2.1-f4676a0b,2025,台灣民眾黨,energy,bill_primary,9,2905,15,7.5,15,7.5,complete
fetch-20261006T122600Z-dfc47335,v2.1-f4676a0b,2025,台灣民眾黨,environment,bill_primary,9,2905,18,6.333333333333333,18,6.333333333333333,complete
fetch-20261006T122600Z-dfc47335,v2.1-f4676a0b,2025,台灣民眾黨,foreign_trade,bill_primary,9,2905,9,8.333333333333334,9,8.333333333333334,complete
fetch-20261006T122600Z-dfc47335,v2.1-f4676a0b,2025,台灣民眾黨,government,bill_primary,9,2905,37,22.666666666666668,37,22.666666666666668,complete
fetch-20261006T122600Z-dfc47335,v2.1-f4676a0b,2025,台灣民眾黨,health,bill_primary,9,2905,10,5.5,10,5.5,complete
fetch-20261006T122600Z-dfc47335,v2.1-f4676a0b,2025,台灣民眾黨,housing,bill_primary,9,2905,0,0.0,0,0.0,complete
fetch-20261006T122600Z-dfc47335,v2.1-f4676a0b,2025,台灣民眾黨,immigration,bill_primary,9,2905,12,8.0,12,8.0,complete
fetch-20261006T122600Z-dfc47335,v2.1-f4676a0b,2025,台灣民眾黨,indigenous,bill_primary,9,2905,0,0.0,0,0.0,complete
fetch-20261006T122600Z-dfc47335,v2.1-f4676a0b,2025,台灣民眾黨,international,bill_primary,9,2905,2,0.6666666666666666,2,0.6666666666666666,complete
fetch-20261006T122600Z-dfc47335,v2.1-f4676a0b,2025,台灣民眾黨,labor,bill_primary,9,2905,19,12.333333333333332,19,12.333333333333332,complete
fetch-20261006T122600Z-dfc47335,v2.1-f4676a0b,2025,台灣民眾黨,law_crime,bill_primary,9,2905,45,32.75,45,32.75,complete
fetch-20261006T122600Z-dfc47335,v2.1-f4676a0b,2025,台灣民眾黨,macroeconomy,bill_primary,9,2905,30,14.75,30,14.75,complete
fetch-20261006T122600Z-dfc47335,v2.1-f4676a0b,2025,台灣民眾黨,public_lands,bill_primary,9,2905,4,1.8333333333333333,4,1.8333333333333333,complete
fetch-20261006T122600Z-dfc47335,v2.1-f4676a0b,2025,台灣民眾黨,social_welfare,bill_primary,9,2905,20,11.083333333333334,20,11.083333333333334,complete
fetch-20261006T122600Z-dfc47335,v2.1-f4676a0b,2025,台灣民眾黨,technology,bill_primary,9,2905,7,5.166666666666666,7,5.166666666666666,complete
fetch-20261006T122600Z-dfc47335,v2.1-f4676a0b,2025,台灣民眾黨,transitional_justice,bill_primary,9,2905,0,0.0,0,0.0,complete
fetch-20261006T122600Z-dfc47335,v2.1-f4676a0b,2025,台灣民眾黨,transportation,bill_primary,9,2905,20,10.166666666666668,20,10.166666666666668,complete
fetch-20261006T122600Z-dfc47335,v2.1-f4676a0b,2025,台灣民眾黨,unclassified,bill_primary,9,2905,25,25.0,25,25.0,complete
fetch-20261006T122600Z-dfc47335,v2.1-f4676a0b,2025,台灣民眾黨,agriculture,bill_cosign,9,2905,15,8.083333333333334,15,8.083333333333334,complete
fetch-20261006T122600Z-dfc47335,v2.1-f4676a0b,2025,台灣民眾黨,civil_rights,bill_cosign,9,2905,31,15.116666666666665,31,15.116666666666665,complete
fetch-20261006T122600Z-dfc47335,v2.1-f4676a0b,2025,台灣民眾黨,commerce,bill_cosign,9,2905,15,8.916666666666666,15,8.916666666666666,complete
fetch-20261006T122600Z-dfc47335,v2.1-f4676a0b,2025,台灣民眾黨,cross_strait,bill_cosign,9,2905,0,0.0,0,0.0,complete
fetch-20261006T122600Z-dfc47335,v2.1-f4676a0b,2025,台灣民眾黨,culture,bill_cosign,9,2905,15,9.0,15,9.0,complete
fetch-20261006T122600Z-dfc47335,v2.1-f4676a0b,2025,台灣民眾黨,defense,bill_cosign,9,2905,3,2.5,3,2.5,complete
fetch-20261006T122600Z-dfc47335,v2.1-f4676a0b,2025,台灣民眾黨,education,bill_cosign,9,2905,37,26.616666666666667,37,26.616666666666667,complete
fetch-20261006T122600Z-dfc47335,v2.1-f4676a0b,2025,台灣民眾黨,energy,bill_cosign,9,2905,24,15.083333333333334,24,15.083333333333334,complete
fetch-20261006T122600Z-dfc47335,v2.1-f4676a0b,2025,台灣民眾黨,environment,bill_cosign,9,2905,30,16.75,30,16.75,complete
fetch-20261006T122600Z-dfc47335,v2.1-f4676a0b,2025,台灣民眾黨,foreign_trade,bill_cosign,9,2905,10,8.0,10,8.0,complete
fetch-20261006T122600Z-dfc47335,v2.1-f4676a0b,2025,台灣民眾黨,government,bill_cosign,9,2905,23,13.5,23,13.5,complete
fetch-20261006T122600Z-dfc47335,v2.1-f4676a0b,2025,台灣民眾黨,health,bill_cosign,9,2905,39,22.616666666666667,39,22.616666666666667,complete
fetch-20261006T122600Z-dfc47335,v2.1-f4676a0b,2025,台灣民眾黨,housing,bill_cosign,9,2905,11,7.0,11,7.0,complete
fetch-20261006T122600Z-dfc47335,v2.1-f4676a0b,2025,台灣民眾黨,immigration,bill_cosign,9,2905,5,4.333333333333333,5,4.333333333333333,complete
fetch-20261006T122600Z-dfc47335,v2.1-f4676a0b,2025,台灣民眾黨,indigenous,bill_cosign,9,2905,31,17.416666666666668,31,17.416666666666668,complete
fetch-20261006T122600Z-dfc47335,v2.1-f4676a0b,2025,台灣民眾黨,international,bill_cosign,9,2905,0,0.0,0,0.0,complete
fetch-20261006T122600Z-dfc47335,v2.1-f4676a0b,2025,台灣民眾黨,labor,bill_cosign,9,2905,50,35.28333333333333,50,35.28333333333333,complete
fetch-20261006T122600Z-dfc47335,v2.1-f4676a0b,2025,台灣民眾黨,law_crime,bill_cosign,9,2905,34,24.5,34,24.5,complete
fetch-20261006T122600Z-dfc47335,v2.1-f4676a0b,2025,台灣民眾黨,macroeconomy,bill_cosign,9,2905,31,18.5,31,18.5,complete
fetch-20261006T122600Z-dfc47335,v2.1-f4676a0b,2025,台灣民眾黨,public_lands,bill_cosign,9,2905,13,10.916666666666666,13,10.916666666666666,complete
fetch-20261006T122600Z-dfc47335,v2.1-f4676a0b,2025,台灣民眾黨,social_welfare,bill_cosign,9,2905,68,34.86666666666667,68,34.86666666666667,complete
fetch-20261006T122600Z-dfc47335,v2.1-f4676a0b,2025,台灣民眾黨,technology,bill_cosign,9,2905,19,13.0,19,13.0,complete
fetch-20261006T122600Z-dfc47335,v2.1-f4676a0b,2025,台灣民眾黨,transitional_justice,bill_cosign,9,2905,1,0.5,1,0.5,complete
fetch-20261006T122600Z-dfc47335,v2.1-f4676a0b,2025,台灣民眾黨,transportation,bill_cosign,9,2905,42,28.5,42,28.5,complete
fetch-20261006T122600Z-dfc47335,v2.1-f4676a0b,2025,台灣民眾黨,unclassified,bill_cosign,9,2905,65,65.0,65,65.0,complete
fetch-20261006T122600Z-dfc47335,v2.1-f4676a0b,2025,台灣民眾黨,agriculture,speech,9,2905,70,11.720149227962418,70,11.720149227962418,complete
fetch-20261006T122600Z-dfc47335,v2.1-f4676a0b,2025,台灣民眾黨,civil_rights,speech,9,2905,79,10.904807255307924,79,10.904807255307924,complete
fetch-20261006T122600Z-dfc47335,v2.1-f4676a0b,2025,台灣民眾黨,commerce,speech,9,2905,95,19.39358226129632,95,19.39358226129632,complete
fetch-20261006T122600Z-dfc47335,v2.1-f4676a0b,2025,台灣民眾黨,cross_strait,speech,9,2905,45,8.302838886505848,45,8.302838886505848,complete
fetch-20261006T122600Z-dfc47335,v2.1-f4676a0b,2025,台灣民眾黨,culture,speech,9,2905,57,16.382950492258715,57,16.382950492258715,complete
fetch-20261006T122600Z-dfc47335,v2.1-f4676a0b,2025,台灣民眾黨,defense,speech,9,2905,95,27.871093889931185,95,27.871093889931185,complete
fetch-20261006T122600Z-dfc47335,v2.1-f4676a0b,2025,台灣民眾黨,education,speech,9,2905,143,34.51960260284024,143,34.51960260284024,complete
fetch-20261006T122600Z-dfc47335,v2.1-f4676a0b,2025,台灣民眾黨,energy,speech,9,2905,175,55.051783113663724,175,55.051783113663724,complete
fetch-20261006T122600Z-dfc47335,v2.1-f4676a0b,2025,台灣民眾黨,environment,speech,9,2905,132,31.149417239864462,132,31.149417239864462,complete
fetch-20261006T122600Z-dfc47335,v2.1-f4676a0b,2025,台灣民眾黨,foreign_trade,speech,9,2905,82,16.79765527394882,82,16.79765527394882,complete
fetch-20261006T122600Z-dfc47335,v2.1-f4676a0b,2025,台灣民眾黨,government,speech,9,2905,251,73.34765940111309,251,73.34765940111309,complete
fetch-20261006T122600Z-dfc47335,v2.1-f4676a0b,2025,台灣民眾黨,health,speech,9,2905,136,39.36833914446134,136,39.36833914446134,complete
fetch-20261006T122600Z-dfc47335,v2.1-f4676a0b,2025,台灣民眾黨,housing,speech,9,2905,52,17.956840753986643,52,17.956840753986643,complete
fetch-20261006T122600Z-dfc47335,v2.1-f4676a0b,2025,台灣民眾黨,immigration,speech,9,2905,63,22.82126183515155,63,22.82126183515155,complete
fetch-20261006T122600Z-dfc47335,v2.1-f4676a0b,2025,台灣民眾黨,indigenous,speech,9,2905,19,4.220428252057436,19,4.220428252057436,complete
fetch-20261006T122600Z-dfc47335,v2.1-f4676a0b,2025,台灣民眾黨,international,speech,9,2905,51,9.187040055541614,51,9.187040055541614,complete
fetch-20261006T122600Z-dfc47335,v2.1-f4676a0b,2025,台灣民眾黨,labor,speech,9,2905,139,39.862004910882085,139,39.862004910882085,complete
fetch-20261006T122600Z-dfc47335,v2.1-f4676a0b,2025,台灣民眾黨,law_crime,speech,9,2905,308,102.54697110042477,308,102.54697110042477,complete
fetch-20261006T122600Z-dfc47335,v2.1-f4676a0b,2025,台灣民眾黨,macroeconomy,speech,9,2905,108,25.127761102071993,108,25.127761102071993,complete
fetch-20261006T122600Z-dfc47335,v2.1-f4676a0b,2025,台灣民眾黨,public_lands,speech,9,2905,69,14.191539721908338,69,14.191539721908338,complete
fetch-20261006T122600Z-dfc47335,v2.1-f4676a0b,2025,台灣民眾黨,social_welfare,speech,9,2905,91,18.970431778704445,91,18.970431778704445,complete
fetch-20261006T122600Z-dfc47335,v2.1-f4676a0b,2025,台灣民眾黨,technology,speech,9,2905,176,45.376934832460314,176,45.376934832460314,complete
fetch-20261006T122600Z-dfc47335,v2.1-f4676a0b,2025,台灣民眾黨,transitional_justice,speech,9,2905,4,1.431777626650244,4,1.431777626650244,complete
fetch-20261006T122600Z-dfc47335,v2.1-f4676a0b,2025,台灣民眾黨,transportation,speech,9,2905,88,24.104313407915914,88,24.104313407915914,complete
fetch-20261006T122600Z-dfc47335,v2.1-f4676a0b,2025,台灣民眾黨,unclassified,speech,9,2905,781,418.3928158330906,781,418.3928158330906,complete
fetch-20261006T122600Z-dfc47335,v2.1-f4676a0b,2025,台灣民眾黨,agriculture,written_question,9,2905,0,0.0,0,0.0,complete
fetch-20261006T122600Z-dfc47335,v2.1-f4676a0b,2025,台灣民眾黨,civil_rights,written_question,9,2905,0,0.0,0,0.0,complete
fetch-20261006T122600Z-dfc47335,v2.1-f4676a0b,2025,台灣民眾黨,commerce,written_question,9,2905,0,0.0,0,0.0,complete
fetch-20261006T122600Z-dfc47335,v2.1-f4676a0b,2025,台灣民眾黨,cross_strait,written_question,9,2905,0,0.0,0,0.0,complete
fetch-20261006T122600Z-dfc47335,v2.1-f4676a0b,2025,台灣民眾黨,culture,written_question,9,2905,0,0.0,0,0.0,complete
fetch-20261006T122600Z-dfc47335,v2.1-f4676a0b,2025,台灣民眾黨,defense,written_question,9,2905,0,0.0,0,0.0,complete
fetch-20261006T122600Z-dfc47335,v2.1-f4676a0b,2025,台灣民眾黨,education,written_question,9,2905,0,0.0,0,0.0,complete
fetch-20261006T122600Z-dfc47335,v2.1-f4676a0b,2025,台灣民眾黨,energy,written_question,9,2905,0,0.0,0,0.0,complete
fetch-20261006T122600Z-dfc47335,v2.1-f4676a0b,2025,台灣民眾黨,environment,written_question,9,2905,0,0.0,0,0.0,complete
fetch-20261006T122600Z-dfc47335,v2.1-f4676a0b,2025,台灣民眾黨,foreign_trade,written_question,9,2905,0,0.0,0,0.0,complete
fetch-20261006T122600Z-dfc47335,v2.1-f4676a0b,2025,台灣民眾黨,government,written_question,9,2905,0,0.0,0,0.0,complete
fetch-20261006T122600Z-dfc47335,v2.1-f4676a0b,2025,台灣民眾黨,health,written_question,9,2905,0,0.0,0,0.0,complete
fetch-20261006T122600Z-dfc47335,v2.1-f4676a0b,2025,台灣民眾黨,housing,written_question,9,2905,0,0.0,0,0.0,complete
fetch-20261006T122600Z-dfc47335,v2.1-f4676a0b,2025,台灣民眾黨,immigration,written_question,9,2905,0,0.0,0,0.0,complete
fetch-20261006T122600Z-dfc47335,v2.1-f4676a0b,2025,台灣民眾黨,indigenous,written_question,9,2905,0,0.0,0,0.0,complete
fetch-20261006T122600Z-dfc47335,v2.1-f4676a0b,2025,台灣民眾黨,international,written_question,9,2905,0,0.0,0,0.0,complete
fetch-20261006T122600Z-dfc47335,v2.1-f4676a0b,2025,台灣民眾黨,labor,written_question,9,2905,0,0.0,0,0.0,complete
fetch-20261006T122600Z-dfc47335,v2.1-f4676a0b,2025,台灣民眾黨,law_crime,written_question,9,2905,0,0.0,0,0.0,complete
fetch-20261006T122600Z-dfc47335,v2.1-f4676a0b,2025,台灣民眾黨,macroeconomy,written_question,9,2905,0,0.0,0,0.0,complete
fetch-20261006T122600Z-dfc47335,v2.1-f4676a0b,2025,台灣民眾黨,public_lands,written_question,9,2905,0,0.0,0,0.0,complete
fetch-20261006T122600Z-dfc47335,v2.1-f4676a0b,2025,台灣民眾黨,social_welfare,written_question,9,2905,0,0.0,0,0.0,complete
fetch-20261006T122600Z-dfc47335,v2.1-f4676a0b,2025,台灣民眾黨,technology,written_question,9,2905,0,0.0,0,0.0,complete
fetch-20261006T122600Z-dfc47335,v2.1-f4676a0b,2025,台灣民眾黨,transitional_justice,written_question,9,2905,0,0.0,0,0.0,complete
fetch-20261006T122600Z-dfc47335,v2.1-f4676a0b,2025,台灣民眾黨,transportation,written_question,9,2905,0,0.0,0,0.0,complete
fetch-20261006T122600Z-dfc47335,v2.1-f4676a0b,2025,台灣民眾黨,unclassified,written_question,9,2905,0,0.0,0,0.0,complete
fetch-20261006T122600Z-dfc47335,v2.1-f4676a0b,2016,無黨籍,agriculture,bill_primary,1,366,1,0.5,1,0.5,complete
fetch-20261006T122600Z-dfc47335,v2.1-f4676a0b,2016,無黨籍,civil_rights,bill_primary,1,366,1,0.3333333333333333,1,0.3333333333333333,complete
fetch-20261006T122600Z-dfc47335,v2.1-f4676a0b,2016,無黨籍,commerce,bill_primary,1,366,0,0.0,0,0.0,complete
fetch-20261006T122600Z-dfc47335,v2.1-f4676a0b,2016,無黨籍,cross_strait,bill_primary,1,366,0,0.0,0,0.0,complete
fetch-20261006T122600Z-dfc47335,v2.1-f4676a0b,2016,無黨籍,culture,bill_primary,1,366,0,0.0,0,0.0,complete
fetch-20261006T122600Z-dfc47335,v2.1-f4676a0b,2016,無黨籍,defense,bill_primary,1,366,2,1.5,2,1.5,complete
fetch-20261006T122600Z-dfc47335,v2.1-f4676a0b,2016,無黨籍,education,bill_primary,1,366,0,0.0,0,0.0,complete
fetch-20261006T122600Z-dfc47335,v2.1-f4676a0b,2016,無黨籍,energy,bill_primary,1,366,1,1.0,1,1.0,complete
fetch-20261006T122600Z-dfc47335,v2.1-f4676a0b,2016,無黨籍,environment,bill_primary,1,366,0,0.0,0,0.0,complete
fetch-20261006T122600Z-dfc47335,v2.1-f4676a0b,2016,無黨籍,foreign_trade,bill_primary,1,366,0,0.0,0,0.0,complete
fetch-20261006T122600Z-dfc47335,v2.1-f4676a0b,2016,無黨籍,government,bill_primary,1,366,1,0.5,1,0.5,complete
fetch-20261006T122600Z-dfc47335,v2.1-f4676a0b,2016,無黨籍,health,bill_primary,1,366,1,0.5,1,0.5,complete
fetch-20261006T122600Z-dfc47335,v2.1-f4676a0b,2016,無黨籍,housing,bill_primary,1,366,0,0.0,0,0.0,complete
fetch-20261006T122600Z-dfc47335,v2.1-f4676a0b,2016,無黨籍,immigration,bill_primary,1,366,0,0.0,0,0.0,complete
fetch-20261006T122600Z-dfc47335,v2.1-f4676a0b,2016,無黨籍,indigenous,bill_primary,1,366,0,0.0,0,0.0,complete
fetch-20261006T122600Z-dfc47335,v2.1-f4676a0b,2016,無黨籍,international,bill_primary,1,366,0,0.0,0,0.0,complete
fetch-20261006T122600Z-dfc47335,v2.1-f4676a0b,2016,無黨籍,labor,bill_primary,1,366,2,1.5,2,1.5,complete
fetch-20261006T122600Z-dfc47335,v2.1-f4676a0b,2016,無黨籍,law_crime,bill_primary,1,366,3,1.5,3,1.5,complete
fetch-20261006T122600Z-dfc47335,v2.1-f4676a0b,2016,無黨籍,macroeconomy,bill_primary,1,366,0,0.0,0,0.0,complete
fetch-20261006T122600Z-dfc47335,v2.1-f4676a0b,2016,無黨籍,public_lands,bill_primary,1,366,1,1.0,1,1.0,complete
fetch-20261006T122600Z-dfc47335,v2.1-f4676a0b,2016,無黨籍,social_welfare,bill_primary,1,366,0,0.0,0,0.0,complete
fetch-20261006T122600Z-dfc47335,v2.1-f4676a0b,2016,無黨籍,technology,bill_primary,1,366,3,1.8333333333333333,3,1.8333333333333333,complete
fetch-20261006T122600Z-dfc47335,v2.1-f4676a0b,2016,無黨籍,transitional_justice,bill_primary,1,366,0,0.0,0,0.0,complete
fetch-20261006T122600Z-dfc47335,v2.1-f4676a0b,2016,無黨籍,transportation,bill_primary,1,366,12,10.833333333333332,12,10.833333333333332,complete
fetch-20261006T122600Z-dfc47335,v2.1-f4676a0b,2016,無黨籍,unclassified,bill_primary,1,366,3,3.0,3,3.0,complete
fetch-20261006T122600Z-dfc47335,v2.1-f4676a0b,2016,無黨籍,agriculture,bill_cosign,1,366,8,5.033333333333333,8,5.033333333333333,complete
fetch-20261006T122600Z-dfc47335,v2.1-f4676a0b,2016,無黨籍,civil_rights,bill_cosign,1,366,14,8.666666666666666,14,8.666666666666666,complete
fetch-20261006T122600Z-dfc47335,v2.1-f4676a0b,2016,無黨籍,commerce,bill_cosign,1,366,16,8.2,16,8.2,complete
fetch-20261006T122600Z-dfc47335,v2.1-f4676a0b,2016,無黨籍,cross_strait,bill_cosign,1,366,2,2.0,2,2.0,complete
fetch-20261006T122600Z-dfc47335,v2.1-f4676a0b,2016,無黨籍,culture,bill_cosign,1,366,16,12.083333333333332,16,12.083333333333332,complete
fetch-20261006T122600Z-dfc47335,v2.1-f4676a0b,2016,無黨籍,defense,bill_cosign,1,366,3,3.0,3,3.0,complete
fetch-20261006T122600Z-dfc47335,v2.1-f4676a0b,2016,無黨籍,education,bill_cosign,1,366,25,21.0,25,21.0,complete
fetch-20261006T122600Z-dfc47335,v2.1-f4676a0b,2016,無黨籍,energy,bill_cosign,1,366,2,1.5,2,1.5,complete
fetch-20261006T122600Z-dfc47335,v2.1-f4676a0b,2016,無黨籍,environment,bill_cosign,1,366,11,6.783333333333333,11,6.783333333333333,complete
fetch-20261006T122600Z-dfc47335,v2.1-f4676a0b,2016,無黨籍,foreign_trade,bill_cosign,1,366,1,1.0,1,1.0,complete
fetch-20261006T122600Z-dfc47335,v2.1-f4676a0b,2016,無黨籍,government,bill_cosign,1,366,35,25.866666666666664,35,25.866666666666664,complete
fetch-20261006T122600Z-dfc47335,v2.1-f4676a0b,2016,無黨籍,health,bill_cosign,1,366,13,9.833333333333334,13,9.833333333333334,complete
fetch-20261006T122600Z-dfc47335,v2.1-f4676a0b,2016,無黨籍,housing,bill_cosign,1,366,3,3.0,3,3.0,complete
fetch-20261006T122600Z-dfc47335,v2.1-f4676a0b,2016,無黨籍,immigration,bill_cosign,1,366,4,3.0,4,3.0,complete
fetch-20261006T122600Z-dfc47335,v2.1-f4676a0b,2016,無黨籍,indigenous,bill_cosign,1,366,6,3.083333333333333,6,3.083333333333333,complete
fetch-20261006T122600Z-dfc47335,v2.1-f4676a0b,2016,無黨籍,international,bill_cosign,1,366,1,0.5,1,0.5,complete
fetch-20261006T122600Z-dfc47335,v2.1-f4676a0b,2016,無黨籍,labor,bill_cosign,1,366,21,15.166666666666666,21,15.166666666666666,complete
fetch-20261006T122600Z-dfc47335,v2.1-f4676a0b,2016,無黨籍,law_crime,bill_cosign,1,366,47,33.75,47,33.75,complete
fetch-20261006T122600Z-dfc47335,v2.1-f4676a0b,2016,無黨籍,macroeconomy,bill_cosign,1,366,8,6.7,8,6.7,complete
fetch-20261006T122600Z-dfc47335,v2.1-f4676a0b,2016,無黨籍,public_lands,bill_cosign,1,366,4,3.5,4,3.5,complete
fetch-20261006T122600Z-dfc47335,v2.1-f4676a0b,2016,無黨籍,social_welfare,bill_cosign,1,366,5,2.833333333333333,5,2.833333333333333,complete
fetch-20261006T122600Z-dfc47335,v2.1-f4676a0b,2016,無黨籍,technology,bill_cosign,1,366,5,3.0,5,3.0,complete
fetch-20261006T122600Z-dfc47335,v2.1-f4676a0b,2016,無黨籍,transitional_justice,bill_cosign,1,366,1,0.5,1,0.5,complete
fetch-20261006T122600Z-dfc47335,v2.1-f4676a0b,2016,無黨籍,transportation,bill_cosign,1,366,20,18.0,20,18.0,complete
fetch-20261006T122600Z-dfc47335,v2.1-f4676a0b,2016,無黨籍,unclassified,bill_cosign,1,366,57,57.0,57,57.0,complete
fetch-20261006T122600Z-dfc47335,v2.1-f4676a0b,2016,無黨籍,agriculture,speech,1,366,1,0.12816091954022987,1,0.12816091954022987,complete
fetch-20261006T122600Z-dfc47335,v2.1-f4676a0b,2016,無黨籍,civil_rights,speech,1,366,2,0.19177155691236195,2,0.19177155691236195,complete
fetch-20261006T122600Z-dfc47335,v2.1-f4676a0b,2016,無黨籍,commerce,speech,1,366,14,2.3209828110697734,14,2.3209828110697734,complete
fetch-20261006T122600Z-dfc47335,v2.1-f4676a0b,2016,無黨籍,cross_strait,speech,1,366,3,0.35043498732909284,3,0.35043498732909284,complete
fetch-20261006T122600Z-dfc47335,v2.1-f4676a0b,2016,無黨籍,culture,speech,1,366,3,0.3113973891736705,3,0.3113973891736705,complete
fetch-20261006T122600Z-dfc47335,v2.1-f4676a0b,2016,無黨籍,defense,speech,1,366,7,1.9030586559392708,7,1.9030586559392708,complete
fetch-20261006T122600Z-dfc47335,v2.1-f4676a0b,2016,無黨籍,education,speech,1,366,4,0.5802970741257036,4,0.5802970741257036,complete
fetch-20261006T122600Z-dfc47335,v2.1-f4676a0b,2016,無黨籍,energy,speech,1,366,3,0.16263351199915518,3,0.16263351199915518,complete
fetch-20261006T122600Z-dfc47335,v2.1-f4676a0b,2016,無黨籍,environment,speech,1,366,3,0.27594153150598705,3,0.27594153150598705,complete
fetch-20261006T122600Z-dfc47335,v2.1-f4676a0b,2016,無黨籍,foreign_trade,speech,1,366,1,0.05456919060052219,1,0.05456919060052219,complete
fetch-20261006T122600Z-dfc47335,v2.1-f4676a0b,2016,無黨籍,government,speech,1,366,7,1.2845798576281175,7,1.2845798576281175,complete
fetch-20261006T122600Z-dfc47335,v2.1-f4676a0b,2016,無黨籍,health,speech,1,366,3,0.1770136984445252,3,0.1770136984445252,complete
fetch-20261006T122600Z-dfc47335,v2.1-f4676a0b,2016,無黨籍,housing,speech,1,366,3,0.3592729835900554,3,0.3592729835900554,complete
fetch-20261006T122600Z-dfc47335,v2.1-f4676a0b,2016,無黨籍,immigration,speech,1,366,0,0.0,0,0.0,complete
fetch-20261006T122600Z-dfc47335,v2.1-f4676a0b,2016,無黨籍,indigenous,speech,1,366,1,0.10998774509803921,1,0.10998774509803921,complete
fetch-20261006T122600Z-dfc47335,v2.1-f4676a0b,2016,無黨籍,international,speech,1,366,1,0.034287257019438445,1,0.034287257019438445,complete
fetch-20261006T122600Z-dfc47335,v2.1-f4676a0b,2016,無黨籍,labor,speech,1,366,4,0.20427692286607602,4,0.20427692286607602,complete
fetch-20261006T122600Z-dfc47335,v2.1-f4676a0b,2016,無黨籍,law_crime,speech,1,366,5,0.41392615690932555,5,0.41392615690932555,complete
fetch-20261006T122600Z-dfc47335,v2.1-f4676a0b,2016,無黨籍,macroeconomy,speech,1,366,2,0.14042721111793688,2,0.14042721111793688,complete
fetch-20261006T122600Z-dfc47335,v2.1-f4676a0b,2016,無黨籍,public_lands,speech,1,366,13,2.026473655701596,13,2.026473655701596,complete
fetch-20261006T122600Z-dfc47335,v2.1-f4676a0b,2016,無黨籍,social_welfare,speech,1,366,3,0.16764412337994894,3,0.16764412337994894,complete
fetch-20261006T122600Z-dfc47335,v2.1-f4676a0b,2016,無黨籍,technology,speech,1,366,6,1.1111987682220212,6,1.1111987682220212,complete
fetch-20261006T122600Z-dfc47335,v2.1-f4676a0b,2016,無黨籍,transitional_justice,speech,1,366,0,0.0,0,0.0,complete
fetch-20261006T122600Z-dfc47335,v2.1-f4676a0b,2016,無黨籍,transportation,speech,1,366,56,33.47665401019379,56,33.47665401019379,complete
fetch-20261006T122600Z-dfc47335,v2.1-f4676a0b,2016,無黨籍,unclassified,speech,1,366,45,21.21500998163336,45,21.21500998163336,complete
fetch-20261006T122600Z-dfc47335,v2.1-f4676a0b,2016,無黨籍,agriculture,written_question,1,366,0,0.0,0,0.0,complete
fetch-20261006T122600Z-dfc47335,v2.1-f4676a0b,2016,無黨籍,civil_rights,written_question,1,366,0,0.0,0,0.0,complete
fetch-20261006T122600Z-dfc47335,v2.1-f4676a0b,2016,無黨籍,commerce,written_question,1,366,1,0.5,1,0.5,complete
fetch-20261006T122600Z-dfc47335,v2.1-f4676a0b,2016,無黨籍,cross_strait,written_question,1,366,0,0.0,0,0.0,complete
fetch-20261006T122600Z-dfc47335,v2.1-f4676a0b,2016,無黨籍,culture,written_question,1,366,1,0.5,1,0.5,complete
fetch-20261006T122600Z-dfc47335,v2.1-f4676a0b,2016,無黨籍,defense,written_question,1,366,0,0.0,0,0.0,complete
fetch-20261006T122600Z-dfc47335,v2.1-f4676a0b,2016,無黨籍,education,written_question,1,366,2,1.25,2,1.25,complete
fetch-20261006T122600Z-dfc47335,v2.1-f4676a0b,2016,無黨籍,energy,written_question,1,366,0,0.0,0,0.0,complete
fetch-20261006T122600Z-dfc47335,v2.1-f4676a0b,2016,無黨籍,environment,written_question,1,366,1,0.25,1,0.25,complete
fetch-20261006T122600Z-dfc47335,v2.1-f4676a0b,2016,無黨籍,foreign_trade,written_question,1,366,0,0.0,0,0.0,complete
fetch-20261006T122600Z-dfc47335,v2.1-f4676a0b,2016,無黨籍,government,written_question,1,366,0,0.0,0,0.0,complete
fetch-20261006T122600Z-dfc47335,v2.1-f4676a0b,2016,無黨籍,health,written_question,1,366,0,0.0,0,0.0,complete
fetch-20261006T122600Z-dfc47335,v2.1-f4676a0b,2016,無黨籍,housing,written_question,1,366,0,0.0,0,0.0,complete
fetch-20261006T122600Z-dfc47335,v2.1-f4676a0b,2016,無黨籍,immigration,written_question,1,366,0,0.0,0,0.0,complete
fetch-20261006T122600Z-dfc47335,v2.1-f4676a0b,2016,無黨籍,indigenous,written_question,1,366,0,0.0,0,0.0,complete
fetch-20261006T122600Z-dfc47335,v2.1-f4676a0b,2016,無黨籍,international,written_question,1,366,0,0.0,0,0.0,complete
fetch-20261006T122600Z-dfc47335,v2.1-f4676a0b,2016,無黨籍,labor,written_question,1,366,0,0.0,0,0.0,complete
fetch-20261006T122600Z-dfc47335,v2.1-f4676a0b,2016,無黨籍,law_crime,written_question,1,366,0,0.0,0,0.0,complete
fetch-20261006T122600Z-dfc47335,v2.1-f4676a0b,2016,無黨籍,macroeconomy,written_question,1,366,0,0.0,0,0.0,complete
fetch-20261006T122600Z-dfc47335,v2.1-f4676a0b,2016,無黨籍,public_lands,written_question,1,366,1,1.0,1,1.0,complete
fetch-20261006T122600Z-dfc47335,v2.1-f4676a0b,2016,無黨籍,social_welfare,written_question,1,366,1,0.25,1,0.25,complete
fetch-20261006T122600Z-dfc47335,v2.1-f4676a0b,2016,無黨籍,technology,written_question,1,366,1,0.5,1,0.5,complete
fetch-20261006T122600Z-dfc47335,v2.1-f4676a0b,2016,無黨籍,transitional_justice,written_question,1,366,0,0.0,0,0.0,complete
fetch-20261006T122600Z-dfc47335,v2.1-f4676a0b,2016,無黨籍,transportation,written_question,1,366,3,1.75,3,1.75,complete
fetch-20261006T122600Z-dfc47335,v2.1-f4676a0b,2016,無黨籍,unclassified,written_question,1,366,0,0.0,0,0.0,complete
fetch-20261006T122600Z-dfc47335,v2.1-f4676a0b,2017,無黨籍,agriculture,bill_primary,1,365,0,0.0,0,0.0,complete
fetch-20261006T122600Z-dfc47335,v2.1-f4676a0b,2017,無黨籍,civil_rights,bill_primary,1,365,0,0.0,0,0.0,complete
fetch-20261006T122600Z-dfc47335,v2.1-f4676a0b,2017,無黨籍,commerce,bill_primary,1,365,1,0.5,1,0.5,complete
fetch-20261006T122600Z-dfc47335,v2.1-f4676a0b,2017,無黨籍,cross_strait,bill_primary,1,365,0,0.0,0,0.0,complete
fetch-20261006T122600Z-dfc47335,v2.1-f4676a0b,2017,無黨籍,culture,bill_primary,1,365,1,1.0,1,1.0,complete
fetch-20261006T122600Z-dfc47335,v2.1-f4676a0b,2017,無黨籍,defense,bill_primary,1,365,0,0.0,0,0.0,complete
fetch-20261006T122600Z-dfc47335,v2.1-f4676a0b,2017,無黨籍,education,bill_primary,1,365,0,0.0,0,0.0,complete
fetch-20261006T122600Z-dfc47335,v2.1-f4676a0b,2017,無黨籍,energy,bill_primary,1,365,0,0.0,0,0.0,complete
fetch-20261006T122600Z-dfc47335,v2.1-f4676a0b,2017,無黨籍,environment,bill_primary,1,365,0,0.0,0,0.0,complete
fetch-20261006T122600Z-dfc47335,v2.1-f4676a0b,2017,無黨籍,foreign_trade,bill_primary,1,365,1,0.5,1,0.5,complete
fetch-20261006T122600Z-dfc47335,v2.1-f4676a0b,2017,無黨籍,government,bill_primary,1,365,0,0.0,0,0.0,complete
fetch-20261006T122600Z-dfc47335,v2.1-f4676a0b,2017,無黨籍,health,bill_primary,1,365,2,2.0,2,2.0,complete
fetch-20261006T122600Z-dfc47335,v2.1-f4676a0b,2017,無黨籍,housing,bill_primary,1,365,0,0.0,0,0.0,complete
fetch-20261006T122600Z-dfc47335,v2.1-f4676a0b,2017,無黨籍,immigration,bill_primary,1,365,0,0.0,0,0.0,complete
fetch-20261006T122600Z-dfc47335,v2.1-f4676a0b,2017,無黨籍,indigenous,bill_primary,1,365,0,0.0,0,0.0,complete
fetch-20261006T122600Z-dfc47335,v2.1-f4676a0b,2017,無黨籍,international,bill_primary,1,365,0,0.0,0,0.0,complete
fetch-20261006T122600Z-dfc47335,v2.1-f4676a0b,2017,無黨籍,labor,bill_primary,1,365,0,0.0,0,0.0,complete
fetch-20261006T122600Z-dfc47335,v2.1-f4676a0b,2017,無黨籍,law_crime,bill_primary,1,365,3,2.5,3,2.5,complete
fetch-20261006T122600Z-dfc47335,v2.1-f4676a0b,2017,無黨籍,macroeconomy,bill_primary,1,365,1,0.5,1,0.5,complete
fetch-20261006T122600Z-dfc47335,v2.1-f4676a0b,2017,無黨籍,public_lands,bill_primary,1,365,1,1.0,1,1.0,complete
fetch-20261006T122600Z-dfc47335,v2.1-f4676a0b,2017,無黨籍,social_welfare,bill_primary,1,365,1,1.0,1,1.0,complete
fetch-20261006T122600Z-dfc47335,v2.1-f4676a0b,2017,無黨籍,technology,bill_primary,1,365,0,0.0,0,0.0,complete
fetch-20261006T122600Z-dfc47335,v2.1-f4676a0b,2017,無黨籍,transitional_justice,bill_primary,1,365,0,0.0,0,0.0,complete
fetch-20261006T122600Z-dfc47335,v2.1-f4676a0b,2017,無黨籍,transportation,bill_primary,1,365,2,2.0,2,2.0,complete
fetch-20261006T122600Z-dfc47335,v2.1-f4676a0b,2017,無黨籍,unclassified,bill_primary,1,365,4,4.0,4,4.0,complete
fetch-20261006T122600Z-dfc47335,v2.1-f4676a0b,2017,無黨籍,agriculture,bill_cosign,1,365,8,5.5,8,5.5,complete
fetch-20261006T122600Z-dfc47335,v2.1-f4676a0b,2017,無黨籍,civil_rights,bill_cosign,1,365,18,13.833333333333334,18,13.833333333333334,complete
fetch-20261006T122600Z-dfc47335,v2.1-f4676a0b,2017,無黨籍,commerce,bill_cosign,1,365,19,11.333333333333334,19,11.333333333333334,complete
fetch-20261006T122600Z-dfc47335,v2.1-f4676a0b,2017,無黨籍,cross_strait,bill_cosign,1,365,0,0.0,0,0.0,complete
fetch-20261006T122600Z-dfc47335,v2.1-f4676a0b,2017,無黨籍,culture,bill_cosign,1,365,6,4.333333333333333,6,4.333333333333333,complete
fetch-20261006T122600Z-dfc47335,v2.1-f4676a0b,2017,無黨籍,defense,bill_cosign,1,365,6,2.9166666666666665,6,2.9166666666666665,complete
fetch-20261006T122600Z-dfc47335,v2.1-f4676a0b,2017,無黨籍,education,bill_cosign,1,365,22,16.833333333333332,22,16.833333333333332,complete
fetch-20261006T122600Z-dfc47335,v2.1-f4676a0b,2017,無黨籍,energy,bill_cosign,1,365,1,0.5,1,0.5,complete
fetch-20261006T122600Z-dfc47335,v2.1-f4676a0b,2017,無黨籍,environment,bill_cosign,1,365,10,7.333333333333333,10,7.333333333333333,complete
fetch-20261006T122600Z-dfc47335,v2.1-f4676a0b,2017,無黨籍,foreign_trade,bill_cosign,1,365,1,0.3333333333333333,1,0.3333333333333333,complete
fetch-20261006T122600Z-dfc47335,v2.1-f4676a0b,2017,無黨籍,government,bill_cosign,1,365,20,15.166666666666668,20,15.166666666666668,complete
fetch-20261006T122600Z-dfc47335,v2.1-f4676a0b,2017,無黨籍,health,bill_cosign,1,365,17,11.333333333333334,17,11.333333333333334,complete
fetch-20261006T122600Z-dfc47335,v2.1-f4676a0b,2017,無黨籍,housing,bill_cosign,1,365,4,2.5,4,2.5,complete
fetch-20261006T122600Z-dfc47335,v2.1-f4676a0b,2017,無黨籍,immigration,bill_cosign,1,365,2,1.5,2,1.5,complete
fetch-20261006T122600Z-dfc47335,v2.1-f4676a0b,2017,無黨籍,indigenous,bill_cosign,1,365,1,1.0,1,1.0,complete
fetch-20261006T122600Z-dfc47335,v2.1-f4676a0b,2017,無黨籍,international,bill_cosign,1,365,2,2.0,2,2.0,complete
fetch-20261006T122600Z-dfc47335,v2.1-f4676a0b,2017,無黨籍,labor,bill_cosign,1,365,16,13.5,16,13.5,complete
fetch-20261006T122600Z-dfc47335,v2.1-f4676a0b,2017,無黨籍,law_crime,bill_cosign,1,365,37,26.25,37,26.25,complete
fetch-20261006T122600Z-dfc47335,v2.1-f4676a0b,2017,無黨籍,macroeconomy,bill_cosign,1,365,14,8.666666666666668,14,8.666666666666668,complete
fetch-20261006T122600Z-dfc47335,v2.1-f4676a0b,2017,無黨籍,public_lands,bill_cosign,1,365,2,1.25,2,1.25,complete
fetch-20261006T122600Z-dfc47335,v2.1-f4676a0b,2017,無黨籍,social_welfare,bill_cosign,1,365,11,8.0,11,8.0,complete
fetch-20261006T122600Z-dfc47335,v2.1-f4676a0b,2017,無黨籍,technology,bill_cosign,1,365,5,3.25,5,3.25,complete
fetch-20261006T122600Z-dfc47335,v2.1-f4676a0b,2017,無黨籍,transitional_justice,bill_cosign,1,365,0,0.0,0,0.0,complete
fetch-20261006T122600Z-dfc47335,v2.1-f4676a0b,2017,無黨籍,transportation,bill_cosign,1,365,28,19.666666666666668,28,19.666666666666668,complete
fetch-20261006T122600Z-dfc47335,v2.1-f4676a0b,2017,無黨籍,unclassified,bill_cosign,1,365,60,60.0,60,60.0,complete
fetch-20261006T122600Z-dfc47335,v2.1-f4676a0b,2017,無黨籍,agriculture,speech,1,365,2,0.13698710000574793,2,0.13698710000574793,complete
fetch-20261006T122600Z-dfc47335,v2.1-f4676a0b,2017,無黨籍,civil_rights,speech,1,365,1,0.03165735567970205,1,0.03165735567970205,complete
fetch-20261006T122600Z-dfc47335,v2.1-f4676a0b,2017,無黨籍,commerce,speech,1,365,9,1.3694811644595015,9,1.3694811644595015,complete
fetch-20261006T122600Z-dfc47335,v2.1-f4676a0b,2017,無黨籍,cross_strait,speech,1,365,0,0.0,0,0.0,complete
fetch-20261006T122600Z-dfc47335,v2.1-f4676a0b,2017,無黨籍,culture,speech,1,365,0,0.0,0,0.0,complete
fetch-20261006T122600Z-dfc47335,v2.1-f4676a0b,2017,無黨籍,defense,speech,1,365,1,0.03011963406052076,1,0.03011963406052076,complete
fetch-20261006T122600Z-dfc47335,v2.1-f4676a0b,2017,無黨籍,education,speech,1,365,3,0.25780255372036914,3,0.25780255372036914,complete
fetch-20261006T122600Z-dfc47335,v2.1-f4676a0b,2017,無黨籍,energy,speech,1,365,1,0.052884615384615384,1,0.052884615384615384,complete
fetch-20261006T122600Z-dfc47335,v2.1-f4676a0b,2017,無黨籍,environment,speech,1,365,3,0.1676688288201425,3,0.1676688288201425,complete
fetch-20261006T122600Z-dfc47335,v2.1-f4676a0b,2017,無黨籍,foreign_trade,speech,1,365,3,0.1426968362640438,3,0.1426968362640438,complete
fetch-20261006T122600Z-dfc47335,v2.1-f4676a0b,2017,無黨籍,government,speech,1,365,3,0.2646372223036175,3,0.2646372223036175,complete
fetch-20261006T122600Z-dfc47335,v2.1-f4676a0b,2017,無黨籍,health,speech,1,365,1,0.12431610942249241,1,0.12431610942249241,complete
fetch-20261006T122600Z-dfc47335,v2.1-f4676a0b,2017,無黨籍,housing,speech,1,365,2,0.5107747931974397,2,0.5107747931974397,complete
fetch-20261006T122600Z-dfc47335,v2.1-f4676a0b,2017,無黨籍,immigration,speech,1,365,0,0.0,0,0.0,complete
fetch-20261006T122600Z-dfc47335,v2.1-f4676a0b,2017,無黨籍,indigenous,speech,1,365,0,0.0,0,0.0,complete
fetch-20261006T122600Z-dfc47335,v2.1-f4676a0b,2017,無黨籍,international,speech,1,365,2,0.19096185033994745,2,0.19096185033994745,complete
fetch-20261006T122600Z-dfc47335,v2.1-f4676a0b,2017,無黨籍,labor,speech,1,365,5,0.22737558273557767,5,0.22737558273557767,complete
fetch-20261006T122600Z-dfc47335,v2.1-f4676a0b,2017,無黨籍,law_crime,speech,1,365,8,0.5762662436370846,8,0.5762662436370846,complete
fetch-20261006T122600Z-dfc47335,v2.1-f4676a0b,2017,無黨籍,macroeconomy,speech,1,365,4,0.1676510244626139,4,0.1676510244626139,complete
fetch-20261006T122600Z-dfc47335,v2.1-f4676a0b,2017,無黨籍,public_lands,speech,1,365,4,0.5325184989735967,4,0.5325184989735967,complete
fetch-20261006T122600Z-dfc47335,v2.1-f4676a0b,2017,無黨籍,social_welfare,speech,1,365,2,0.13650770290428682,2,0.13650770290428682,complete
fetch-20261006T122600Z-dfc47335,v2.1-f4676a0b,2017,無黨籍,technology,speech,1,365,5,0.7951764308074488,5,0.7951764308074488,complete
fetch-20261006T122600Z-dfc47335,v2.1-f4676a0b,2017,無黨籍,transitional_justice,speech,1,365,0,0.0,0,0.0,complete
fetch-20261006T122600Z-dfc47335,v2.1-f4676a0b,2017,無黨籍,transportation,speech,1,365,23,7.206945986997259,23,7.206945986997259,complete
fetch-20261006T122600Z-dfc47335,v2.1-f4676a0b,2017,無黨籍,unclassified,speech,1,365,28,15.077570465823992,28,15.077570465823992,complete
fetch-20261006T122600Z-dfc47335,v2.1-f4676a0b,2017,無黨籍,agriculture,written_question,1,365,0,0.0,0,0.0,complete
fetch-20261006T122600Z-dfc47335,v2.1-f4676a0b,2017,無黨籍,civil_rights,written_question,1,365,0,0.0,0,0.0,complete
fetch-20261006T122600Z-dfc47335,v2.1-f4676a0b,2017,無黨籍,commerce,written_question,1,365,1,0.3396068590547888,1,0.3396068590547888,complete
fetch-20261006T122600Z-dfc47335,v2.1-f4676a0b,2017,無黨籍,cross_strait,written_question,1,365,0,0.0,0,0.0,complete
fetch-20261006T122600Z-dfc47335,v2.1-f4676a0b,2017,無黨籍,culture,written_question,1,365,0,0.0,0,0.0,complete
fetch-20261006T122600Z-dfc47335,v2.1-f4676a0b,2017,無黨籍,defense,written_question,1,365,0,0.0,0,0.0,complete
fetch-20261006T122600Z-dfc47335,v2.1-f4676a0b,2017,無黨籍,education,written_question,1,365,3,0.9103931409452112,3,0.9103931409452112,complete
fetch-20261006T122600Z-dfc47335,v2.1-f4676a0b,2017,無黨籍,energy,written_question,1,365,0,0.0,0,0.0,complete
fetch-20261006T122600Z-dfc47335,v2.1-f4676a0b,2017,無黨籍,environment,written_question,1,365,0,0.0,0,0.0,complete
fetch-20261006T122600Z-dfc47335,v2.1-f4676a0b,2017,無黨籍,foreign_trade,written_question,1,365,2,0.4103931409452112,2,0.4103931409452112,complete
fetch-20261006T122600Z-dfc47335,v2.1-f4676a0b,2017,無黨籍,government,written_question,1,365,1,0.25,1,0.25,complete
fetch-20261006T122600Z-dfc47335,v2.1-f4676a0b,2017,無黨籍,health,written_question,1,365,2,0.5,2,0.5,complete
fetch-20261006T122600Z-dfc47335,v2.1-f4676a0b,2017,無黨籍,housing,written_question,1,365,1,0.25,1,0.25,complete
fetch-20261006T122600Z-dfc47335,v2.1-f4676a0b,2017,無黨籍,immigration,written_question,1,365,0,0.0,0,0.0,complete
fetch-20261006T122600Z-dfc47335,v2.1-f4676a0b,2017,無黨籍,indigenous,written_question,1,365,0,0.0,0,0.0,complete
fetch-20261006T122600Z-dfc47335,v2.1-f4676a0b,2017,無黨籍,international,written_question,1,365,0,0.0,0,0.0,complete
fetch-20261006T122600Z-dfc47335,v2.1-f4676a0b,2017,無黨籍,labor,written_question,1,365,0,0.0,0,0.0,complete
fetch-20261006T122600Z-dfc47335,v2.1-f4676a0b,2017,無黨籍,law_crime,written_question,1,365,3,0.75,3,0.75,complete
fetch-20261006T122600Z-dfc47335,v2.1-f4676a0b,2017,無黨籍,macroeconomy,written_question,1,365,1,0.25,1,0.25,complete
fetch-20261006T122600Z-dfc47335,v2.1-f4676a0b,2017,無黨籍,public_lands,written_question,1,365,0,0.0,0,0.0,complete
fetch-20261006T122600Z-dfc47335,v2.1-f4676a0b,2017,無黨籍,social_welfare,written_question,1,365,0,0.0,0,0.0,complete
fetch-20261006T122600Z-dfc47335,v2.1-f4676a0b,2017,無黨籍,technology,written_question,1,365,1,0.1792137181095776,1,0.1792137181095776,complete
fetch-20261006T122600Z-dfc47335,v2.1-f4676a0b,2017,無黨籍,transitional_justice,written_question,1,365,0,0.0,0,0.0,complete
fetch-20261006T122600Z-dfc47335,v2.1-f4676a0b,2017,無黨籍,transportation,written_question,1,365,5,2.160393140945211,5,2.160393140945211,complete
fetch-20261006T122600Z-dfc47335,v2.1-f4676a0b,2017,無黨籍,unclassified,written_question,1,365,0,0.0,0,0.0,complete
fetch-20261006T122600Z-dfc47335,v2.1-f4676a0b,2018,無黨籍,agriculture,bill_primary,1,365,0,0.0,0,0.0,complete
fetch-20261006T122600Z-dfc47335,v2.1-f4676a0b,2018,無黨籍,civil_rights,bill_primary,1,365,1,0.5,1,0.5,complete
fetch-20261006T122600Z-dfc47335,v2.1-f4676a0b,2018,無黨籍,commerce,bill_primary,1,365,0,0.0,0,0.0,complete
fetch-20261006T122600Z-dfc47335,v2.1-f4676a0b,2018,無黨籍,cross_strait,bill_primary,1,365,0,0.0,0,0.0,complete
fetch-20261006T122600Z-dfc47335,v2.1-f4676a0b,2018,無黨籍,culture,bill_primary,1,365,0,0.0,0,0.0,complete
fetch-20261006T122600Z-dfc47335,v2.1-f4676a0b,2018,無黨籍,defense,bill_primary,1,365,1,1.0,1,1.0,complete
fetch-20261006T122600Z-dfc47335,v2.1-f4676a0b,2018,無黨籍,education,bill_primary,1,365,3,2.5,3,2.5,complete
fetch-20261006T122600Z-dfc47335,v2.1-f4676a0b,2018,無黨籍,energy,bill_primary,1,365,1,1.0,1,1.0,complete
fetch-20261006T122600Z-dfc47335,v2.1-f4676a0b,2018,無黨籍,environment,bill_primary,1,365,0,0.0,0,0.0,complete
fetch-20261006T122600Z-dfc47335,v2.1-f4676a0b,2018,無黨籍,foreign_trade,bill_primary,1,365,0,0.0,0,0.0,complete
fetch-20261006T122600Z-dfc47335,v2.1-f4676a0b,2018,無黨籍,government,bill_primary,1,365,5,4.5,5,4.5,complete
fetch-20261006T122600Z-dfc47335,v2.1-f4676a0b,2018,無黨籍,health,bill_primary,1,365,1,1.0,1,1.0,complete
fetch-20261006T122600Z-dfc47335,v2.1-f4676a0b,2018,無黨籍,housing,bill_primary,1,365,0,0.0,0,0.0,complete
fetch-20261006T122600Z-dfc47335,v2.1-f4676a0b,2018,無黨籍,immigration,bill_primary,1,365,0,0.0,0,0.0,complete
fetch-20261006T122600Z-dfc47335,v2.1-f4676a0b,2018,無黨籍,indigenous,bill_primary,1,365,0,0.0,0,0.0,complete
fetch-20261006T122600Z-dfc47335,v2.1-f4676a0b,2018,無黨籍,international,bill_primary,1,365,0,0.0,0,0.0,complete
fetch-20261006T122600Z-dfc47335,v2.1-f4676a0b,2018,無黨籍,labor,bill_primary,1,365,2,1.5,2,1.5,complete
fetch-20261006T122600Z-dfc47335,v2.1-f4676a0b,2018,無黨籍,law_crime,bill_primary,1,365,3,3.0,3,3.0,complete
fetch-20261006T122600Z-dfc47335,v2.1-f4676a0b,2018,無黨籍,macroeconomy,bill_primary,1,365,0,0.0,0,0.0,complete
fetch-20261006T122600Z-dfc47335,v2.1-f4676a0b,2018,無黨籍,public_lands,bill_primary,1,365,0,0.0,0,0.0,complete
fetch-20261006T122600Z-dfc47335,v2.1-f4676a0b,2018,無黨籍,social_welfare,bill_primary,1,365,0,0.0,0,0.0,complete
fetch-20261006T122600Z-dfc47335,v2.1-f4676a0b,2018,無黨籍,technology,bill_primary,1,365,1,1.0,1,1.0,complete
fetch-20261006T122600Z-dfc47335,v2.1-f4676a0b,2018,無黨籍,transitional_justice,bill_primary,1,365,0,0.0,0,0.0,complete
fetch-20261006T122600Z-dfc47335,v2.1-f4676a0b,2018,無黨籍,transportation,bill_primary,1,365,1,1.0,1,1.0,complete
fetch-20261006T122600Z-dfc47335,v2.1-f4676a0b,2018,無黨籍,unclassified,bill_primary,1,365,1,1.0,1,1.0,complete
fetch-20261006T122600Z-dfc47335,v2.1-f4676a0b,2018,無黨籍,agriculture,bill_cosign,1,365,5,4.0,5,4.0,complete
fetch-20261006T122600Z-dfc47335,v2.1-f4676a0b,2018,無黨籍,civil_rights,bill_cosign,1,365,13,8.833333333333332,13,8.833333333333332,complete
fetch-20261006T122600Z-dfc47335,v2.1-f4676a0b,2018,無黨籍,commerce,bill_cosign,1,365,17,13.0,17,13.0,complete
fetch-20261006T122600Z-dfc47335,v2.1-f4676a0b,2018,無黨籍,cross_strait,bill_cosign,1,365,0,0.0,0,0.0,complete
fetch-20261006T122600Z-dfc47335,v2.1-f4676a0b,2018,無黨籍,culture,bill_cosign,1,365,5,3.333333333333333,5,3.333333333333333,complete
fetch-20261006T122600Z-dfc47335,v2.1-f4676a0b,2018,無黨籍,defense,bill_cosign,1,365,5,3.1666666666666665,5,3.1666666666666665,complete
fetch-20261006T122600Z-dfc47335,v2.1-f4676a0b,2018,無黨籍,education,bill_cosign,1,365,19,14.083333333333332,19,14.083333333333332,complete
fetch-20261006T122600Z-dfc47335,v2.1-f4676a0b,2018,無黨籍,energy,bill_cosign,1,365,2,1.0,2,1.0,complete
fetch-20261006T122600Z-dfc47335,v2.1-f4676a0b,2018,無黨籍,environment,bill_cosign,1,365,6,5.0,6,5.0,complete
fetch-20261006T122600Z-dfc47335,v2.1-f4676a0b,2018,無黨籍,foreign_trade,bill_cosign,1,365,2,1.5,2,1.5,complete
fetch-20261006T122600Z-dfc47335,v2.1-f4676a0b,2018,無黨籍,government,bill_cosign,1,365,11,9.333333333333334,11,9.333333333333334,complete
fetch-20261006T122600Z-dfc47335,v2.1-f4676a0b,2018,無黨籍,health,bill_cosign,1,365,7,5.25,7,5.25,complete
fetch-20261006T122600Z-dfc47335,v2.1-f4676a0b,2018,無黨籍,housing,bill_cosign,1,365,1,0.5,1,0.5,complete
fetch-20261006T122600Z-dfc47335,v2.1-f4676a0b,2018,無黨籍,immigration,bill_cosign,1,365,7,4.833333333333333,7,4.833333333333333,complete
fetch-20261006T122600Z-dfc47335,v2.1-f4676a0b,2018,無黨籍,indigenous,bill_cosign,1,365,3,2.5,3,2.5,complete
fetch-20261006T122600Z-dfc47335,v2.1-f4676a0b,2018,無黨籍,international,bill_cosign,1,365,2,1.5,2,1.5,complete
fetch-20261006T122600Z-dfc47335,v2.1-f4676a0b,2018,無黨籍,labor,bill_cosign,1,365,13,10.333333333333332,13,10.333333333333332,complete
fetch-20261006T122600Z-dfc47335,v2.1-f4676a0b,2018,無黨籍,law_crime,bill_cosign,1,365,21,15.833333333333334,21,15.833333333333334,complete
fetch-20261006T122600Z-dfc47335,v2.1-f4676a0b,2018,無黨籍,macroeconomy,bill_cosign,1,365,11,7.25,11,7.25,complete
fetch-20261006T122600Z-dfc47335,v2.1-f4676a0b,2018,無黨籍,public_lands,bill_cosign,1,365,5,3.3333333333333335,5,3.3333333333333335,complete
fetch-20261006T122600Z-dfc47335,v2.1-f4676a0b,2018,無黨籍,social_welfare,bill_cosign,1,365,11,7.083333333333333,11,7.083333333333333,complete
fetch-20261006T122600Z-dfc47335,v2.1-f4676a0b,2018,無黨籍,technology,bill_cosign,1,365,7,5.833333333333333,7,5.833333333333333,complete
fetch-20261006T122600Z-dfc47335,v2.1-f4676a0b,2018,無黨籍,transitional_justice,bill_cosign,1,365,0,0.0,0,0.0,complete
fetch-20261006T122600Z-dfc47335,v2.1-f4676a0b,2018,無黨籍,transportation,bill_cosign,1,365,9,7.5,9,7.5,complete
fetch-20261006T122600Z-dfc47335,v2.1-f4676a0b,2018,無黨籍,unclassified,bill_cosign,1,365,30,30.0,30,30.0,complete
fetch-20261006T122600Z-dfc47335,v2.1-f4676a0b,2018,無黨籍,agriculture,speech,1,365,5,0.4100235050433825,5,0.4100235050433825,complete
fetch-20261006T122600Z-dfc47335,v2.1-f4676a0b,2018,無黨籍,civil_rights,speech,1,365,0,0.0,0,0.0,complete
fetch-20261006T122600Z-dfc47335,v2.1-f4676a0b,2018,無黨籍,commerce,speech,1,365,8,1.2452929205074512,8,1.2452929205074512,complete
fetch-20261006T122600Z-dfc47335,v2.1-f4676a0b,2018,無黨籍,cross_strait,speech,1,365,5,0.7186938455776783,5,0.7186938455776783,complete
fetch-20261006T122600Z-dfc47335,v2.1-f4676a0b,2018,無黨籍,culture,speech,1,365,8,2.8811870040422933,8,2.8811870040422933,complete
fetch-20261006T122600Z-dfc47335,v2.1-f4676a0b,2018,無黨籍,defense,speech,1,365,9,1.746911483306407,9,1.746911483306407,complete
fetch-20261006T122600Z-dfc47335,v2.1-f4676a0b,2018,無黨籍,education,speech,1,365,13,1.5880694727948461,13,1.5880694727948461,complete
fetch-20261006T122600Z-dfc47335,v2.1-f4676a0b,2018,無黨籍,energy,speech,1,365,3,0.21508977491248493,3,0.21508977491248493,complete
fetch-20261006T122600Z-dfc47335,v2.1-f4676a0b,2018,無黨籍,environment,speech,1,365,4,0.3224600050342221,4,0.3224600050342221,complete
fetch-20261006T122600Z-dfc47335,v2.1-f4676a0b,2018,無黨籍,foreign_trade,speech,1,365,0,0.0,0,0.0,complete
fetch-20261006T122600Z-dfc47335,v2.1-f4676a0b,2018,無黨籍,government,speech,1,365,18,4.058436510675307,18,4.058436510675307,complete
fetch-20261006T122600Z-dfc47335,v2.1-f4676a0b,2018,無黨籍,health,speech,1,365,5,0.7439992527822996,5,0.7439992527822996,complete
fetch-20261006T122600Z-dfc47335,v2.1-f4676a0b,2018,無黨籍,housing,speech,1,365,5,1.2869652444640853,5,1.2869652444640853,complete
fetch-20261006T122600Z-dfc47335,v2.1-f4676a0b,2018,無黨籍,immigration,speech,1,365,0,0.0,0,0.0,complete
fetch-20261006T122600Z-dfc47335,v2.1-f4676a0b,2018,無黨籍,indigenous,speech,1,365,8,2.015296024460706,8,2.015296024460706,complete
fetch-20261006T122600Z-dfc47335,v2.1-f4676a0b,2018,無黨籍,international,speech,1,365,1,0.07668711656441718,1,0.07668711656441718,complete
fetch-20261006T122600Z-dfc47335,v2.1-f4676a0b,2018,無黨籍,labor,speech,1,365,5,0.4875693521406515,5,0.4875693521406515,complete
fetch-20261006T122600Z-dfc47335,v2.1-f4676a0b,2018,無黨籍,law_crime,speech,1,365,22,4.5218767486524385,22,4.5218767486524385,complete
fetch-20261006T122600Z-dfc47335,v2.1-f4676a0b,2018,無黨籍,macroeconomy,speech,1,365,0,0.0,0,0.0,complete
fetch-20261006T122600Z-dfc47335,v2.1-f4676a0b,2018,無黨籍,public_lands,speech,1,365,5,0.4908006069557305,5,0.4908006069557305,complete
fetch-20261006T122600Z-dfc47335,v2.1-f4676a0b,2018,無黨籍,social_welfare,speech,1,365,4,0.18823969516689476,4,0.18823969516689476,complete
fetch-20261006T122600Z-dfc47335,v2.1-f4676a0b,2018,無黨籍,technology,speech,1,365,1,0.015058823529411765,1,0.015058823529411765,complete
fetch-20261006T122600Z-dfc47335,v2.1-f4676a0b,2018,無黨籍,transitional_justice,speech,1,365,0,0.0,0,0.0,complete
fetch-20261006T122600Z-dfc47335,v2.1-f4676a0b,2018,無黨籍,transportation,speech,1,365,15,2.482706745280528,15,2.482706745280528,complete
fetch-20261006T122600Z-dfc47335,v2.1-f4676a0b,2018,無黨籍,unclassified,speech,1,365,51,25.504635868108767,51,25.504635868108767,complete
fetch-20261006T122600Z-dfc47335,v2.1-f4676a0b,2018,無黨籍,agriculture,written_question,1,365,0,0.0,0,0.0,complete
fetch-20261006T122600Z-dfc47335,v2.1-f4676a0b,2018,無黨籍,civil_rights,written_question,1,365,0,0.0,0,0.0,complete
fetch-20261006T122600Z-dfc47335,v2.1-f4676a0b,2018,無黨籍,commerce,written_question,1,365,0,0.0,0,0.0,complete
fetch-20261006T122600Z-dfc47335,v2.1-f4676a0b,2018,無黨籍,cross_strait,written_question,1,365,0,0.0,0,0.0,complete
fetch-20261006T122600Z-dfc47335,v2.1-f4676a0b,2018,無黨籍,culture,written_question,1,365,0,0.0,0,0.0,complete
fetch-20261006T122600Z-dfc47335,v2.1-f4676a0b,2018,無黨籍,defense,written_question,1,365,0,0.0,0,0.0,complete
fetch-20261006T122600Z-dfc47335,v2.1-f4676a0b,2018,無黨籍,education,written_question,1,365,0,0.0,0,0.0,complete
fetch-20261006T122600Z-dfc47335,v2.1-f4676a0b,2018,無黨籍,energy,written_question,1,365,0,0.0,0,0.0,complete
fetch-20261006T122600Z-dfc47335,v2.1-f4676a0b,2018,無黨籍,environment,written_question,1,365,0,0.0,0,0.0,complete
fetch-20261006T122600Z-dfc47335,v2.1-f4676a0b,2018,無黨籍,foreign_trade,written_question,1,365,0,0.0,0,0.0,complete
fetch-20261006T122600Z-dfc47335,v2.1-f4676a0b,2018,無黨籍,government,written_question,1,365,0,0.0,0,0.0,complete
fetch-20261006T122600Z-dfc47335,v2.1-f4676a0b,2018,無黨籍,health,written_question,1,365,0,0.0,0,0.0,complete
fetch-20261006T122600Z-dfc47335,v2.1-f4676a0b,2018,無黨籍,housing,written_question,1,365,0,0.0,0,0.0,complete
fetch-20261006T122600Z-dfc47335,v2.1-f4676a0b,2018,無黨籍,immigration,written_question,1,365,0,0.0,0,0.0,complete
fetch-20261006T122600Z-dfc47335,v2.1-f4676a0b,2018,無黨籍,indigenous,written_question,1,365,0,0.0,0,0.0,complete
fetch-20261006T122600Z-dfc47335,v2.1-f4676a0b,2018,無黨籍,international,written_question,1,365,0,0.0,0,0.0,complete
fetch-20261006T122600Z-dfc47335,v2.1-f4676a0b,2018,無黨籍,labor,written_question,1,365,0,0.0,0,0.0,complete
fetch-20261006T122600Z-dfc47335,v2.1-f4676a0b,2018,無黨籍,law_crime,written_question,1,365,0,0.0,0,0.0,complete
fetch-20261006T122600Z-dfc47335,v2.1-f4676a0b,2018,無黨籍,macroeconomy,written_question,1,365,0,0.0,0,0.0,complete
fetch-20261006T122600Z-dfc47335,v2.1-f4676a0b,2018,無黨籍,public_lands,written_question,1,365,0,0.0,0,0.0,complete
fetch-20261006T122600Z-dfc47335,v2.1-f4676a0b,2018,無黨籍,social_welfare,written_question,1,365,0,0.0,0,0.0,complete
fetch-20261006T122600Z-dfc47335,v2.1-f4676a0b,2018,無黨籍,technology,written_question,1,365,0,0.0,0,0.0,complete
fetch-20261006T122600Z-dfc47335,v2.1-f4676a0b,2018,無黨籍,transitional_justice,written_question,1,365,0,0.0,0,0.0,complete
fetch-20261006T122600Z-dfc47335,v2.1-f4676a0b,2018,無黨籍,transportation,written_question,1,365,0,0.0,0,0.0,complete
fetch-20261006T122600Z-dfc47335,v2.1-f4676a0b,2018,無黨籍,unclassified,written_question,1,365,0,0.0,0,0.0,complete
fetch-20261006T122600Z-dfc47335,v2.1-f4676a0b,2020,unknown,agriculture,bill_primary,1,366,3,1.8333333333333333,3,1.8333333333333333,complete
fetch-20261006T122600Z-dfc47335,v2.1-f4676a0b,2020,unknown,civil_rights,bill_primary,1,366,0,0.0,0,0.0,complete
fetch-20261006T122600Z-dfc47335,v2.1-f4676a0b,2020,unknown,commerce,bill_primary,1,366,2,1.0,2,1.0,complete
fetch-20261006T122600Z-dfc47335,v2.1-f4676a0b,2020,unknown,cross_strait,bill_primary,1,366,0,0.0,0,0.0,complete
fetch-20261006T122600Z-dfc47335,v2.1-f4676a0b,2020,unknown,culture,bill_primary,1,366,2,1.0,2,1.0,complete
fetch-20261006T122600Z-dfc47335,v2.1-f4676a0b,2020,unknown,defense,bill_primary,1,366,3,2.3333333333333335,3,2.3333333333333335,complete
fetch-20261006T122600Z-dfc47335,v2.1-f4676a0b,2020,unknown,education,bill_primary,1,366,2,1.5,2,1.5,complete
fetch-20261006T122600Z-dfc47335,v2.1-f4676a0b,2020,unknown,energy,bill_primary,1,366,0,0.0,0,0.0,complete
fetch-20261006T122600Z-dfc47335,v2.1-f4676a0b,2020,unknown,environment,bill_primary,1,366,1,1.0,1,1.0,complete
fetch-20261006T122600Z-dfc47335,v2.1-f4676a0b,2020,unknown,foreign_trade,bill_primary,1,366,1,1.0,1,1.0,complete
fetch-20261006T122600Z-dfc47335,v2.1-f4676a0b,2020,unknown,government,bill_primary,1,366,4,3.5,4,3.5,complete
fetch-20261006T122600Z-dfc47335,v2.1-f4676a0b,2020,unknown,health,bill_primary,1,366,9,6.0,9,6.0,complete
fetch-20261006T122600Z-dfc47335,v2.1-f4676a0b,2020,unknown,housing,bill_primary,1,366,0,0.0,0,0.0,complete
fetch-20261006T122600Z-dfc47335,v2.1-f4676a0b,2020,unknown,immigration,bill_primary,1,366,3,1.5,3,1.5,complete
fetch-20261006T122600Z-dfc47335,v2.1-f4676a0b,2020,unknown,indigenous,bill_primary,1,366,0,0.0,0,0.0,complete
fetch-20261006T122600Z-dfc47335,v2.1-f4676a0b,2020,unknown,international,bill_primary,1,366,0,0.0,0,0.0,complete
fetch-20261006T122600Z-dfc47335,v2.1-f4676a0b,2020,unknown,labor,bill_primary,1,366,6,3.8333333333333335,6,3.8333333333333335,complete
fetch-20261006T122600Z-dfc47335,v2.1-f4676a0b,2020,unknown,law_crime,bill_primary,1,366,4,3.0,4,3.0,complete
fetch-20261006T122600Z-dfc47335,v2.1-f4676a0b,2020,unknown,macroeconomy,bill_primary,1,366,2,1.0,2,1.0,complete
fetch-20261006T122600Z-dfc47335,v2.1-f4676a0b,2020,unknown,public_lands,bill_primary,1,366,0,0.0,0,0.0,complete
fetch-20261006T122600Z-dfc47335,v2.1-f4676a0b,2020,unknown,social_welfare,bill_primary,1,366,1,1.0,1,1.0,complete
fetch-20261006T122600Z-dfc47335,v2.1-f4676a0b,2020,unknown,technology,bill_primary,1,366,2,1.0,2,1.0,complete
fetch-20261006T122600Z-dfc47335,v2.1-f4676a0b,2020,unknown,transitional_justice,bill_primary,1,366,0,0.0,0,0.0,complete
fetch-20261006T122600Z-dfc47335,v2.1-f4676a0b,2020,unknown,transportation,bill_primary,1,366,5,3.5,5,3.5,complete
fetch-20261006T122600Z-dfc47335,v2.1-f4676a0b,2020,unknown,unclassified,bill_primary,1,366,4,4.0,4,4.0,complete
fetch-20261006T122600Z-dfc47335,v2.1-f4676a0b,2020,unknown,agriculture,bill_cosign,1,366,10,7.25,10,7.25,complete
fetch-20261006T122600Z-dfc47335,v2.1-f4676a0b,2020,unknown,civil_rights,bill_cosign,1,366,1,0.5,1,0.5,complete
fetch-20261006T122600Z-dfc47335,v2.1-f4676a0b,2020,unknown,commerce,bill_cosign,1,366,2,1.0,2,1.0,complete
fetch-20261006T122600Z-dfc47335,v2.1-f4676a0b,2020,unknown,cross_strait,bill_cosign,1,366,0,0.0,0,0.0,complete
fetch-20261006T122600Z-dfc47335,v2.1-f4676a0b,2020,unknown,culture,bill_cosign,1,366,3,1.8333333333333333,3,1.8333333333333333,complete
fetch-20261006T122600Z-dfc47335,v2.1-f4676a0b,2020,unknown,defense,bill_cosign,1,366,1,0.25,1,0.25,complete
fetch-20261006T122600Z-dfc47335,v2.1-f4676a0b,2020,unknown,education,bill_cosign,1,366,5,4.0,5,4.0,complete
fetch-20261006T122600Z-dfc47335,v2.1-f4676a0b,2020,unknown,energy,bill_cosign,1,366,4,4.0,4,4.0,complete
fetch-20261006T122600Z-dfc47335,v2.1-f4676a0b,2020,unknown,environment,bill_cosign,1,366,2,2.0,2,2.0,complete
fetch-20261006T122600Z-dfc47335,v2.1-f4676a0b,2020,unknown,foreign_trade,bill_cosign,1,366,2,2.0,2,2.0,complete
fetch-20261006T122600Z-dfc47335,v2.1-f4676a0b,2020,unknown,government,bill_cosign,1,366,11,8.0,11,8.0,complete
fetch-20261006T122600Z-dfc47335,v2.1-f4676a0b,2020,unknown,health,bill_cosign,1,366,7,5.333333333333333,7,5.333333333333333,complete
fetch-20261006T122600Z-dfc47335,v2.1-f4676a0b,2020,unknown,housing,bill_cosign,1,366,0,0.0,0,0.0,complete
fetch-20261006T122600Z-dfc47335,v2.1-f4676a0b,2020,unknown,immigration,bill_cosign,1,366,6,6.0,6,6.0,complete
fetch-20261006T122600Z-dfc47335,v2.1-f4676a0b,2020,unknown,indigenous,bill_cosign,1,366,2,0.8333333333333333,2,0.8333333333333333,complete
fetch-20261006T122600Z-dfc47335,v2.1-f4676a0b,2020,unknown,international,bill_cosign,1,366,0,0.0,0,0.0,complete
fetch-20261006T122600Z-dfc47335,v2.1-f4676a0b,2020,unknown,labor,bill_cosign,1,366,8,5.75,8,5.75,complete
fetch-20261006T122600Z-dfc47335,v2.1-f4676a0b,2020,unknown,law_crime,bill_cosign,1,366,11,6.0,11,6.0,complete
fetch-20261006T122600Z-dfc47335,v2.1-f4676a0b,2020,unknown,macroeconomy,bill_cosign,1,366,2,2.0,2,2.0,complete
fetch-20261006T122600Z-dfc47335,v2.1-f4676a0b,2020,unknown,public_lands,bill_cosign,1,366,4,2.5,4,2.5,complete
fetch-20261006T122600Z-dfc47335,v2.1-f4676a0b,2020,unknown,social_welfare,bill_cosign,1,366,4,2.25,4,2.25,complete
fetch-20261006T122600Z-dfc47335,v2.1-f4676a0b,2020,unknown,technology,bill_cosign,1,366,2,1.0,2,1.0,complete
fetch-20261006T122600Z-dfc47335,v2.1-f4676a0b,2020,unknown,transitional_justice,bill_cosign,1,366,1,0.5,1,0.5,complete
fetch-20261006T122600Z-dfc47335,v2.1-f4676a0b,2020,unknown,transportation,bill_cosign,1,366,2,2.0,2,2.0,complete
fetch-20261006T122600Z-dfc47335,v2.1-f4676a0b,2020,unknown,unclassified,bill_cosign,1,366,17,17.0,17,17.0,complete
fetch-20261006T122600Z-dfc47335,v2.1-f4676a0b,2020,unknown,agriculture,speech,1,366,17,4.811965433350585,17,4.811965433350585,complete
fetch-20261006T122600Z-dfc47335,v2.1-f4676a0b,2020,unknown,civil_rights,speech,1,366,1,0.16729424421732114,1,0.16729424421732114,complete
fetch-20261006T122600Z-dfc47335,v2.1-f4676a0b,2020,unknown,commerce,speech,1,366,9,2.077812635993192,9,2.077812635993192,complete
fetch-20261006T122600Z-dfc47335,v2.1-f4676a0b,2020,unknown,cross_strait,speech,1,366,0,0.0,0,0.0,complete
fetch-20261006T122600Z-dfc47335,v2.1-f4676a0b,2020,unknown,culture,speech,1,366,0,0.0,0,0.0,complete
fetch-20261006T122600Z-dfc47335,v2.1-f4676a0b,2020,unknown,defense,speech,1,366,1,0.08929532006455083,1,0.08929532006455083,complete
fetch-20261006T122600Z-dfc47335,v2.1-f4676a0b,2020,unknown,education,speech,1,366,1,0.17181705809641534,1,0.17181705809641534,complete
fetch-20261006T122600Z-dfc47335,v2.1-f4676a0b,2020,unknown,energy,speech,1,366,4,0.4117523820092962,4,0.4117523820092962,complete
fetch-20261006T122600Z-dfc47335,v2.1-f4676a0b,2020,unknown,environment,speech,1,366,0,0.0,0,0.0,complete
fetch-20261006T122600Z-dfc47335,v2.1-f4676a0b,2020,unknown,foreign_trade,speech,1,366,1,0.032115384615384615,1,0.032115384615384615,complete
fetch-20261006T122600Z-dfc47335,v2.1-f4676a0b,2020,unknown,government,speech,1,366,0,0.0,0,0.0,complete
fetch-20261006T122600Z-dfc47335,v2.1-f4676a0b,2020,unknown,health,speech,1,366,12,1.892152536228469,12,1.892152536228469,complete
fetch-20261006T122600Z-dfc47335,v2.1-f4676a0b,2020,unknown,housing,speech,1,366,0,0.0,0,0.0,complete
fetch-20261006T122600Z-dfc47335,v2.1-f4676a0b,2020,unknown,immigration,speech,1,366,2,0.12040351718967293,2,0.12040351718967293,complete
fetch-20261006T122600Z-dfc47335,v2.1-f4676a0b,2020,unknown,indigenous,speech,1,366,0,0.0,0,0.0,complete
fetch-20261006T122600Z-dfc47335,v2.1-f4676a0b,2020,unknown,international,speech,1,366,1,0.030784030784030785,1,0.030784030784030785,complete
fetch-20261006T122600Z-dfc47335,v2.1-f4676a0b,2020,unknown,labor,speech,1,366,7,0.6303809173614924,7,0.6303809173614924,complete
fetch-20261006T122600Z-dfc47335,v2.1-f4676a0b,2020,unknown,law_crime,speech,1,366,1,0.161981981981982,1,0.161981981981982,complete
fetch-20261006T122600Z-dfc47335,v2.1-f4676a0b,2020,unknown,macroeconomy,speech,1,366,5,0.272359096157267,5,0.272359096157267,complete
fetch-20261006T122600Z-dfc47335,v2.1-f4676a0b,2020,unknown,public_lands,speech,1,366,2,0.1256124010525041,2,0.1256124010525041,complete
fetch-20261006T122600Z-dfc47335,v2.1-f4676a0b,2020,unknown,social_welfare,speech,1,366,1,0.02005687771291723,1,0.02005687771291723,complete
fetch-20261006T122600Z-dfc47335,v2.1-f4676a0b,2020,unknown,technology,speech,1,366,1,0.057776117544515004,1,0.057776117544515004,complete
fetch-20261006T122600Z-dfc47335,v2.1-f4676a0b,2020,unknown,transitional_justice,speech,1,366,0,0.0,0,0.0,complete
fetch-20261006T122600Z-dfc47335,v2.1-f4676a0b,2020,unknown,transportation,speech,1,366,7,1.5605365369491757,7,1.5605365369491757,complete
fetch-20261006T122600Z-dfc47335,v2.1-f4676a0b,2020,unknown,unclassified,speech,1,366,24,11.36590352869123,24,11.36590352869123,complete
fetch-20261006T122600Z-dfc47335,v2.1-f4676a0b,2020,unknown,agriculture,written_question,1,366,0,0.0,0,0.0,complete
fetch-20261006T122600Z-dfc47335,v2.1-f4676a0b,2020,unknown,civil_rights,written_question,1,366,0,0.0,0,0.0,complete
fetch-20261006T122600Z-dfc47335,v2.1-f4676a0b,2020,unknown,commerce,written_question,1,366,0,0.0,0,0.0,complete
fetch-20261006T122600Z-dfc47335,v2.1-f4676a0b,2020,unknown,cross_strait,written_question,1,366,0,0.0,0,0.0,complete
fetch-20261006T122600Z-dfc47335,v2.1-f4676a0b,2020,unknown,culture,written_question,1,366,0,0.0,0,0.0,complete
fetch-20261006T122600Z-dfc47335,v2.1-f4676a0b,2020,unknown,defense,written_question,1,366,0,0.0,0,0.0,complete
fetch-20261006T122600Z-dfc47335,v2.1-f4676a0b,2020,unknown,education,written_question,1,366,0,0.0,0,0.0,complete
fetch-20261006T122600Z-dfc47335,v2.1-f4676a0b,2020,unknown,energy,written_question,1,366,0,0.0,0,0.0,complete
fetch-20261006T122600Z-dfc47335,v2.1-f4676a0b,2020,unknown,environment,written_question,1,366,0,0.0,0,0.0,complete
fetch-20261006T122600Z-dfc47335,v2.1-f4676a0b,2020,unknown,foreign_trade,written_question,1,366,0,0.0,0,0.0,complete
fetch-20261006T122600Z-dfc47335,v2.1-f4676a0b,2020,unknown,government,written_question,1,366,0,0.0,0,0.0,complete
fetch-20261006T122600Z-dfc47335,v2.1-f4676a0b,2020,unknown,health,written_question,1,366,0,0.0,0,0.0,complete
fetch-20261006T122600Z-dfc47335,v2.1-f4676a0b,2020,unknown,housing,written_question,1,366,0,0.0,0,0.0,complete
fetch-20261006T122600Z-dfc47335,v2.1-f4676a0b,2020,unknown,immigration,written_question,1,366,0,0.0,0,0.0,complete
fetch-20261006T122600Z-dfc47335,v2.1-f4676a0b,2020,unknown,indigenous,written_question,1,366,0,0.0,0,0.0,complete
fetch-20261006T122600Z-dfc47335,v2.1-f4676a0b,2020,unknown,international,written_question,1,366,0,0.0,0,0.0,complete
fetch-20261006T122600Z-dfc47335,v2.1-f4676a0b,2020,unknown,labor,written_question,1,366,0,0.0,0,0.0,complete
fetch-20261006T122600Z-dfc47335,v2.1-f4676a0b,2020,unknown,law_crime,written_question,1,366,0,0.0,0,0.0,complete
fetch-20261006T122600Z-dfc47335,v2.1-f4676a0b,2020,unknown,macroeconomy,written_question,1,366,0,0.0,0,0.0,complete
fetch-20261006T122600Z-dfc47335,v2.1-f4676a0b,2020,unknown,public_lands,written_question,1,366,0,0.0,0,0.0,complete
fetch-20261006T122600Z-dfc47335,v2.1-f4676a0b,2020,unknown,social_welfare,written_question,1,366,0,0.0,0,0.0,complete
fetch-20261006T122600Z-dfc47335,v2.1-f4676a0b,2020,unknown,technology,written_question,1,366,0,0.0,0,0.0,complete
fetch-20261006T122600Z-dfc47335,v2.1-f4676a0b,2020,unknown,transitional_justice,written_question,1,366,0,0.0,0,0.0,complete
fetch-20261006T122600Z-dfc47335,v2.1-f4676a0b,2020,unknown,transportation,written_question,1,366,0,0.0,0,0.0,complete
fetch-20261006T122600Z-dfc47335,v2.1-f4676a0b,2020,unknown,unclassified,written_question,1,366,0,0.0,0,0.0,complete
fetch-20261006T122600Z-dfc47335,v2.1-f4676a0b,2021,unknown,agriculture,bill_primary,1,25,0,0.0,0,0.0,complete
fetch-20261006T122600Z-dfc47335,v2.1-f4676a0b,2021,unknown,civil_rights,bill_primary,1,25,0,0.0,0,0.0,complete
fetch-20261006T122600Z-dfc47335,v2.1-f4676a0b,2021,unknown,commerce,bill_primary,1,25,0,0.0,0,0.0,complete
fetch-20261006T122600Z-dfc47335,v2.1-f4676a0b,2021,unknown,cross_strait,bill_primary,1,25,0,0.0,0,0.0,complete
fetch-20261006T122600Z-dfc47335,v2.1-f4676a0b,2021,unknown,culture,bill_primary,1,25,0,0.0,0,0.0,complete
fetch-20261006T122600Z-dfc47335,v2.1-f4676a0b,2021,unknown,defense,bill_primary,1,25,0,0.0,0,0.0,complete
fetch-20261006T122600Z-dfc47335,v2.1-f4676a0b,2021,unknown,education,bill_primary,1,25,0,0.0,0,0.0,complete
fetch-20261006T122600Z-dfc47335,v2.1-f4676a0b,2021,unknown,energy,bill_primary,1,25,0,0.0,0,0.0,complete
fetch-20261006T122600Z-dfc47335,v2.1-f4676a0b,2021,unknown,environment,bill_primary,1,25,0,0.0,0,0.0,complete
fetch-20261006T122600Z-dfc47335,v2.1-f4676a0b,2021,unknown,foreign_trade,bill_primary,1,25,0,0.0,0,0.0,complete
fetch-20261006T122600Z-dfc47335,v2.1-f4676a0b,2021,unknown,government,bill_primary,1,25,0,0.0,0,0.0,complete
fetch-20261006T122600Z-dfc47335,v2.1-f4676a0b,2021,unknown,health,bill_primary,1,25,0,0.0,0,0.0,complete
fetch-20261006T122600Z-dfc47335,v2.1-f4676a0b,2021,unknown,housing,bill_primary,1,25,0,0.0,0,0.0,complete
fetch-20261006T122600Z-dfc47335,v2.1-f4676a0b,2021,unknown,immigration,bill_primary,1,25,0,0.0,0,0.0,complete
fetch-20261006T122600Z-dfc47335,v2.1-f4676a0b,2021,unknown,indigenous,bill_primary,1,25,0,0.0,0,0.0,complete
fetch-20261006T122600Z-dfc47335,v2.1-f4676a0b,2021,unknown,international,bill_primary,1,25,0,0.0,0,0.0,complete
fetch-20261006T122600Z-dfc47335,v2.1-f4676a0b,2021,unknown,labor,bill_primary,1,25,0,0.0,0,0.0,complete
fetch-20261006T122600Z-dfc47335,v2.1-f4676a0b,2021,unknown,law_crime,bill_primary,1,25,0,0.0,0,0.0,complete
fetch-20261006T122600Z-dfc47335,v2.1-f4676a0b,2021,unknown,macroeconomy,bill_primary,1,25,0,0.0,0,0.0,complete
fetch-20261006T122600Z-dfc47335,v2.1-f4676a0b,2021,unknown,public_lands,bill_primary,1,25,0,0.0,0,0.0,complete
fetch-20261006T122600Z-dfc47335,v2.1-f4676a0b,2021,unknown,social_welfare,bill_primary,1,25,0,0.0,0,0.0,complete
fetch-20261006T122600Z-dfc47335,v2.1-f4676a0b,2021,unknown,technology,bill_primary,1,25,0,0.0,0,0.0,complete
fetch-20261006T122600Z-dfc47335,v2.1-f4676a0b,2021,unknown,transitional_justice,bill_primary,1,25,0,0.0,0,0.0,complete
fetch-20261006T122600Z-dfc47335,v2.1-f4676a0b,2021,unknown,transportation,bill_primary,1,25,0,0.0,0,0.0,complete
fetch-20261006T122600Z-dfc47335,v2.1-f4676a0b,2021,unknown,unclassified,bill_primary,1,25,0,0.0,0,0.0,complete
fetch-20261006T122600Z-dfc47335,v2.1-f4676a0b,2021,unknown,agriculture,bill_cosign,1,25,0,0.0,0,0.0,complete
fetch-20261006T122600Z-dfc47335,v2.1-f4676a0b,2021,unknown,civil_rights,bill_cosign,1,25,0,0.0,0,0.0,complete
fetch-20261006T122600Z-dfc47335,v2.1-f4676a0b,2021,unknown,commerce,bill_cosign,1,25,0,0.0,0,0.0,complete
fetch-20261006T122600Z-dfc47335,v2.1-f4676a0b,2021,unknown,cross_strait,bill_cosign,1,25,0,0.0,0,0.0,complete
fetch-20261006T122600Z-dfc47335,v2.1-f4676a0b,2021,unknown,culture,bill_cosign,1,25,0,0.0,0,0.0,complete
fetch-20261006T122600Z-dfc47335,v2.1-f4676a0b,2021,unknown,defense,bill_cosign,1,25,0,0.0,0,0.0,complete
fetch-20261006T122600Z-dfc47335,v2.1-f4676a0b,2021,unknown,education,bill_cosign,1,25,0,0.0,0,0.0,complete
fetch-20261006T122600Z-dfc47335,v2.1-f4676a0b,2021,unknown,energy,bill_cosign,1,25,0,0.0,0,0.0,complete
fetch-20261006T122600Z-dfc47335,v2.1-f4676a0b,2021,unknown,environment,bill_cosign,1,25,0,0.0,0,0.0,complete
fetch-20261006T122600Z-dfc47335,v2.1-f4676a0b,2021,unknown,foreign_trade,bill_cosign,1,25,0,0.0,0,0.0,complete
fetch-20261006T122600Z-dfc47335,v2.1-f4676a0b,2021,unknown,government,bill_cosign,1,25,0,0.0,0,0.0,complete
fetch-20261006T122600Z-dfc47335,v2.1-f4676a0b,2021,unknown,health,bill_cosign,1,25,0,0.0,0,0.0,complete
fetch-20261006T122600Z-dfc47335,v2.1-f4676a0b,2021,unknown,housing,bill_cosign,1,25,0,0.0,0,0.0,complete
fetch-20261006T122600Z-dfc47335,v2.1-f4676a0b,2021,unknown,immigration,bill_cosign,1,25,0,0.0,0,0.0,complete
fetch-20261006T122600Z-dfc47335,v2.1-f4676a0b,2021,unknown,indigenous,bill_cosign,1,25,0,0.0,0,0.0,complete
fetch-20261006T122600Z-dfc47335,v2.1-f4676a0b,2021,unknown,international,bill_cosign,1,25,0,0.0,0,0.0,complete
fetch-20261006T122600Z-dfc47335,v2.1-f4676a0b,2021,unknown,labor,bill_cosign,1,25,0,0.0,0,0.0,complete
fetch-20261006T122600Z-dfc47335,v2.1-f4676a0b,2021,unknown,law_crime,bill_cosign,1,25,0,0.0,0,0.0,complete
fetch-20261006T122600Z-dfc47335,v2.1-f4676a0b,2021,unknown,macroeconomy,bill_cosign,1,25,0,0.0,0,0.0,complete
fetch-20261006T122600Z-dfc47335,v2.1-f4676a0b,2021,unknown,public_lands,bill_cosign,1,25,0,0.0,0,0.0,complete
fetch-20261006T122600Z-dfc47335,v2.1-f4676a0b,2021,unknown,social_welfare,bill_cosign,1,25,0,0.0,0,0.0,complete
fetch-20261006T122600Z-dfc47335,v2.1-f4676a0b,2021,unknown,technology,bill_cosign,1,25,0,0.0,0,0.0,complete
fetch-20261006T122600Z-dfc47335,v2.1-f4676a0b,2021,unknown,transitional_justice,bill_cosign,1,25,0,0.0,0,0.0,complete
fetch-20261006T122600Z-dfc47335,v2.1-f4676a0b,2021,unknown,transportation,bill_cosign,1,25,0,0.0,0,0.0,complete
fetch-20261006T122600Z-dfc47335,v2.1-f4676a0b,2021,unknown,unclassified,bill_cosign,1,25,0,0.0,0,0.0,complete
fetch-20261006T122600Z-dfc47335,v2.1-f4676a0b,2021,unknown,agriculture,speech,1,25,0,0.0,0,0.0,complete
fetch-20261006T122600Z-dfc47335,v2.1-f4676a0b,2021,unknown,civil_rights,speech,1,25,0,0.0,0,0.0,complete
fetch-20261006T122600Z-dfc47335,v2.1-f4676a0b,2021,unknown,commerce,speech,1,25,0,0.0,0,0.0,complete
fetch-20261006T122600Z-dfc47335,v2.1-f4676a0b,2021,unknown,cross_strait,speech,1,25,0,0.0,0,0.0,complete
fetch-20261006T122600Z-dfc47335,v2.1-f4676a0b,2021,unknown,culture,speech,1,25,0,0.0,0,0.0,complete
fetch-20261006T122600Z-dfc47335,v2.1-f4676a0b,2021,unknown,defense,speech,1,25,0,0.0,0,0.0,complete
fetch-20261006T122600Z-dfc47335,v2.1-f4676a0b,2021,unknown,education,speech,1,25,0,0.0,0,0.0,complete
fetch-20261006T122600Z-dfc47335,v2.1-f4676a0b,2021,unknown,energy,speech,1,25,0,0.0,0,0.0,complete
fetch-20261006T122600Z-dfc47335,v2.1-f4676a0b,2021,unknown,environment,speech,1,25,0,0.0,0,0.0,complete
fetch-20261006T122600Z-dfc47335,v2.1-f4676a0b,2021,unknown,foreign_trade,speech,1,25,0,0.0,0,0.0,complete
fetch-20261006T122600Z-dfc47335,v2.1-f4676a0b,2021,unknown,government,speech,1,25,0,0.0,0,0.0,complete
fetch-20261006T122600Z-dfc47335,v2.1-f4676a0b,2021,unknown,health,speech,1,25,0,0.0,0,0.0,complete
fetch-20261006T122600Z-dfc47335,v2.1-f4676a0b,2021,unknown,housing,speech,1,25,0,0.0,0,0.0,complete
fetch-20261006T122600Z-dfc47335,v2.1-f4676a0b,2021,unknown,immigration,speech,1,25,0,0.0,0,0.0,complete
fetch-20261006T122600Z-dfc47335,v2.1-f4676a0b,2021,unknown,indigenous,speech,1,25,0,0.0,0,0.0,complete
fetch-20261006T122600Z-dfc47335,v2.1-f4676a0b,2021,unknown,international,speech,1,25,0,0.0,0,0.0,complete
fetch-20261006T122600Z-dfc47335,v2.1-f4676a0b,2021,unknown,labor,speech,1,25,0,0.0,0,0.0,complete
fetch-20261006T122600Z-dfc47335,v2.1-f4676a0b,2021,unknown,law_crime,speech,1,25,0,0.0,0,0.0,complete
fetch-20261006T122600Z-dfc47335,v2.1-f4676a0b,2021,unknown,macroeconomy,speech,1,25,0,0.0,0,0.0,complete
fetch-20261006T122600Z-dfc47335,v2.1-f4676a0b,2021,unknown,public_lands,speech,1,25,0,0.0,0,0.0,complete
fetch-20261006T122600Z-dfc47335,v2.1-f4676a0b,2021,unknown,social_welfare,speech,1,25,0,0.0,0,0.0,complete
fetch-20261006T122600Z-dfc47335,v2.1-f4676a0b,2021,unknown,technology,speech,1,25,0,0.0,0,0.0,complete
fetch-20261006T122600Z-dfc47335,v2.1-f4676a0b,2021,unknown,transitional_justice,speech,1,25,0,0.0,0,0.0,complete
fetch-20261006T122600Z-dfc47335,v2.1-f4676a0b,2021,unknown,transportation,speech,1,25,0,0.0,0,0.0,complete
fetch-20261006T122600Z-dfc47335,v2.1-f4676a0b,2021,unknown,unclassified,speech,1,25,0,0.0,0,0.0,complete
fetch-20261006T122600Z-dfc47335,v2.1-f4676a0b,2021,unknown,agriculture,written_question,1,25,0,0.0,0,0.0,complete
fetch-20261006T122600Z-dfc47335,v2.1-f4676a0b,2021,unknown,civil_rights,written_question,1,25,0,0.0,0,0.0,complete
fetch-20261006T122600Z-dfc47335,v2.1-f4676a0b,2021,unknown,commerce,written_question,1,25,0,0.0,0,0.0,complete
fetch-20261006T122600Z-dfc47335,v2.1-f4676a0b,2021,unknown,cross_strait,written_question,1,25,0,0.0,0,0.0,complete
fetch-20261006T122600Z-dfc47335,v2.1-f4676a0b,2021,unknown,culture,written_question,1,25,0,0.0,0,0.0,complete
fetch-20261006T122600Z-dfc47335,v2.1-f4676a0b,2021,unknown,defense,written_question,1,25,0,0.0,0,0.0,complete
fetch-20261006T122600Z-dfc47335,v2.1-f4676a0b,2021,unknown,education,written_question,1,25,0,0.0,0,0.0,complete
fetch-20261006T122600Z-dfc47335,v2.1-f4676a0b,2021,unknown,energy,written_question,1,25,0,0.0,0,0.0,complete
fetch-20261006T122600Z-dfc47335,v2.1-f4676a0b,2021,unknown,environment,written_question,1,25,0,0.0,0,0.0,complete
fetch-20261006T122600Z-dfc47335,v2.1-f4676a0b,2021,unknown,foreign_trade,written_question,1,25,0,0.0,0,0.0,complete
fetch-20261006T122600Z-dfc47335,v2.1-f4676a0b,2021,unknown,government,written_question,1,25,0,0.0,0,0.0,complete
fetch-20261006T122600Z-dfc47335,v2.1-f4676a0b,2021,unknown,health,written_question,1,25,0,0.0,0,0.0,complete
fetch-20261006T122600Z-dfc47335,v2.1-f4676a0b,2021,unknown,housing,written_question,1,25,0,0.0,0,0.0,complete
fetch-20261006T122600Z-dfc47335,v2.1-f4676a0b,2021,unknown,immigration,written_question,1,25,0,0.0,0,0.0,complete
fetch-20261006T122600Z-dfc47335,v2.1-f4676a0b,2021,unknown,indigenous,written_question,1,25,0,0.0,0,0.0,complete
fetch-20261006T122600Z-dfc47335,v2.1-f4676a0b,2021,unknown,international,written_question,1,25,0,0.0,0,0.0,complete
fetch-20261006T122600Z-dfc47335,v2.1-f4676a0b,2021,unknown,labor,written_question,1,25,0,0.0,0,0.0,complete
fetch-20261006T122600Z-dfc47335,v2.1-f4676a0b,2021,unknown,law_crime,written_question,1,25,0,0.0,0,0.0,complete
fetch-20261006T122600Z-dfc47335,v2.1-f4676a0b,2021,unknown,macroeconomy,written_question,1,25,0,0.0,0,0.0,complete
fetch-20261006T122600Z-dfc47335,v2.1-f4676a0b,2021,unknown,public_lands,written_question,1,25,0,0.0,0,0.0,complete
fetch-20261006T122600Z-dfc47335,v2.1-f4676a0b,2021,unknown,social_welfare,written_question,1,25,0,0.0,0,0.0,complete
fetch-20261006T122600Z-dfc47335,v2.1-f4676a0b,2021,unknown,technology,written_question,1,25,0,0.0,0,0.0,complete
fetch-20261006T122600Z-dfc47335,v2.1-f4676a0b,2021,unknown,transitional_justice,written_question,1,25,0,0.0,0,0.0,complete
fetch-20261006T122600Z-dfc47335,v2.1-f4676a0b,2021,unknown,transportation,written_question,1,25,0,0.0,0,0.0,complete
fetch-20261006T122600Z-dfc47335,v2.1-f4676a0b,2021,unknown,unclassified,written_question,1,25,0,0.0,0,0.0,complete
fetch-20261006T122600Z-dfc47335,v2.1-f4676a0b,2020,時代力量,agriculture,bill_primary,3,1098,0,0.0,0,0.0,complete
fetch-20261006T122600Z-dfc47335,v2.1-f4676a0b,2020,時代力量,civil_rights,bill_primary,3,1098,1,0.3333333333333333,1,0.3333333333333333,complete
fetch-20261006T122600Z-dfc47335,v2.1-f4676a0b,2020,時代力量,commerce,bill_primary,3,1098,1,1.0,1,1.0,complete
fetch-20261006T122600Z-dfc47335,v2.1-f4676a0b,2020,時代力量,cross_strait,bill_primary,3,1098,0,0.0,0,0.0,complete
fetch-20261006T122600Z-dfc47335,v2.1-f4676a0b,2020,時代力量,culture,bill_primary,3,1098,0,0.0,0,0.0,complete
fetch-20261006T122600Z-dfc47335,v2.1-f4676a0b,2020,時代力量,defense,bill_primary,3,1098,0,0.0,0,0.0,complete
fetch-20261006T122600Z-dfc47335,v2.1-f4676a0b,2020,時代力量,education,bill_primary,3,1098,3,3.0,3,3.0,complete
fetch-20261006T122600Z-dfc47335,v2.1-f4676a0b,2020,時代力量,energy,bill_primary,3,1098,0,0.0,0,0.0,complete
fetch-20261006T122600Z-dfc47335,v2.1-f4676a0b,2020,時代力量,environment,bill_primary,3,1098,0,0.0,0,0.0,complete
fetch-20261006T122600Z-dfc47335,v2.1-f4676a0b,2020,時代力量,foreign_trade,bill_primary,3,1098,1,0.5,1,0.5,complete
fetch-20261006T122600Z-dfc47335,v2.1-f4676a0b,2020,時代力量,government,bill_primary,3,1098,4,3.333333333333333,4,3.333333333333333,complete
fetch-20261006T122600Z-dfc47335,v2.1-f4676a0b,2020,時代力量,health,bill_primary,3,1098,3,2.5,3,2.5,complete
fetch-20261006T122600Z-dfc47335,v2.1-f4676a0b,2020,時代力量,housing,bill_primary,3,1098,0,0.0,0,0.0,complete
fetch-20261006T122600Z-dfc47335,v2.1-f4676a0b,2020,時代力量,immigration,bill_primary,3,1098,0,0.0,0,0.0,complete
fetch-20261006T122600Z-dfc47335,v2.1-f4676a0b,2020,時代力量,indigenous,bill_primary,3,1098,0,0.0,0,0.0,complete
fetch-20261006T122600Z-dfc47335,v2.1-f4676a0b,2020,時代力量,international,bill_primary,3,1098,0,0.0,0,0.0,complete
fetch-20261006T122600Z-dfc47335,v2.1-f4676a0b,2020,時代力量,labor,bill_primary,3,1098,2,2.0,2,2.0,complete
fetch-20261006T122600Z-dfc47335,v2.1-f4676a0b,2020,時代力量,law_crime,bill_primary,3,1098,4,3.333333333333333,4,3.333333333333333,complete
fetch-20261006T122600Z-dfc47335,v2.1-f4676a0b,2020,時代力量,macroeconomy,bill_primary,3,1098,0,0.0,0,0.0,complete
fetch-20261006T122600Z-dfc47335,v2.1-f4676a0b,2020,時代力量,public_lands,bill_primary,3,1098,0,0.0,0,0.0,complete
fetch-20261006T122600Z-dfc47335,v2.1-f4676a0b,2020,時代力量,social_welfare,bill_primary,3,1098,0,0.0,0,0.0,complete
fetch-20261006T122600Z-dfc47335,v2.1-f4676a0b,2020,時代力量,technology,bill_primary,3,1098,0,0.0,0,0.0,complete
fetch-20261006T122600Z-dfc47335,v2.1-f4676a0b,2020,時代力量,transitional_justice,bill_primary,3,1098,0,0.0,0,0.0,complete
fetch-20261006T122600Z-dfc47335,v2.1-f4676a0b,2020,時代力量,transportation,bill_primary,3,1098,1,1.0,1,1.0,complete
fetch-20261006T122600Z-dfc47335,v2.1-f4676a0b,2020,時代力量,unclassified,bill_primary,3,1098,0,0.0,0,0.0,complete
fetch-20261006T122600Z-dfc47335,v2.1-f4676a0b,2020,時代力量,agriculture,bill_cosign,3,1098,4,4.0,4,4.0,complete
fetch-20261006T122600Z-dfc47335,v2.1-f4676a0b,2020,時代力量,civil_rights,bill_cosign,3,1098,20,11.833333333333332,20,11.833333333333332,complete
fetch-20261006T122600Z-dfc47335,v2.1-f4676a0b,2020,時代力量,commerce,bill_cosign,3,1098,5,4.0,5,4.0,complete
fetch-20261006T122600Z-dfc47335,v2.1-f4676a0b,2020,時代力量,cross_strait,bill_cosign,3,1098,0,0.0,0,0.0,complete
fetch-20261006T122600Z-dfc47335,v2.1-f4676a0b,2020,時代力量,culture,bill_cosign,3,1098,11,8.333333333333332,11,8.333333333333332,complete
fetch-20261006T122600Z-dfc47335,v2.1-f4676a0b,2020,時代力量,defense,bill_cosign,3,1098,4,2.5,4,2.5,complete
fetch-20261006T122600Z-dfc47335,v2.1-f4676a0b,2020,時代力量,education,bill_cosign,3,1098,11,5.583333333333333,11,5.583333333333333,complete
fetch-20261006T122600Z-dfc47335,v2.1-f4676a0b,2020,時代力量,energy,bill_cosign,3,1098,0,0.0,0,0.0,complete
fetch-20261006T122600Z-dfc47335,v2.1-f4676a0b,2020,時代力量,environment,bill_cosign,3,1098,13,11.0,13,11.0,complete
fetch-20261006T122600Z-dfc47335,v2.1-f4676a0b,2020,時代力量,foreign_trade,bill_cosign,3,1098,1,1.0,1,1.0,complete
fetch-20261006T122600Z-dfc47335,v2.1-f4676a0b,2020,時代力量,government,bill_cosign,3,1098,34,24.5,34,24.5,complete
fetch-20261006T122600Z-dfc47335,v2.1-f4676a0b,2020,時代力量,health,bill_cosign,3,1098,11,8.5,11,8.5,complete
fetch-20261006T122600Z-dfc47335,v2.1-f4676a0b,2020,時代力量,housing,bill_cosign,3,1098,1,1.0,1,1.0,complete
fetch-20261006T122600Z-dfc47335,v2.1-f4676a0b,2020,時代力量,immigration,bill_cosign,3,1098,2,1.5,2,1.5,complete
fetch-20261006T122600Z-dfc47335,v2.1-f4676a0b,2020,時代力量,indigenous,bill_cosign,3,1098,7,4.333333333333333,7,4.333333333333333,complete
fetch-20261006T122600Z-dfc47335,v2.1-f4676a0b,2020,時代力量,international,bill_cosign,3,1098,0,0.0,0,0.0,complete
fetch-20261006T122600Z-dfc47335,v2.1-f4676a0b,2020,時代力量,labor,bill_cosign,3,1098,18,11.75,18,11.75,complete
fetch-20261006T122600Z-dfc47335,v2.1-f4676a0b,2020,時代力量,law_crime,bill_cosign,3,1098,30,18.833333333333336,30,18.833333333333336,complete
fetch-20261006T122600Z-dfc47335,v2.1-f4676a0b,2020,時代力量,macroeconomy,bill_cosign,3,1098,10,8.5,10,8.5,complete
fetch-20261006T122600Z-dfc47335,v2.1-f4676a0b,2020,時代力量,public_lands,bill_cosign,3,1098,2,1.5,2,1.5,complete
fetch-20261006T122600Z-dfc47335,v2.1-f4676a0b,2020,時代力量,social_welfare,bill_cosign,3,1098,7,4.25,7,4.25,complete
fetch-20261006T122600Z-dfc47335,v2.1-f4676a0b,2020,時代力量,technology,bill_cosign,3,1098,19,11.25,19,11.25,complete
fetch-20261006T122600Z-dfc47335,v2.1-f4676a0b,2020,時代力量,transitional_justice,bill_cosign,3,1098,3,2.3333333333333335,3,2.3333333333333335,complete
fetch-20261006T122600Z-dfc47335,v2.1-f4676a0b,2020,時代力量,transportation,bill_cosign,3,1098,11,9.5,11,9.5,complete
fetch-20261006T122600Z-dfc47335,v2.1-f4676a0b,2020,時代力量,unclassified,bill_cosign,3,1098,48,48.0,48,48.0,complete
fetch-20261006T122600Z-dfc47335,v2.1-f4676a0b,2020,時代力量,agriculture,speech,3,1098,114,22.117277430155905,114,22.117277430155905,complete
fetch-20261006T122600Z-dfc47335,v2.1-f4676a0b,2020,時代力量,civil_rights,speech,3,1098,52,9.475038737420466,52,9.475038737420466,complete
fetch-20261006T122600Z-dfc47335,v2.1-f4676a0b,2020,時代力量,commerce,speech,3,1098,103,22.561960685729613,103,22.561960685729613,complete
fetch-20261006T122600Z-dfc47335,v2.1-f4676a0b,2020,時代力量,cross_strait,speech,3,1098,9,2.231484144770836,9,2.231484144770836,complete
fetch-20261006T122600Z-dfc47335,v2.1-f4676a0b,2020,時代力量,culture,speech,3,1098,50,12.908867350812583,50,12.908867350812583,complete
fetch-20261006T122600Z-dfc47335,v2.1-f4676a0b,2020,時代力量,defense,speech,3,1098,59,15.23599056841001,59,15.23599056841001,complete
fetch-20261006T122600Z-dfc47335,v2.1-f4676a0b,2020,時代力量,education,speech,3,1098,115,33.75625928762099,115,33.75625928762099,complete
fetch-20261006T122600Z-dfc47335,v2.1-f4676a0b,2020,時代力量,energy,speech,3,1098,53,10.834037965447411,53,10.834037965447411,complete
fetch-20261006T122600Z-dfc47335,v2.1-f4676a0b,2020,時代力量,environment,speech,3,1098,165,42.027822519986074,165,42.027822519986074,complete
fetch-20261006T122600Z-dfc47335,v2.1-f4676a0b,2020,時代力量,foreign_trade,speech,3,1098,70,18.327206270773143,70,18.327206270773143,complete
fetch-20261006T122600Z-dfc47335,v2.1-f4676a0b,2020,時代力量,government,speech,3,1098,88,19.34553166230982,88,19.34553166230982,complete
fetch-20261006T122600Z-dfc47335,v2.1-f4676a0b,2020,時代力量,health,speech,3,1098,226,62.67340417458375,226,62.67340417458375,complete
fetch-20261006T122600Z-dfc47335,v2.1-f4676a0b,2020,時代力量,housing,speech,3,1098,72,27.876176388340372,72,27.876176388340372,complete
fetch-20261006T122600Z-dfc47335,v2.1-f4676a0b,2020,時代力量,immigration,speech,3,1098,13,2.51268066108402,13,2.51268066108402,complete
fetch-20261006T122600Z-dfc47335,v2.1-f4676a0b,2020,時代力量,indigenous,speech,3,1098,16,3.5796124314351143,16,3.5796124314351143,complete
fetch-20261006T122600Z-dfc47335,v2.1-f4676a0b,2020,時代力量,international,speech,3,1098,19,4.445457299371174,19,4.445457299371174,complete
fetch-20261006T122600Z-dfc47335,v2.1-f4676a0b,2020,時代力量,labor,speech,3,1098,124,30.139185323571112,124,30.139185323571112,complete
fetch-20261006T122600Z-dfc47335,v2.1-f4676a0b,2020,時代力量,law_crime,speech,3,1098,225,81.53694756638413,225,81.53694756638413,complete
fetch-20261006T122600Z-dfc47335,v2.1-f4676a0b,2020,時代力量,macroeconomy,speech,3,1098,80,14.601269233951445,80,14.601269233951445,complete
fetch-20261006T122600Z-dfc47335,v2.1-f4676a0b,2020,時代力量,public_lands,speech,3,1098,70,15.258235308371647,70,15.258235308371647,complete
fetch-20261006T122600Z-dfc47335,v2.1-f4676a0b,2020,時代力量,social_welfare,speech,3,1098,40,7.023234164233575,40,7.023234164233575,complete
fetch-20261006T122600Z-dfc47335,v2.1-f4676a0b,2020,時代力量,technology,speech,3,1098,85,19.438639631523948,85,19.438639631523948,complete
fetch-20261006T122600Z-dfc47335,v2.1-f4676a0b,2020,時代力量,transitional_justice,speech,3,1098,14,4.577385750260365,14,4.577385750260365,complete
fetch-20261006T122600Z-dfc47335,v2.1-f4676a0b,2020,時代力量,transportation,speech,3,1098,105,26.515986230970203,105,26.515986230970203,complete
fetch-20261006T122600Z-dfc47335,v2.1-f4676a0b,2020,時代力量,unclassified,speech,3,1098,716,343.0003092124822,716,343.0003092124822,complete
fetch-20261006T122600Z-dfc47335,v2.1-f4676a0b,2020,時代力量,agriculture,written_question,3,1098,0,0.0,0,0.0,complete
fetch-20261006T122600Z-dfc47335,v2.1-f4676a0b,2020,時代力量,civil_rights,written_question,3,1098,0,0.0,0,0.0,complete
fetch-20261006T122600Z-dfc47335,v2.1-f4676a0b,2020,時代力量,commerce,written_question,3,1098,0,0.0,0,0.0,complete
fetch-20261006T122600Z-dfc47335,v2.1-f4676a0b,2020,時代力量,cross_strait,written_question,3,1098,0,0.0,0,0.0,complete
fetch-20261006T122600Z-dfc47335,v2.1-f4676a0b,2020,時代力量,culture,written_question,3,1098,0,0.0,0,0.0,complete
fetch-20261006T122600Z-dfc47335,v2.1-f4676a0b,2020,時代力量,defense,written_question,3,1098,0,0.0,0,0.0,complete
fetch-20261006T122600Z-dfc47335,v2.1-f4676a0b,2020,時代力量,education,written_question,3,1098,0,0.0,0,0.0,complete
fetch-20261006T122600Z-dfc47335,v2.1-f4676a0b,2020,時代力量,energy,written_question,3,1098,0,0.0,0,0.0,complete
fetch-20261006T122600Z-dfc47335,v2.1-f4676a0b,2020,時代力量,environment,written_question,3,1098,0,0.0,0,0.0,complete
fetch-20261006T122600Z-dfc47335,v2.1-f4676a0b,2020,時代力量,foreign_trade,written_question,3,1098,0,0.0,0,0.0,complete
fetch-20261006T122600Z-dfc47335,v2.1-f4676a0b,2020,時代力量,government,written_question,3,1098,0,0.0,0,0.0,complete
fetch-20261006T122600Z-dfc47335,v2.1-f4676a0b,2020,時代力量,health,written_question,3,1098,0,0.0,0,0.0,complete
fetch-20261006T122600Z-dfc47335,v2.1-f4676a0b,2020,時代力量,housing,written_question,3,1098,0,0.0,0,0.0,complete
fetch-20261006T122600Z-dfc47335,v2.1-f4676a0b,2020,時代力量,immigration,written_question,3,1098,0,0.0,0,0.0,complete
fetch-20261006T122600Z-dfc47335,v2.1-f4676a0b,2020,時代力量,indigenous,written_question,3,1098,0,0.0,0,0.0,complete
fetch-20261006T122600Z-dfc47335,v2.1-f4676a0b,2020,時代力量,international,written_question,3,1098,0,0.0,0,0.0,complete
fetch-20261006T122600Z-dfc47335,v2.1-f4676a0b,2020,時代力量,labor,written_question,3,1098,0,0.0,0,0.0,complete
fetch-20261006T122600Z-dfc47335,v2.1-f4676a0b,2020,時代力量,law_crime,written_question,3,1098,0,0.0,0,0.0,complete
fetch-20261006T122600Z-dfc47335,v2.1-f4676a0b,2020,時代力量,macroeconomy,written_question,3,1098,0,0.0,0,0.0,complete
fetch-20261006T122600Z-dfc47335,v2.1-f4676a0b,2020,時代力量,public_lands,written_question,3,1098,0,0.0,0,0.0,complete
fetch-20261006T122600Z-dfc47335,v2.1-f4676a0b,2020,時代力量,social_welfare,written_question,3,1098,0,0.0,0,0.0,complete
fetch-20261006T122600Z-dfc47335,v2.1-f4676a0b,2020,時代力量,technology,written_question,3,1098,0,0.0,0,0.0,complete
fetch-20261006T122600Z-dfc47335,v2.1-f4676a0b,2020,時代力量,transitional_justice,written_question,3,1098,0,0.0,0,0.0,complete
fetch-20261006T122600Z-dfc47335,v2.1-f4676a0b,2020,時代力量,transportation,written_question,3,1098,0,0.0,0,0.0,complete
fetch-20261006T122600Z-dfc47335,v2.1-f4676a0b,2020,時代力量,unclassified,written_question,3,1098,0,0.0,0,0.0,complete
fetch-20261006T122600Z-dfc47335,v2.1-f4676a0b,2021,時代力量,agriculture,bill_primary,3,1095,1,1.0,1,1.0,complete
fetch-20261006T122600Z-dfc47335,v2.1-f4676a0b,2021,時代力量,civil_rights,bill_primary,3,1095,6,2.6666666666666665,6,2.6666666666666665,complete
fetch-20261006T122600Z-dfc47335,v2.1-f4676a0b,2021,時代力量,commerce,bill_primary,3,1095,2,1.3333333333333333,2,1.3333333333333333,complete
fetch-20261006T122600Z-dfc47335,v2.1-f4676a0b,2021,時代力量,cross_strait,bill_primary,3,1095,0,0.0,0,0.0,complete
fetch-20261006T122600Z-dfc47335,v2.1-f4676a0b,2021,時代力量,culture,bill_primary,3,1095,0,0.0,0,0.0,complete
fetch-20261006T122600Z-dfc47335,v2.1-f4676a0b,2021,時代力量,defense,bill_primary,3,1095,3,1.5,3,1.5,complete
fetch-20261006T122600Z-dfc47335,v2.1-f4676a0b,2021,時代力量,education,bill_primary,3,1095,14,13.5,14,13.5,complete
fetch-20261006T122600Z-dfc47335,v2.1-f4676a0b,2021,時代力量,energy,bill_primary,3,1095,0,0.0,0,0.0,complete
fetch-20261006T122600Z-dfc47335,v2.1-f4676a0b,2021,時代力量,environment,bill_primary,3,1095,2,2.0,2,2.0,complete
fetch-20261006T122600Z-dfc47335,v2.1-f4676a0b,2021,時代力量,foreign_trade,bill_primary,3,1095,0,0.0,0,0.0,complete
fetch-20261006T122600Z-dfc47335,v2.1-f4676a0b,2021,時代力量,government,bill_primary,3,1095,4,4.0,4,4.0,complete
fetch-20261006T122600Z-dfc47335,v2.1-f4676a0b,2021,時代力量,health,bill_primary,3,1095,6,3.0,6,3.0,complete
fetch-20261006T122600Z-dfc47335,v2.1-f4676a0b,2021,時代力量,housing,bill_primary,3,1095,0,0.0,0,0.0,complete
fetch-20261006T122600Z-dfc47335,v2.1-f4676a0b,2021,時代力量,immigration,bill_primary,3,1095,2,1.3333333333333333,2,1.3333333333333333,complete
fetch-20261006T122600Z-dfc47335,v2.1-f4676a0b,2021,時代力量,indigenous,bill_primary,3,1095,0,0.0,0,0.0,complete
fetch-20261006T122600Z-dfc47335,v2.1-f4676a0b,2021,時代力量,international,bill_primary,3,1095,5,2.333333333333333,5,2.333333333333333,complete
fetch-20261006T122600Z-dfc47335,v2.1-f4676a0b,2021,時代力量,labor,bill_primary,3,1095,5,3.333333333333333,5,3.333333333333333,complete
fetch-20261006T122600Z-dfc47335,v2.1-f4676a0b,2021,時代力量,law_crime,bill_primary,3,1095,13,10.166666666666668,13,10.166666666666668,complete
fetch-20261006T122600Z-dfc47335,v2.1-f4676a0b,2021,時代力量,macroeconomy,bill_primary,3,1095,6,3.0,6,3.0,complete
fetch-20261006T122600Z-dfc47335,v2.1-f4676a0b,2021,時代力量,public_lands,bill_primary,3,1095,3,3.0,3,3.0,complete
fetch-20261006T122600Z-dfc47335,v2.1-f4676a0b,2021,時代力量,social_welfare,bill_primary,3,1095,2,1.3333333333333333,2,1.3333333333333333,complete
fetch-20261006T122600Z-dfc47335,v2.1-f4676a0b,2021,時代力量,technology,bill_primary,3,1095,4,1.9999999999999998,4,1.9999999999999998,complete
fetch-20261006T122600Z-dfc47335,v2.1-f4676a0b,2021,時代力量,transitional_justice,bill_primary,3,1095,0,0.0,0,0.0,complete
fetch-20261006T122600Z-dfc47335,v2.1-f4676a0b,2021,時代力量,transportation,bill_primary,3,1095,4,3.5,4,3.5,complete
fetch-20261006T122600Z-dfc47335,v2.1-f4676a0b,2021,時代力量,unclassified,bill_primary,3,1095,4,4.0,4,4.0,complete
fetch-20261006T122600Z-dfc47335,v2.1-f4676a0b,2021,時代力量,agriculture,bill_cosign,3,1095,3,1.8333333333333333,3,1.8333333333333333,complete
fetch-20261006T122600Z-dfc47335,v2.1-f4676a0b,2021,時代力量,civil_rights,bill_cosign,3,1095,21,15.833333333333332,21,15.833333333333332,complete
fetch-20261006T122600Z-dfc47335,v2.1-f4676a0b,2021,時代力量,commerce,bill_cosign,3,1095,6,5.0,6,5.0,complete
fetch-20261006T122600Z-dfc47335,v2.1-f4676a0b,2021,時代力量,cross_strait,bill_cosign,3,1095,2,1.0,2,1.0,complete
fetch-20261006T122600Z-dfc47335,v2.1-f4676a0b,2021,時代力量,culture,bill_cosign,3,1095,10,6.166666666666666,10,6.166666666666666,complete
fetch-20261006T122600Z-dfc47335,v2.1-f4676a0b,2021,時代力量,defense,bill_cosign,3,1095,6,6.0,6,6.0,complete
fetch-20261006T122600Z-dfc47335,v2.1-f4676a0b,2021,時代力量,education,bill_cosign,3,1095,11,6.166666666666666,11,6.166666666666666,complete
fetch-20261006T122600Z-dfc47335,v2.1-f4676a0b,2021,時代力量,energy,bill_cosign,3,1095,1,0.25,1,0.25,complete
fetch-20261006T122600Z-dfc47335,v2.1-f4676a0b,2021,時代力量,environment,bill_cosign,3,1095,7,4.416666666666666,7,4.416666666666666,complete
fetch-20261006T122600Z-dfc47335,v2.1-f4676a0b,2021,時代力量,foreign_trade,bill_cosign,3,1095,3,1.1666666666666665,3,1.1666666666666665,complete
fetch-20261006T122600Z-dfc47335,v2.1-f4676a0b,2021,時代力量,government,bill_cosign,3,1095,33,23.666666666666664,33,23.666666666666664,complete
fetch-20261006T122600Z-dfc47335,v2.1-f4676a0b,2021,時代力量,health,bill_cosign,3,1095,13,7.833333333333333,13,7.833333333333333,complete
fetch-20261006T122600Z-dfc47335,v2.1-f4676a0b,2021,時代力量,housing,bill_cosign,3,1095,15,10.5,15,10.5,complete
fetch-20261006T122600Z-dfc47335,v2.1-f4676a0b,2021,時代力量,immigration,bill_cosign,3,1095,3,1.5,3,1.5,complete
fetch-20261006T122600Z-dfc47335,v2.1-f4676a0b,2021,時代力量,indigenous,bill_cosign,3,1095,2,0.6666666666666666,2,0.6666666666666666,complete
fetch-20261006T122600Z-dfc47335,v2.1-f4676a0b,2021,時代力量,international,bill_cosign,3,1095,1,0.3333333333333333,1,0.3333333333333333,complete
fetch-20261006T122600Z-dfc47335,v2.1-f4676a0b,2021,時代力量,labor,bill_cosign,3,1095,15,11.333333333333334,15,11.333333333333334,complete
fetch-20261006T122600Z-dfc47335,v2.1-f4676a0b,2021,時代力量,law_crime,bill_cosign,3,1095,31,23.666666666666664,31,23.666666666666664,complete
fetch-20261006T122600Z-dfc47335,v2.1-f4676a0b,2021,時代力量,macroeconomy,bill_cosign,3,1095,17,8.75,17,8.75,complete
fetch-20261006T122600Z-dfc47335,v2.1-f4676a0b,2021,時代力量,public_lands,bill_cosign,3,1095,0,0.0,0,0.0,complete
fetch-20261006T122600Z-dfc47335,v2.1-f4676a0b,2021,時代力量,social_welfare,bill_cosign,3,1095,8,6.0,8,6.0,complete
fetch-20261006T122600Z-dfc47335,v2.1-f4676a0b,2021,時代力量,technology,bill_cosign,3,1095,26,15.166666666666666,26,15.166666666666666,complete
fetch-20261006T122600Z-dfc47335,v2.1-f4676a0b,2021,時代力量,transitional_justice,bill_cosign,3,1095,1,1.0,1,1.0,complete
fetch-20261006T122600Z-dfc47335,v2.1-f4676a0b,2021,時代力量,transportation,bill_cosign,3,1095,11,9.75,11,9.75,complete
fetch-20261006T122600Z-dfc47335,v2.1-f4676a0b,2021,時代力量,unclassified,bill_cosign,3,1095,38,38.0,38,38.0,complete
fetch-20261006T122600Z-dfc47335,v2.1-f4676a0b,2021,時代力量,agriculture,speech,3,1095,70,13.110723567665401,70,13.110723567665401,complete
fetch-20261006T122600Z-dfc47335,v2.1-f4676a0b,2021,時代力量,civil_rights,speech,3,1095,75,11.303287355570248,75,11.303287355570248,complete
fetch-20261006T122600Z-dfc47335,v2.1-f4676a0b,2021,時代力量,commerce,speech,3,1095,63,16.277779736636425,63,16.277779736636425,complete
fetch-20261006T122600Z-dfc47335,v2.1-f4676a0b,2021,時代力量,cross_strait,speech,3,1095,26,4.291433908106041,26,4.291433908106041,complete
fetch-20261006T122600Z-dfc47335,v2.1-f4676a0b,2021,時代力量,culture,speech,3,1095,81,20.25622651237455,81,20.25622651237455,complete
fetch-20261006T122600Z-dfc47335,v2.1-f4676a0b,2021,時代力量,defense,speech,3,1095,64,19.83606762323891,64,19.83606762323891,complete
fetch-20261006T122600Z-dfc47335,v2.1-f4676a0b,2021,時代力量,education,speech,3,1095,153,50.90518101016528,153,50.90518101016528,complete
fetch-20261006T122600Z-dfc47335,v2.1-f4676a0b,2021,時代力量,energy,speech,3,1095,76,19.63426310381518,76,19.63426310381518,complete
fetch-20261006T122600Z-dfc47335,v2.1-f4676a0b,2021,時代力量,environment,speech,3,1095,139,30.6695934948847,139,30.6695934948847,complete
fetch-20261006T122600Z-dfc47335,v2.1-f4676a0b,2021,時代力量,foreign_trade,speech,3,1095,13,1.8149275117911388,13,1.8149275117911388,complete
fetch-20261006T122600Z-dfc47335,v2.1-f4676a0b,2021,時代力量,government,speech,3,1095,143,32.30472730852965,143,32.30472730852965,complete
fetch-20261006T122600Z-dfc47335,v2.1-f4676a0b,2021,時代力量,health,speech,3,1095,211,62.98431359683551,211,62.98431359683551,complete
fetch-20261006T122600Z-dfc47335,v2.1-f4676a0b,2021,時代力量,housing,speech,3,1095,68,18.87697530632545,68,18.87697530632545,complete
fetch-20261006T122600Z-dfc47335,v2.1-f4676a0b,2021,時代力量,immigration,speech,3,1095,15,2.611450044078835,15,2.611450044078835,complete
fetch-20261006T122600Z-dfc47335,v2.1-f4676a0b,2021,時代力量,indigenous,speech,3,1095,17,2.98484756727043,17,2.98484756727043,complete
fetch-20261006T122600Z-dfc47335,v2.1-f4676a0b,2021,時代力量,international,speech,3,1095,29,5.079179296001709,29,5.079179296001709,complete
fetch-20261006T122600Z-dfc47335,v2.1-f4676a0b,2021,時代力量,labor,speech,3,1095,129,41.41658762162605,129,41.41658762162605,complete
fetch-20261006T122600Z-dfc47335,v2.1-f4676a0b,2021,時代力量,law_crime,speech,3,1095,222,69.05239873084899,222,69.05239873084899,complete
fetch-20261006T122600Z-dfc47335,v2.1-f4676a0b,2021,時代力量,macroeconomy,speech,3,1095,76,15.78350691500651,76,15.78350691500651,complete
fetch-20261006T122600Z-dfc47335,v2.1-f4676a0b,2021,時代力量,public_lands,speech,3,1095,62,12.389821419409161,62,12.389821419409161,complete
fetch-20261006T122600Z-dfc47335,v2.1-f4676a0b,2021,時代力量,social_welfare,speech,3,1095,63,14.478570465318052,63,14.478570465318052,complete
fetch-20261006T122600Z-dfc47335,v2.1-f4676a0b,2021,時代力量,technology,speech,3,1095,101,37.05868376265714,101,37.05868376265714,complete
fetch-20261006T122600Z-dfc47335,v2.1-f4676a0b,2021,時代力量,transitional_justice,speech,3,1095,9,1.914011417574243,9,1.914011417574243,complete
fetch-20261006T122600Z-dfc47335,v2.1-f4676a0b,2021,時代力量,transportation,speech,3,1095,126,35.12733043166741,126,35.12733043166741,complete
fetch-20261006T122600Z-dfc47335,v2.1-f4676a0b,2021,時代力量,unclassified,speech,3,1095,686,347.83811229260306,686,347.83811229260306,complete
fetch-20261006T122600Z-dfc47335,v2.1-f4676a0b,2021,時代力量,agriculture,written_question,3,1095,0,0.0,0,0.0,complete
fetch-20261006T122600Z-dfc47335,v2.1-f4676a0b,2021,時代力量,civil_rights,written_question,3,1095,0,0.0,0,0.0,complete
fetch-20261006T122600Z-dfc47335,v2.1-f4676a0b,2021,時代力量,commerce,written_question,3,1095,0,0.0,0,0.0,complete
fetch-20261006T122600Z-dfc47335,v2.1-f4676a0b,2021,時代力量,cross_strait,written_question,3,1095,0,0.0,0,0.0,complete
fetch-20261006T122600Z-dfc47335,v2.1-f4676a0b,2021,時代力量,culture,written_question,3,1095,0,0.0,0,0.0,complete
fetch-20261006T122600Z-dfc47335,v2.1-f4676a0b,2021,時代力量,defense,written_question,3,1095,0,0.0,0,0.0,complete
fetch-20261006T122600Z-dfc47335,v2.1-f4676a0b,2021,時代力量,education,written_question,3,1095,0,0.0,0,0.0,complete
fetch-20261006T122600Z-dfc47335,v2.1-f4676a0b,2021,時代力量,energy,written_question,3,1095,0,0.0,0,0.0,complete
fetch-20261006T122600Z-dfc47335,v2.1-f4676a0b,2021,時代力量,environment,written_question,3,1095,0,0.0,0,0.0,complete
fetch-20261006T122600Z-dfc47335,v2.1-f4676a0b,2021,時代力量,foreign_trade,written_question,3,1095,0,0.0,0,0.0,complete
fetch-20261006T122600Z-dfc47335,v2.1-f4676a0b,2021,時代力量,government,written_question,3,1095,0,0.0,0,0.0,complete
fetch-20261006T122600Z-dfc47335,v2.1-f4676a0b,2021,時代力量,health,written_question,3,1095,0,0.0,0,0.0,complete
fetch-20261006T122600Z-dfc47335,v2.1-f4676a0b,2021,時代力量,housing,written_question,3,1095,0,0.0,0,0.0,complete
fetch-20261006T122600Z-dfc47335,v2.1-f4676a0b,2021,時代力量,immigration,written_question,3,1095,0,0.0,0,0.0,complete
fetch-20261006T122600Z-dfc47335,v2.1-f4676a0b,2021,時代力量,indigenous,written_question,3,1095,0,0.0,0,0.0,complete
fetch-20261006T122600Z-dfc47335,v2.1-f4676a0b,2021,時代力量,international,written_question,3,1095,0,0.0,0,0.0,complete
fetch-20261006T122600Z-dfc47335,v2.1-f4676a0b,2021,時代力量,labor,written_question,3,1095,0,0.0,0,0.0,complete
fetch-20261006T122600Z-dfc47335,v2.1-f4676a0b,2021,時代力量,law_crime,written_question,3,1095,0,0.0,0,0.0,complete
fetch-20261006T122600Z-dfc47335,v2.1-f4676a0b,2021,時代力量,macroeconomy,written_question,3,1095,0,0.0,0,0.0,complete
fetch-20261006T122600Z-dfc47335,v2.1-f4676a0b,2021,時代力量,public_lands,written_question,3,1095,0,0.0,0,0.0,complete
fetch-20261006T122600Z-dfc47335,v2.1-f4676a0b,2021,時代力量,social_welfare,written_question,3,1095,0,0.0,0,0.0,complete
fetch-20261006T122600Z-dfc47335,v2.1-f4676a0b,2021,時代力量,technology,written_question,3,1095,0,0.0,0,0.0,complete
fetch-20261006T122600Z-dfc47335,v2.1-f4676a0b,2021,時代力量,transitional_justice,written_question,3,1095,0,0.0,0,0.0,complete
fetch-20261006T122600Z-dfc47335,v2.1-f4676a0b,2021,時代力量,transportation,written_question,3,1095,0,0.0,0,0.0,complete
fetch-20261006T122600Z-dfc47335,v2.1-f4676a0b,2021,時代力量,unclassified,written_question,3,1095,0,0.0,0,0.0,complete
fetch-20261006T122600Z-dfc47335,v2.1-f4676a0b,2022,時代力量,agriculture,bill_primary,3,1095,0,0.0,0,0.0,complete
fetch-20261006T122600Z-dfc47335,v2.1-f4676a0b,2022,時代力量,civil_rights,bill_primary,3,1095,6,4.5,6,4.5,complete
fetch-20261006T122600Z-dfc47335,v2.1-f4676a0b,2022,時代力量,commerce,bill_primary,3,1095,6,4.5,6,4.5,complete
fetch-20261006T122600Z-dfc47335,v2.1-f4676a0b,2022,時代力量,cross_strait,bill_primary,3,1095,0,0.0,0,0.0,complete
fetch-20261006T122600Z-dfc47335,v2.1-f4676a0b,2022,時代力量,culture,bill_primary,3,1095,6,4.5,6,4.5,complete
fetch-20261006T122600Z-dfc47335,v2.1-f4676a0b,2022,時代力量,defense,bill_primary,3,1095,0,0.0,0,0.0,complete
fetch-20261006T122600Z-dfc47335,v2.1-f4676a0b,2022,時代力量,education,bill_primary,3,1095,16,12.5,16,12.5,complete
fetch-20261006T122600Z-dfc47335,v2.1-f4676a0b,2022,時代力量,energy,bill_primary,3,1095,0,0.0,0,0.0,complete
fetch-20261006T122600Z-dfc47335,v2.1-f4676a0b,2022,時代力量,environment,bill_primary,3,1095,4,3.5,4,3.5,complete
fetch-20261006T122600Z-dfc47335,v2.1-f4676a0b,2022,時代力量,foreign_trade,bill_primary,3,1095,0,0.0,0,0.0,complete
fetch-20261006T122600Z-dfc47335,v2.1-f4676a0b,2022,時代力量,government,bill_primary,3,1095,18,13.5,18,13.5,complete
fetch-20261006T122600Z-dfc47335,v2.1-f4676a0b,2022,時代力量,health,bill_primary,3,1095,14,11.0,14,11.0,complete
fetch-20261006T122600Z-dfc47335,v2.1-f4676a0b,2022,時代力量,housing,bill_primary,3,1095,0,0.0,0,0.0,complete
fetch-20261006T122600Z-dfc47335,v2.1-f4676a0b,2022,時代力量,immigration,bill_primary,3,1095,3,3.0,3,3.0,complete
fetch-20261006T122600Z-dfc47335,v2.1-f4676a0b,2022,時代力量,indigenous,bill_primary,3,1095,0,0.0,0,0.0,complete
fetch-20261006T122600Z-dfc47335,v2.1-f4676a0b,2022,時代力量,international,bill_primary,3,1095,0,0.0,0,0.0,complete
fetch-20261006T122600Z-dfc47335,v2.1-f4676a0b,2022,時代力量,labor,bill_primary,3,1095,42,40.5,42,40.5,complete
fetch-20261006T122600Z-dfc47335,v2.1-f4676a0b,2022,時代力量,law_crime,bill_primary,3,1095,9,9.0,9,9.0,complete
fetch-20261006T122600Z-dfc47335,v2.1-f4676a0b,2022,時代力量,macroeconomy,bill_primary,3,1095,9,4.5,9,4.5,complete
fetch-20261006T122600Z-dfc47335,v2.1-f4676a0b,2022,時代力量,public_lands,bill_primary,3,1095,0,0.0,0,0.0,complete
fetch-20261006T122600Z-dfc47335,v2.1-f4676a0b,2022,時代力量,social_welfare,bill_primary,3,1095,0,0.0,0,0.0,complete
fetch-20261006T122600Z-dfc47335,v2.1-f4676a0b,2022,時代力量,technology,bill_primary,3,1095,0,0.0,0,0.0,complete
fetch-20261006T122600Z-dfc47335,v2.1-f4676a0b,2022,時代力量,transitional_justice,bill_primary,3,1095,0,0.0,0,0.0,complete
fetch-20261006T122600Z-dfc47335,v2.1-f4676a0b,2022,時代力量,transportation,bill_primary,3,1095,18,18.0,18,18.0,complete
fetch-20261006T122600Z-dfc47335,v2.1-f4676a0b,2022,時代力量,unclassified,bill_primary,3,1095,15,15.0,15,15.0,complete
fetch-20261006T122600Z-dfc47335,v2.1-f4676a0b,2022,時代力量,agriculture,bill_cosign,3,1095,9,5.666666666666666,9,5.666666666666666,complete
fetch-20261006T122600Z-dfc47335,v2.1-f4676a0b,2022,時代力量,civil_rights,bill_cosign,3,1095,13,7.666666666666666,13,7.666666666666666,complete
fetch-20261006T122600Z-dfc47335,v2.1-f4676a0b,2022,時代力量,commerce,bill_cosign,3,1095,6,3.166666666666667,6,3.166666666666667,complete
fetch-20261006T122600Z-dfc47335,v2.1-f4676a0b,2022,時代力量,cross_strait,bill_cosign,3,1095,0,0.0,0,0.0,complete
fetch-20261006T122600Z-dfc47335,v2.1-f4676a0b,2022,時代力量,culture,bill_cosign,3,1095,3,1.2,3,1.2,complete
fetch-20261006T122600Z-dfc47335,v2.1-f4676a0b,2022,時代力量,defense,bill_cosign,3,1095,7,7.0,7,7.0,complete
fetch-20261006T122600Z-dfc47335,v2.1-f4676a0b,2022,時代力量,education,bill_cosign,3,1095,14,12.0,14,12.0,complete
fetch-20261006T122600Z-dfc47335,v2.1-f4676a0b,2022,時代力量,energy,bill_cosign,3,1095,2,1.0,2,1.0,complete
fetch-20261006T122600Z-dfc47335,v2.1-f4676a0b,2022,時代力量,environment,bill_cosign,3,1095,16,11.033333333333333,16,11.033333333333333,complete
fetch-20261006T122600Z-dfc47335,v2.1-f4676a0b,2022,時代力量,foreign_trade,bill_cosign,3,1095,3,3.0,3,3.0,complete
fetch-20261006T122600Z-dfc47335,v2.1-f4676a0b,2022,時代力量,government,bill_cosign,3,1095,19,14.866666666666667,19,14.866666666666667,complete
fetch-20261006T122600Z-dfc47335,v2.1-f4676a0b,2022,時代力量,health,bill_cosign,3,1095,9,7.833333333333333,9,7.833333333333333,complete
fetch-20261006T122600Z-dfc47335,v2.1-f4676a0b,2022,時代力量,housing,bill_cosign,3,1095,5,3.333333333333333,5,3.333333333333333,complete
fetch-20261006T122600Z-dfc47335,v2.1-f4676a0b,2022,時代力量,immigration,bill_cosign,3,1095,1,1.0,1,1.0,complete
fetch-20261006T122600Z-dfc47335,v2.1-f4676a0b,2022,時代力量,indigenous,bill_cosign,3,1095,1,0.2,1,0.2,complete
fetch-20261006T122600Z-dfc47335,v2.1-f4676a0b,2022,時代力量,international,bill_cosign,3,1095,0,0.0,0,0.0,complete
fetch-20261006T122600Z-dfc47335,v2.1-f4676a0b,2022,時代力量,labor,bill_cosign,3,1095,6,4.333333333333333,6,4.333333333333333,complete
fetch-20261006T122600Z-dfc47335,v2.1-f4676a0b,2022,時代力量,law_crime,bill_cosign,3,1095,17,9.5,17,9.5,complete
fetch-20261006T122600Z-dfc47335,v2.1-f4676a0b,2022,時代力量,macroeconomy,bill_cosign,3,1095,2,0.5333333333333333,2,0.5333333333333333,complete
fetch-20261006T122600Z-dfc47335,v2.1-f4676a0b,2022,時代力量,public_lands,bill_cosign,3,1095,1,0.5,1,0.5,complete
fetch-20261006T122600Z-dfc47335,v2.1-f4676a0b,2022,時代力量,social_welfare,bill_cosign,3,1095,3,1.3333333333333333,3,1.3333333333333333,complete
fetch-20261006T122600Z-dfc47335,v2.1-f4676a0b,2022,時代力量,technology,bill_cosign,3,1095,16,9.5,16,9.5,complete
fetch-20261006T122600Z-dfc47335,v2.1-f4676a0b,2022,時代力量,transitional_justice,bill_cosign,3,1095,0,0.0,0,0.0,complete
fetch-20261006T122600Z-dfc47335,v2.1-f4676a0b,2022,時代力量,transportation,bill_cosign,3,1095,11,9.333333333333332,11,9.333333333333332,complete
fetch-20261006T122600Z-dfc47335,v2.1-f4676a0b,2022,時代力量,unclassified,bill_cosign,3,1095,17,17.0,17,17.0,complete
fetch-20261006T122600Z-dfc47335,v2.1-f4676a0b,2022,時代力量,agriculture,speech,3,1095,85,18.44743893566691,85,18.44743893566691,complete
fetch-20261006T122600Z-dfc47335,v2.1-f4676a0b,2022,時代力量,civil_rights,speech,3,1095,64,13.062431699590697,64,13.062431699590697,complete
fetch-20261006T122600Z-dfc47335,v2.1-f4676a0b,2022,時代力量,commerce,speech,3,1095,76,17.89111089603921,76,17.89111089603921,complete
fetch-20261006T122600Z-dfc47335,v2.1-f4676a0b,2022,時代力量,cross_strait,speech,3,1095,10,1.4223963981148107,10,1.4223963981148107,complete
fetch-20261006T122600Z-dfc47335,v2.1-f4676a0b,2022,時代力量,culture,speech,3,1095,63,16.893690536655175,63,16.893690536655175,complete
fetch-20261006T122600Z-dfc47335,v2.1-f4676a0b,2022,時代力量,defense,speech,3,1095,42,12.556706678691128,42,12.556706678691128,complete
fetch-20261006T122600Z-dfc47335,v2.1-f4676a0b,2022,時代力量,education,speech,3,1095,119,33.97405954639443,119,33.97405954639443,complete
fetch-20261006T122600Z-dfc47335,v2.1-f4676a0b,2022,時代力量,energy,speech,3,1095,89,21.19647951622355,89,21.19647951622355,complete
fetch-20261006T122600Z-dfc47335,v2.1-f4676a0b,2022,時代力量,environment,speech,3,1095,170,53.952377987068346,170,53.952377987068346,complete
fetch-20261006T122600Z-dfc47335,v2.1-f4676a0b,2022,時代力量,foreign_trade,speech,3,1095,17,2.9532416257635767,17,2.9532416257635767,complete
fetch-20261006T122600Z-dfc47335,v2.1-f4676a0b,2022,時代力量,government,speech,3,1095,88,20.42635963007137,88,20.42635963007137,complete
fetch-20261006T122600Z-dfc47335,v2.1-f4676a0b,2022,時代力量,health,speech,3,1095,142,37.5455086371018,142,37.5455086371018,complete
fetch-20261006T122600Z-dfc47335,v2.1-f4676a0b,2022,時代力量,housing,speech,3,1095,40,12.619507444052868,40,12.619507444052868,complete
fetch-20261006T122600Z-dfc47335,v2.1-f4676a0b,2022,時代力量,immigration,speech,3,1095,7,0.4578542853701329,7,0.4578542853701329,complete
fetch-20261006T122600Z-dfc47335,v2.1-f4676a0b,2022,時代力量,indigenous,speech,3,1095,15,3.228190684474945,15,3.228190684474945,complete
fetch-20261006T122600Z-dfc47335,v2.1-f4676a0b,2022,時代力量,international,speech,3,1095,26,3.832058405687081,26,3.832058405687081,complete
fetch-20261006T122600Z-dfc47335,v2.1-f4676a0b,2022,時代力量,labor,speech,3,1095,94,25.084930818533763,94,25.084930818533763,complete
fetch-20261006T122600Z-dfc47335,v2.1-f4676a0b,2022,時代力量,law_crime,speech,3,1095,212,62.54481996234863,212,62.54481996234863,complete
fetch-20261006T122600Z-dfc47335,v2.1-f4676a0b,2022,時代力量,macroeconomy,speech,3,1095,44,5.515744486888616,44,5.515744486888616,complete
fetch-20261006T122600Z-dfc47335,v2.1-f4676a0b,2022,時代力量,public_lands,speech,3,1095,39,5.233104055924582,39,5.233104055924582,complete
fetch-20261006T122600Z-dfc47335,v2.1-f4676a0b,2022,時代力量,social_welfare,speech,3,1095,35,6.041022914755338,35,6.041022914755338,complete
fetch-20261006T122600Z-dfc47335,v2.1-f4676a0b,2022,時代力量,technology,speech,3,1095,111,30.45502696585997,111,30.45502696585997,complete
fetch-20261006T122600Z-dfc47335,v2.1-f4676a0b,2022,時代力量,transitional_justice,speech,3,1095,28,11.472399126608147,28,11.472399126608147,complete
fetch-20261006T122600Z-dfc47335,v2.1-f4676a0b,2022,時代力量,transportation,speech,3,1095,98,26.918310327573987,98,26.918310327573987,complete
fetch-20261006T122600Z-dfc47335,v2.1-f4676a0b,2022,時代力量,unclassified,speech,3,1095,555,255.27522843454088,555,255.27522843454088,complete
fetch-20261006T122600Z-dfc47335,v2.1-f4676a0b,2022,時代力量,agriculture,written_question,3,1095,0,0.0,0,0.0,complete
fetch-20261006T122600Z-dfc47335,v2.1-f4676a0b,2022,時代力量,civil_rights,written_question,3,1095,0,0.0,0,0.0,complete
fetch-20261006T122600Z-dfc47335,v2.1-f4676a0b,2022,時代力量,commerce,written_question,3,1095,0,0.0,0,0.0,complete
fetch-20261006T122600Z-dfc47335,v2.1-f4676a0b,2022,時代力量,cross_strait,written_question,3,1095,0,0.0,0,0.0,complete
fetch-20261006T122600Z-dfc47335,v2.1-f4676a0b,2022,時代力量,culture,written_question,3,1095,0,0.0,0,0.0,complete
fetch-20261006T122600Z-dfc47335,v2.1-f4676a0b,2022,時代力量,defense,written_question,3,1095,0,0.0,0,0.0,complete
fetch-20261006T122600Z-dfc47335,v2.1-f4676a0b,2022,時代力量,education,written_question,3,1095,0,0.0,0,0.0,complete
fetch-20261006T122600Z-dfc47335,v2.1-f4676a0b,2022,時代力量,energy,written_question,3,1095,0,0.0,0,0.0,complete
fetch-20261006T122600Z-dfc47335,v2.1-f4676a0b,2022,時代力量,environment,written_question,3,1095,0,0.0,0,0.0,complete
fetch-20261006T122600Z-dfc47335,v2.1-f4676a0b,2022,時代力量,foreign_trade,written_question,3,1095,0,0.0,0,0.0,complete
fetch-20261006T122600Z-dfc47335,v2.1-f4676a0b,2022,時代力量,government,written_question,3,1095,0,0.0,0,0.0,complete
fetch-20261006T122600Z-dfc47335,v2.1-f4676a0b,2022,時代力量,health,written_question,3,1095,0,0.0,0,0.0,complete
fetch-20261006T122600Z-dfc47335,v2.1-f4676a0b,2022,時代力量,housing,written_question,3,1095,0,0.0,0,0.0,complete
fetch-20261006T122600Z-dfc47335,v2.1-f4676a0b,2022,時代力量,immigration,written_question,3,1095,0,0.0,0,0.0,complete
fetch-20261006T122600Z-dfc47335,v2.1-f4676a0b,2022,時代力量,indigenous,written_question,3,1095,0,0.0,0,0.0,complete
fetch-20261006T122600Z-dfc47335,v2.1-f4676a0b,2022,時代力量,international,written_question,3,1095,0,0.0,0,0.0,complete
fetch-20261006T122600Z-dfc47335,v2.1-f4676a0b,2022,時代力量,labor,written_question,3,1095,0,0.0,0,0.0,complete
fetch-20261006T122600Z-dfc47335,v2.1-f4676a0b,2022,時代力量,law_crime,written_question,3,1095,0,0.0,0,0.0,complete
fetch-20261006T122600Z-dfc47335,v2.1-f4676a0b,2022,時代力量,macroeconomy,written_question,3,1095,0,0.0,0,0.0,complete
fetch-20261006T122600Z-dfc47335,v2.1-f4676a0b,2022,時代力量,public_lands,written_question,3,1095,0,0.0,0,0.0,complete
fetch-20261006T122600Z-dfc47335,v2.1-f4676a0b,2022,時代力量,social_welfare,written_question,3,1095,0,0.0,0,0.0,complete
fetch-20261006T122600Z-dfc47335,v2.1-f4676a0b,2022,時代力量,technology,written_question,3,1095,0,0.0,0,0.0,complete
fetch-20261006T122600Z-dfc47335,v2.1-f4676a0b,2022,時代力量,transitional_justice,written_question,3,1095,0,0.0,0,0.0,complete
fetch-20261006T122600Z-dfc47335,v2.1-f4676a0b,2022,時代力量,transportation,written_question,3,1095,0,0.0,0,0.0,complete
fetch-20261006T122600Z-dfc47335,v2.1-f4676a0b,2022,時代力量,unclassified,written_question,3,1095,0,0.0,0,0.0,complete
fetch-20261006T122600Z-dfc47335,v2.1-f4676a0b,2023,時代力量,agriculture,bill_primary,3,1095,6,2.8666666666666663,6,2.8666666666666663,complete
fetch-20261006T122600Z-dfc47335,v2.1-f4676a0b,2023,時代力量,civil_rights,bill_primary,3,1095,20,12.833333333333332,20,12.833333333333332,complete
fetch-20261006T122600Z-dfc47335,v2.1-f4676a0b,2023,時代力量,commerce,bill_primary,3,1095,13,10.5,13,10.5,complete
fetch-20261006T122600Z-dfc47335,v2.1-f4676a0b,2023,時代力量,cross_strait,bill_primary,3,1095,0,0.0,0,0.0,complete
fetch-20261006T122600Z-dfc47335,v2.1-f4676a0b,2023,時代力量,culture,bill_primary,3,1095,16,11.416666666666666,16,11.416666666666666,complete
fetch-20261006T122600Z-dfc47335,v2.1-f4676a0b,2023,時代力量,defense,bill_primary,3,1095,1,0.5,1,0.5,complete
fetch-20261006T122600Z-dfc47335,v2.1-f4676a0b,2023,時代力量,education,bill_primary,3,1095,22,13.2,22,13.2,complete
fetch-20261006T122600Z-dfc47335,v2.1-f4676a0b,2023,時代力量,energy,bill_primary,3,1095,9,3.783333333333333,9,3.783333333333333,complete
fetch-20261006T122600Z-dfc47335,v2.1-f4676a0b,2023,時代力量,environment,bill_primary,3,1095,24,10.98333333333333,24,10.98333333333333,complete
fetch-20261006T122600Z-dfc47335,v2.1-f4676a0b,2023,時代力量,foreign_trade,bill_primary,3,1095,6,3.0,6,3.0,complete
fetch-20261006T122600Z-dfc47335,v2.1-f4676a0b,2023,時代力量,government,bill_primary,3,1095,18,9.7,18,9.7,complete
fetch-20261006T122600Z-dfc47335,v2.1-f4676a0b,2023,時代力量,health,bill_primary,3,1095,16,11.583333333333332,16,11.583333333333332,complete
fetch-20261006T122600Z-dfc47335,v2.1-f4676a0b,2023,時代力量,housing,bill_primary,3,1095,31,22.5,31,22.5,complete
fetch-20261006T122600Z-dfc47335,v2.1-f4676a0b,2023,時代力量,immigration,bill_primary,3,1095,4,3.5,4,3.5,complete
fetch-20261006T122600Z-dfc47335,v2.1-f4676a0b,2023,時代力量,indigenous,bill_primary,3,1095,8,2.4166666666666665,8,2.4166666666666665,complete
fetch-20261006T122600Z-dfc47335,v2.1-f4676a0b,2023,時代力量,international,bill_primary,3,1095,6,2.25,6,2.25,complete
fetch-20261006T122600Z-dfc47335,v2.1-f4676a0b,2023,時代力量,labor,bill_primary,3,1095,33,22.666666666666664,33,22.666666666666664,complete
fetch-20261006T122600Z-dfc47335,v2.1-f4676a0b,2023,時代力量,law_crime,bill_primary,3,1095,42,27.0,42,27.0,complete
fetch-20261006T122600Z-dfc47335,v2.1-f4676a0b,2023,時代力量,macroeconomy,bill_primary,3,1095,24,14.500000000000002,24,14.500000000000002,complete
fetch-20261006T122600Z-dfc47335,v2.1-f4676a0b,2023,時代力量,public_lands,bill_primary,3,1095,12,6.316666666666667,12,6.316666666666667,complete
fetch-20261006T122600Z-dfc47335,v2.1-f4676a0b,2023,時代力量,social_welfare,bill_primary,3,1095,16,7.333333333333332,16,7.333333333333332,complete
fetch-20261006T122600Z-dfc47335,v2.1-f4676a0b,2023,時代力量,technology,bill_primary,3,1095,10,3.6999999999999993,10,3.6999999999999993,complete
fetch-20261006T122600Z-dfc47335,v2.1-f4676a0b,2023,時代力量,transitional_justice,bill_primary,3,1095,3,3.0,3,3.0,complete
fetch-20261006T122600Z-dfc47335,v2.1-f4676a0b,2023,時代力量,transportation,bill_primary,3,1095,11,8.45,11,8.45,complete
fetch-20261006T122600Z-dfc47335,v2.1-f4676a0b,2023,時代力量,unclassified,bill_primary,3,1095,37,37.0,37,37.0,complete
fetch-20261006T122600Z-dfc47335,v2.1-f4676a0b,2023,時代力量,agriculture,bill_cosign,3,1095,8,4.699999999999999,8,4.699999999999999,complete
fetch-20261006T122600Z-dfc47335,v2.1-f4676a0b,2023,時代力量,civil_rights,bill_cosign,3,1095,29,20.166666666666664,29,20.166666666666664,complete
fetch-20261006T122600Z-dfc47335,v2.1-f4676a0b,2023,時代力量,commerce,bill_cosign,3,1095,3,1.5,3,1.5,complete
fetch-20261006T122600Z-dfc47335,v2.1-f4676a0b,2023,時代力量,cross_strait,bill_cosign,3,1095,0,0.0,0,0.0,complete
fetch-20261006T122600Z-dfc47335,v2.1-f4676a0b,2023,時代力量,culture,bill_cosign,3,1095,7,3.333333333333333,7,3.333333333333333,complete
fetch-20261006T122600Z-dfc47335,v2.1-f4676a0b,2023,時代力量,defense,bill_cosign,3,1095,2,1.5,2,1.5,complete
fetch-20261006T122600Z-dfc47335,v2.1-f4676a0b,2023,時代力量,education,bill_cosign,3,1095,21,11.7,21,11.7,complete
fetch-20261006T122600Z-dfc47335,v2.1-f4676a0b,2023,時代力量,energy,bill_cosign,3,1095,2,0.5333333333333333,2,0.5333333333333333,complete
fetch-20261006T122600Z-dfc47335,v2.1-f4676a0b,2023,時代力量,environment,bill_cosign,3,1095,17,9.1,17,9.1,complete
fetch-20261006T122600Z-dfc47335,v2.1-f4676a0b,2023,時代力量,foreign_trade,bill_cosign,3,1095,1,0.3333333333333333,1,0.3333333333333333,complete
fetch-20261006T122600Z-dfc47335,v2.1-f4676a0b,2023,時代力量,government,bill_cosign,3,1095,8,4.533333333333333,8,4.533333333333333,complete
fetch-20261006T122600Z-dfc47335,v2.1-f4676a0b,2023,時代力量,health,bill_cosign,3,1095,4,3.3333333333333335,4,3.3333333333333335,complete
fetch-20261006T122600Z-dfc47335,v2.1-f4676a0b,2023,時代力量,housing,bill_cosign,3,1095,4,2.333333333333333,4,2.333333333333333,complete
fetch-20261006T122600Z-dfc47335,v2.1-f4676a0b,2023,時代力量,immigration,bill_cosign,3,1095,3,1.5,3,1.5,complete
fetch-20261006T122600Z-dfc47335,v2.1-f4676a0b,2023,時代力量,indigenous,bill_cosign,3,1095,4,2.6666666666666665,4,2.6666666666666665,complete
fetch-20261006T122600Z-dfc47335,v2.1-f4676a0b,2023,時代力量,international,bill_cosign,3,1095,2,1.0,2,1.0,complete
fetch-20261006T122600Z-dfc47335,v2.1-f4676a0b,2023,時代力量,labor,bill_cosign,3,1095,9,5.033333333333333,9,5.033333333333333,complete
fetch-20261006T122600Z-dfc47335,v2.1-f4676a0b,2023,時代力量,law_crime,bill_cosign,3,1095,19,14.033333333333331,19,14.033333333333331,complete
fetch-20261006T122600Z-dfc47335,v2.1-f4676a0b,2023,時代力量,macroeconomy,bill_cosign,3,1095,4,1.8333333333333333,4,1.8333333333333333,complete
fetch-20261006T122600Z-dfc47335,v2.1-f4676a0b,2023,時代力量,public_lands,bill_cosign,3,1095,9,4.766666666666667,9,4.766666666666667,complete
fetch-20261006T122600Z-dfc47335,v2.1-f4676a0b,2023,時代力量,social_welfare,bill_cosign,3,1095,5,2.833333333333333,5,2.833333333333333,complete
fetch-20261006T122600Z-dfc47335,v2.1-f4676a0b,2023,時代力量,technology,bill_cosign,3,1095,10,4.233333333333333,10,4.233333333333333,complete
fetch-20261006T122600Z-dfc47335,v2.1-f4676a0b,2023,時代力量,transitional_justice,bill_cosign,3,1095,0,0.0,0,0.0,complete
fetch-20261006T122600Z-dfc47335,v2.1-f4676a0b,2023,時代力量,transportation,bill_cosign,3,1095,8,5.033333333333334,8,5.033333333333334,complete
fetch-20261006T122600Z-dfc47335,v2.1-f4676a0b,2023,時代力量,unclassified,bill_cosign,3,1095,19,19.0,19,19.0,complete
fetch-20261006T122600Z-dfc47335,v2.1-f4676a0b,2023,時代力量,agriculture,speech,3,1095,51,10.175058112374726,51,10.175058112374726,complete
fetch-20261006T122600Z-dfc47335,v2.1-f4676a0b,2023,時代力量,civil_rights,speech,3,1095,83,16.8702972062426,83,16.8702972062426,complete
fetch-20261006T122600Z-dfc47335,v2.1-f4676a0b,2023,時代力量,commerce,speech,3,1095,66,14.204030808784188,66,14.204030808784188,complete
fetch-20261006T122600Z-dfc47335,v2.1-f4676a0b,2023,時代力量,cross_strait,speech,3,1095,7,0.6818176744300602,7,0.6818176744300602,complete
fetch-20261006T122600Z-dfc47335,v2.1-f4676a0b,2023,時代力量,culture,speech,3,1095,35,10.073504197566365,35,10.073504197566365,complete
fetch-20261006T122600Z-dfc47335,v2.1-f4676a0b,2023,時代力量,defense,speech,3,1095,34,8.365803980095935,34,8.365803980095935,complete
fetch-20261006T122600Z-dfc47335,v2.1-f4676a0b,2023,時代力量,education,speech,3,1095,94,28.911962288225038,94,28.911962288225038,complete
fetch-20261006T122600Z-dfc47335,v2.1-f4676a0b,2023,時代力量,energy,speech,3,1095,64,15.079402904416288,64,15.079402904416288,complete
fetch-20261006T122600Z-dfc47335,v2.1-f4676a0b,2023,時代力量,environment,speech,3,1095,160,60.86283629611606,160,60.86283629611606,complete
fetch-20261006T122600Z-dfc47335,v2.1-f4676a0b,2023,時代力量,foreign_trade,speech,3,1095,13,1.792772879536111,13,1.792772879536111,complete
fetch-20261006T122600Z-dfc47335,v2.1-f4676a0b,2023,時代力量,government,speech,3,1095,71,14.84026161598804,71,14.84026161598804,complete
fetch-20261006T122600Z-dfc47335,v2.1-f4676a0b,2023,時代力量,health,speech,3,1095,85,22.28290224746209,85,22.28290224746209,complete
fetch-20261006T122600Z-dfc47335,v2.1-f4676a0b,2023,時代力量,housing,speech,3,1095,46,10.202922808566875,46,10.202922808566875,complete
fetch-20261006T122600Z-dfc47335,v2.1-f4676a0b,2023,時代力量,immigration,speech,3,1095,11,2.224595679421619,11,2.224595679421619,complete
fetch-20261006T122600Z-dfc47335,v2.1-f4676a0b,2023,時代力量,indigenous,speech,3,1095,11,2.4745700627174676,11,2.4745700627174676,complete
fetch-20261006T122600Z-dfc47335,v2.1-f4676a0b,2023,時代力量,international,speech,3,1095,18,3.9457728739738873,18,3.9457728739738873,complete
fetch-20261006T122600Z-dfc47335,v2.1-f4676a0b,2023,時代力量,labor,speech,3,1095,73,21.383496707452537,73,21.383496707452537,complete
fetch-20261006T122600Z-dfc47335,v2.1-f4676a0b,2023,時代力量,law_crime,speech,3,1095,143,40.405979097609276,143,40.405979097609276,complete
fetch-20261006T122600Z-dfc47335,v2.1-f4676a0b,2023,時代力量,macroeconomy,speech,3,1095,38,10.046145191637438,38,10.046145191637438,complete
fetch-20261006T122600Z-dfc47335,v2.1-f4676a0b,2023,時代力量,public_lands,speech,3,1095,72,16.861942196227243,72,16.861942196227243,complete
fetch-20261006T122600Z-dfc47335,v2.1-f4676a0b,2023,時代力量,social_welfare,speech,3,1095,48,7.070195454949566,48,7.070195454949566,complete
fetch-20261006T122600Z-dfc47335,v2.1-f4676a0b,2023,時代力量,technology,speech,3,1095,66,10.996282469482042,66,10.996282469482042,complete
fetch-20261006T122600Z-dfc47335,v2.1-f4676a0b,2023,時代力量,transitional_justice,speech,3,1095,10,3.2316913696679586,10,3.2316913696679586,complete
fetch-20261006T122600Z-dfc47335,v2.1-f4676a0b,2023,時代力量,transportation,speech,3,1095,106,35.238789721928505,106,35.238789721928505,complete
fetch-20261006T122600Z-dfc47335,v2.1-f4676a0b,2023,時代力量,unclassified,speech,3,1095,450,222.7769661551281,450,222.7769661551281,complete
fetch-20261006T122600Z-dfc47335,v2.1-f4676a0b,2023,時代力量,agriculture,written_question,3,1095,0,0.0,0,0.0,complete
fetch-20261006T122600Z-dfc47335,v2.1-f4676a0b,2023,時代力量,civil_rights,written_question,3,1095,0,0.0,0,0.0,complete
fetch-20261006T122600Z-dfc47335,v2.1-f4676a0b,2023,時代力量,commerce,written_question,3,1095,0,0.0,0,0.0,complete
fetch-20261006T122600Z-dfc47335,v2.1-f4676a0b,2023,時代力量,cross_strait,written_question,3,1095,0,0.0,0,0.0,complete
fetch-20261006T122600Z-dfc47335,v2.1-f4676a0b,2023,時代力量,culture,written_question,3,1095,0,0.0,0,0.0,complete
fetch-20261006T122600Z-dfc47335,v2.1-f4676a0b,2023,時代力量,defense,written_question,3,1095,0,0.0,0,0.0,complete
fetch-20261006T122600Z-dfc47335,v2.1-f4676a0b,2023,時代力量,education,written_question,3,1095,0,0.0,0,0.0,complete
fetch-20261006T122600Z-dfc47335,v2.1-f4676a0b,2023,時代力量,energy,written_question,3,1095,0,0.0,0,0.0,complete
fetch-20261006T122600Z-dfc47335,v2.1-f4676a0b,2023,時代力量,environment,written_question,3,1095,0,0.0,0,0.0,complete
fetch-20261006T122600Z-dfc47335,v2.1-f4676a0b,2023,時代力量,foreign_trade,written_question,3,1095,0,0.0,0,0.0,complete
fetch-20261006T122600Z-dfc47335,v2.1-f4676a0b,2023,時代力量,government,written_question,3,1095,0,0.0,0,0.0,complete
fetch-20261006T122600Z-dfc47335,v2.1-f4676a0b,2023,時代力量,health,written_question,3,1095,0,0.0,0,0.0,complete
fetch-20261006T122600Z-dfc47335,v2.1-f4676a0b,2023,時代力量,housing,written_question,3,1095,0,0.0,0,0.0,complete
fetch-20261006T122600Z-dfc47335,v2.1-f4676a0b,2023,時代力量,immigration,written_question,3,1095,0,0.0,0,0.0,complete
fetch-20261006T122600Z-dfc47335,v2.1-f4676a0b,2023,時代力量,indigenous,written_question,3,1095,0,0.0,0,0.0,complete
fetch-20261006T122600Z-dfc47335,v2.1-f4676a0b,2023,時代力量,international,written_question,3,1095,0,0.0,0,0.0,complete
fetch-20261006T122600Z-dfc47335,v2.1-f4676a0b,2023,時代力量,labor,written_question,3,1095,0,0.0,0,0.0,complete
fetch-20261006T122600Z-dfc47335,v2.1-f4676a0b,2023,時代力量,law_crime,written_question,3,1095,0,0.0,0,0.0,complete
fetch-20261006T122600Z-dfc47335,v2.1-f4676a0b,2023,時代力量,macroeconomy,written_question,3,1095,0,0.0,0,0.0,complete
fetch-20261006T122600Z-dfc47335,v2.1-f4676a0b,2023,時代力量,public_lands,written_question,3,1095,0,0.0,0,0.0,complete
fetch-20261006T122600Z-dfc47335,v2.1-f4676a0b,2023,時代力量,social_welfare,written_question,3,1095,0,0.0,0,0.0,complete
fetch-20261006T122600Z-dfc47335,v2.1-f4676a0b,2023,時代力量,technology,written_question,3,1095,0,0.0,0,0.0,complete
fetch-20261006T122600Z-dfc47335,v2.1-f4676a0b,2023,時代力量,transitional_justice,written_question,3,1095,0,0.0,0,0.0,complete
fetch-20261006T122600Z-dfc47335,v2.1-f4676a0b,2023,時代力量,transportation,written_question,3,1095,0,0.0,0,0.0,complete
fetch-20261006T122600Z-dfc47335,v2.1-f4676a0b,2023,時代力量,unclassified,written_question,3,1095,0,0.0,0,0.0,complete
fetch-20261006T122600Z-dfc47335,v2.1-f4676a0b,2020,台灣民眾黨,agriculture,bill_primary,5,1830,5,1.6666666666666665,5,1.6666666666666665,complete
fetch-20261006T122600Z-dfc47335,v2.1-f4676a0b,2020,台灣民眾黨,civil_rights,bill_primary,5,1830,9,7.0,9,7.0,complete
fetch-20261006T122600Z-dfc47335,v2.1-f4676a0b,2020,台灣民眾黨,commerce,bill_primary,5,1830,0,0.0,0,0.0,complete
fetch-20261006T122600Z-dfc47335,v2.1-f4676a0b,2020,台灣民眾黨,cross_strait,bill_primary,5,1830,0,0.0,0,0.0,complete
fetch-20261006T122600Z-dfc47335,v2.1-f4676a0b,2020,台灣民眾黨,culture,bill_primary,5,1830,0,0.0,0,0.0,complete
fetch-20261006T122600Z-dfc47335,v2.1-f4676a0b,2020,台灣民眾黨,defense,bill_primary,5,1830,1,0.3333333333333333,1,0.3333333333333333,complete
fetch-20261006T122600Z-dfc47335,v2.1-f4676a0b,2020,台灣民眾黨,education,bill_primary,5,1830,10,4.166666666666666,10,4.166666666666666,complete
fetch-20261006T122600Z-dfc47335,v2.1-f4676a0b,2020,台灣民眾黨,energy,bill_primary,5,1830,5,2.5,5,2.5,complete
fetch-20261006T122600Z-dfc47335,v2.1-f4676a0b,2020,台灣民眾黨,environment,bill_primary,5,1830,2,1.5,2,1.5,complete
fetch-20261006T122600Z-dfc47335,v2.1-f4676a0b,2020,台灣民眾黨,foreign_trade,bill_primary,5,1830,15,6.666666666666666,15,6.666666666666666,complete
fetch-20261006T122600Z-dfc47335,v2.1-f4676a0b,2020,台灣民眾黨,government,bill_primary,5,1830,9,5.333333333333333,9,5.333333333333333,complete
fetch-20261006T122600Z-dfc47335,v2.1-f4676a0b,2020,台灣民眾黨,health,bill_primary,5,1830,1,0.5,1,0.5,complete
fetch-20261006T122600Z-dfc47335,v2.1-f4676a0b,2020,台灣民眾黨,housing,bill_primary,5,1830,0,0.0,0,0.0,complete
fetch-20261006T122600Z-dfc47335,v2.1-f4676a0b,2020,台灣民眾黨,immigration,bill_primary,5,1830,0,0.0,0,0.0,complete
fetch-20261006T122600Z-dfc47335,v2.1-f4676a0b,2020,台灣民眾黨,indigenous,bill_primary,5,1830,0,0.0,0,0.0,complete
fetch-20261006T122600Z-dfc47335,v2.1-f4676a0b,2020,台灣民眾黨,international,bill_primary,5,1830,0,0.0,0,0.0,complete
fetch-20261006T122600Z-dfc47335,v2.1-f4676a0b,2020,台灣民眾黨,labor,bill_primary,5,1830,4,4.0,4,4.0,complete
fetch-20261006T122600Z-dfc47335,v2.1-f4676a0b,2020,台灣民眾黨,law_crime,bill_primary,5,1830,20,14.333333333333332,20,14.333333333333332,complete
fetch-20261006T122600Z-dfc47335,v2.1-f4676a0b,2020,台灣民眾黨,macroeconomy,bill_primary,5,1830,0,0.0,0,0.0,complete
fetch-20261006T122600Z-dfc47335,v2.1-f4676a0b,2020,台灣民眾黨,public_lands,bill_primary,5,1830,0,0.0,0,0.0,complete
fetch-20261006T122600Z-dfc47335,v2.1-f4676a0b,2020,台灣民眾黨,social_welfare,bill_primary,5,1830,10,5.0,10,5.0,complete
fetch-20261006T122600Z-dfc47335,v2.1-f4676a0b,2020,台灣民眾黨,technology,bill_primary,5,1830,1,1.0,1,1.0,complete
fetch-20261006T122600Z-dfc47335,v2.1-f4676a0b,2020,台灣民眾黨,transitional_justice,bill_primary,5,1830,0,0.0,0,0.0,complete
fetch-20261006T122600Z-dfc47335,v2.1-f4676a0b,2020,台灣民眾黨,transportation,bill_primary,5,1830,0,0.0,0,0.0,complete
fetch-20261006T122600Z-dfc47335,v2.1-f4676a0b,2020,台灣民眾黨,unclassified,bill_primary,5,1830,12,12.0,12,12.0,complete
fetch-20261006T122600Z-dfc47335,v2.1-f4676a0b,2020,台灣民眾黨,agriculture,bill_cosign,5,1830,4,2.0,4,2.0,complete
fetch-20261006T122600Z-dfc47335,v2.1-f4676a0b,2020,台灣民眾黨,civil_rights,bill_cosign,5,1830,4,3.0,4,3.0,complete
fetch-20261006T122600Z-dfc47335,v2.1-f4676a0b,2020,台灣民眾黨,commerce,bill_cosign,5,1830,6,5.5,6,5.5,complete
fetch-20261006T122600Z-dfc47335,v2.1-f4676a0b,2020,台灣民眾黨,cross_strait,bill_cosign,5,1830,0,0.0,0,0.0,complete
fetch-20261006T122600Z-dfc47335,v2.1-f4676a0b,2020,台灣民眾黨,culture,bill_cosign,5,1830,0,0.0,0,0.0,complete
fetch-20261006T122600Z-dfc47335,v2.1-f4676a0b,2020,台灣民眾黨,defense,bill_cosign,5,1830,3,2.5,3,2.5,complete
fetch-20261006T122600Z-dfc47335,v2.1-f4676a0b,2020,台灣民眾黨,education,bill_cosign,5,1830,6,4.333333333333333,6,4.333333333333333,complete
fetch-20261006T122600Z-dfc47335,v2.1-f4676a0b,2020,台灣民眾黨,energy,bill_cosign,5,1830,1,1.0,1,1.0,complete
fetch-20261006T122600Z-dfc47335,v2.1-f4676a0b,2020,台灣民眾黨,environment,bill_cosign,5,1830,11,8.5,11,8.5,complete
fetch-20261006T122600Z-dfc47335,v2.1-f4676a0b,2020,台灣民眾黨,foreign_trade,bill_cosign,5,1830,0,0.0,0,0.0,complete
fetch-20261006T122600Z-dfc47335,v2.1-f4676a0b,2020,台灣民眾黨,government,bill_cosign,5,1830,21,20.333333333333332,21,20.333333333333332,complete
fetch-20261006T122600Z-dfc47335,v2.1-f4676a0b,2020,台灣民眾黨,health,bill_cosign,5,1830,19,15.5,19,15.5,complete
fetch-20261006T122600Z-dfc47335,v2.1-f4676a0b,2020,台灣民眾黨,housing,bill_cosign,5,1830,1,0.5,1,0.5,complete
fetch-20261006T122600Z-dfc47335,v2.1-f4676a0b,2020,台灣民眾黨,immigration,bill_cosign,5,1830,0,0.0,0,0.0,complete
fetch-20261006T122600Z-dfc47335,v2.1-f4676a0b,2020,台灣民眾黨,indigenous,bill_cosign,5,1830,2,1.5,2,1.5,complete
fetch-20261006T122600Z-dfc47335,v2.1-f4676a0b,2020,台灣民眾黨,international,bill_cosign,5,1830,0,0.0,0,0.0,complete
fetch-20261006T122600Z-dfc47335,v2.1-f4676a0b,2020,台灣民眾黨,labor,bill_cosign,5,1830,7,6.333333333333333,7,6.333333333333333,complete
fetch-20261006T122600Z-dfc47335,v2.1-f4676a0b,2020,台灣民眾黨,law_crime,bill_cosign,5,1830,14,10.666666666666668,14,10.666666666666668,complete
fetch-20261006T122600Z-dfc47335,v2.1-f4676a0b,2020,台灣民眾黨,macroeconomy,bill_cosign,5,1830,5,2.5,5,2.5,complete
fetch-20261006T122600Z-dfc47335,v2.1-f4676a0b,2020,台灣民眾黨,public_lands,bill_cosign,5,1830,2,1.5,2,1.5,complete
fetch-20261006T122600Z-dfc47335,v2.1-f4676a0b,2020,台灣民眾黨,social_welfare,bill_cosign,5,1830,4,3.5,4,3.5,complete
fetch-20261006T122600Z-dfc47335,v2.1-f4676a0b,2020,台灣民眾黨,technology,bill_cosign,5,1830,2,1.3333333333333333,2,1.3333333333333333,complete
fetch-20261006T122600Z-dfc47335,v2.1-f4676a0b,2020,台灣民眾黨,transitional_justice,bill_cosign,5,1830,0,0.0,0,0.0,complete
fetch-20261006T122600Z-dfc47335,v2.1-f4676a0b,2020,台灣民眾黨,transportation,bill_cosign,5,1830,10,7.5,10,7.5,complete
fetch-20261006T122600Z-dfc47335,v2.1-f4676a0b,2020,台灣民眾黨,unclassified,bill_cosign,5,1830,33,33.0,33,33.0,complete
fetch-20261006T122600Z-dfc47335,v2.1-f4676a0b,2020,台灣民眾黨,agriculture,speech,5,1830,66,17.90293876647126,66,17.90293876647126,complete
fetch-20261006T122600Z-dfc47335,v2.1-f4676a0b,2020,台灣民眾黨,civil_rights,speech,5,1830,60,14.685461191926695,60,14.685461191926695,complete
fetch-20261006T122600Z-dfc47335,v2.1-f4676a0b,2020,台灣民眾黨,commerce,speech,5,1830,90,21.205700218353893,90,21.205700218353893,complete
fetch-20261006T122600Z-dfc47335,v2.1-f4676a0b,2020,台灣民眾黨,cross_strait,speech,5,1830,21,3.2372156650810857,21,3.2372156650810857,complete
fetch-20261006T122600Z-dfc47335,v2.1-f4676a0b,2020,台灣民眾黨,culture,speech,5,1830,49,13.798222139309658,49,13.798222139309658,complete
fetch-20261006T122600Z-dfc47335,v2.1-f4676a0b,2020,台灣民眾黨,defense,speech,5,1830,29,8.362705765787112,29,8.362705765787112,complete
fetch-20261006T122600Z-dfc47335,v2.1-f4676a0b,2020,台灣民眾黨,education,speech,5,1830,101,28.086453773873597,101,28.086453773873597,complete
fetch-20261006T122600Z-dfc47335,v2.1-f4676a0b,2020,台灣民眾黨,energy,speech,5,1830,38,7.505950930230919,38,7.505950930230919,complete
fetch-20261006T122600Z-dfc47335,v2.1-f4676a0b,2020,台灣民眾黨,environment,speech,5,1830,39,9.827081312582552,39,9.827081312582552,complete
fetch-20261006T122600Z-dfc47335,v2.1-f4676a0b,2020,台灣民眾黨,foreign_trade,speech,5,1830,102,33.378752173132334,102,33.378752173132334,complete
fetch-20261006T122600Z-dfc47335,v2.1-f4676a0b,2020,台灣民眾黨,government,speech,5,1830,78,23.41987997134757,78,23.41987997134757,complete
fetch-20261006T122600Z-dfc47335,v2.1-f4676a0b,2020,台灣民眾黨,health,speech,5,1830,245,60.88531415052197,245,60.88531415052197,complete
fetch-20261006T122600Z-dfc47335,v2.1-f4676a0b,2020,台灣民眾黨,housing,speech,5,1830,56,18.782683351508133,56,18.782683351508133,complete
fetch-20261006T122600Z-dfc47335,v2.1-f4676a0b,2020,台灣民眾黨,immigration,speech,5,1830,10,1.2893335531415757,10,1.2893335531415757,complete
fetch-20261006T122600Z-dfc47335,v2.1-f4676a0b,2020,台灣民眾黨,indigenous,speech,5,1830,17,4.157959690235941,17,4.157959690235941,complete
fetch-20261006T122600Z-dfc47335,v2.1-f4676a0b,2020,台灣民眾黨,international,speech,5,1830,27,5.098378774590311,27,5.098378774590311,complete
fetch-20261006T122600Z-dfc47335,v2.1-f4676a0b,2020,台灣民眾黨,labor,speech,5,1830,93,23.89418921955671,93,23.89418921955671,complete
fetch-20261006T122600Z-dfc47335,v2.1-f4676a0b,2020,台灣民眾黨,law_crime,speech,5,1830,159,67.20420848094746,159,67.20420848094746,complete
fetch-20261006T122600Z-dfc47335,v2.1-f4676a0b,2020,台灣民眾黨,macroeconomy,speech,5,1830,90,19.416304028712613,90,19.416304028712613,complete
fetch-20261006T122600Z-dfc47335,v2.1-f4676a0b,2020,台灣民眾黨,public_lands,speech,5,1830,41,11.856841948175385,41,11.856841948175385,complete
fetch-20261006T122600Z-dfc47335,v2.1-f4676a0b,2020,台灣民眾黨,social_welfare,speech,5,1830,34,5.596471618168311,34,5.596471618168311,complete
fetch-20261006T122600Z-dfc47335,v2.1-f4676a0b,2020,台灣民眾黨,technology,speech,5,1830,96,22.200459037562734,96,22.200459037562734,complete
fetch-20261006T122600Z-dfc47335,v2.1-f4676a0b,2020,台灣民眾黨,transitional_justice,speech,5,1830,9,3.365506209947501,9,3.365506209947501,complete
fetch-20261006T122600Z-dfc47335,v2.1-f4676a0b,2020,台灣民眾黨,transportation,speech,5,1830,66,14.946943772071897,66,14.946943772071897,complete
fetch-20261006T122600Z-dfc47335,v2.1-f4676a0b,2020,台灣民眾黨,unclassified,speech,5,1830,576,279.8950442567628,576,279.8950442567628,complete
fetch-20261006T122600Z-dfc47335,v2.1-f4676a0b,2020,台灣民眾黨,agriculture,written_question,5,1830,0,0.0,0,0.0,complete
fetch-20261006T122600Z-dfc47335,v2.1-f4676a0b,2020,台灣民眾黨,civil_rights,written_question,5,1830,0,0.0,0,0.0,complete
fetch-20261006T122600Z-dfc47335,v2.1-f4676a0b,2020,台灣民眾黨,commerce,written_question,5,1830,0,0.0,0,0.0,complete
fetch-20261006T122600Z-dfc47335,v2.1-f4676a0b,2020,台灣民眾黨,cross_strait,written_question,5,1830,0,0.0,0,0.0,complete
fetch-20261006T122600Z-dfc47335,v2.1-f4676a0b,2020,台灣民眾黨,culture,written_question,5,1830,0,0.0,0,0.0,complete
fetch-20261006T122600Z-dfc47335,v2.1-f4676a0b,2020,台灣民眾黨,defense,written_question,5,1830,0,0.0,0,0.0,complete
fetch-20261006T122600Z-dfc47335,v2.1-f4676a0b,2020,台灣民眾黨,education,written_question,5,1830,0,0.0,0,0.0,complete
fetch-20261006T122600Z-dfc47335,v2.1-f4676a0b,2020,台灣民眾黨,energy,written_question,5,1830,0,0.0,0,0.0,complete
fetch-20261006T122600Z-dfc47335,v2.1-f4676a0b,2020,台灣民眾黨,environment,written_question,5,1830,0,0.0,0,0.0,complete
fetch-20261006T122600Z-dfc47335,v2.1-f4676a0b,2020,台灣民眾黨,foreign_trade,written_question,5,1830,0,0.0,0,0.0,complete
fetch-20261006T122600Z-dfc47335,v2.1-f4676a0b,2020,台灣民眾黨,government,written_question,5,1830,0,0.0,0,0.0,complete
fetch-20261006T122600Z-dfc47335,v2.1-f4676a0b,2020,台灣民眾黨,health,written_question,5,1830,0,0.0,0,0.0,complete
fetch-20261006T122600Z-dfc47335,v2.1-f4676a0b,2020,台灣民眾黨,housing,written_question,5,1830,0,0.0,0,0.0,complete
fetch-20261006T122600Z-dfc47335,v2.1-f4676a0b,2020,台灣民眾黨,immigration,written_question,5,1830,0,0.0,0,0.0,complete
fetch-20261006T122600Z-dfc47335,v2.1-f4676a0b,2020,台灣民眾黨,indigenous,written_question,5,1830,0,0.0,0,0.0,complete
fetch-20261006T122600Z-dfc47335,v2.1-f4676a0b,2020,台灣民眾黨,international,written_question,5,1830,0,0.0,0,0.0,complete
fetch-20261006T122600Z-dfc47335,v2.1-f4676a0b,2020,台灣民眾黨,labor,written_question,5,1830,0,0.0,0,0.0,complete
fetch-20261006T122600Z-dfc47335,v2.1-f4676a0b,2020,台灣民眾黨,law_crime,written_question,5,1830,0,0.0,0,0.0,complete
fetch-20261006T122600Z-dfc47335,v2.1-f4676a0b,2020,台灣民眾黨,macroeconomy,written_question,5,1830,0,0.0,0,0.0,complete
fetch-20261006T122600Z-dfc47335,v2.1-f4676a0b,2020,台灣民眾黨,public_lands,written_question,5,1830,0,0.0,0,0.0,complete
fetch-20261006T122600Z-dfc47335,v2.1-f4676a0b,2020,台灣民眾黨,social_welfare,written_question,5,1830,0,0.0,0,0.0,complete
fetch-20261006T122600Z-dfc47335,v2.1-f4676a0b,2020,台灣民眾黨,technology,written_question,5,1830,0,0.0,0,0.0,complete
fetch-20261006T122600Z-dfc47335,v2.1-f4676a0b,2020,台灣民眾黨,transitional_justice,written_question,5,1830,0,0.0,0,0.0,complete
fetch-20261006T122600Z-dfc47335,v2.1-f4676a0b,2020,台灣民眾黨,transportation,written_question,5,1830,0,0.0,0,0.0,complete
fetch-20261006T122600Z-dfc47335,v2.1-f4676a0b,2020,台灣民眾黨,unclassified,written_question,5,1830,0,0.0,0,0.0,complete
fetch-20261006T122600Z-dfc47335,v2.1-f4676a0b,2021,台灣民眾黨,agriculture,bill_primary,5,1825,5,1.6666666666666665,5,1.6666666666666665,complete
fetch-20261006T122600Z-dfc47335,v2.1-f4676a0b,2021,台灣民眾黨,civil_rights,bill_primary,5,1825,16,8.333333333333332,16,8.333333333333332,complete
fetch-20261006T122600Z-dfc47335,v2.1-f4676a0b,2021,台灣民眾黨,commerce,bill_primary,5,1825,25,16.666666666666664,25,16.666666666666664,complete
fetch-20261006T122600Z-dfc47335,v2.1-f4676a0b,2021,台灣民眾黨,cross_strait,bill_primary,5,1825,0,0.0,0,0.0,complete
fetch-20261006T122600Z-dfc47335,v2.1-f4676a0b,2021,台灣民眾黨,culture,bill_primary,5,1825,3,1.3333333333333333,3,1.3333333333333333,complete
fetch-20261006T122600Z-dfc47335,v2.1-f4676a0b,2021,台灣民眾黨,defense,bill_primary,5,1825,5,5.0,5,5.0,complete
fetch-20261006T122600Z-dfc47335,v2.1-f4676a0b,2021,台灣民眾黨,education,bill_primary,5,1825,26,16.166666666666664,26,16.166666666666664,complete
fetch-20261006T122600Z-dfc47335,v2.1-f4676a0b,2021,台灣民眾黨,energy,bill_primary,5,1825,0,0.0,0,0.0,complete
fetch-20261006T122600Z-dfc47335,v2.1-f4676a0b,2021,台灣民眾黨,environment,bill_primary,5,1825,1,1.0,1,1.0,complete
fetch-20261006T122600Z-dfc47335,v2.1-f4676a0b,2021,台灣民眾黨,foreign_trade,bill_primary,5,1825,6,2.0,6,2.0,complete
fetch-20261006T122600Z-dfc47335,v2.1-f4676a0b,2021,台灣民眾黨,government,bill_primary,5,1825,25,21.5,25,21.5,complete
fetch-20261006T122600Z-dfc47335,v2.1-f4676a0b,2021,台灣民眾黨,health,bill_primary,5,1825,37,21.83333333333333,37,21.83333333333333,complete
fetch-20261006T122600Z-dfc47335,v2.1-f4676a0b,2021,台灣民眾黨,housing,bill_primary,5,1825,7,4.0,7,4.0,complete
fetch-20261006T122600Z-dfc47335,v2.1-f4676a0b,2021,台灣民眾黨,immigration,bill_primary,5,1825,6,2.833333333333333,6,2.833333333333333,complete
fetch-20261006T122600Z-dfc47335,v2.1-f4676a0b,2021,台灣民眾黨,indigenous,bill_primary,5,1825,5,5.0,5,5.0,complete
fetch-20261006T122600Z-dfc47335,v2.1-f4676a0b,2021,台灣民眾黨,international,bill_primary,5,1825,5,2.333333333333333,5,2.333333333333333,complete
fetch-20261006T122600Z-dfc47335,v2.1-f4676a0b,2021,台灣民眾黨,labor,bill_primary,5,1825,3,1.5,3,1.5,complete
fetch-20261006T122600Z-dfc47335,v2.1-f4676a0b,2021,台灣民眾黨,law_crime,bill_primary,5,1825,37,24.666666666666664,37,24.666666666666664,complete
fetch-20261006T122600Z-dfc47335,v2.1-f4676a0b,2021,台灣民眾黨,macroeconomy,bill_primary,5,1825,23,12.333333333333332,23,12.333333333333332,complete
fetch-20261006T122600Z-dfc47335,v2.1-f4676a0b,2021,台灣民眾黨,public_lands,bill_primary,5,1825,5,2.5,5,2.5,complete
fetch-20261006T122600Z-dfc47335,v2.1-f4676a0b,2021,台灣民眾黨,social_welfare,bill_primary,5,1825,11,5.166666666666666,11,5.166666666666666,complete
fetch-20261006T122600Z-dfc47335,v2.1-f4676a0b,2021,台灣民眾黨,technology,bill_primary,5,1825,21,16.0,21,16.0,complete
fetch-20261006T122600Z-dfc47335,v2.1-f4676a0b,2021,台灣民眾黨,transitional_justice,bill_primary,5,1825,0,0.0,0,0.0,complete
fetch-20261006T122600Z-dfc47335,v2.1-f4676a0b,2021,台灣民眾黨,transportation,bill_primary,5,1825,49,38.166666666666664,49,38.166666666666664,complete
fetch-20261006T122600Z-dfc47335,v2.1-f4676a0b,2021,台灣民眾黨,unclassified,bill_primary,5,1825,70,70.0,70,70.0,complete
fetch-20261006T122600Z-dfc47335,v2.1-f4676a0b,2021,台灣民眾黨,agriculture,bill_cosign,5,1825,1,0.3333333333333333,1,0.3333333333333333,complete
fetch-20261006T122600Z-dfc47335,v2.1-f4676a0b,2021,台灣民眾黨,civil_rights,bill_cosign,5,1825,30,21.666666666666668,30,21.666666666666668,complete
fetch-20261006T122600Z-dfc47335,v2.1-f4676a0b,2021,台灣民眾黨,commerce,bill_cosign,5,1825,13,8.333333333333334,13,8.333333333333334,complete
fetch-20261006T122600Z-dfc47335,v2.1-f4676a0b,2021,台灣民眾黨,cross_strait,bill_cosign,5,1825,0,0.0,0,0.0,complete
fetch-20261006T122600Z-dfc47335,v2.1-f4676a0b,2021,台灣民眾黨,culture,bill_cosign,5,1825,17,10.733333333333333,17,10.733333333333333,complete
fetch-20261006T122600Z-dfc47335,v2.1-f4676a0b,2021,台灣民眾黨,defense,bill_cosign,5,1825,2,0.6666666666666666,2,0.6666666666666666,complete
fetch-20261006T122600Z-dfc47335,v2.1-f4676a0b,2021,台灣民眾黨,education,bill_cosign,5,1825,19,12.399999999999999,19,12.399999999999999,complete
fetch-20261006T122600Z-dfc47335,v2.1-f4676a0b,2021,台灣民眾黨,energy,bill_cosign,5,1825,1,0.2,1,0.2,complete
fetch-20261006T122600Z-dfc47335,v2.1-f4676a0b,2021,台灣民眾黨,environment,bill_cosign,5,1825,5,4.2,5,4.2,complete
fetch-20261006T122600Z-dfc47335,v2.1-f4676a0b,2021,台灣民眾黨,foreign_trade,bill_cosign,5,1825,7,3.333333333333333,7,3.333333333333333,complete
fetch-20261006T122600Z-dfc47335,v2.1-f4676a0b,2021,台灣民眾黨,government,bill_cosign,5,1825,32,25.333333333333332,32,25.333333333333332,complete
fetch-20261006T122600Z-dfc47335,v2.1-f4676a0b,2021,台灣民眾黨,health,bill_cosign,5,1825,29,17.166666666666668,29,17.166666666666668,complete
fetch-20261006T122600Z-dfc47335,v2.1-f4676a0b,2021,台灣民眾黨,housing,bill_cosign,5,1825,8,5.5,8,5.5,complete
fetch-20261006T122600Z-dfc47335,v2.1-f4676a0b,2021,台灣民眾黨,immigration,bill_cosign,5,1825,3,2.5,3,2.5,complete
fetch-20261006T122600Z-dfc47335,v2.1-f4676a0b,2021,台灣民眾黨,indigenous,bill_cosign,5,1825,0,0.0,0,0.0,complete
fetch-20261006T122600Z-dfc47335,v2.1-f4676a0b,2021,台灣民眾黨,international,bill_cosign,5,1825,2,0.4,2,0.4,complete
fetch-20261006T122600Z-dfc47335,v2.1-f4676a0b,2021,台灣民眾黨,labor,bill_cosign,5,1825,23,18.666666666666668,23,18.666666666666668,complete
fetch-20261006T122600Z-dfc47335,v2.1-f4676a0b,2021,台灣民眾黨,law_crime,bill_cosign,5,1825,48,30.900000000000002,48,30.900000000000002,complete
fetch-20261006T122600Z-dfc47335,v2.1-f4676a0b,2021,台灣民眾黨,macroeconomy,bill_cosign,5,1825,15,8.033333333333333,15,8.033333333333333,complete
fetch-20261006T122600Z-dfc47335,v2.1-f4676a0b,2021,台灣民眾黨,public_lands,bill_cosign,5,1825,2,2.0,2,2.0,complete
fetch-20261006T122600Z-dfc47335,v2.1-f4676a0b,2021,台灣民眾黨,social_welfare,bill_cosign,5,1825,16,13.0,16,13.0,complete
fetch-20261006T122600Z-dfc47335,v2.1-f4676a0b,2021,台灣民眾黨,technology,bill_cosign,5,1825,31,14.6,31,14.6,complete
fetch-20261006T122600Z-dfc47335,v2.1-f4676a0b,2021,台灣民眾黨,transitional_justice,bill_cosign,5,1825,0,0.0,0,0.0,complete
fetch-20261006T122600Z-dfc47335,v2.1-f4676a0b,2021,台灣民眾黨,transportation,bill_cosign,5,1825,19,17.03333333333333,19,17.03333333333333,complete
fetch-20261006T122600Z-dfc47335,v2.1-f4676a0b,2021,台灣民眾黨,unclassified,bill_cosign,5,1825,33,33.0,33,33.0,complete
fetch-20261006T122600Z-dfc47335,v2.1-f4676a0b,2021,台灣民眾黨,agriculture,speech,5,1825,62,12.313424489175283,62,12.313424489175283,complete
fetch-20261006T122600Z-dfc47335,v2.1-f4676a0b,2021,台灣民眾黨,civil_rights,speech,5,1825,46,9.287935231131353,46,9.287935231131353,complete
fetch-20261006T122600Z-dfc47335,v2.1-f4676a0b,2021,台灣民眾黨,commerce,speech,5,1825,91,20.76792472642101,91,20.76792472642101,complete
fetch-20261006T122600Z-dfc47335,v2.1-f4676a0b,2021,台灣民眾黨,cross_strait,speech,5,1825,28,4.525331776259709,28,4.525331776259709,complete
fetch-20261006T122600Z-dfc47335,v2.1-f4676a0b,2021,台灣民眾黨,culture,speech,5,1825,51,13.45721218537316,51,13.45721218537316,complete
fetch-20261006T122600Z-dfc47335,v2.1-f4676a0b,2021,台灣民眾黨,defense,speech,5,1825,48,14.950445100483556,48,14.950445100483556,complete
fetch-20261006T122600Z-dfc47335,v2.1-f4676a0b,2021,台灣民眾黨,education,speech,5,1825,123,34.426685411530485,123,34.426685411530485,complete
fetch-20261006T122600Z-dfc47335,v2.1-f4676a0b,2021,台灣民眾黨,energy,speech,5,1825,82,19.597677325905746,82,19.597677325905746,complete
fetch-20261006T122600Z-dfc47335,v2.1-f4676a0b,2021,台灣民眾黨,environment,speech,5,1825,82,21.764298481430323,82,21.764298481430323,complete
fetch-20261006T122600Z-dfc47335,v2.1-f4676a0b,2021,台灣民眾黨,foreign_trade,speech,5,1825,62,12.926816229766942,62,12.926816229766942,complete
fetch-20261006T122600Z-dfc47335,v2.1-f4676a0b,2021,台灣民眾黨,government,speech,5,1825,96,25.123806019612203,96,25.123806019612203,complete
fetch-20261006T122600Z-dfc47335,v2.1-f4676a0b,2021,台灣民眾黨,health,speech,5,1825,232,78.83608654296904,232,78.83608654296904,complete
fetch-20261006T122600Z-dfc47335,v2.1-f4676a0b,2021,台灣民眾黨,housing,speech,5,1825,57,17.71130054967681,57,17.71130054967681,complete
fetch-20261006T122600Z-dfc47335,v2.1-f4676a0b,2021,台灣民眾黨,immigration,speech,5,1825,10,1.895698562336944,10,1.895698562336944,complete
fetch-20261006T122600Z-dfc47335,v2.1-f4676a0b,2021,台灣民眾黨,indigenous,speech,5,1825,7,0.6243668248911324,7,0.6243668248911324,complete
fetch-20261006T122600Z-dfc47335,v2.1-f4676a0b,2021,台灣民眾黨,international,speech,5,1825,36,6.379700643046649,36,6.379700643046649,complete
fetch-20261006T122600Z-dfc47335,v2.1-f4676a0b,2021,台灣民眾黨,labor,speech,5,1825,108,25.673250706045977,108,25.673250706045977,complete
fetch-20261006T122600Z-dfc47335,v2.1-f4676a0b,2021,台灣民眾黨,law_crime,speech,5,1825,132,35.89883617723431,132,35.89883617723431,complete
fetch-20261006T122600Z-dfc47335,v2.1-f4676a0b,2021,台灣民眾黨,macroeconomy,speech,5,1825,107,27.856927924039223,107,27.856927924039223,complete
fetch-20261006T122600Z-dfc47335,v2.1-f4676a0b,2021,台灣民眾黨,public_lands,speech,5,1825,42,9.778849057664873,42,9.778849057664873,complete
fetch-20261006T122600Z-dfc47335,v2.1-f4676a0b,2021,台灣民眾黨,social_welfare,speech,5,1825,84,17.52727125052724,84,17.52727125052724,complete
fetch-20261006T122600Z-dfc47335,v2.1-f4676a0b,2021,台灣民眾黨,technology,speech,5,1825,143,43.760558558144325,143,43.760558558144325,complete
fetch-20261006T122600Z-dfc47335,v2.1-f4676a0b,2021,台灣民眾黨,transitional_justice,speech,5,1825,1,0.7172995780590717,1,0.7172995780590717,complete
fetch-20261006T122600Z-dfc47335,v2.1-f4676a0b,2021,台灣民眾黨,transportation,speech,5,1825,105,35.20734090484577,105,35.20734090484577,complete
fetch-20261006T122600Z-dfc47335,v2.1-f4676a0b,2021,台灣民眾黨,unclassified,speech,5,1825,570,250.99095574342888,570,250.99095574342888,complete
fetch-20261006T122600Z-dfc47335,v2.1-f4676a0b,2021,台灣民眾黨,agriculture,written_question,5,1825,0,0.0,0,0.0,complete
fetch-20261006T122600Z-dfc47335,v2.1-f4676a0b,2021,台灣民眾黨,civil_rights,written_question,5,1825,0,0.0,0,0.0,complete
fetch-20261006T122600Z-dfc47335,v2.1-f4676a0b,2021,台灣民眾黨,commerce,written_question,5,1825,0,0.0,0,0.0,complete
fetch-20261006T122600Z-dfc47335,v2.1-f4676a0b,2021,台灣民眾黨,cross_strait,written_question,5,1825,0,0.0,0,0.0,complete
fetch-20261006T122600Z-dfc47335,v2.1-f4676a0b,2021,台灣民眾黨,culture,written_question,5,1825,0,0.0,0,0.0,complete
fetch-20261006T122600Z-dfc47335,v2.1-f4676a0b,2021,台灣民眾黨,defense,written_question,5,1825,0,0.0,0,0.0,complete
fetch-20261006T122600Z-dfc47335,v2.1-f4676a0b,2021,台灣民眾黨,education,written_question,5,1825,0,0.0,0,0.0,complete
fetch-20261006T122600Z-dfc47335,v2.1-f4676a0b,2021,台灣民眾黨,energy,written_question,5,1825,0,0.0,0,0.0,complete
fetch-20261006T122600Z-dfc47335,v2.1-f4676a0b,2021,台灣民眾黨,environment,written_question,5,1825,0,0.0,0,0.0,complete
fetch-20261006T122600Z-dfc47335,v2.1-f4676a0b,2021,台灣民眾黨,foreign_trade,written_question,5,1825,0,0.0,0,0.0,complete
fetch-20261006T122600Z-dfc47335,v2.1-f4676a0b,2021,台灣民眾黨,government,written_question,5,1825,0,0.0,0,0.0,complete
fetch-20261006T122600Z-dfc47335,v2.1-f4676a0b,2021,台灣民眾黨,health,written_question,5,1825,0,0.0,0,0.0,complete
fetch-20261006T122600Z-dfc47335,v2.1-f4676a0b,2021,台灣民眾黨,housing,written_question,5,1825,0,0.0,0,0.0,complete
fetch-20261006T122600Z-dfc47335,v2.1-f4676a0b,2021,台灣民眾黨,immigration,written_question,5,1825,0,0.0,0,0.0,complete
fetch-20261006T122600Z-dfc47335,v2.1-f4676a0b,2021,台灣民眾黨,indigenous,written_question,5,1825,0,0.0,0,0.0,complete
fetch-20261006T122600Z-dfc47335,v2.1-f4676a0b,2021,台灣民眾黨,international,written_question,5,1825,0,0.0,0,0.0,complete
fetch-20261006T122600Z-dfc47335,v2.1-f4676a0b,2021,台灣民眾黨,labor,written_question,5,1825,0,0.0,0,0.0,complete
fetch-20261006T122600Z-dfc47335,v2.1-f4676a0b,2021,台灣民眾黨,law_crime,written_question,5,1825,0,0.0,0,0.0,complete
fetch-20261006T122600Z-dfc47335,v2.1-f4676a0b,2021,台灣民眾黨,macroeconomy,written_question,5,1825,0,0.0,0,0.0,complete
fetch-20261006T122600Z-dfc47335,v2.1-f4676a0b,2021,台灣民眾黨,public_lands,written_question,5,1825,0,0.0,0,0.0,complete
fetch-20261006T122600Z-dfc47335,v2.1-f4676a0b,2021,台灣民眾黨,social_welfare,written_question,5,1825,0,0.0,0,0.0,complete
fetch-20261006T122600Z-dfc47335,v2.1-f4676a0b,2021,台灣民眾黨,technology,written_question,5,1825,0,0.0,0,0.0,complete
fetch-20261006T122600Z-dfc47335,v2.1-f4676a0b,2021,台灣民眾黨,transitional_justice,written_question,5,1825,0,0.0,0,0.0,complete
fetch-20261006T122600Z-dfc47335,v2.1-f4676a0b,2021,台灣民眾黨,transportation,written_question,5,1825,0,0.0,0,0.0,complete
fetch-20261006T122600Z-dfc47335,v2.1-f4676a0b,2021,台灣民眾黨,unclassified,written_question,5,1825,0,0.0,0,0.0,complete
fetch-20261006T122600Z-dfc47335,v2.1-f4676a0b,2022,台灣民眾黨,agriculture,bill_primary,7,1806,36,14.666666666666664,36,14.666666666666664,complete
fetch-20261006T122600Z-dfc47335,v2.1-f4676a0b,2022,台灣民眾黨,civil_rights,bill_primary,7,1806,9,4.666666666666666,9,4.666666666666666,complete
fetch-20261006T122600Z-dfc47335,v2.1-f4676a0b,2022,台灣民眾黨,commerce,bill_primary,7,1806,20,8.333333333333332,20,8.333333333333332,complete
fetch-20261006T122600Z-dfc47335,v2.1-f4676a0b,2022,台灣民眾黨,cross_strait,bill_primary,7,1806,0,0.0,0,0.0,complete
fetch-20261006T122600Z-dfc47335,v2.1-f4676a0b,2022,台灣民眾黨,culture,bill_primary,7,1806,25,16.666666666666664,25,16.666666666666664,complete
fetch-20261006T122600Z-dfc47335,v2.1-f4676a0b,2022,台灣民眾黨,defense,bill_primary,7,1806,25,21.66666666666667,25,21.66666666666667,complete
fetch-20261006T122600Z-dfc47335,v2.1-f4676a0b,2022,台灣民眾黨,education,bill_primary,7,1806,0,0.0,0,0.0,complete
fetch-20261006T122600Z-dfc47335,v2.1-f4676a0b,2022,台灣民眾黨,energy,bill_primary,7,1806,15,9.166666666666666,15,9.166666666666666,complete
fetch-20261006T122600Z-dfc47335,v2.1-f4676a0b,2022,台灣民眾黨,environment,bill_primary,7,1806,35,24.166666666666664,35,24.166666666666664,complete
fetch-20261006T122600Z-dfc47335,v2.1-f4676a0b,2022,台灣民眾黨,foreign_trade,bill_primary,7,1806,5,5.0,5,5.0,complete
fetch-20261006T122600Z-dfc47335,v2.1-f4676a0b,2022,台灣民眾黨,government,bill_primary,7,1806,60,27.5,60,27.5,complete
fetch-20261006T122600Z-dfc47335,v2.1-f4676a0b,2022,台灣民眾黨,health,bill_primary,7,1806,35,25.83333333333333,35,25.83333333333333,complete
fetch-20261006T122600Z-dfc47335,v2.1-f4676a0b,2022,台灣民眾黨,housing,bill_primary,7,1806,5,5.0,5,5.0,complete
fetch-20261006T122600Z-dfc47335,v2.1-f4676a0b,2022,台灣民眾黨,immigration,bill_primary,7,1806,5,1.6666666666666665,5,1.6666666666666665,complete
fetch-20261006T122600Z-dfc47335,v2.1-f4676a0b,2022,台灣民眾黨,indigenous,bill_primary,7,1806,0,0.0,0,0.0,complete
fetch-20261006T122600Z-dfc47335,v2.1-f4676a0b,2022,台灣民眾黨,international,bill_primary,7,1806,0,0.0,0,0.0,complete
fetch-20261006T122600Z-dfc47335,v2.1-f4676a0b,2022,台灣民眾黨,labor,bill_primary,7,1806,22,13.666666666666666,22,13.666666666666666,complete
fetch-20261006T122600Z-dfc47335,v2.1-f4676a0b,2022,台灣民眾黨,law_crime,bill_primary,7,1806,76,53.5,76,53.5,complete
fetch-20261006T122600Z-dfc47335,v2.1-f4676a0b,2022,台灣民眾黨,macroeconomy,bill_primary,7,1806,35,25.0,35,25.0,complete
fetch-20261006T122600Z-dfc47335,v2.1-f4676a0b,2022,台灣民眾黨,public_lands,bill_primary,7,1806,5,1.6666666666666665,5,1.6666666666666665,complete
fetch-20261006T122600Z-dfc47335,v2.1-f4676a0b,2022,台灣民眾黨,social_welfare,bill_primary,7,1806,25,20.0,25,20.0,complete
fetch-20261006T122600Z-dfc47335,v2.1-f4676a0b,2022,台灣民眾黨,technology,bill_primary,7,1806,26,20.166666666666664,26,20.166666666666664,complete
fetch-20261006T122600Z-dfc47335,v2.1-f4676a0b,2022,台灣民眾黨,transitional_justice,bill_primary,7,1806,0,0.0,0,0.0,complete
fetch-20261006T122600Z-dfc47335,v2.1-f4676a0b,2022,台灣民眾黨,transportation,bill_primary,7,1806,55,46.66666666666667,55,46.66666666666667,complete
fetch-20261006T122600Z-dfc47335,v2.1-f4676a0b,2022,台灣民眾黨,unclassified,bill_primary,7,1806,88,88.0,88,88.0,complete
fetch-20261006T122600Z-dfc47335,v2.1-f4676a0b,2022,台灣民眾黨,agriculture,bill_cosign,7,1806,5,3.5,5,3.5,complete
fetch-20261006T122600Z-dfc47335,v2.1-f4676a0b,2022,台灣民眾黨,civil_rights,bill_cosign,7,1806,15,6.833333333333333,15,6.833333333333333,complete
fetch-20261006T122600Z-dfc47335,v2.1-f4676a0b,2022,台灣民眾黨,commerce,bill_cosign,7,1806,5,2.833333333333333,5,2.833333333333333,complete
fetch-20261006T122600Z-dfc47335,v2.1-f4676a0b,2022,台灣民眾黨,cross_strait,bill_cosign,7,1806,0,0.0,0,0.0,complete
fetch-20261006T122600Z-dfc47335,v2.1-f4676a0b,2022,台灣民眾黨,culture,bill_cosign,7,1806,5,1.2666666666666666,5,1.2666666666666666,complete
fetch-20261006T122600Z-dfc47335,v2.1-f4676a0b,2022,台灣民眾黨,defense,bill_cosign,7,1806,4,4.0,4,4.0,complete
fetch-20261006T122600Z-dfc47335,v2.1-f4676a0b,2022,台灣民眾黨,education,bill_cosign,7,1806,11,7.166666666666666,11,7.166666666666666,complete
fetch-20261006T122600Z-dfc47335,v2.1-f4676a0b,2022,台灣民眾黨,energy,bill_cosign,7,1806,1,0.5,1,0.5,complete
fetch-20261006T122600Z-dfc47335,v2.1-f4676a0b,2022,台灣民眾黨,environment,bill_cosign,7,1806,11,5.733333333333333,11,5.733333333333333,complete
fetch-20261006T122600Z-dfc47335,v2.1-f4676a0b,2022,台灣民眾黨,foreign_trade,bill_cosign,7,1806,0,0.0,0,0.0,complete
fetch-20261006T122600Z-dfc47335,v2.1-f4676a0b,2022,台灣民眾黨,government,bill_cosign,7,1806,15,9.433333333333334,15,9.433333333333334,complete
fetch-20261006T122600Z-dfc47335,v2.1-f4676a0b,2022,台灣民眾黨,health,bill_cosign,7,1806,9,5.833333333333333,9,5.833333333333333,complete
fetch-20261006T122600Z-dfc47335,v2.1-f4676a0b,2022,台灣民眾黨,housing,bill_cosign,7,1806,1,1.0,1,1.0,complete
fetch-20261006T122600Z-dfc47335,v2.1-f4676a0b,2022,台灣民眾黨,immigration,bill_cosign,7,1806,1,1.0,1,1.0,complete
fetch-20261006T122600Z-dfc47335,v2.1-f4676a0b,2022,台灣民眾黨,indigenous,bill_cosign,7,1806,5,1.2666666666666666,5,1.2666666666666666,complete
fetch-20261006T122600Z-dfc47335,v2.1-f4676a0b,2022,台灣民眾黨,international,bill_cosign,7,1806,4,2.2,4,2.2,complete
fetch-20261006T122600Z-dfc47335,v2.1-f4676a0b,2022,台灣民眾黨,labor,bill_cosign,7,1806,17,8.666666666666666,17,8.666666666666666,complete
fetch-20261006T122600Z-dfc47335,v2.1-f4676a0b,2022,台灣民眾黨,law_crime,bill_cosign,7,1806,23,13.7,23,13.7,complete
fetch-20261006T122600Z-dfc47335,v2.1-f4676a0b,2022,台灣民眾黨,macroeconomy,bill_cosign,7,1806,13,7.9,13,7.9,complete
fetch-20261006T122600Z-dfc47335,v2.1-f4676a0b,2022,台灣民眾黨,public_lands,bill_cosign,7,1806,4,2.5,4,2.5,complete
fetch-20261006T122600Z-dfc47335,v2.1-f4676a0b,2022,台灣民眾黨,social_welfare,bill_cosign,7,1806,9,4.5,9,4.5,complete
fetch-20261006T122600Z-dfc47335,v2.1-f4676a0b,2022,台灣民眾黨,technology,bill_cosign,7,1806,18,10.166666666666666,18,10.166666666666666,complete
fetch-20261006T122600Z-dfc47335,v2.1-f4676a0b,2022,台灣民眾黨,transitional_justice,bill_cosign,7,1806,0,0.0,0,0.0,complete
fetch-20261006T122600Z-dfc47335,v2.1-f4676a0b,2022,台灣民眾黨,transportation,bill_cosign,7,1806,13,11.0,13,11.0,complete
fetch-20261006T122600Z-dfc47335,v2.1-f4676a0b,2022,台灣民眾黨,unclassified,bill_cosign,7,1806,20,20.0,20,20.0,complete
fetch-20261006T122600Z-dfc47335,v2.1-f4676a0b,2022,台灣民眾黨,agriculture,speech,7,1806,46,12.795019274487796,46,12.795019274487796,complete
fetch-20261006T122600Z-dfc47335,v2.1-f4676a0b,2022,台灣民眾黨,civil_rights,speech,7,1806,35,7.067011572551998,35,7.067011572551998,complete
fetch-20261006T122600Z-dfc47335,v2.1-f4676a0b,2022,台灣民眾黨,commerce,speech,7,1806,85,23.073043787654687,85,23.073043787654687,complete
fetch-20261006T122600Z-dfc47335,v2.1-f4676a0b,2022,台灣民眾黨,cross_strait,speech,7,1806,26,2.9986802266498827,26,2.9986802266498827,complete
fetch-20261006T122600Z-dfc47335,v2.1-f4676a0b,2022,台灣民眾黨,culture,speech,7,1806,33,7.654297789495782,33,7.654297789495782,complete
fetch-20261006T122600Z-dfc47335,v2.1-f4676a0b,2022,台灣民眾黨,defense,speech,7,1806,75,27.398043992535992,75,27.398043992535992,complete
fetch-20261006T122600Z-dfc47335,v2.1-f4676a0b,2022,台灣民眾黨,education,speech,7,1806,83,27.386853657424204,83,27.386853657424204,complete
fetch-20261006T122600Z-dfc47335,v2.1-f4676a0b,2022,台灣民眾黨,energy,speech,7,1806,75,21.881885949507133,75,21.881885949507133,complete
fetch-20261006T122600Z-dfc47335,v2.1-f4676a0b,2022,台灣民眾黨,environment,speech,7,1806,75,22.581380044063447,75,22.581380044063447,complete
fetch-20261006T122600Z-dfc47335,v2.1-f4676a0b,2022,台灣民眾黨,foreign_trade,speech,7,1806,45,8.629151083608543,45,8.629151083608543,complete
fetch-20261006T122600Z-dfc47335,v2.1-f4676a0b,2022,台灣民眾黨,government,speech,7,1806,64,21.085763099989368,64,21.085763099989368,complete
fetch-20261006T122600Z-dfc47335,v2.1-f4676a0b,2022,台灣民眾黨,health,speech,7,1806,152,42.5210965639921,152,42.5210965639921,complete
fetch-20261006T122600Z-dfc47335,v2.1-f4676a0b,2022,台灣民眾黨,housing,speech,7,1806,55,12.906439749648497,55,12.906439749648497,complete
fetch-20261006T122600Z-dfc47335,v2.1-f4676a0b,2022,台灣民眾黨,immigration,speech,7,1806,16,1.7304415415273817,16,1.7304415415273817,complete
fetch-20261006T122600Z-dfc47335,v2.1-f4676a0b,2022,台灣民眾黨,indigenous,speech,7,1806,15,4.529510639307746,15,4.529510639307746,complete
fetch-20261006T122600Z-dfc47335,v2.1-f4676a0b,2022,台灣民眾黨,international,speech,7,1806,43,10.00422325232088,43,10.00422325232088,complete
fetch-20261006T122600Z-dfc47335,v2.1-f4676a0b,2022,台灣民眾黨,labor,speech,7,1806,73,16.832232258387016,73,16.832232258387016,complete
fetch-20261006T122600Z-dfc47335,v2.1-f4676a0b,2022,台灣民眾黨,law_crime,speech,7,1806,105,29.0961604475741,105,29.0961604475741,complete
fetch-20261006T122600Z-dfc47335,v2.1-f4676a0b,2022,台灣民眾黨,macroeconomy,speech,7,1806,95,22.061994843436096,95,22.061994843436096,complete
fetch-20261006T122600Z-dfc47335,v2.1-f4676a0b,2022,台灣民眾黨,public_lands,speech,7,1806,13,4.097893684830835,13,4.097893684830835,complete
fetch-20261006T122600Z-dfc47335,v2.1-f4676a0b,2022,台灣民眾黨,social_welfare,speech,7,1806,42,5.349333306104724,42,5.349333306104724,complete
fetch-20261006T122600Z-dfc47335,v2.1-f4676a0b,2022,台灣民眾黨,technology,speech,7,1806,133,31.2129873376894,133,31.2129873376894,complete
fetch-20261006T122600Z-dfc47335,v2.1-f4676a0b,2022,台灣民眾黨,transitional_justice,speech,7,1806,4,1.3662772377347487,4,1.3662772377347487,complete
fetch-20261006T122600Z-dfc47335,v2.1-f4676a0b,2022,台灣民眾黨,transportation,speech,7,1806,70,22.657936844798392,70,22.657936844798392,complete
fetch-20261006T122600Z-dfc47335,v2.1-f4676a0b,2022,台灣民眾黨,unclassified,speech,7,1806,499,231.08234181467927,499,231.08234181467927,complete
fetch-20261006T122600Z-dfc47335,v2.1-f4676a0b,2022,台灣民眾黨,agriculture,written_question,7,1806,0,0.0,0,0.0,complete
fetch-20261006T122600Z-dfc47335,v2.1-f4676a0b,2022,台灣民眾黨,civil_rights,written_question,7,1806,0,0.0,0,0.0,complete
fetch-20261006T122600Z-dfc47335,v2.1-f4676a0b,2022,台灣民眾黨,commerce,written_question,7,1806,0,0.0,0,0.0,complete
fetch-20261006T122600Z-dfc47335,v2.1-f4676a0b,2022,台灣民眾黨,cross_strait,written_question,7,1806,0,0.0,0,0.0,complete
fetch-20261006T122600Z-dfc47335,v2.1-f4676a0b,2022,台灣民眾黨,culture,written_question,7,1806,0,0.0,0,0.0,complete
fetch-20261006T122600Z-dfc47335,v2.1-f4676a0b,2022,台灣民眾黨,defense,written_question,7,1806,0,0.0,0,0.0,complete
fetch-20261006T122600Z-dfc47335,v2.1-f4676a0b,2022,台灣民眾黨,education,written_question,7,1806,0,0.0,0,0.0,complete
fetch-20261006T122600Z-dfc47335,v2.1-f4676a0b,2022,台灣民眾黨,energy,written_question,7,1806,0,0.0,0,0.0,complete
fetch-20261006T122600Z-dfc47335,v2.1-f4676a0b,2022,台灣民眾黨,environment,written_question,7,1806,0,0.0,0,0.0,complete
fetch-20261006T122600Z-dfc47335,v2.1-f4676a0b,2022,台灣民眾黨,foreign_trade,written_question,7,1806,0,0.0,0,0.0,complete
fetch-20261006T122600Z-dfc47335,v2.1-f4676a0b,2022,台灣民眾黨,government,written_question,7,1806,0,0.0,0,0.0,complete
fetch-20261006T122600Z-dfc47335,v2.1-f4676a0b,2022,台灣民眾黨,health,written_question,7,1806,0,0.0,0,0.0,complete
fetch-20261006T122600Z-dfc47335,v2.1-f4676a0b,2022,台灣民眾黨,housing,written_question,7,1806,0,0.0,0,0.0,complete
fetch-20261006T122600Z-dfc47335,v2.1-f4676a0b,2022,台灣民眾黨,immigration,written_question,7,1806,0,0.0,0,0.0,complete
fetch-20261006T122600Z-dfc47335,v2.1-f4676a0b,2022,台灣民眾黨,indigenous,written_question,7,1806,0,0.0,0,0.0,complete
fetch-20261006T122600Z-dfc47335,v2.1-f4676a0b,2022,台灣民眾黨,international,written_question,7,1806,0,0.0,0,0.0,complete
fetch-20261006T122600Z-dfc47335,v2.1-f4676a0b,2022,台灣民眾黨,labor,written_question,7,1806,0,0.0,0,0.0,complete
fetch-20261006T122600Z-dfc47335,v2.1-f4676a0b,2022,台灣民眾黨,law_crime,written_question,7,1806,0,0.0,0,0.0,complete
fetch-20261006T122600Z-dfc47335,v2.1-f4676a0b,2022,台灣民眾黨,macroeconomy,written_question,7,1806,0,0.0,0,0.0,complete
fetch-20261006T122600Z-dfc47335,v2.1-f4676a0b,2022,台灣民眾黨,public_lands,written_question,7,1806,0,0.0,0,0.0,complete
fetch-20261006T122600Z-dfc47335,v2.1-f4676a0b,2022,台灣民眾黨,social_welfare,written_question,7,1806,0,0.0,0,0.0,complete
fetch-20261006T122600Z-dfc47335,v2.1-f4676a0b,2022,台灣民眾黨,technology,written_question,7,1806,0,0.0,0,0.0,complete
fetch-20261006T122600Z-dfc47335,v2.1-f4676a0b,2022,台灣民眾黨,transitional_justice,written_question,7,1806,0,0.0,0,0.0,complete
fetch-20261006T122600Z-dfc47335,v2.1-f4676a0b,2022,台灣民眾黨,transportation,written_question,7,1806,0,0.0,0,0.0,complete
fetch-20261006T122600Z-dfc47335,v2.1-f4676a0b,2022,台灣民眾黨,unclassified,written_question,7,1806,0,0.0,0,0.0,complete
fetch-20261006T122600Z-dfc47335,v2.1-f4676a0b,2023,台灣民眾黨,agriculture,bill_primary,5,1825,10,7.5,10,7.5,complete
fetch-20261006T122600Z-dfc47335,v2.1-f4676a0b,2023,台灣民眾黨,civil_rights,bill_primary,5,1825,60,40.83333333333333,60,40.83333333333333,complete
fetch-20261006T122600Z-dfc47335,v2.1-f4676a0b,2023,台灣民眾黨,commerce,bill_primary,5,1825,46,33.66666666666667,46,33.66666666666667,complete
fetch-20261006T122600Z-dfc47335,v2.1-f4676a0b,2023,台灣民眾黨,cross_strait,bill_primary,5,1825,0,0.0,0,0.0,complete
fetch-20261006T122600Z-dfc47335,v2.1-f4676a0b,2023,台灣民眾黨,culture,bill_primary,5,1825,15,12.5,15,12.5,complete
fetch-20261006T122600Z-dfc47335,v2.1-f4676a0b,2023,台灣民眾黨,defense,bill_primary,5,1825,10,5.0,10,5.0,complete
fetch-20261006T122600Z-dfc47335,v2.1-f4676a0b,2023,台灣民眾黨,education,bill_primary,5,1825,35,25.83333333333333,35,25.83333333333333,complete
fetch-20261006T122600Z-dfc47335,v2.1-f4676a0b,2023,台灣民眾黨,energy,bill_primary,5,1825,25,15.833333333333332,25,15.833333333333332,complete
fetch-20261006T122600Z-dfc47335,v2.1-f4676a0b,2023,台灣民眾黨,environment,bill_primary,5,1825,35,15.416666666666668,35,15.416666666666668,complete
fetch-20261006T122600Z-dfc47335,v2.1-f4676a0b,2023,台灣民眾黨,foreign_trade,bill_primary,5,1825,5,1.25,5,1.25,complete
fetch-20261006T122600Z-dfc47335,v2.1-f4676a0b,2023,台灣民眾黨,government,bill_primary,5,1825,20,10.833333333333332,20,10.833333333333332,complete
fetch-20261006T122600Z-dfc47335,v2.1-f4676a0b,2023,台灣民眾黨,health,bill_primary,5,1825,15,12.5,15,12.5,complete
fetch-20261006T122600Z-dfc47335,v2.1-f4676a0b,2023,台灣民眾黨,housing,bill_primary,5,1825,10,5.0,10,5.0,complete
fetch-20261006T122600Z-dfc47335,v2.1-f4676a0b,2023,台灣民眾黨,immigration,bill_primary,5,1825,10,10.0,10,10.0,complete
fetch-20261006T122600Z-dfc47335,v2.1-f4676a0b,2023,台灣民眾黨,indigenous,bill_primary,5,1825,5,2.5,5,2.5,complete
fetch-20261006T122600Z-dfc47335,v2.1-f4676a0b,2023,台灣民眾黨,international,bill_primary,5,1825,21,7.416666666666666,21,7.416666666666666,complete
fetch-20261006T122600Z-dfc47335,v2.1-f4676a0b,2023,台灣民眾黨,labor,bill_primary,5,1825,25,22.5,25,22.5,complete
fetch-20261006T122600Z-dfc47335,v2.1-f4676a0b,2023,台灣民眾黨,law_crime,bill_primary,5,1825,61,34.666666666666664,61,34.666666666666664,complete
fetch-20261006T122600Z-dfc47335,v2.1-f4676a0b,2023,台灣民眾黨,macroeconomy,bill_primary,5,1825,36,18.25,36,18.25,complete
fetch-20261006T122600Z-dfc47335,v2.1-f4676a0b,2023,台灣民眾黨,public_lands,bill_primary,5,1825,15,9.166666666666666,15,9.166666666666666,complete
fetch-20261006T122600Z-dfc47335,v2.1-f4676a0b,2023,台灣民眾黨,social_welfare,bill_primary,5,1825,21,15.5,21,15.5,complete
fetch-20261006T122600Z-dfc47335,v2.1-f4676a0b,2023,台灣民眾黨,technology,bill_primary,5,1825,45,33.33333333333333,45,33.33333333333333,complete
fetch-20261006T122600Z-dfc47335,v2.1-f4676a0b,2023,台灣民眾黨,transitional_justice,bill_primary,5,1825,0,0.0,0,0.0,complete
fetch-20261006T122600Z-dfc47335,v2.1-f4676a0b,2023,台灣民眾黨,transportation,bill_primary,5,1825,20,17.5,20,17.5,complete
fetch-20261006T122600Z-dfc47335,v2.1-f4676a0b,2023,台灣民眾黨,unclassified,bill_primary,5,1825,75,75.0,75,75.0,complete
fetch-20261006T122600Z-dfc47335,v2.1-f4676a0b,2023,台灣民眾黨,agriculture,bill_cosign,5,1825,17,9.7,17,9.7,complete
fetch-20261006T122600Z-dfc47335,v2.1-f4676a0b,2023,台灣民眾黨,civil_rights,bill_cosign,5,1825,21,12.666666666666664,21,12.666666666666664,complete
fetch-20261006T122600Z-dfc47335,v2.1-f4676a0b,2023,台灣民眾黨,commerce,bill_cosign,5,1825,11,3.9999999999999996,11,3.9999999999999996,complete
fetch-20261006T122600Z-dfc47335,v2.1-f4676a0b,2023,台灣民眾黨,cross_strait,bill_cosign,5,1825,0,0.0,0,0.0,complete
fetch-20261006T122600Z-dfc47335,v2.1-f4676a0b,2023,台灣民眾黨,culture,bill_cosign,5,1825,30,26.5,30,26.5,complete
fetch-20261006T122600Z-dfc47335,v2.1-f4676a0b,2023,台灣民眾黨,defense,bill_cosign,5,1825,1,0.5,1,0.5,complete
fetch-20261006T122600Z-dfc47335,v2.1-f4676a0b,2023,台灣民眾黨,education,bill_cosign,5,1825,19,13.533333333333333,19,13.533333333333333,complete
fetch-20261006T122600Z-dfc47335,v2.1-f4676a0b,2023,台灣民眾黨,energy,bill_cosign,5,1825,5,2.783333333333333,5,2.783333333333333,complete
fetch-20261006T122600Z-dfc47335,v2.1-f4676a0b,2023,台灣民眾黨,environment,bill_cosign,5,1825,20,12.316666666666666,20,12.316666666666666,complete
fetch-20261006T122600Z-dfc47335,v2.1-f4676a0b,2023,台灣民眾黨,foreign_trade,bill_cosign,5,1825,3,1.6666666666666665,3,1.6666666666666665,complete
fetch-20261006T122600Z-dfc47335,v2.1-f4676a0b,2023,台灣民眾黨,government,bill_cosign,5,1825,9,5.033333333333333,9,5.033333333333333,complete
fetch-20261006T122600Z-dfc47335,v2.1-f4676a0b,2023,台灣民眾黨,health,bill_cosign,5,1825,10,5.833333333333333,10,5.833333333333333,complete
fetch-20261006T122600Z-dfc47335,v2.1-f4676a0b,2023,台灣民眾黨,housing,bill_cosign,5,1825,4,2.5,4,2.5,complete
fetch-20261006T122600Z-dfc47335,v2.1-f4676a0b,2023,台灣民眾黨,immigration,bill_cosign,5,1825,2,2.0,2,2.0,complete
fetch-20261006T122600Z-dfc47335,v2.1-f4676a0b,2023,台灣民眾黨,indigenous,bill_cosign,5,1825,4,2.6666666666666665,4,2.6666666666666665,complete
fetch-20261006T122600Z-dfc47335,v2.1-f4676a0b,2023,台灣民眾黨,international,bill_cosign,5,1825,4,1.3333333333333333,4,1.3333333333333333,complete
fetch-20261006T122600Z-dfc47335,v2.1-f4676a0b,2023,台灣民眾黨,labor,bill_cosign,5,1825,7,3.6666666666666665,7,3.6666666666666665,complete
fetch-20261006T122600Z-dfc47335,v2.1-f4676a0b,2023,台灣民眾黨,law_crime,bill_cosign,5,1825,24,17.333333333333336,24,17.333333333333336,complete
fetch-20261006T122600Z-dfc47335,v2.1-f4676a0b,2023,台灣民眾黨,macroeconomy,bill_cosign,5,1825,14,6.666666666666666,14,6.666666666666666,complete
fetch-20261006T122600Z-dfc47335,v2.1-f4676a0b,2023,台灣民眾黨,public_lands,bill_cosign,5,1825,6,2.4833333333333334,6,2.4833333333333334,complete
fetch-20261006T122600Z-dfc47335,v2.1-f4676a0b,2023,台灣民眾黨,social_welfare,bill_cosign,5,1825,8,4.333333333333333,8,4.333333333333333,complete
fetch-20261006T122600Z-dfc47335,v2.1-f4676a0b,2023,台灣民眾黨,technology,bill_cosign,5,1825,19,9.033333333333333,19,9.033333333333333,complete
fetch-20261006T122600Z-dfc47335,v2.1-f4676a0b,2023,台灣民眾黨,transitional_justice,bill_cosign,5,1825,0,0.0,0,0.0,complete
fetch-20261006T122600Z-dfc47335,v2.1-f4676a0b,2023,台灣民眾黨,transportation,bill_cosign,5,1825,13,8.45,13,8.45,complete
fetch-20261006T122600Z-dfc47335,v2.1-f4676a0b,2023,台灣民眾黨,unclassified,bill_cosign,5,1825,36,36.0,36,36.0,complete
fetch-20261006T122600Z-dfc47335,v2.1-f4676a0b,2023,台灣民眾黨,agriculture,speech,5,1825,56,15.053588353814579,56,15.053588353814579,complete
fetch-20261006T122600Z-dfc47335,v2.1-f4676a0b,2023,台灣民眾黨,civil_rights,speech,5,1825,46,10.51762836440451,46,10.51762836440451,complete
fetch-20261006T122600Z-dfc47335,v2.1-f4676a0b,2023,台灣民眾黨,commerce,speech,5,1825,55,9.738521120948509,55,9.738521120948509,complete
fetch-20261006T122600Z-dfc47335,v2.1-f4676a0b,2023,台灣民眾黨,cross_strait,speech,5,1825,36,5.646728626369102,36,5.646728626369102,complete
fetch-20261006T122600Z-dfc47335,v2.1-f4676a0b,2023,台灣民眾黨,culture,speech,5,1825,31,7.615143858535745,31,7.615143858535745,complete
fetch-20261006T122600Z-dfc47335,v2.1-f4676a0b,2023,台灣民眾黨,defense,speech,5,1825,75,27.27535959455809,75,27.27535959455809,complete
fetch-20261006T122600Z-dfc47335,v2.1-f4676a0b,2023,台灣民眾黨,education,speech,5,1825,74,23.534901741279835,74,23.534901741279835,complete
fetch-20261006T122600Z-dfc47335,v2.1-f4676a0b,2023,台灣民眾黨,energy,speech,5,1825,54,15.647377119145293,54,15.647377119145293,complete
fetch-20261006T122600Z-dfc47335,v2.1-f4676a0b,2023,台灣民眾黨,environment,speech,5,1825,55,19.541369396432536,55,19.541369396432536,complete
fetch-20261006T122600Z-dfc47335,v2.1-f4676a0b,2023,台灣民眾黨,foreign_trade,speech,5,1825,41,7.000537463016836,41,7.000537463016836,complete
fetch-20261006T122600Z-dfc47335,v2.1-f4676a0b,2023,台灣民眾黨,government,speech,5,1825,84,21.797129866702218,84,21.797129866702218,complete
fetch-20261006T122600Z-dfc47335,v2.1-f4676a0b,2023,台灣民眾黨,health,speech,5,1825,74,17.11629105553431,74,17.11629105553431,complete
fetch-20261006T122600Z-dfc47335,v2.1-f4676a0b,2023,台灣民眾黨,housing,speech,5,1825,32,7.263958068885207,32,7.263958068885207,complete
fetch-20261006T122600Z-dfc47335,v2.1-f4676a0b,2023,台灣民眾黨,immigration,speech,5,1825,9,2.3470736318639487,9,2.3470736318639487,complete
fetch-20261006T122600Z-dfc47335,v2.1-f4676a0b,2023,台灣民眾黨,indigenous,speech,5,1825,5,2.227682252413296,5,2.227682252413296,complete
fetch-20261006T122600Z-dfc47335,v2.1-f4676a0b,2023,台灣民眾黨,international,speech,5,1825,51,11.774149727458,51,11.774149727458,complete
fetch-20261006T122600Z-dfc47335,v2.1-f4676a0b,2023,台灣民眾黨,labor,speech,5,1825,91,22.537569664581753,91,22.537569664581753,complete
fetch-20261006T122600Z-dfc47335,v2.1-f4676a0b,2023,台灣民眾黨,law_crime,speech,5,1825,123,34.23849165240469,123,34.23849165240469,complete
fetch-20261006T122600Z-dfc47335,v2.1-f4676a0b,2023,台灣民眾黨,macroeconomy,speech,5,1825,74,18.90047015069928,74,18.90047015069928,complete
fetch-20261006T122600Z-dfc47335,v2.1-f4676a0b,2023,台灣民眾黨,public_lands,speech,5,1825,21,4.7413881947318,21,4.7413881947318,complete
fetch-20261006T122600Z-dfc47335,v2.1-f4676a0b,2023,台灣民眾黨,social_welfare,speech,5,1825,59,11.440694347905202,59,11.440694347905202,complete
fetch-20261006T122600Z-dfc47335,v2.1-f4676a0b,2023,台灣民眾黨,technology,speech,5,1825,88,19.930715289785812,88,19.930715289785812,complete
fetch-20261006T122600Z-dfc47335,v2.1-f4676a0b,2023,台灣民眾黨,transitional_justice,speech,5,1825,5,1.3516947376677275,5,1.3516947376677275,complete
fetch-20261006T122600Z-dfc47335,v2.1-f4676a0b,2023,台灣民眾黨,transportation,speech,5,1825,53,14.153783486002592,53,14.153783486002592,complete
fetch-20261006T122600Z-dfc47335,v2.1-f4676a0b,2023,台灣民眾黨,unclassified,speech,5,1825,407,198.6077522348591,407,198.6077522348591,complete
fetch-20261006T122600Z-dfc47335,v2.1-f4676a0b,2023,台灣民眾黨,agriculture,written_question,5,1825,0,0.0,0,0.0,complete
fetch-20261006T122600Z-dfc47335,v2.1-f4676a0b,2023,台灣民眾黨,civil_rights,written_question,5,1825,0,0.0,0,0.0,complete
fetch-20261006T122600Z-dfc47335,v2.1-f4676a0b,2023,台灣民眾黨,commerce,written_question,5,1825,0,0.0,0,0.0,complete
fetch-20261006T122600Z-dfc47335,v2.1-f4676a0b,2023,台灣民眾黨,cross_strait,written_question,5,1825,0,0.0,0,0.0,complete
fetch-20261006T122600Z-dfc47335,v2.1-f4676a0b,2023,台灣民眾黨,culture,written_question,5,1825,0,0.0,0,0.0,complete
fetch-20261006T122600Z-dfc47335,v2.1-f4676a0b,2023,台灣民眾黨,defense,written_question,5,1825,0,0.0,0,0.0,complete
fetch-20261006T122600Z-dfc47335,v2.1-f4676a0b,2023,台灣民眾黨,education,written_question,5,1825,0,0.0,0,0.0,complete
fetch-20261006T122600Z-dfc47335,v2.1-f4676a0b,2023,台灣民眾黨,energy,written_question,5,1825,0,0.0,0,0.0,complete
fetch-20261006T122600Z-dfc47335,v2.1-f4676a0b,2023,台灣民眾黨,environment,written_question,5,1825,0,0.0,0,0.0,complete
fetch-20261006T122600Z-dfc47335,v2.1-f4676a0b,2023,台灣民眾黨,foreign_trade,written_question,5,1825,0,0.0,0,0.0,complete
fetch-20261006T122600Z-dfc47335,v2.1-f4676a0b,2023,台灣民眾黨,government,written_question,5,1825,0,0.0,0,0.0,complete
fetch-20261006T122600Z-dfc47335,v2.1-f4676a0b,2023,台灣民眾黨,health,written_question,5,1825,0,0.0,0,0.0,complete
fetch-20261006T122600Z-dfc47335,v2.1-f4676a0b,2023,台灣民眾黨,housing,written_question,5,1825,0,0.0,0,0.0,complete
fetch-20261006T122600Z-dfc47335,v2.1-f4676a0b,2023,台灣民眾黨,immigration,written_question,5,1825,0,0.0,0,0.0,complete
fetch-20261006T122600Z-dfc47335,v2.1-f4676a0b,2023,台灣民眾黨,indigenous,written_question,5,1825,0,0.0,0,0.0,complete
fetch-20261006T122600Z-dfc47335,v2.1-f4676a0b,2023,台灣民眾黨,international,written_question,5,1825,0,0.0,0,0.0,complete
fetch-20261006T122600Z-dfc47335,v2.1-f4676a0b,2023,台灣民眾黨,labor,written_question,5,1825,0,0.0,0,0.0,complete
fetch-20261006T122600Z-dfc47335,v2.1-f4676a0b,2023,台灣民眾黨,law_crime,written_question,5,1825,0,0.0,0,0.0,complete
fetch-20261006T122600Z-dfc47335,v2.1-f4676a0b,2023,台灣民眾黨,macroeconomy,written_question,5,1825,0,0.0,0,0.0,complete
fetch-20261006T122600Z-dfc47335,v2.1-f4676a0b,2023,台灣民眾黨,public_lands,written_question,5,1825,0,0.0,0,0.0,complete
fetch-20261006T122600Z-dfc47335,v2.1-f4676a0b,2023,台灣民眾黨,social_welfare,written_question,5,1825,0,0.0,0,0.0,complete
fetch-20261006T122600Z-dfc47335,v2.1-f4676a0b,2023,台灣民眾黨,technology,written_question,5,1825,0,0.0,0,0.0,complete
fetch-20261006T122600Z-dfc47335,v2.1-f4676a0b,2023,台灣民眾黨,transitional_justice,written_question,5,1825,0,0.0,0,0.0,complete
fetch-20261006T122600Z-dfc47335,v2.1-f4676a0b,2023,台灣民眾黨,transportation,written_question,5,1825,0,0.0,0,0.0,complete
fetch-20261006T122600Z-dfc47335,v2.1-f4676a0b,2023,台灣民眾黨,unclassified,written_question,5,1825,0,0.0,0,0.0,complete
fetch-20261006T122600Z-dfc47335,v2.1-f4676a0b,2020,台灣基進,agriculture,bill_primary,1,366,0,0.0,0,0.0,complete
fetch-20261006T122600Z-dfc47335,v2.1-f4676a0b,2020,台灣基進,civil_rights,bill_primary,1,366,2,1.5,2,1.5,complete
fetch-20261006T122600Z-dfc47335,v2.1-f4676a0b,2020,台灣基進,commerce,bill_primary,1,366,1,0.5,1,0.5,complete
fetch-20261006T122600Z-dfc47335,v2.1-f4676a0b,2020,台灣基進,cross_strait,bill_primary,1,366,2,0.8333333333333333,2,0.8333333333333333,complete
fetch-20261006T122600Z-dfc47335,v2.1-f4676a0b,2020,台灣基進,culture,bill_primary,1,366,1,1.0,1,1.0,complete
fetch-20261006T122600Z-dfc47335,v2.1-f4676a0b,2020,台灣基進,defense,bill_primary,1,366,1,0.5,1,0.5,complete
fetch-20261006T122600Z-dfc47335,v2.1-f4676a0b,2020,台灣基進,education,bill_primary,1,366,0,0.0,0,0.0,complete
fetch-20261006T122600Z-dfc47335,v2.1-f4676a0b,2020,台灣基進,energy,bill_primary,1,366,0,0.0,0,0.0,complete
fetch-20261006T122600Z-dfc47335,v2.1-f4676a0b,2020,台灣基進,environment,bill_primary,1,366,0,0.0,0,0.0,complete
fetch-20261006T122600Z-dfc47335,v2.1-f4676a0b,2020,台灣基進,foreign_trade,bill_primary,1,366,1,0.3333333333333333,1,0.3333333333333333,complete
fetch-20261006T122600Z-dfc47335,v2.1-f4676a0b,2020,台灣基進,government,bill_primary,1,366,6,4.333333333333333,6,4.333333333333333,complete
fetch-20261006T122600Z-dfc47335,v2.1-f4676a0b,2020,台灣基進,health,bill_primary,1,366,4,3.5,4,3.5,complete
fetch-20261006T122600Z-dfc47335,v2.1-f4676a0b,2020,台灣基進,housing,bill_primary,1,366,0,0.0,0,0.0,complete
fetch-20261006T122600Z-dfc47335,v2.1-f4676a0b,2020,台灣基進,immigration,bill_primary,1,366,1,0.5,1,0.5,complete
fetch-20261006T122600Z-dfc47335,v2.1-f4676a0b,2020,台灣基進,indigenous,bill_primary,1,366,1,0.5,1,0.5,complete
fetch-20261006T122600Z-dfc47335,v2.1-f4676a0b,2020,台灣基進,international,bill_primary,1,366,1,0.3333333333333333,1,0.3333333333333333,complete
fetch-20261006T122600Z-dfc47335,v2.1-f4676a0b,2020,台灣基進,labor,bill_primary,1,366,0,0.0,0,0.0,complete
fetch-20261006T122600Z-dfc47335,v2.1-f4676a0b,2020,台灣基進,law_crime,bill_primary,1,366,1,0.3333333333333333,1,0.3333333333333333,complete
fetch-20261006T122600Z-dfc47335,v2.1-f4676a0b,2020,台灣基進,macroeconomy,bill_primary,1,366,0,0.0,0,0.0,complete
fetch-20261006T122600Z-dfc47335,v2.1-f4676a0b,2020,台灣基進,public_lands,bill_primary,1,366,0,0.0,0,0.0,complete
fetch-20261006T122600Z-dfc47335,v2.1-f4676a0b,2020,台灣基進,social_welfare,bill_primary,1,366,1,0.5,1,0.5,complete
fetch-20261006T122600Z-dfc47335,v2.1-f4676a0b,2020,台灣基進,technology,bill_primary,1,366,3,2.0,3,2.0,complete
fetch-20261006T122600Z-dfc47335,v2.1-f4676a0b,2020,台灣基進,transitional_justice,bill_primary,1,366,1,0.3333333333333333,1,0.3333333333333333,complete
fetch-20261006T122600Z-dfc47335,v2.1-f4676a0b,2020,台灣基進,transportation,bill_primary,1,366,1,1.0,1,1.0,complete
fetch-20261006T122600Z-dfc47335,v2.1-f4676a0b,2020,台灣基進,unclassified,bill_primary,1,366,7,7.0,7,7.0,complete
fetch-20261006T122600Z-dfc47335,v2.1-f4676a0b,2020,台灣基進,agriculture,bill_cosign,1,366,4,3.0,4,3.0,complete
fetch-20261006T122600Z-dfc47335,v2.1-f4676a0b,2020,台灣基進,civil_rights,bill_cosign,1,366,11,6.166666666666667,11,6.166666666666667,complete
fetch-20261006T122600Z-dfc47335,v2.1-f4676a0b,2020,台灣基進,commerce,bill_cosign,1,366,5,3.0,5,3.0,complete
fetch-20261006T122600Z-dfc47335,v2.1-f4676a0b,2020,台灣基進,cross_strait,bill_cosign,1,366,2,1.3333333333333333,2,1.3333333333333333,complete
fetch-20261006T122600Z-dfc47335,v2.1-f4676a0b,2020,台灣基進,culture,bill_cosign,1,366,3,2.5,3,2.5,complete
fetch-20261006T122600Z-dfc47335,v2.1-f4676a0b,2020,台灣基進,defense,bill_cosign,1,366,5,2.6666666666666665,5,2.6666666666666665,complete
fetch-20261006T122600Z-dfc47335,v2.1-f4676a0b,2020,台灣基進,education,bill_cosign,1,366,5,4.333333333333333,5,4.333333333333333,complete
fetch-20261006T122600Z-dfc47335,v2.1-f4676a0b,2020,台灣基進,energy,bill_cosign,1,366,3,2.5,3,2.5,complete
fetch-20261006T122600Z-dfc47335,v2.1-f4676a0b,2020,台灣基進,environment,bill_cosign,1,366,5,4.0,5,4.0,complete
fetch-20261006T122600Z-dfc47335,v2.1-f4676a0b,2020,台灣基進,foreign_trade,bill_cosign,1,366,0,0.0,0,0.0,complete
fetch-20261006T122600Z-dfc47335,v2.1-f4676a0b,2020,台灣基進,government,bill_cosign,1,366,23,18.333333333333332,23,18.333333333333332,complete
fetch-20261006T122600Z-dfc47335,v2.1-f4676a0b,2020,台灣基進,health,bill_cosign,1,366,4,3.0,4,3.0,complete
fetch-20261006T122600Z-dfc47335,v2.1-f4676a0b,2020,台灣基進,housing,bill_cosign,1,366,1,0.5,1,0.5,complete
fetch-20261006T122600Z-dfc47335,v2.1-f4676a0b,2020,台灣基進,immigration,bill_cosign,1,366,6,5.0,6,5.0,complete
fetch-20261006T122600Z-dfc47335,v2.1-f4676a0b,2020,台灣基進,indigenous,bill_cosign,1,366,1,0.5,1,0.5,complete
fetch-20261006T122600Z-dfc47335,v2.1-f4676a0b,2020,台灣基進,international,bill_cosign,1,366,0,0.0,0,0.0,complete
fetch-20261006T122600Z-dfc47335,v2.1-f4676a0b,2020,台灣基進,labor,bill_cosign,1,366,8,7.5,8,7.5,complete
fetch-20261006T122600Z-dfc47335,v2.1-f4676a0b,2020,台灣基進,law_crime,bill_cosign,1,366,22,16.333333333333336,22,16.333333333333336,complete
fetch-20261006T122600Z-dfc47335,v2.1-f4676a0b,2020,台灣基進,macroeconomy,bill_cosign,1,366,4,3.5,4,3.5,complete
fetch-20261006T122600Z-dfc47335,v2.1-f4676a0b,2020,台灣基進,public_lands,bill_cosign,1,366,4,2.5,4,2.5,complete
fetch-20261006T122600Z-dfc47335,v2.1-f4676a0b,2020,台灣基進,social_welfare,bill_cosign,1,366,4,3.5,4,3.5,complete
fetch-20261006T122600Z-dfc47335,v2.1-f4676a0b,2020,台灣基進,technology,bill_cosign,1,366,8,6.833333333333333,8,6.833333333333333,complete
fetch-20261006T122600Z-dfc47335,v2.1-f4676a0b,2020,台灣基進,transitional_justice,bill_cosign,1,366,1,0.5,1,0.5,complete
fetch-20261006T122600Z-dfc47335,v2.1-f4676a0b,2020,台灣基進,transportation,bill_cosign,1,366,8,6.5,8,6.5,complete
fetch-20261006T122600Z-dfc47335,v2.1-f4676a0b,2020,台灣基進,unclassified,bill_cosign,1,366,37,37.0,37,37.0,complete
fetch-20261006T122600Z-dfc47335,v2.1-f4676a0b,2020,台灣基進,agriculture,speech,1,366,4,1.720054541166025,4,1.720054541166025,complete
fetch-20261006T122600Z-dfc47335,v2.1-f4676a0b,2020,台灣基進,civil_rights,speech,1,366,0,0.0,0,0.0,complete
fetch-20261006T122600Z-dfc47335,v2.1-f4676a0b,2020,台灣基進,commerce,speech,1,366,10,1.1362597203897116,10,1.1362597203897116,complete
fetch-20261006T122600Z-dfc47335,v2.1-f4676a0b,2020,台灣基進,cross_strait,speech,1,366,14,2.684496989329971,14,2.684496989329971,complete
fetch-20261006T122600Z-dfc47335,v2.1-f4676a0b,2020,台灣基進,culture,speech,1,366,9,1.6365963114699427,9,1.6365963114699427,complete
fetch-20261006T122600Z-dfc47335,v2.1-f4676a0b,2020,台灣基進,defense,speech,1,366,40,11.745165553502185,40,11.745165553502185,complete
fetch-20261006T122600Z-dfc47335,v2.1-f4676a0b,2020,台灣基進,education,speech,1,366,16,2.9252310508485135,16,2.9252310508485135,complete
fetch-20261006T122600Z-dfc47335,v2.1-f4676a0b,2020,台灣基進,energy,speech,1,366,3,1.3343023692095175,3,1.3343023692095175,complete
fetch-20261006T122600Z-dfc47335,v2.1-f4676a0b,2020,台灣基進,environment,speech,1,366,4,1.2414150433809907,4,1.2414150433809907,complete
fetch-20261006T122600Z-dfc47335,v2.1-f4676a0b,2020,台灣基進,foreign_trade,speech,1,366,8,1.1630251248920531,8,1.1630251248920531,complete
fetch-20261006T122600Z-dfc47335,v2.1-f4676a0b,2020,台灣基進,government,speech,1,366,7,1.398445109788027,7,1.398445109788027,complete
fetch-20261006T122600Z-dfc47335,v2.1-f4676a0b,2020,台灣基進,health,speech,1,366,30,7.056523242546724,30,7.056523242546724,complete
fetch-20261006T122600Z-dfc47335,v2.1-f4676a0b,2020,台灣基進,housing,speech,1,366,0,0.0,0,0.0,complete
fetch-20261006T122600Z-dfc47335,v2.1-f4676a0b,2020,台灣基進,immigration,speech,1,366,4,0.7975534571138057,4,0.7975534571138057,complete
fetch-20261006T122600Z-dfc47335,v2.1-f4676a0b,2020,台灣基進,indigenous,speech,1,366,1,0.3028895768833849,1,0.3028895768833849,complete
fetch-20261006T122600Z-dfc47335,v2.1-f4676a0b,2020,台灣基進,international,speech,1,366,28,10.830751124660408,28,10.830751124660408,complete
fetch-20261006T122600Z-dfc47335,v2.1-f4676a0b,2020,台灣基進,labor,speech,1,366,9,1.6727688538372059,9,1.6727688538372059,complete
fetch-20261006T122600Z-dfc47335,v2.1-f4676a0b,2020,台灣基進,law_crime,speech,1,366,9,2.0542753502558466,9,2.0542753502558466,complete
fetch-20261006T122600Z-dfc47335,v2.1-f4676a0b,2020,台灣基進,macroeconomy,speech,1,366,4,0.37608206331869276,4,0.37608206331869276,complete
fetch-20261006T122600Z-dfc47335,v2.1-f4676a0b,2020,台灣基進,public_lands,speech,1,366,1,0.006611570247933884,1,0.006611570247933884,complete
fetch-20261006T122600Z-dfc47335,v2.1-f4676a0b,2020,台灣基進,social_welfare,speech,1,366,1,0.09531914893617022,1,0.09531914893617022,complete
fetch-20261006T122600Z-dfc47335,v2.1-f4676a0b,2020,台灣基進,technology,speech,1,366,15,2.5452529816739298,15,2.5452529816739298,complete
fetch-20261006T122600Z-dfc47335,v2.1-f4676a0b,2020,台灣基進,transitional_justice,speech,1,366,5,1.9149934279282748,5,1.9149934279282748,complete
fetch-20261006T122600Z-dfc47335,v2.1-f4676a0b,2020,台灣基進,transportation,speech,1,366,5,1.4424540644678798,5,1.4424540644678798,complete
fetch-20261006T122600Z-dfc47335,v2.1-f4676a0b,2020,台灣基進,unclassified,speech,1,366,104,53.919533324152816,104,53.919533324152816,complete
fetch-20261006T122600Z-dfc47335,v2.1-f4676a0b,2020,台灣基進,agriculture,written_question,1,366,0,0.0,0,0.0,complete
fetch-20261006T122600Z-dfc47335,v2.1-f4676a0b,2020,台灣基進,civil_rights,written_question,1,366,0,0.0,0,0.0,complete
fetch-20261006T122600Z-dfc47335,v2.1-f4676a0b,2020,台灣基進,commerce,written_question,1,366,0,0.0,0,0.0,complete
fetch-20261006T122600Z-dfc47335,v2.1-f4676a0b,2020,台灣基進,cross_strait,written_question,1,366,0,0.0,0,0.0,complete
fetch-20261006T122600Z-dfc47335,v2.1-f4676a0b,2020,台灣基進,culture,written_question,1,366,0,0.0,0,0.0,complete
fetch-20261006T122600Z-dfc47335,v2.1-f4676a0b,2020,台灣基進,defense,written_question,1,366,0,0.0,0,0.0,complete
fetch-20261006T122600Z-dfc47335,v2.1-f4676a0b,2020,台灣基進,education,written_question,1,366,0,0.0,0,0.0,complete
fetch-20261006T122600Z-dfc47335,v2.1-f4676a0b,2020,台灣基進,energy,written_question,1,366,0,0.0,0,0.0,complete
fetch-20261006T122600Z-dfc47335,v2.1-f4676a0b,2020,台灣基進,environment,written_question,1,366,0,0.0,0,0.0,complete
fetch-20261006T122600Z-dfc47335,v2.1-f4676a0b,2020,台灣基進,foreign_trade,written_question,1,366,0,0.0,0,0.0,complete
fetch-20261006T122600Z-dfc47335,v2.1-f4676a0b,2020,台灣基進,government,written_question,1,366,0,0.0,0,0.0,complete
fetch-20261006T122600Z-dfc47335,v2.1-f4676a0b,2020,台灣基進,health,written_question,1,366,0,0.0,0,0.0,complete
fetch-20261006T122600Z-dfc47335,v2.1-f4676a0b,2020,台灣基進,housing,written_question,1,366,0,0.0,0,0.0,complete
fetch-20261006T122600Z-dfc47335,v2.1-f4676a0b,2020,台灣基進,immigration,written_question,1,366,0,0.0,0,0.0,complete
fetch-20261006T122600Z-dfc47335,v2.1-f4676a0b,2020,台灣基進,indigenous,written_question,1,366,0,0.0,0,0.0,complete
fetch-20261006T122600Z-dfc47335,v2.1-f4676a0b,2020,台灣基進,international,written_question,1,366,0,0.0,0,0.0,complete
fetch-20261006T122600Z-dfc47335,v2.1-f4676a0b,2020,台灣基進,labor,written_question,1,366,0,0.0,0,0.0,complete
fetch-20261006T122600Z-dfc47335,v2.1-f4676a0b,2020,台灣基進,law_crime,written_question,1,366,0,0.0,0,0.0,complete
fetch-20261006T122600Z-dfc47335,v2.1-f4676a0b,2020,台灣基進,macroeconomy,written_question,1,366,0,0.0,0,0.0,complete
fetch-20261006T122600Z-dfc47335,v2.1-f4676a0b,2020,台灣基進,public_lands,written_question,1,366,0,0.0,0,0.0,complete
fetch-20261006T122600Z-dfc47335,v2.1-f4676a0b,2020,台灣基進,social_welfare,written_question,1,366,0,0.0,0,0.0,complete
fetch-20261006T122600Z-dfc47335,v2.1-f4676a0b,2020,台灣基進,technology,written_question,1,366,0,0.0,0,0.0,complete
fetch-20261006T122600Z-dfc47335,v2.1-f4676a0b,2020,台灣基進,transitional_justice,written_question,1,366,0,0.0,0,0.0,complete
fetch-20261006T122600Z-dfc47335,v2.1-f4676a0b,2020,台灣基進,transportation,written_question,1,366,0,0.0,0,0.0,complete
fetch-20261006T122600Z-dfc47335,v2.1-f4676a0b,2020,台灣基進,unclassified,written_question,1,366,0,0.0,0,0.0,complete
fetch-20261006T122600Z-dfc47335,v2.1-f4676a0b,2021,台灣基進,agriculture,bill_primary,1,269,0,0.0,0,0.0,complete
fetch-20261006T122600Z-dfc47335,v2.1-f4676a0b,2021,台灣基進,civil_rights,bill_primary,1,269,4,1.8333333333333333,4,1.8333333333333333,complete
fetch-20261006T122600Z-dfc47335,v2.1-f4676a0b,2021,台灣基進,commerce,bill_primary,1,269,0,0.0,0,0.0,complete
fetch-20261006T122600Z-dfc47335,v2.1-f4676a0b,2021,台灣基進,cross_strait,bill_primary,1,269,1,0.5,1,0.5,complete
fetch-20261006T122600Z-dfc47335,v2.1-f4676a0b,2021,台灣基進,culture,bill_primary,1,269,1,1.0,1,1.0,complete
fetch-20261006T122600Z-dfc47335,v2.1-f4676a0b,2021,台灣基進,defense,bill_primary,1,269,0,0.0,0,0.0,complete
fetch-20261006T122600Z-dfc47335,v2.1-f4676a0b,2021,台灣基進,education,bill_primary,1,269,0,0.0,0,0.0,complete
fetch-20261006T122600Z-dfc47335,v2.1-f4676a0b,2021,台灣基進,energy,bill_primary,1,269,0,0.0,0,0.0,complete
fetch-20261006T122600Z-dfc47335,v2.1-f4676a0b,2021,台灣基進,environment,bill_primary,1,269,1,0.3333333333333333,1,0.3333333333333333,complete
fetch-20261006T122600Z-dfc47335,v2.1-f4676a0b,2021,台灣基進,foreign_trade,bill_primary,1,269,0,0.0,0,0.0,complete
fetch-20261006T122600Z-dfc47335,v2.1-f4676a0b,2021,台灣基進,government,bill_primary,1,269,0,0.0,0,0.0,complete
fetch-20261006T122600Z-dfc47335,v2.1-f4676a0b,2021,台灣基進,health,bill_primary,1,269,1,1.0,1,1.0,complete
fetch-20261006T122600Z-dfc47335,v2.1-f4676a0b,2021,台灣基進,housing,bill_primary,1,269,0,0.0,0,0.0,complete
fetch-20261006T122600Z-dfc47335,v2.1-f4676a0b,2021,台灣基進,immigration,bill_primary,1,269,1,0.3333333333333333,1,0.3333333333333333,complete
fetch-20261006T122600Z-dfc47335,v2.1-f4676a0b,2021,台灣基進,indigenous,bill_primary,1,269,0,0.0,0,0.0,complete
fetch-20261006T122600Z-dfc47335,v2.1-f4676a0b,2021,台灣基進,international,bill_primary,1,269,4,1.6666666666666665,4,1.6666666666666665,complete
fetch-20261006T122600Z-dfc47335,v2.1-f4676a0b,2021,台灣基進,labor,bill_primary,1,269,0,0.0,0,0.0,complete
fetch-20261006T122600Z-dfc47335,v2.1-f4676a0b,2021,台灣基進,law_crime,bill_primary,1,269,1,0.5,1,0.5,complete
fetch-20261006T122600Z-dfc47335,v2.1-f4676a0b,2021,台灣基進,macroeconomy,bill_primary,1,269,0,0.0,0,0.0,complete
fetch-20261006T122600Z-dfc47335,v2.1-f4676a0b,2021,台灣基進,public_lands,bill_primary,1,269,0,0.0,0,0.0,complete
fetch-20261006T122600Z-dfc47335,v2.1-f4676a0b,2021,台灣基進,social_welfare,bill_primary,1,269,1,1.0,1,1.0,complete
fetch-20261006T122600Z-dfc47335,v2.1-f4676a0b,2021,台灣基進,technology,bill_primary,1,269,2,0.8333333333333333,2,0.8333333333333333,complete
fetch-20261006T122600Z-dfc47335,v2.1-f4676a0b,2021,台灣基進,transitional_justice,bill_primary,1,269,0,0.0,0,0.0,complete
fetch-20261006T122600Z-dfc47335,v2.1-f4676a0b,2021,台灣基進,transportation,bill_primary,1,269,0,0.0,0,0.0,complete
fetch-20261006T122600Z-dfc47335,v2.1-f4676a0b,2021,台灣基進,unclassified,bill_primary,1,269,1,1.0,1,1.0,complete
fetch-20261006T122600Z-dfc47335,v2.1-f4676a0b,2021,台灣基進,agriculture,bill_cosign,1,269,0,0.0,0,0.0,complete
fetch-20261006T122600Z-dfc47335,v2.1-f4676a0b,2021,台灣基進,civil_rights,bill_cosign,1,269,3,1.3333333333333333,3,1.3333333333333333,complete
fetch-20261006T122600Z-dfc47335,v2.1-f4676a0b,2021,台灣基進,commerce,bill_cosign,1,269,2,1.5,2,1.5,complete
fetch-20261006T122600Z-dfc47335,v2.1-f4676a0b,2021,台灣基進,cross_strait,bill_cosign,1,269,0,0.0,0,0.0,complete
fetch-20261006T122600Z-dfc47335,v2.1-f4676a0b,2021,台灣基進,culture,bill_cosign,1,269,5,3.1666666666666665,5,3.1666666666666665,complete
fetch-20261006T122600Z-dfc47335,v2.1-f4676a0b,2021,台灣基進,defense,bill_cosign,1,269,2,0.8333333333333333,2,0.8333333333333333,complete
fetch-20261006T122600Z-dfc47335,v2.1-f4676a0b,2021,台灣基進,education,bill_cosign,1,269,8,4.833333333333333,8,4.833333333333333,complete
fetch-20261006T122600Z-dfc47335,v2.1-f4676a0b,2021,台灣基進,energy,bill_cosign,1,269,0,0.0,0,0.0,complete
fetch-20261006T122600Z-dfc47335,v2.1-f4676a0b,2021,台灣基進,environment,bill_cosign,1,269,0,0.0,0,0.0,complete
fetch-20261006T122600Z-dfc47335,v2.1-f4676a0b,2021,台灣基進,foreign_trade,bill_cosign,1,269,1,0.3333333333333333,1,0.3333333333333333,complete
fetch-20261006T122600Z-dfc47335,v2.1-f4676a0b,2021,台灣基進,government,bill_cosign,1,269,4,1.9999999999999998,4,1.9999999999999998,complete
fetch-20261006T122600Z-dfc47335,v2.1-f4676a0b,2021,台灣基進,health,bill_cosign,1,269,1,0.5,1,0.5,complete
fetch-20261006T122600Z-dfc47335,v2.1-f4676a0b,2021,台灣基進,housing,bill_cosign,1,269,0,0.0,0,0.0,complete
fetch-20261006T122600Z-dfc47335,v2.1-f4676a0b,2021,台灣基進,immigration,bill_cosign,1,269,0,0.0,0,0.0,complete
fetch-20261006T122600Z-dfc47335,v2.1-f4676a0b,2021,台灣基進,indigenous,bill_cosign,1,269,2,0.6666666666666666,2,0.6666666666666666,complete
fetch-20261006T122600Z-dfc47335,v2.1-f4676a0b,2021,台灣基進,international,bill_cosign,1,269,1,0.5,1,0.5,complete
fetch-20261006T122600Z-dfc47335,v2.1-f4676a0b,2021,台灣基進,labor,bill_cosign,1,269,4,2.8333333333333335,4,2.8333333333333335,complete
fetch-20261006T122600Z-dfc47335,v2.1-f4676a0b,2021,台灣基進,law_crime,bill_cosign,1,269,8,5.833333333333333,8,5.833333333333333,complete
fetch-20261006T122600Z-dfc47335,v2.1-f4676a0b,2021,台灣基進,macroeconomy,bill_cosign,1,269,1,0.5,1,0.5,complete
fetch-20261006T122600Z-dfc47335,v2.1-f4676a0b,2021,台灣基進,public_lands,bill_cosign,1,269,1,1.0,1,1.0,complete
fetch-20261006T122600Z-dfc47335,v2.1-f4676a0b,2021,台灣基進,social_welfare,bill_cosign,1,269,4,3.5,4,3.5,complete
fetch-20261006T122600Z-dfc47335,v2.1-f4676a0b,2021,台灣基進,technology,bill_cosign,1,269,9,4.833333333333333,9,4.833333333333333,complete
fetch-20261006T122600Z-dfc47335,v2.1-f4676a0b,2021,台灣基進,transitional_justice,bill_cosign,1,269,1,0.5,1,0.5,complete
fetch-20261006T122600Z-dfc47335,v2.1-f4676a0b,2021,台灣基進,transportation,bill_cosign,1,269,2,1.3333333333333333,2,1.3333333333333333,complete
fetch-20261006T122600Z-dfc47335,v2.1-f4676a0b,2021,台灣基進,unclassified,bill_cosign,1,269,11,11.0,11,11.0,complete
fetch-20261006T122600Z-dfc47335,v2.1-f4676a0b,2021,台灣基進,agriculture,speech,1,269,2,0.07837781915994206,2,0.07837781915994206,complete
fetch-20261006T122600Z-dfc47335,v2.1-f4676a0b,2021,台灣基進,civil_rights,speech,1,269,1,0.021604938271604937,1,0.021604938271604937,complete
fetch-20261006T122600Z-dfc47335,v2.1-f4676a0b,2021,台灣基進,commerce,speech,1,269,1,0.04016632373113855,1,0.04016632373113855,complete
fetch-20261006T122600Z-dfc47335,v2.1-f4676a0b,2021,台灣基進,cross_strait,speech,1,269,6,1.5603864240820182,6,1.5603864240820182,complete
fetch-20261006T122600Z-dfc47335,v2.1-f4676a0b,2021,台灣基進,culture,speech,1,269,7,1.2276503447716605,7,1.2276503447716605,complete
fetch-20261006T122600Z-dfc47335,v2.1-f4676a0b,2021,台灣基進,defense,speech,1,269,23,8.180554043747904,23,8.180554043747904,complete
fetch-20261006T122600Z-dfc47335,v2.1-f4676a0b,2021,台灣基進,education,speech,1,269,10,1.9940494112048404,10,1.9940494112048404,complete
fetch-20261006T122600Z-dfc47335,v2.1-f4676a0b,2021,台灣基進,energy,speech,1,269,1,0.2131344307270233,1,0.2131344307270233,complete
fetch-20261006T122600Z-dfc47335,v2.1-f4676a0b,2021,台灣基進,environment,speech,1,269,2,0.09714594188611933,2,0.09714594188611933,complete
fetch-20261006T122600Z-dfc47335,v2.1-f4676a0b,2021,台灣基進,foreign_trade,speech,1,269,4,0.3274642044153165,4,0.3274642044153165,complete
fetch-20261006T122600Z-dfc47335,v2.1-f4676a0b,2021,台灣基進,government,speech,1,269,0,0.0,0,0.0,complete
fetch-20261006T122600Z-dfc47335,v2.1-f4676a0b,2021,台灣基進,health,speech,1,269,11,4.157213259896108,11,4.157213259896108,complete
fetch-20261006T122600Z-dfc47335,v2.1-f4676a0b,2021,台灣基進,housing,speech,1,269,1,0.15130353817504655,1,0.15130353817504655,complete
fetch-20261006T122600Z-dfc47335,v2.1-f4676a0b,2021,台灣基進,immigration,speech,1,269,0,0.0,0,0.0,complete
fetch-20261006T122600Z-dfc47335,v2.1-f4676a0b,2021,台灣基進,indigenous,speech,1,269,1,0.04016632373113855,1,0.04016632373113855,complete
fetch-20261006T122600Z-dfc47335,v2.1-f4676a0b,2021,台灣基進,international,speech,1,269,8,1.9618152773652722,8,1.9618152773652722,complete
fetch-20261006T122600Z-dfc47335,v2.1-f4676a0b,2021,台灣基進,labor,speech,1,269,3,0.5187331247369953,3,0.5187331247369953,complete
fetch-20261006T122600Z-dfc47335,v2.1-f4676a0b,2021,台灣基進,law_crime,speech,1,269,4,1.2026340374599502,4,1.2026340374599502,complete
fetch-20261006T122600Z-dfc47335,v2.1-f4676a0b,2021,台灣基進,macroeconomy,speech,1,269,1,0.12493239588967009,1,0.12493239588967009,complete
fetch-20261006T122600Z-dfc47335,v2.1-f4676a0b,2021,台灣基進,public_lands,speech,1,269,1,0.03420781893004115,1,0.03420781893004115,complete
fetch-20261006T122600Z-dfc47335,v2.1-f4676a0b,2021,台灣基進,social_welfare,speech,1,269,1,0.07005736981465137,1,0.07005736981465137,complete
fetch-20261006T122600Z-dfc47335,v2.1-f4676a0b,2021,台灣基進,technology,speech,1,269,10,1.4426205772976406,10,1.4426205772976406,complete
fetch-20261006T122600Z-dfc47335,v2.1-f4676a0b,2021,台灣基進,transitional_justice,speech,1,269,2,0.21105404226142244,2,0.21105404226142244,complete
fetch-20261006T122600Z-dfc47335,v2.1-f4676a0b,2021,台灣基進,transportation,speech,1,269,6,0.8520706644978172,6,0.8520706644978172,complete
fetch-20261006T122600Z-dfc47335,v2.1-f4676a0b,2021,台灣基進,unclassified,speech,1,269,46,22.49265768794667,46,22.49265768794667,complete
fetch-20261006T122600Z-dfc47335,v2.1-f4676a0b,2021,台灣基進,agriculture,written_question,1,269,0,0.0,0,0.0,complete
fetch-20261006T122600Z-dfc47335,v2.1-f4676a0b,2021,台灣基進,civil_rights,written_question,1,269,0,0.0,0,0.0,complete
fetch-20261006T122600Z-dfc47335,v2.1-f4676a0b,2021,台灣基進,commerce,written_question,1,269,0,0.0,0,0.0,complete
fetch-20261006T122600Z-dfc47335,v2.1-f4676a0b,2021,台灣基進,cross_strait,written_question,1,269,0,0.0,0,0.0,complete
fetch-20261006T122600Z-dfc47335,v2.1-f4676a0b,2021,台灣基進,culture,written_question,1,269,0,0.0,0,0.0,complete
fetch-20261006T122600Z-dfc47335,v2.1-f4676a0b,2021,台灣基進,defense,written_question,1,269,0,0.0,0,0.0,complete
fetch-20261006T122600Z-dfc47335,v2.1-f4676a0b,2021,台灣基進,education,written_question,1,269,0,0.0,0,0.0,complete
fetch-20261006T122600Z-dfc47335,v2.1-f4676a0b,2021,台灣基進,energy,written_question,1,269,0,0.0,0,0.0,complete
fetch-20261006T122600Z-dfc47335,v2.1-f4676a0b,2021,台灣基進,environment,written_question,1,269,0,0.0,0,0.0,complete
fetch-20261006T122600Z-dfc47335,v2.1-f4676a0b,2021,台灣基進,foreign_trade,written_question,1,269,0,0.0,0,0.0,complete
fetch-20261006T122600Z-dfc47335,v2.1-f4676a0b,2021,台灣基進,government,written_question,1,269,0,0.0,0,0.0,complete
fetch-20261006T122600Z-dfc47335,v2.1-f4676a0b,2021,台灣基進,health,written_question,1,269,0,0.0,0,0.0,complete
fetch-20261006T122600Z-dfc47335,v2.1-f4676a0b,2021,台灣基進,housing,written_question,1,269,0,0.0,0,0.0,complete
fetch-20261006T122600Z-dfc47335,v2.1-f4676a0b,2021,台灣基進,immigration,written_question,1,269,0,0.0,0,0.0,complete
fetch-20261006T122600Z-dfc47335,v2.1-f4676a0b,2021,台灣基進,indigenous,written_question,1,269,0,0.0,0,0.0,complete
fetch-20261006T122600Z-dfc47335,v2.1-f4676a0b,2021,台灣基進,international,written_question,1,269,0,0.0,0,0.0,complete
fetch-20261006T122600Z-dfc47335,v2.1-f4676a0b,2021,台灣基進,labor,written_question,1,269,0,0.0,0,0.0,complete
fetch-20261006T122600Z-dfc47335,v2.1-f4676a0b,2021,台灣基進,law_crime,written_question,1,269,0,0.0,0,0.0,complete
fetch-20261006T122600Z-dfc47335,v2.1-f4676a0b,2021,台灣基進,macroeconomy,written_question,1,269,0,0.0,0,0.0,complete
fetch-20261006T122600Z-dfc47335,v2.1-f4676a0b,2021,台灣基進,public_lands,written_question,1,269,0,0.0,0,0.0,complete
fetch-20261006T122600Z-dfc47335,v2.1-f4676a0b,2021,台灣基進,social_welfare,written_question,1,269,0,0.0,0,0.0,complete
fetch-20261006T122600Z-dfc47335,v2.1-f4676a0b,2021,台灣基進,technology,written_question,1,269,0,0.0,0,0.0,complete
fetch-20261006T122600Z-dfc47335,v2.1-f4676a0b,2021,台灣基進,transitional_justice,written_question,1,269,0,0.0,0,0.0,complete
fetch-20261006T122600Z-dfc47335,v2.1-f4676a0b,2021,台灣基進,transportation,written_question,1,269,0,0.0,0,0.0,complete
fetch-20261006T122600Z-dfc47335,v2.1-f4676a0b,2021,台灣基進,unclassified,written_question,1,269,0,0.0,0,0.0,complete
