run_id,annotation_version,game,leg_year,topic_id,v_n,allocated,included,excluded,status,note
fetch-20261006T122600Z-dfc47335,v2.1-f4676a0b,combined,2016,agriculture,27.95,27.95,40,"{""organization_or_unknown_only"": 188, ""participant_list_conflict"": 16, ""unresolved_participant"": 4}",ok,"Coverage-game Shapley value = fractional counting: each activity's topic weight is split equally among its complete, de-duplicated participants. It describes shared observable participation and does not measure causal policy impact or irreplaceability."
fetch-20261006T122600Z-dfc47335,v2.1-f4676a0b,combined,2016,civil_rights,43.25,43.25,67,"{""organization_or_unknown_only"": 66, ""participant_list_conflict"": 17, ""unresolved_participant"": 3}",ok,"Coverage-game Shapley value = fractional counting: each activity's topic weight is split equally among its complete, de-duplicated participants. It describes shared observable participation and does not measure causal policy impact or irreplaceability."
fetch-20261006T122600Z-dfc47335,v2.1-f4676a0b,combined,2016,commerce,72.58333333333333,72.58333333333331,110,"{""organization_or_unknown_only"": 154, ""participant_list_conflict"": 20, ""unresolved_participant"": 4}",ok,"Coverage-game Shapley value = fractional counting: each activity's topic weight is split equally among its complete, de-duplicated participants. It describes shared observable participation and does not measure causal policy impact or irreplaceability."
fetch-20261006T122600Z-dfc47335,v2.1-f4676a0b,combined,2016,cross_strait,10.0,10.0,16,"{""organization_or_unknown_only"": 34, ""participant_list_conflict"": 2}",ok,"Coverage-game Shapley value = fractional counting: each activity's topic weight is split equally among its complete, de-duplicated participants. It describes shared observable participation and does not measure causal policy impact or irreplaceability."
fetch-20261006T122600Z-dfc47335,v2.1-f4676a0b,combined,2016,culture,54.916666666666664,54.916666666666664,80,"{""organization_or_unknown_only"": 260, ""participant_list_conflict"": 12, ""unresolved_participant"": 3}",ok,"Coverage-game Shapley value = fractional counting: each activity's topic weight is split equally among its complete, de-duplicated participants. It describes shared observable participation and does not measure causal policy impact or irreplaceability."
fetch-20261006T122600Z-dfc47335,v2.1-f4676a0b,combined,2016,defense,42.416666666666664,42.41666666666667,60,"{""organization_or_unknown_only"": 216, ""participant_list_conflict"": 7, ""unresolved_participant"": 3}",ok,"Coverage-game Shapley value = fractional counting: each activity's topic weight is split equally among its complete, de-duplicated participants. It describes shared observable participation and does not measure causal policy impact or irreplaceability."
fetch-20261006T122600Z-dfc47335,v2.1-f4676a0b,combined,2016,education,77.75,77.75,110,"{""organization_or_unknown_only"": 312, ""participant_list_conflict"": 19, ""unresolved_participant"": 9}",ok,"Coverage-game Shapley value = fractional counting: each activity's topic weight is split equally among its complete, de-duplicated participants. It describes shared observable participation and does not measure causal policy impact or irreplaceability."
fetch-20261006T122600Z-dfc47335,v2.1-f4676a0b,combined,2016,energy,23.416666666666668,23.416666666666668,32,"{""organization_or_unknown_only"": 95, ""participant_list_conflict"": 5}",ok,"Coverage-game Shapley value = fractional counting: each activity's topic weight is split equally among its complete, de-duplicated participants. It describes shared observable participation and does not measure causal policy impact or irreplaceability."
fetch-20261006T122600Z-dfc47335,v2.1-f4676a0b,combined,2016,environment,49.75,49.75,75,"{""organization_or_unknown_only"": 147, ""participant_list_conflict"": 22, ""unresolved_participant"": 3}",ok,"Coverage-game Shapley value = fractional counting: each activity's topic weight is split equally among its complete, de-duplicated participants. It describes shared observable participation and does not measure causal policy impact or irreplaceability."
fetch-20261006T122600Z-dfc47335,v2.1-f4676a0b,combined,2016,foreign_trade,3.6666666666666665,3.6666666666666665,8,"{""organization_or_unknown_only"": 59, ""participant_list_conflict"": 1}",ok,"Coverage-game Shapley value = fractional counting: each activity's topic weight is split equally among its complete, de-duplicated participants. It describes shared observable participation and does not measure causal policy impact or irreplaceability."
fetch-20261006T122600Z-dfc47335,v2.1-f4676a0b,combined,2016,government,97.5,97.5,137,"{""organization_or_unknown_only"": 105, ""participant_list_conflict"": 52, ""unresolved_participant"": 10}",ok,"Coverage-game Shapley value = fractional counting: each activity's topic weight is split equally among its complete, de-duplicated participants. It describes shared observable participation and does not measure causal policy impact or irreplaceability."
fetch-20261006T122600Z-dfc47335,v2.1-f4676a0b,combined,2016,health,81.91666666666667,81.91666666666666,109,"{""organization_or_unknown_only"": 229, ""participant_list_conflict"": 7, ""unresolved_participant"": 6}",ok,"Coverage-game Shapley value = fractional counting: each activity's topic weight is split equally among its complete, de-duplicated participants. It describes shared observable participation and does not measure causal policy impact or irreplaceability."
fetch-20261006T122600Z-dfc47335,v2.1-f4676a0b,combined,2016,housing,12.666666666666666,12.666666666666666,19,"{""organization_or_unknown_only"": 35, ""participant_list_conflict"": 6}",ok,"Coverage-game Shapley value = fractional counting: each activity's topic weight is split equally among its complete, de-duplicated participants. It describes shared observable participation and does not measure causal policy impact or irreplaceability."
fetch-20261006T122600Z-dfc47335,v2.1-f4676a0b,combined,2016,immigration,19.416666666666668,19.416666666666668,29,"{""organization_or_unknown_only"": 41, ""participant_list_conflict"": 8, ""unresolved_participant"": 1}",ok,"Coverage-game Shapley value = fractional counting: each activity's topic weight is split equally among its complete, de-duplicated participants. It describes shared observable participation and does not measure causal policy impact or irreplaceability."
fetch-20261006T122600Z-dfc47335,v2.1-f4676a0b,combined,2016,indigenous,32.45,32.449999999999996,61,"{""organization_or_unknown_only"": 43, ""participant_list_conflict"": 12, ""unresolved_participant"": 4}",ok,"Coverage-game Shapley value = fractional counting: each activity's topic weight is split equally among its complete, de-duplicated participants. It describes shared observable participation and does not measure causal policy impact or irreplaceability."
fetch-20261006T122600Z-dfc47335,v2.1-f4676a0b,combined,2016,international,8.2,8.2,14,"{""organization_or_unknown_only"": 50, ""participant_list_conflict"": 2, ""unresolved_participant"": 1}",ok,"Coverage-game Shapley value = fractional counting: each activity's topic weight is split equally among its complete, de-duplicated participants. It describes shared observable participation and does not measure causal policy impact or irreplaceability."
fetch-20261006T122600Z-dfc47335,v2.1-f4676a0b,combined,2016,labor,99.58333333333333,99.58333333333331,138,"{""organization_or_unknown_only"": 144, ""participant_list_conflict"": 21, ""unresolved_participant"": 10}",ok,"Coverage-game Shapley value = fractional counting: each activity's topic weight is split equally among its complete, de-duplicated participants. It describes shared observable participation and does not measure causal policy impact or irreplaceability."
fetch-20261006T122600Z-dfc47335,v2.1-f4676a0b,combined,2016,law_crime,181.58333333333334,181.5833333333333,250,"{""organization_or_unknown_only"": 448, ""participant_list_conflict"": 64, ""unresolved_participant"": 14}",ok,"Coverage-game Shapley value = fractional counting: each activity's topic weight is split equally among its complete, de-duplicated participants. It describes shared observable participation and does not measure causal policy impact or irreplaceability."
fetch-20261006T122600Z-dfc47335,v2.1-f4676a0b,combined,2016,macroeconomy,49.166666666666664,49.16666666666667,79,"{""organization_or_unknown_only"": 97, ""participant_list_conflict"": 6, ""unresolved_participant"": 3}",ok,"Coverage-game Shapley value = fractional counting: each activity's topic weight is split equally among its complete, de-duplicated participants. It describes shared observable participation and does not measure causal policy impact or irreplaceability."
fetch-20261006T122600Z-dfc47335,v2.1-f4676a0b,combined,2016,public_lands,29.533333333333335,29.533333333333335,43,"{""organization_or_unknown_only"": 117, ""participant_list_conflict"": 9, ""unresolved_participant"": 1}",ok,"Coverage-game Shapley value = fractional counting: each activity's topic weight is split equally among its complete, de-duplicated participants. It describes shared observable participation and does not measure causal policy impact or irreplaceability."
fetch-20261006T122600Z-dfc47335,v2.1-f4676a0b,combined,2016,social_welfare,39.5,39.5,64,"{""organization_or_unknown_only"": 47, ""participant_list_conflict"": 4, ""unresolved_participant"": 4}",ok,"Coverage-game Shapley value = fractional counting: each activity's topic weight is split equally among its complete, de-duplicated participants. It describes shared observable participation and does not measure causal policy impact or irreplaceability."
fetch-20261006T122600Z-dfc47335,v2.1-f4676a0b,combined,2016,technology,35.78333333333333,35.78333333333334,59,"{""organization_or_unknown_only"": 268, ""participant_list_conflict"": 15, ""unresolved_participant"": 2}",ok,"Coverage-game Shapley value = fractional counting: each activity's topic weight is split equally among its complete, de-duplicated participants. It describes shared observable participation and does not measure causal policy impact or irreplaceability."
fetch-20261006T122600Z-dfc47335,v2.1-f4676a0b,combined,2016,transitional_justice,14.0,14.0,18,"{""organization_or_unknown_only"": 21, ""participant_list_conflict"": 4}",ok,"Coverage-game Shapley value = fractional counting: each activity's topic weight is split equally among its complete, de-duplicated participants. It describes shared observable participation and does not measure causal policy impact or irreplaceability."
fetch-20261006T122600Z-dfc47335,v2.1-f4676a0b,combined,2016,transportation,83.0,83.0,109,"{""organization_or_unknown_only"": 164, ""participant_list_conflict"": 24, ""unresolved_participant"": 11}",ok,"Coverage-game Shapley value = fractional counting: each activity's topic weight is split equally among its complete, de-duplicated participants. It describes shared observable participation and does not measure causal policy impact or irreplaceability."
fetch-20261006T122600Z-dfc47335,v2.1-f4676a0b,combined,2016,unclassified,242.0,241.99999999999994,242,"{""organization_or_unknown_only"": 1899, ""participant_list_conflict"": 69, ""unresolved_participant"": 11}",ok,"Coverage-game Shapley value = fractional counting: each activity's topic weight is split equally among its complete, de-duplicated participants. It describes shared observable participation and does not measure causal policy impact or irreplaceability."
fetch-20261006T122600Z-dfc47335,v2.1-f4676a0b,combined,2017,agriculture,16.533333333333335,16.53333333333333,26,"{""organization_or_unknown_only"": 324, ""participant_list_conflict"": 6, ""unresolved_participant"": 1}",ok,"Coverage-game Shapley value = fractional counting: each activity's topic weight is split equally among its complete, de-duplicated participants. It describes shared observable participation and does not measure causal policy impact or irreplaceability."
fetch-20261006T122600Z-dfc47335,v2.1-f4676a0b,combined,2017,civil_rights,44.333333333333336,44.333333333333336,75,"{""organization_or_unknown_only"": 44, ""participant_list_conflict"": 12}",ok,"Coverage-game Shapley value = fractional counting: each activity's topic weight is split equally among its complete, de-duplicated participants. It describes shared observable participation and does not measure causal policy impact or irreplaceability."
fetch-20261006T122600Z-dfc47335,v2.1-f4676a0b,combined,2017,commerce,49.0,49.0,75,"{""organization_or_unknown_only"": 349, ""participant_list_conflict"": 7, ""unresolved_participant"": 2}",ok,"Coverage-game Shapley value = fractional counting: each activity's topic weight is split equally among its complete, de-duplicated participants. It describes shared observable participation and does not measure causal policy impact or irreplaceability."
fetch-20261006T122600Z-dfc47335,v2.1-f4676a0b,combined,2017,cross_strait,4.0,4.0,5,"{""organization_or_unknown_only"": 36}",ok,"Coverage-game Shapley value = fractional counting: each activity's topic weight is split equally among its complete, de-duplicated participants. It describes shared observable participation and does not measure causal policy impact or irreplaceability."
fetch-20261006T122600Z-dfc47335,v2.1-f4676a0b,combined,2017,culture,32.833333333333336,32.833333333333336,44,"{""organization_or_unknown_only"": 416, ""participant_list_conflict"": 7}",ok,"Coverage-game Shapley value = fractional counting: each activity's topic weight is split equally among its complete, de-duplicated participants. It describes shared observable participation and does not measure causal policy impact or irreplaceability."
fetch-20261006T122600Z-dfc47335,v2.1-f4676a0b,combined,2017,defense,27.083333333333332,27.083333333333332,46,"{""organization_or_unknown_only"": 244, ""participant_list_conflict"": 9, ""unresolved_participant"": 2}",ok,"Coverage-game Shapley value = fractional counting: each activity's topic weight is split equally among its complete, de-duplicated participants. It describes shared observable participation and does not measure causal policy impact or irreplaceability."
fetch-20261006T122600Z-dfc47335,v2.1-f4676a0b,combined,2017,education,87.86666666666666,87.86666666666667,121,"{""organization_or_unknown_only"": 482, ""participant_list_conflict"": 14}",ok,"Coverage-game Shapley value = fractional counting: each activity's topic weight is split equally among its complete, de-duplicated participants. It describes shared observable participation and does not measure causal policy impact or irreplaceability."
fetch-20261006T122600Z-dfc47335,v2.1-f4676a0b,combined,2017,energy,15.666666666666666,15.666666666666666,25,"{""organization_or_unknown_only"": 203, ""participant_list_conflict"": 4}",ok,"Coverage-game Shapley value = fractional counting: each activity's topic weight is split equally among its complete, de-duplicated participants. It describes shared observable participation and does not measure causal policy impact or irreplaceability."
fetch-20261006T122600Z-dfc47335,v2.1-f4676a0b,combined,2017,environment,54.166666666666664,54.166666666666664,72,"{""organization_or_unknown_only"": 138, ""participant_list_conflict"": 5}",ok,"Coverage-game Shapley value = fractional counting: each activity's topic weight is split equally among its complete, de-duplicated participants. It describes shared observable participation and does not measure causal policy impact or irreplaceability."
fetch-20261006T122600Z-dfc47335,v2.1-f4676a0b,combined,2017,foreign_trade,4.533333333333333,4.533333333333333,13,"{""organization_or_unknown_only"": 128}",ok,"Coverage-game Shapley value = fractional counting: each activity's topic weight is split equally among its complete, de-duplicated participants. It describes shared observable participation and does not measure causal policy impact or irreplaceability."
fetch-20261006T122600Z-dfc47335,v2.1-f4676a0b,combined,2017,government,83.0,83.0,136,"{""organization_or_unknown_only"": 140, ""participant_list_conflict"": 22, ""unresolved_participant"": 2}",ok,"Coverage-game Shapley value = fractional counting: each activity's topic weight is split equally among its complete, de-duplicated participants. It describes shared observable participation and does not measure causal policy impact or irreplaceability."
fetch-20261006T122600Z-dfc47335,v2.1-f4676a0b,combined,2017,health,57.28333333333333,57.28333333333333,74,"{""organization_or_unknown_only"": 263, ""participant_list_conflict"": 8}",ok,"Coverage-game Shapley value = fractional counting: each activity's topic weight is split equally among its complete, de-duplicated participants. It describes shared observable participation and does not measure causal policy impact or irreplaceability."
fetch-20261006T122600Z-dfc47335,v2.1-f4676a0b,combined,2017,housing,11.416666666666666,11.416666666666666,16,"{""organization_or_unknown_only"": 78, ""participant_list_conflict"": 3}",ok,"Coverage-game Shapley value = fractional counting: each activity's topic weight is split equally among its complete, de-duplicated participants. It describes shared observable participation and does not measure causal policy impact or irreplaceability."
fetch-20261006T122600Z-dfc47335,v2.1-f4676a0b,combined,2017,immigration,11.083333333333334,11.083333333333334,20,"{""organization_or_unknown_only"": 39, ""participant_list_conflict"": 1}",ok,"Coverage-game Shapley value = fractional counting: each activity's topic weight is split equally among its complete, de-duplicated participants. It describes shared observable participation and does not measure causal policy impact or irreplaceability."
fetch-20261006T122600Z-dfc47335,v2.1-f4676a0b,combined,2017,indigenous,27.416666666666668,27.416666666666668,42,"{""organization_or_unknown_only"": 82, ""participant_list_conflict"": 8, ""unresolved_participant"": 1}",ok,"Coverage-game Shapley value = fractional counting: each activity's topic weight is split equally among its complete, de-duplicated participants. It describes shared observable participation and does not measure causal policy impact or irreplaceability."
fetch-20261006T122600Z-dfc47335,v2.1-f4676a0b,combined,2017,international,7.783333333333333,7.783333333333333,12,"{""organization_or_unknown_only"": 80, ""participant_list_conflict"": 1}",ok,"Coverage-game Shapley value = fractional counting: each activity's topic weight is split equally among its complete, de-duplicated participants. It describes shared observable participation and does not measure causal policy impact or irreplaceability."
fetch-20261006T122600Z-dfc47335,v2.1-f4676a0b,combined,2017,labor,89.0,88.99999999999999,120,"{""organization_or_unknown_only"": 157, ""participant_list_conflict"": 10, ""unresolved_participant"": 2}",ok,"Coverage-game Shapley value = fractional counting: each activity's topic weight is split equally among its complete, de-duplicated participants. It describes shared observable participation and does not measure causal policy impact or irreplaceability."
fetch-20261006T122600Z-dfc47335,v2.1-f4676a0b,combined,2017,law_crime,145.0,144.99999999999997,210,"{""organization_or_unknown_only"": 497, ""participant_list_conflict"": 42, ""unresolved_participant"": 1}",ok,"Coverage-game Shapley value = fractional counting: each activity's topic weight is split equally among its complete, de-duplicated participants. It describes shared observable participation and does not measure causal policy impact or irreplaceability."
fetch-20261006T122600Z-dfc47335,v2.1-f4676a0b,combined,2017,macroeconomy,61.083333333333336,61.08333333333333,105,"{""organization_or_unknown_only"": 595, ""participant_list_conflict"": 17, ""unresolved_participant"": 1}",ok,"Coverage-game Shapley value = fractional counting: each activity's topic weight is split equally among its complete, de-duplicated participants. It describes shared observable participation and does not measure causal policy impact or irreplaceability."
fetch-20261006T122600Z-dfc47335,v2.1-f4676a0b,combined,2017,public_lands,17.0,17.0,27,"{""organization_or_unknown_only"": 172, ""participant_list_conflict"": 5, ""unresolved_participant"": 1}",ok,"Coverage-game Shapley value = fractional counting: each activity's topic weight is split equally among its complete, de-duplicated participants. It describes shared observable participation and does not measure causal policy impact or irreplaceability."
fetch-20261006T122600Z-dfc47335,v2.1-f4676a0b,combined,2017,social_welfare,36.666666666666664,36.666666666666664,62,"{""organization_or_unknown_only"": 96, ""participant_list_conflict"": 4, ""unresolved_participant"": 1}",ok,"Coverage-game Shapley value = fractional counting: each activity's topic weight is split equally among its complete, de-duplicated participants. It describes shared observable participation and does not measure causal policy impact or irreplaceability."
fetch-20261006T122600Z-dfc47335,v2.1-f4676a0b,combined,2017,technology,20.083333333333332,20.083333333333332,30,"{""organization_or_unknown_only"": 408, ""participant_list_conflict"": 1, ""unresolved_participant"": 1}",ok,"Coverage-game Shapley value = fractional counting: each activity's topic weight is split equally among its complete, de-duplicated participants. It describes shared observable participation and does not measure causal policy impact or irreplaceability."
fetch-20261006T122600Z-dfc47335,v2.1-f4676a0b,combined,2017,transitional_justice,1.5,1.5,2,"{""organization_or_unknown_only"": 20, ""participant_list_conflict"": 3}",ok,"Coverage-game Shapley value = fractional counting: each activity's topic weight is split equally among its complete, de-duplicated participants. It describes shared observable participation and does not measure causal policy impact or irreplaceability."
fetch-20261006T122600Z-dfc47335,v2.1-f4676a0b,combined,2017,transportation,74.66666666666667,74.66666666666667,96,"{""organization_or_unknown_only"": 417, ""participant_list_conflict"": 14, ""unresolved_participant"": 3}",ok,"Coverage-game Shapley value = fractional counting: each activity's topic weight is split equally among its complete, de-duplicated participants. It describes shared observable participation and does not measure causal policy impact or irreplaceability."
fetch-20261006T122600Z-dfc47335,v2.1-f4676a0b,combined,2017,unclassified,225.0,224.99999999999994,225,"{""organization_or_unknown_only"": 2768, ""participant_list_conflict"": 36, ""unresolved_participant"": 4}",ok,"Coverage-game Shapley value = fractional counting: each activity's topic weight is split equally among its complete, de-duplicated participants. It describes shared observable participation and does not measure causal policy impact or irreplaceability."
fetch-20261006T122600Z-dfc47335,v2.1-f4676a0b,combined,2018,agriculture,21.0,21.0,28,"{""organization_or_unknown_only"": 234, ""participant_list_conflict"": 6}",ok,"Coverage-game Shapley value = fractional counting: each activity's topic weight is split equally among its complete, de-duplicated participants. It describes shared observable participation and does not measure causal policy impact or irreplaceability."
fetch-20261006T122600Z-dfc47335,v2.1-f4676a0b,combined,2018,civil_rights,57.5,57.5,87,"{""organization_or_unknown_only"": 52, ""participant_list_conflict"": 1, ""unresolved_participant"": 3}",ok,"Coverage-game Shapley value = fractional counting: each activity's topic weight is split equally among its complete, de-duplicated participants. It describes shared observable participation and does not measure causal policy impact or irreplaceability."
fetch-20261006T122600Z-dfc47335,v2.1-f4676a0b,combined,2018,commerce,46.333333333333336,46.333333333333336,61,"{""organization_or_unknown_only"": 394, ""participant_list_conflict"": 9, ""unresolved_participant"": 1}",ok,"Coverage-game Shapley value = fractional counting: each activity's topic weight is split equally among its complete, de-duplicated participants. It describes shared observable participation and does not measure causal policy impact or irreplaceability."
fetch-20261006T122600Z-dfc47335,v2.1-f4676a0b,combined,2018,cross_strait,0.5,0.5,1,"{""organization_or_unknown_only"": 33}",ok,"Coverage-game Shapley value = fractional counting: each activity's topic weight is split equally among its complete, de-duplicated participants. It describes shared observable participation and does not measure causal policy impact or irreplaceability."
fetch-20261006T122600Z-dfc47335,v2.1-f4676a0b,combined,2018,culture,24.5,24.5,33,"{""organization_or_unknown_only"": 305, ""participant_list_conflict"": 5, ""unresolved_participant"": 1}",ok,"Coverage-game Shapley value = fractional counting: each activity's topic weight is split equally among its complete, de-duplicated participants. It describes shared observable participation and does not measure causal policy impact or irreplaceability."
fetch-20261006T122600Z-dfc47335,v2.1-f4676a0b,combined,2018,defense,26.083333333333332,26.083333333333332,43,"{""organization_or_unknown_only"": 347, ""participant_list_conflict"": 3, ""unresolved_participant"": 2}",ok,"Coverage-game Shapley value = fractional counting: each activity's topic weight is split equally among its complete, de-duplicated participants. It describes shared observable participation and does not measure causal policy impact or irreplaceability."
fetch-20261006T122600Z-dfc47335,v2.1-f4676a0b,combined,2018,education,77.83333333333333,77.83333333333334,112,"{""organization_or_unknown_only"": 421, ""participant_list_conflict"": 13, ""unresolved_participant"": 3}",ok,"Coverage-game Shapley value = fractional counting: each activity's topic weight is split equally among its complete, de-duplicated participants. It describes shared observable participation and does not measure causal policy impact or irreplaceability."
fetch-20261006T122600Z-dfc47335,v2.1-f4676a0b,combined,2018,energy,17.5,17.5,26,"{""organization_or_unknown_only"": 304, ""participant_list_conflict"": 2}",ok,"Coverage-game Shapley value = fractional counting: each activity's topic weight is split equally among its complete, de-duplicated participants. It describes shared observable participation and does not measure causal policy impact or irreplaceability."
fetch-20261006T122600Z-dfc47335,v2.1-f4676a0b,combined,2018,environment,26.166666666666668,26.166666666666668,35,"{""organization_or_unknown_only"": 137, ""participant_list_conflict"": 3}",ok,"Coverage-game Shapley value = fractional counting: each activity's topic weight is split equally among its complete, de-duplicated participants. It describes shared observable participation and does not measure causal policy impact or irreplaceability."
fetch-20261006T122600Z-dfc47335,v2.1-f4676a0b,combined,2018,foreign_trade,4.666666666666667,4.666666666666667,8,"{""organization_or_unknown_only"": 106}",ok,"Coverage-game Shapley value = fractional counting: each activity's topic weight is split equally among its complete, de-duplicated participants. It describes shared observable participation and does not measure causal policy impact or irreplaceability."
fetch-20261006T122600Z-dfc47335,v2.1-f4676a0b,combined,2018,government,58.916666666666664,58.91666666666667,88,"{""organization_or_unknown_only"": 148, ""participant_list_conflict"": 3, ""unresolved_participant"": 1}",ok,"Coverage-game Shapley value = fractional counting: each activity's topic weight is split equally among its complete, de-duplicated participants. It describes shared observable participation and does not measure causal policy impact or irreplaceability."
fetch-20261006T122600Z-dfc47335,v2.1-f4676a0b,combined,2018,health,57.416666666666664,57.41666666666667,69,"{""organization_or_unknown_only"": 258, ""participant_list_conflict"": 3, ""unresolved_participant"": 1}",ok,"Coverage-game Shapley value = fractional counting: each activity's topic weight is split equally among its complete, de-duplicated participants. It describes shared observable participation and does not measure causal policy impact or irreplaceability."
fetch-20261006T122600Z-dfc47335,v2.1-f4676a0b,combined,2018,housing,6.0,6.0,10,"{""organization_or_unknown_only"": 80, ""unresolved_participant"": 1}",ok,"Coverage-game Shapley value = fractional counting: each activity's topic weight is split equally among its complete, de-duplicated participants. It describes shared observable participation and does not measure causal policy impact or irreplaceability."
fetch-20261006T122600Z-dfc47335,v2.1-f4676a0b,combined,2018,immigration,13.25,13.25,20,"{""organization_or_unknown_only"": 52, ""participant_list_conflict"": 1, ""unresolved_participant"": 2}",ok,"Coverage-game Shapley value = fractional counting: each activity's topic weight is split equally among its complete, de-duplicated participants. It describes shared observable participation and does not measure causal policy impact or irreplaceability."
fetch-20261006T122600Z-dfc47335,v2.1-f4676a0b,combined,2018,indigenous,11.166666666666666,11.166666666666666,19,"{""organization_or_unknown_only"": 86, ""participant_list_conflict"": 1}",ok,"Coverage-game Shapley value = fractional counting: each activity's topic weight is split equally among its complete, de-duplicated participants. It describes shared observable participation and does not measure causal policy impact or irreplaceability."
fetch-20261006T122600Z-dfc47335,v2.1-f4676a0b,combined,2018,international,9.083333333333334,9.083333333333334,15,"{""organization_or_unknown_only"": 75}",ok,"Coverage-game Shapley value = fractional counting: each activity's topic weight is split equally among its complete, de-duplicated participants. It describes shared observable participation and does not measure causal policy impact or irreplaceability."
fetch-20261006T122600Z-dfc47335,v2.1-f4676a0b,combined,2018,labor,70.08333333333333,70.08333333333333,103,"{""organization_or_unknown_only"": 125, ""participant_list_conflict"": 6, ""unresolved_participant"": 3}",ok,"Coverage-game Shapley value = fractional counting: each activity's topic weight is split equally among its complete, de-duplicated participants. It describes shared observable participation and does not measure causal policy impact or irreplaceability."
fetch-20261006T122600Z-dfc47335,v2.1-f4676a0b,combined,2018,law_crime,121.58333333333333,121.58333333333333,168,"{""organization_or_unknown_only"": 427, ""participant_list_conflict"": 14, ""unresolved_participant"": 3}",ok,"Coverage-game Shapley value = fractional counting: each activity's topic weight is split equally among its complete, de-duplicated participants. It describes shared observable participation and does not measure causal policy impact or irreplaceability."
fetch-20261006T122600Z-dfc47335,v2.1-f4676a0b,combined,2018,macroeconomy,38.333333333333336,38.333333333333336,51,"{""organization_or_unknown_only"": 495, ""participant_list_conflict"": 1, ""unresolved_participant"": 1}",ok,"Coverage-game Shapley value = fractional counting: each activity's topic weight is split equally among its complete, de-duplicated participants. It describes shared observable participation and does not measure causal policy impact or irreplaceability."
fetch-20261006T122600Z-dfc47335,v2.1-f4676a0b,combined,2018,public_lands,19.666666666666668,19.666666666666668,25,"{""organization_or_unknown_only"": 133, ""participant_list_conflict"": 1}",ok,"Coverage-game Shapley value = fractional counting: each activity's topic weight is split equally among its complete, de-duplicated participants. It describes shared observable participation and does not measure causal policy impact or irreplaceability."
fetch-20261006T122600Z-dfc47335,v2.1-f4676a0b,combined,2018,social_welfare,37.416666666666664,37.416666666666664,62,"{""organization_or_unknown_only"": 46, ""participant_list_conflict"": 2, ""unresolved_participant"": 2}",ok,"Coverage-game Shapley value = fractional counting: each activity's topic weight is split equally among its complete, de-duplicated participants. It describes shared observable participation and does not measure causal policy impact or irreplaceability."
fetch-20261006T122600Z-dfc47335,v2.1-f4676a0b,combined,2018,technology,26.166666666666668,26.166666666666668,36,"{""organization_or_unknown_only"": 313, ""participant_list_conflict"": 5}",ok,"Coverage-game Shapley value = fractional counting: each activity's topic weight is split equally among its complete, de-duplicated participants. It describes shared observable participation and does not measure causal policy impact or irreplaceability."
fetch-20261006T122600Z-dfc47335,v2.1-f4676a0b,combined,2018,transitional_justice,7.666666666666667,7.666666666666667,10,"{""organization_or_unknown_only"": 22}",ok,"Coverage-game Shapley value = fractional counting: each activity's topic weight is split equally among its complete, de-duplicated participants. It describes shared observable participation and does not measure causal policy impact or irreplaceability."
fetch-20261006T122600Z-dfc47335,v2.1-f4676a0b,combined,2018,transportation,49.166666666666664,49.166666666666664,61,"{""organization_or_unknown_only"": 397, ""participant_list_conflict"": 2, ""unresolved_participant"": 2}",ok,"Coverage-game Shapley value = fractional counting: each activity's topic weight is split equally among its complete, de-duplicated participants. It describes shared observable participation and does not measure causal policy impact or irreplaceability."
fetch-20261006T122600Z-dfc47335,v2.1-f4676a0b,combined,2018,unclassified,194.0,193.99999999999997,194,"{""organization_or_unknown_only"": 2531, ""participant_list_conflict"": 19, ""unresolved_participant"": 4}",ok,"Coverage-game Shapley value = fractional counting: each activity's topic weight is split equally among its complete, de-duplicated participants. It describes shared observable participation and does not measure causal policy impact or irreplaceability."
fetch-20261006T122600Z-dfc47335,v2.1-f4676a0b,combined,2019,agriculture,26.25,26.25,39,"{""organization_or_unknown_only"": 258}",ok,"Coverage-game Shapley value = fractional counting: each activity's topic weight is split equally among its complete, de-duplicated participants. It describes shared observable participation and does not measure causal policy impact or irreplaceability."
fetch-20261006T122600Z-dfc47335,v2.1-f4676a0b,combined,2019,civil_rights,35.583333333333336,35.583333333333336,50,"{""organization_or_unknown_only"": 69}",ok,"Coverage-game Shapley value = fractional counting: each activity's topic weight is split equally among its complete, de-duplicated participants. It describes shared observable participation and does not measure causal policy impact or irreplaceability."
fetch-20261006T122600Z-dfc47335,v2.1-f4676a0b,combined,2019,commerce,19.75,19.75,29,"{""organization_or_unknown_only"": 292}",ok,"Coverage-game Shapley value = fractional counting: each activity's topic weight is split equally among its complete, de-duplicated participants. It describes shared observable participation and does not measure causal policy impact or irreplaceability."
fetch-20261006T122600Z-dfc47335,v2.1-f4676a0b,combined,2019,cross_strait,1.5,1.5,2,"{""organization_or_unknown_only"": 30}",ok,"Coverage-game Shapley value = fractional counting: each activity's topic weight is split equally among its complete, de-duplicated participants. It describes shared observable participation and does not measure causal policy impact or irreplaceability."
fetch-20261006T122600Z-dfc47335,v2.1-f4676a0b,combined,2019,culture,35.416666666666664,35.416666666666664,49,"{""organization_or_unknown_only"": 242, ""unresolved_participant"": 1}",ok,"Coverage-game Shapley value = fractional counting: each activity's topic weight is split equally among its complete, de-duplicated participants. It describes shared observable participation and does not measure causal policy impact or irreplaceability."
fetch-20261006T122600Z-dfc47335,v2.1-f4676a0b,combined,2019,defense,28.0,28.0,42,"{""organization_or_unknown_only"": 349}",ok,"Coverage-game Shapley value = fractional counting: each activity's topic weight is split equally among its complete, de-duplicated participants. It describes shared observable participation and does not measure causal policy impact or irreplaceability."
fetch-20261006T122600Z-dfc47335,v2.1-f4676a0b,combined,2019,education,51.25,51.25,77,"{""organization_or_unknown_only"": 367}",ok,"Coverage-game Shapley value = fractional counting: each activity's topic weight is split equally among its complete, de-duplicated participants. It describes shared observable participation and does not measure causal policy impact or irreplaceability."
fetch-20261006T122600Z-dfc47335,v2.1-f4676a0b,combined,2019,energy,6.833333333333333,6.833333333333333,8,"{""organization_or_unknown_only"": 264}",ok,"Coverage-game Shapley value = fractional counting: each activity's topic weight is split equally among its complete, de-duplicated participants. It describes shared observable participation and does not measure causal policy impact or irreplaceability."
fetch-20261006T122600Z-dfc47335,v2.1-f4676a0b,combined,2019,environment,23.166666666666668,23.166666666666668,29,"{""organization_or_unknown_only"": 190}",ok,"Coverage-game Shapley value = fractional counting: each activity's topic weight is split equally among its complete, de-duplicated participants. It describes shared observable participation and does not measure causal policy impact or irreplaceability."
fetch-20261006T122600Z-dfc47335,v2.1-f4676a0b,combined,2019,foreign_trade,10.75,10.75,14,"{""organization_or_unknown_only"": 76}",ok,"Coverage-game Shapley value = fractional counting: each activity's topic weight is split equally among its complete, de-duplicated participants. It describes shared observable participation and does not measure causal policy impact or irreplaceability."
fetch-20261006T122600Z-dfc47335,v2.1-f4676a0b,combined,2019,government,67.41666666666667,67.41666666666667,98,"{""organization_or_unknown_only"": 148}",ok,"Coverage-game Shapley value = fractional counting: each activity's topic weight is split equally among its complete, de-duplicated participants. It describes shared observable participation and does not measure causal policy impact or irreplaceability."
fetch-20261006T122600Z-dfc47335,v2.1-f4676a0b,combined,2019,health,65.5,65.5,86,"{""organization_or_unknown_only"": 266}",ok,"Coverage-game Shapley value = fractional counting: each activity's topic weight is split equally among its complete, de-duplicated participants. It describes shared observable participation and does not measure causal policy impact or irreplaceability."
fetch-20261006T122600Z-dfc47335,v2.1-f4676a0b,combined,2019,housing,8.666666666666666,8.666666666666666,11,"{""organization_or_unknown_only"": 78}",ok,"Coverage-game Shapley value = fractional counting: each activity's topic weight is split equally among its complete, de-duplicated participants. It describes shared observable participation and does not measure causal policy impact or irreplaceability."
fetch-20261006T122600Z-dfc47335,v2.1-f4676a0b,combined,2019,immigration,11.75,11.75,17,"{""organization_or_unknown_only"": 77}",ok,"Coverage-game Shapley value = fractional counting: each activity's topic weight is split equally among its complete, de-duplicated participants. It describes shared observable participation and does not measure causal policy impact or irreplaceability."
fetch-20261006T122600Z-dfc47335,v2.1-f4676a0b,combined,2019,indigenous,23.916666666666668,23.916666666666668,35,"{""organization_or_unknown_only"": 82}",ok,"Coverage-game Shapley value = fractional counting: each activity's topic weight is split equally among its complete, de-duplicated participants. It describes shared observable participation and does not measure causal policy impact or irreplaceability."
fetch-20261006T122600Z-dfc47335,v2.1-f4676a0b,combined,2019,international,1.75,1.75,3,"{""organization_or_unknown_only"": 95}",ok,"Coverage-game Shapley value = fractional counting: each activity's topic weight is split equally among its complete, de-duplicated participants. It describes shared observable participation and does not measure causal policy impact or irreplaceability."
fetch-20261006T122600Z-dfc47335,v2.1-f4676a0b,combined,2019,labor,81.5,81.5,111,"{""organization_or_unknown_only"": 259}",ok,"Coverage-game Shapley value = fractional counting: each activity's topic weight is split equally among its complete, de-duplicated participants. It describes shared observable participation and does not measure causal policy impact or irreplaceability."
fetch-20261006T122600Z-dfc47335,v2.1-f4676a0b,combined,2019,law_crime,110.66666666666667,110.66666666666666,150,"{""organization_or_unknown_only"": 429, ""unresolved_participant"": 1}",ok,"Coverage-game Shapley value = fractional counting: each activity's topic weight is split equally among its complete, de-duplicated participants. It describes shared observable participation and does not measure causal policy impact or irreplaceability."
fetch-20261006T122600Z-dfc47335,v2.1-f4676a0b,combined,2019,macroeconomy,37.916666666666664,37.916666666666664,58,"{""organization_or_unknown_only"": 284}",ok,"Coverage-game Shapley value = fractional counting: each activity's topic weight is split equally among its complete, de-duplicated participants. It describes shared observable participation and does not measure causal policy impact or irreplaceability."
fetch-20261006T122600Z-dfc47335,v2.1-f4676a0b,combined,2019,public_lands,6.333333333333333,6.333333333333333,9,"{""organization_or_unknown_only"": 95}",ok,"Coverage-game Shapley value = fractional counting: each activity's topic weight is split equally among its complete, de-duplicated participants. It describes shared observable participation and does not measure causal policy impact or irreplaceability."
fetch-20261006T122600Z-dfc47335,v2.1-f4676a0b,combined,2019,social_welfare,46.333333333333336,46.333333333333336,76,"{""organization_or_unknown_only"": 65}",ok,"Coverage-game Shapley value = fractional counting: each activity's topic weight is split equally among its complete, de-duplicated participants. It describes shared observable participation and does not measure causal policy impact or irreplaceability."
fetch-20261006T122600Z-dfc47335,v2.1-f4676a0b,combined,2019,technology,24.75,24.75,35,"{""organization_or_unknown_only"": 363}",ok,"Coverage-game Shapley value = fractional counting: each activity's topic weight is split equally among its complete, de-duplicated participants. It describes shared observable participation and does not measure causal policy impact or irreplaceability."
fetch-20261006T122600Z-dfc47335,v2.1-f4676a0b,combined,2019,transitional_justice,1.3333333333333333,1.3333333333333333,2,"{""organization_or_unknown_only"": 15}",ok,"Coverage-game Shapley value = fractional counting: each activity's topic weight is split equally among its complete, de-duplicated participants. It describes shared observable participation and does not measure causal policy impact or irreplaceability."
fetch-20261006T122600Z-dfc47335,v2.1-f4676a0b,combined,2019,transportation,80.66666666666667,80.66666666666667,104,"{""organization_or_unknown_only"": 492}",ok,"Coverage-game Shapley value = fractional counting: each activity's topic weight is split equally among its complete, de-duplicated participants. It describes shared observable participation and does not measure causal policy impact or irreplaceability."
fetch-20261006T122600Z-dfc47335,v2.1-f4676a0b,combined,2019,unclassified,206.0,205.99999999999994,206,"{""organization_or_unknown_only"": 2649, ""unresolved_participant"": 1}",ok,"Coverage-game Shapley value = fractional counting: each activity's topic weight is split equally among its complete, de-duplicated participants. It describes shared observable participation and does not measure causal policy impact or irreplaceability."
fetch-20261006T122600Z-dfc47335,v2.1-f4676a0b,combined,2020,agriculture,38.61666666666667,38.61666666666667,57,"{""organization_or_unknown_only"": 318, ""unresolved_participant"": 21}",ok,"Coverage-game Shapley value = fractional counting: each activity's topic weight is split equally among its complete, de-duplicated participants. It describes shared observable participation and does not measure causal policy impact or irreplaceability."
fetch-20261006T122600Z-dfc47335,v2.1-f4676a0b,combined,2020,civil_rights,40.666666666666664,40.666666666666664,64,"{""organization_or_unknown_only"": 84, ""unresolved_participant"": 24}",ok,"Coverage-game Shapley value = fractional counting: each activity's topic weight is split equally among its complete, de-duplicated participants. It describes shared observable participation and does not measure causal policy impact or irreplaceability."
fetch-20261006T122600Z-dfc47335,v2.1-f4676a0b,combined,2020,commerce,22.7,22.7,35,"{""organization_or_unknown_only"": 292, ""unresolved_participant"": 19}",ok,"Coverage-game Shapley value = fractional counting: each activity's topic weight is split equally among its complete, de-duplicated participants. It describes shared observable participation and does not measure causal policy impact or irreplaceability."
fetch-20261006T122600Z-dfc47335,v2.1-f4676a0b,combined,2020,cross_strait,2.833333333333333,2.8333333333333335,6,"{""organization_or_unknown_only"": 28, ""unresolved_participant"": 1}",ok,"Coverage-game Shapley value = fractional counting: each activity's topic weight is split equally among its complete, de-duplicated participants. It describes shared observable participation and does not measure causal policy impact or irreplaceability."
fetch-20261006T122600Z-dfc47335,v2.1-f4676a0b,combined,2020,culture,39.916666666666664,39.916666666666664,57,"{""organization_or_unknown_only"": 192, ""unresolved_participant"": 15}",ok,"Coverage-game Shapley value = fractional counting: each activity's topic weight is split equally among its complete, de-duplicated participants. It describes shared observable participation and does not measure causal policy impact or irreplaceability."
fetch-20261006T122600Z-dfc47335,v2.1-f4676a0b,combined,2020,defense,27.666666666666668,27.666666666666668,47,"{""organization_or_unknown_only"": 282, ""unresolved_participant"": 18}",ok,"Coverage-game Shapley value = fractional counting: each activity's topic weight is split equally among its complete, de-duplicated participants. It describes shared observable participation and does not measure causal policy impact or irreplaceability."
fetch-20261006T122600Z-dfc47335,v2.1-f4676a0b,combined,2020,education,73.5,73.5,109,"{""organization_or_unknown_only"": 333, ""unresolved_participant"": 52}",ok,"Coverage-game Shapley value = fractional counting: each activity's topic weight is split equally among its complete, de-duplicated participants. It describes shared observable participation and does not measure causal policy impact or irreplaceability."
fetch-20261006T122600Z-dfc47335,v2.1-f4676a0b,combined,2020,energy,10.833333333333334,10.833333333333334,13,"{""organization_or_unknown_only"": 259, ""unresolved_participant"": 4}",ok,"Coverage-game Shapley value = fractional counting: each activity's topic weight is split equally among its complete, de-duplicated participants. It describes shared observable participation and does not measure causal policy impact or irreplaceability."
fetch-20261006T122600Z-dfc47335,v2.1-f4676a0b,combined,2020,environment,22.166666666666668,22.166666666666668,31,"{""organization_or_unknown_only"": 185, ""unresolved_participant"": 9}",ok,"Coverage-game Shapley value = fractional counting: each activity's topic weight is split equally among its complete, de-duplicated participants. It describes shared observable participation and does not measure causal policy impact or irreplaceability."
fetch-20261006T122600Z-dfc47335,v2.1-f4676a0b,combined,2020,foreign_trade,15.166666666666666,15.166666666666666,26,"{""organization_or_unknown_only"": 71, ""unresolved_participant"": 13}",ok,"Coverage-game Shapley value = fractional counting: each activity's topic weight is split equally among its complete, de-duplicated participants. It describes shared observable participation and does not measure causal policy impact or irreplaceability."
fetch-20261006T122600Z-dfc47335,v2.1-f4676a0b,combined,2020,government,121.0,120.99999999999997,156,"{""organization_or_unknown_only"": 202, ""unresolved_participant"": 68}",ok,"Coverage-game Shapley value = fractional counting: each activity's topic weight is split equally among its complete, de-duplicated participants. It describes shared observable participation and does not measure causal policy impact or irreplaceability."
fetch-20261006T122600Z-dfc47335,v2.1-f4676a0b,combined,2020,health,74.25,74.25,108,"{""organization_or_unknown_only"": 369, ""unresolved_participant"": 70}",ok,"Coverage-game Shapley value = fractional counting: each activity's topic weight is split equally among its complete, de-duplicated participants. It describes shared observable participation and does not measure causal policy impact or irreplaceability."
fetch-20261006T122600Z-dfc47335,v2.1-f4676a0b,combined,2020,housing,11.833333333333334,11.833333333333334,15,"{""organization_or_unknown_only"": 91, ""unresolved_participant"": 8}",ok,"Coverage-game Shapley value = fractional counting: each activity's topic weight is split equally among its complete, de-duplicated participants. It describes shared observable participation and does not measure causal policy impact or irreplaceability."
fetch-20261006T122600Z-dfc47335,v2.1-f4676a0b,combined,2020,immigration,23.833333333333332,23.833333333333336,31,"{""organization_or_unknown_only"": 90, ""unresolved_participant"": 6}",ok,"Coverage-game Shapley value = fractional counting: each activity's topic weight is split equally among its complete, de-duplicated participants. It describes shared observable participation and does not measure causal policy impact or irreplaceability."
fetch-20261006T122600Z-dfc47335,v2.1-f4676a0b,combined,2020,indigenous,24.416666666666668,24.416666666666668,42,"{""organization_or_unknown_only"": 105, ""unresolved_participant"": 31}",ok,"Coverage-game Shapley value = fractional counting: each activity's topic weight is split equally among its complete, de-duplicated participants. It describes shared observable participation and does not measure causal policy impact or irreplaceability."
fetch-20261006T122600Z-dfc47335,v2.1-f4676a0b,combined,2020,international,4.533333333333333,4.533333333333333,8,"{""organization_or_unknown_only"": 64, ""unresolved_participant"": 3}",ok,"Coverage-game Shapley value = fractional counting: each activity's topic weight is split equally among its complete, de-duplicated participants. It describes shared observable participation and does not measure causal policy impact or irreplaceability."
fetch-20261006T122600Z-dfc47335,v2.1-f4676a0b,combined,2020,labor,84.58333333333333,84.58333333333333,121,"{""organization_or_unknown_only"": 289, ""unresolved_participant"": 60}",ok,"Coverage-game Shapley value = fractional counting: each activity's topic weight is split equally among its complete, de-duplicated participants. It describes shared observable participation and does not measure causal policy impact or irreplaceability."
fetch-20261006T122600Z-dfc47335,v2.1-f4676a0b,combined,2020,law_crime,117.16666666666667,117.16666666666666,168,"{""organization_or_unknown_only"": 560, ""unresolved_participant"": 89}",ok,"Coverage-game Shapley value = fractional counting: each activity's topic weight is split equally among its complete, de-duplicated participants. It describes shared observable participation and does not measure causal policy impact or irreplaceability."
fetch-20261006T122600Z-dfc47335,v2.1-f4676a0b,combined,2020,macroeconomy,46.03333333333333,46.03333333333333,71,"{""organization_or_unknown_only"": 501, ""unresolved_participant"": 19}",ok,"Coverage-game Shapley value = fractional counting: each activity's topic weight is split equally among its complete, de-duplicated participants. It describes shared observable participation and does not measure causal policy impact or irreplaceability."
fetch-20261006T122600Z-dfc47335,v2.1-f4676a0b,combined,2020,public_lands,15.833333333333334,15.833333333333334,22,"{""organization_or_unknown_only"": 145, ""unresolved_participant"": 8}",ok,"Coverage-game Shapley value = fractional counting: each activity's topic weight is split equally among its complete, de-duplicated participants. It describes shared observable participation and does not measure causal policy impact or irreplaceability."
fetch-20261006T122600Z-dfc47335,v2.1-f4676a0b,combined,2020,social_welfare,55.03333333333333,55.03333333333333,82,"{""organization_or_unknown_only"": 98, ""unresolved_participant"": 38}",ok,"Coverage-game Shapley value = fractional counting: each activity's topic weight is split equally among its complete, de-duplicated participants. It describes shared observable participation and does not measure causal policy impact or irreplaceability."
fetch-20261006T122600Z-dfc47335,v2.1-f4676a0b,combined,2020,technology,47.5,47.5,83,"{""organization_or_unknown_only"": 386, ""unresolved_participant"": 21}",ok,"Coverage-game Shapley value = fractional counting: each activity's topic weight is split equally among its complete, de-duplicated participants. It describes shared observable participation and does not measure causal policy impact or irreplaceability."
fetch-20261006T122600Z-dfc47335,v2.1-f4676a0b,combined,2020,transitional_justice,5.833333333333333,5.833333333333333,8,"{""organization_or_unknown_only"": 14, ""unresolved_participant"": 1}",ok,"Coverage-game Shapley value = fractional counting: each activity's topic weight is split equally among its complete, de-duplicated participants. It describes shared observable participation and does not measure causal policy impact or irreplaceability."
fetch-20261006T122600Z-dfc47335,v2.1-f4676a0b,combined,2020,transportation,63.083333333333336,63.083333333333336,78,"{""organization_or_unknown_only"": 331, ""unresolved_participant"": 30}",ok,"Coverage-game Shapley value = fractional counting: each activity's topic weight is split equally among its complete, de-duplicated participants. It describes shared observable participation and does not measure causal policy impact or irreplaceability."
fetch-20261006T122600Z-dfc47335,v2.1-f4676a0b,combined,2020,unclassified,225.0,224.99999999999991,225,"{""organization_or_unknown_only"": 2572, ""unresolved_participant"": 59}",ok,"Coverage-game Shapley value = fractional counting: each activity's topic weight is split equally among its complete, de-duplicated participants. It describes shared observable participation and does not measure causal policy impact or irreplaceability."
fetch-20261006T122600Z-dfc47335,v2.1-f4676a0b,combined,2021,agriculture,25.78333333333333,25.78333333333333,43,"{""organization_or_unknown_only"": 266, ""unresolved_participant"": 10}",ok,"Coverage-game Shapley value = fractional counting: each activity's topic weight is split equally among its complete, de-duplicated participants. It describes shared observable participation and does not measure causal policy impact or irreplaceability."
fetch-20261006T122600Z-dfc47335,v2.1-f4676a0b,combined,2021,civil_rights,54.666666666666664,54.666666666666664,83,"{""organization_or_unknown_only"": 68, ""unresolved_participant"": 12}",ok,"Coverage-game Shapley value = fractional counting: each activity's topic weight is split equally among its complete, de-duplicated participants. It describes shared observable participation and does not measure causal policy impact or irreplaceability."
fetch-20261006T122600Z-dfc47335,v2.1-f4676a0b,combined,2021,commerce,30.25,30.25,48,"{""organization_or_unknown_only"": 183, ""unresolved_participant"": 20}",ok,"Coverage-game Shapley value = fractional counting: each activity's topic weight is split equally among its complete, de-duplicated participants. It describes shared observable participation and does not measure causal policy impact or irreplaceability."
fetch-20261006T122600Z-dfc47335,v2.1-f4676a0b,combined,2021,cross_strait,3.3333333333333335,3.333333333333333,6,"{""organization_or_unknown_only"": 23}",ok,"Coverage-game Shapley value = fractional counting: each activity's topic weight is split equally among its complete, de-duplicated participants. It describes shared observable participation and does not measure causal policy impact or irreplaceability."
fetch-20261006T122600Z-dfc47335,v2.1-f4676a0b,combined,2021,culture,39.833333333333336,39.833333333333336,61,"{""organization_or_unknown_only"": 213, ""unresolved_participant"": 16}",ok,"Coverage-game Shapley value = fractional counting: each activity's topic weight is split equally among its complete, de-duplicated participants. It describes shared observable participation and does not measure causal policy impact or irreplaceability."
fetch-20261006T122600Z-dfc47335,v2.1-f4676a0b,combined,2021,defense,40.666666666666664,40.66666666666667,60,"{""organization_or_unknown_only"": 272, ""unresolved_participant"": 31}",ok,"Coverage-game Shapley value = fractional counting: each activity's topic weight is split equally among its complete, de-duplicated participants. It describes shared observable participation and does not measure causal policy impact or irreplaceability."
fetch-20261006T122600Z-dfc47335,v2.1-f4676a0b,combined,2021,education,88.23333333333333,88.23333333333333,143,"{""organization_or_unknown_only"": 330, ""unresolved_participant"": 55}",ok,"Coverage-game Shapley value = fractional counting: each activity's topic weight is split equally among its complete, de-duplicated participants. It describes shared observable participation and does not measure causal policy impact or irreplaceability."
fetch-20261006T122600Z-dfc47335,v2.1-f4676a0b,combined,2021,energy,4.45,4.45,6,"{""organization_or_unknown_only"": 123, ""unresolved_participant"": 2}",ok,"Coverage-game Shapley value = fractional counting: each activity's topic weight is split equally among its complete, de-duplicated participants. It describes shared observable participation and does not measure causal policy impact or irreplaceability."
fetch-20261006T122600Z-dfc47335,v2.1-f4676a0b,combined,2021,environment,23.28333333333333,23.283333333333335,36,"{""organization_or_unknown_only"": 145, ""unresolved_participant"": 16}",ok,"Coverage-game Shapley value = fractional counting: each activity's topic weight is split equally among its complete, de-duplicated participants. It describes shared observable participation and does not measure causal policy impact or irreplaceability."
fetch-20261006T122600Z-dfc47335,v2.1-f4676a0b,combined,2021,foreign_trade,8.083333333333334,8.083333333333334,14,"{""organization_or_unknown_only"": 101, ""unresolved_participant"": 5}",ok,"Coverage-game Shapley value = fractional counting: each activity's topic weight is split equally among its complete, de-duplicated participants. It describes shared observable participation and does not measure causal policy impact or irreplaceability."
fetch-20261006T122600Z-dfc47335,v2.1-f4676a0b,combined,2021,government,82.9,82.89999999999999,134,"{""organization_or_unknown_only"": 168, ""unresolved_participant"": 49}",ok,"Coverage-game Shapley value = fractional counting: each activity's topic weight is split equally among its complete, de-duplicated participants. It describes shared observable participation and does not measure causal policy impact or irreplaceability."
fetch-20261006T122600Z-dfc47335,v2.1-f4676a0b,combined,2021,health,86.7,86.69999999999999,126,"{""organization_or_unknown_only"": 434, ""unresolved_participant"": 40}",ok,"Coverage-game Shapley value = fractional counting: each activity's topic weight is split equally among its complete, de-duplicated participants. It describes shared observable participation and does not measure causal policy impact or irreplaceability."
fetch-20261006T122600Z-dfc47335,v2.1-f4676a0b,combined,2021,housing,24.0,24.0,33,"{""organization_or_unknown_only"": 70, ""unresolved_participant"": 14}",ok,"Coverage-game Shapley value = fractional counting: each activity's topic weight is split equally among its complete, de-duplicated participants. It describes shared observable participation and does not measure causal policy impact or irreplaceability."
fetch-20261006T122600Z-dfc47335,v2.1-f4676a0b,combined,2021,immigration,12.333333333333334,12.333333333333334,17,"{""organization_or_unknown_only"": 43, ""unresolved_participant"": 5}",ok,"Coverage-game Shapley value = fractional counting: each activity's topic weight is split equally among its complete, de-duplicated participants. It describes shared observable participation and does not measure causal policy impact or irreplaceability."
fetch-20261006T122600Z-dfc47335,v2.1-f4676a0b,combined,2021,indigenous,16.28333333333333,16.283333333333335,32,"{""organization_or_unknown_only"": 54, ""unresolved_participant"": 14}",ok,"Coverage-game Shapley value = fractional counting: each activity's topic weight is split equally among its complete, de-duplicated participants. It describes shared observable participation and does not measure causal policy impact or irreplaceability."
fetch-20261006T122600Z-dfc47335,v2.1-f4676a0b,combined,2021,international,8.666666666666666,8.666666666666666,14,"{""organization_or_unknown_only"": 60, ""unresolved_participant"": 6}",ok,"Coverage-game Shapley value = fractional counting: each activity's topic weight is split equally among its complete, de-duplicated participants. It describes shared observable participation and does not measure causal policy impact or irreplaceability."
fetch-20261006T122600Z-dfc47335,v2.1-f4676a0b,combined,2021,labor,69.76666666666667,69.76666666666667,114,"{""organization_or_unknown_only"": 233, ""unresolved_participant"": 37}",ok,"Coverage-game Shapley value = fractional counting: each activity's topic weight is split equally among its complete, de-duplicated participants. It describes shared observable participation and does not measure causal policy impact or irreplaceability."
fetch-20261006T122600Z-dfc47335,v2.1-f4676a0b,combined,2021,law_crime,119.03333333333333,119.03333333333332,172,"{""organization_or_unknown_only"": 417, ""unresolved_participant"": 70}",ok,"Coverage-game Shapley value = fractional counting: each activity's topic weight is split equally among its complete, de-duplicated participants. It describes shared observable participation and does not measure causal policy impact or irreplaceability."
fetch-20261006T122600Z-dfc47335,v2.1-f4676a0b,combined,2021,macroeconomy,54.266666666666666,54.266666666666666,95,"{""organization_or_unknown_only"": 698, ""unresolved_participant"": 45}",ok,"Coverage-game Shapley value = fractional counting: each activity's topic weight is split equally among its complete, de-duplicated participants. It describes shared observable participation and does not measure causal policy impact or irreplaceability."
fetch-20261006T122600Z-dfc47335,v2.1-f4676a0b,combined,2021,public_lands,12.0,12.0,17,"{""organization_or_unknown_only"": 125, ""unresolved_participant"": 7}",ok,"Coverage-game Shapley value = fractional counting: each activity's topic weight is split equally among its complete, de-duplicated participants. It describes shared observable participation and does not measure causal policy impact or irreplaceability."
fetch-20261006T122600Z-dfc47335,v2.1-f4676a0b,combined,2021,social_welfare,64.95,64.95,94,"{""organization_or_unknown_only"": 68, ""unresolved_participant"": 47}",ok,"Coverage-game Shapley value = fractional counting: each activity's topic weight is split equally among its complete, de-duplicated participants. It describes shared observable participation and does not measure causal policy impact or irreplaceability."
fetch-20261006T122600Z-dfc47335,v2.1-f4676a0b,combined,2021,technology,123.81666666666666,123.81666666666665,216,"{""organization_or_unknown_only"": 420, ""unresolved_participant"": 19}",ok,"Coverage-game Shapley value = fractional counting: each activity's topic weight is split equally among its complete, de-duplicated participants. It describes shared observable participation and does not measure causal policy impact or irreplaceability."
fetch-20261006T122600Z-dfc47335,v2.1-f4676a0b,combined,2021,transitional_justice,5.0,5.0,6,"{""organization_or_unknown_only"": 14}",ok,"Coverage-game Shapley value = fractional counting: each activity's topic weight is split equally among its complete, de-duplicated participants. It describes shared observable participation and does not measure causal policy impact or irreplaceability."
fetch-20261006T122600Z-dfc47335,v2.1-f4676a0b,combined,2021,transportation,58.7,58.699999999999996,77,"{""organization_or_unknown_only"": 245, ""unresolved_participant"": 59}",ok,"Coverage-game Shapley value = fractional counting: each activity's topic weight is split equally among its complete, de-duplicated participants. It describes shared observable participation and does not measure causal policy impact or irreplaceability."
fetch-20261006T122600Z-dfc47335,v2.1-f4676a0b,combined,2021,unclassified,222.0,221.99999999999991,222,"{""organization_or_unknown_only"": 2524, ""unresolved_participant"": 47}",ok,"Coverage-game Shapley value = fractional counting: each activity's topic weight is split equally among its complete, de-duplicated participants. It describes shared observable participation and does not measure causal policy impact or irreplaceability."
fetch-20261006T122600Z-dfc47335,v2.1-f4676a0b,combined,2022,agriculture,31.166666666666668,31.166666666666668,53,"{""organization_or_unknown_only"": 535, ""unresolved_participant"": 5}",ok,"Coverage-game Shapley value = fractional counting: each activity's topic weight is split equally among its complete, de-duplicated participants. It describes shared observable participation and does not measure causal policy impact or irreplaceability."
fetch-20261006T122600Z-dfc47335,v2.1-f4676a0b,combined,2022,civil_rights,59.5,59.5,101,"{""organization_or_unknown_only"": 160, ""unresolved_participant"": 18}",ok,"Coverage-game Shapley value = fractional counting: each activity's topic weight is split equally among its complete, de-duplicated participants. It describes shared observable participation and does not measure causal policy impact or irreplaceability."
fetch-20261006T122600Z-dfc47335,v2.1-f4676a0b,combined,2022,commerce,39.75,39.75,65,"{""organization_or_unknown_only"": 451, ""participant_list_conflict"": 1, ""unresolved_participant"": 6}",ok,"Coverage-game Shapley value = fractional counting: each activity's topic weight is split equally among its complete, de-duplicated participants. It describes shared observable participation and does not measure causal policy impact or irreplaceability."
fetch-20261006T122600Z-dfc47335,v2.1-f4676a0b,combined,2022,cross_strait,1.6666666666666665,1.6666666666666665,4,"{""organization_or_unknown_only"": 33}",ok,"Coverage-game Shapley value = fractional counting: each activity's topic weight is split equally among its complete, de-duplicated participants. It describes shared observable participation and does not measure causal policy impact or irreplaceability."
fetch-20261006T122600Z-dfc47335,v2.1-f4676a0b,combined,2022,culture,47.2,47.2,67,"{""organization_or_unknown_only"": 303, ""unresolved_participant"": 14}",ok,"Coverage-game Shapley value = fractional counting: each activity's topic weight is split equally among its complete, de-duplicated participants. It describes shared observable participation and does not measure causal policy impact or irreplaceability."
fetch-20261006T122600Z-dfc47335,v2.1-f4676a0b,combined,2022,defense,41.166666666666664,41.16666666666667,60,"{""organization_or_unknown_only"": 494, ""unresolved_participant"": 11}",ok,"Coverage-game Shapley value = fractional counting: each activity's topic weight is split equally among its complete, de-duplicated participants. It describes shared observable participation and does not measure causal policy impact or irreplaceability."
fetch-20261006T122600Z-dfc47335,v2.1-f4676a0b,combined,2022,education,106.83333333333333,106.83333333333333,153,"{""organization_or_unknown_only"": 615, ""participant_list_conflict"": 3, ""unresolved_participant"": 58}",ok,"Coverage-game Shapley value = fractional counting: each activity's topic weight is split equally among its complete, de-duplicated participants. It describes shared observable participation and does not measure causal policy impact or irreplaceability."
fetch-20261006T122600Z-dfc47335,v2.1-f4676a0b,combined,2022,energy,21.75,21.75,33,"{""organization_or_unknown_only"": 399, ""unresolved_participant"": 3}",ok,"Coverage-game Shapley value = fractional counting: each activity's topic weight is split equally among its complete, de-duplicated participants. It describes shared observable participation and does not measure causal policy impact or irreplaceability."
fetch-20261006T122600Z-dfc47335,v2.1-f4676a0b,combined,2022,environment,53.61666666666667,53.61666666666667,77,"{""organization_or_unknown_only"": 352, ""unresolved_participant"": 10}",ok,"Coverage-game Shapley value = fractional counting: each activity's topic weight is split equally among its complete, de-duplicated participants. It describes shared observable participation and does not measure causal policy impact or irreplaceability."
fetch-20261006T122600Z-dfc47335,v2.1-f4676a0b,combined,2022,foreign_trade,4.333333333333333,4.333333333333333,6,"{""organization_or_unknown_only"": 164, ""unresolved_participant"": 5}",ok,"Coverage-game Shapley value = fractional counting: each activity's topic weight is split equally among its complete, de-duplicated participants. It describes shared observable participation and does not measure causal policy impact or irreplaceability."
fetch-20261006T122600Z-dfc47335,v2.1-f4676a0b,combined,2022,government,115.28333333333333,115.28333333333332,164,"{""organization_or_unknown_only"": 190, ""unresolved_participant"": 27}",ok,"Coverage-game Shapley value = fractional counting: each activity's topic weight is split equally among its complete, de-duplicated participants. It describes shared observable participation and does not measure causal policy impact or irreplaceability."
fetch-20261006T122600Z-dfc47335,v2.1-f4676a0b,combined,2022,health,66.16666666666667,66.16666666666667,86,"{""organization_or_unknown_only"": 629, ""unresolved_participant"": 25}",ok,"Coverage-game Shapley value = fractional counting: each activity's topic weight is split equally among its complete, de-duplicated participants. It describes shared observable participation and does not measure causal policy impact or irreplaceability."
fetch-20261006T122600Z-dfc47335,v2.1-f4676a0b,combined,2022,housing,18.833333333333332,18.833333333333332,27,"{""organization_or_unknown_only"": 149, ""unresolved_participant"": 10}",ok,"Coverage-game Shapley value = fractional counting: each activity's topic weight is split equally among its complete, de-duplicated participants. It describes shared observable participation and does not measure causal policy impact or irreplaceability."
fetch-20261006T122600Z-dfc47335,v2.1-f4676a0b,combined,2022,immigration,15.833333333333334,15.833333333333334,22,"{""organization_or_unknown_only"": 55, ""unresolved_participant"": 3}",ok,"Coverage-game Shapley value = fractional counting: each activity's topic weight is split equally among its complete, de-duplicated participants. It describes shared observable participation and does not measure causal policy impact or irreplaceability."
fetch-20261006T122600Z-dfc47335,v2.1-f4676a0b,combined,2022,indigenous,14.866666666666667,14.866666666666667,27,"{""organization_or_unknown_only"": 158, ""unresolved_participant"": 14}",ok,"Coverage-game Shapley value = fractional counting: each activity's topic weight is split equally among its complete, de-duplicated participants. It describes shared observable participation and does not measure causal policy impact or irreplaceability."
fetch-20261006T122600Z-dfc47335,v2.1-f4676a0b,combined,2022,international,5.75,5.75,9,"{""organization_or_unknown_only"": 83, ""unresolved_participant"": 5}",ok,"Coverage-game Shapley value = fractional counting: each activity's topic weight is split equally among its complete, de-duplicated participants. It describes shared observable participation and does not measure causal policy impact or irreplaceability."
fetch-20261006T122600Z-dfc47335,v2.1-f4676a0b,combined,2022,labor,69.41666666666667,69.41666666666667,108,"{""organization_or_unknown_only"": 364, ""unresolved_participant"": 37}",ok,"Coverage-game Shapley value = fractional counting: each activity's topic weight is split equally among its complete, de-duplicated participants. It describes shared observable participation and does not measure causal policy impact or irreplaceability."
fetch-20261006T122600Z-dfc47335,v2.1-f4676a0b,combined,2022,law_crime,160.75,160.74999999999994,246,"{""organization_or_unknown_only"": 699, ""unresolved_participant"": 30}",ok,"Coverage-game Shapley value = fractional counting: each activity's topic weight is split equally among its complete, de-duplicated participants. It describes shared observable participation and does not measure causal policy impact or irreplaceability."
fetch-20261006T122600Z-dfc47335,v2.1-f4676a0b,combined,2022,macroeconomy,56.11666666666667,56.11666666666667,86,"{""organization_or_unknown_only"": 1305, ""unresolved_participant"": 25}",ok,"Coverage-game Shapley value = fractional counting: each activity's topic weight is split equally among its complete, de-duplicated participants. It describes shared observable participation and does not measure causal policy impact or irreplaceability."
fetch-20261006T122600Z-dfc47335,v2.1-f4676a0b,combined,2022,public_lands,18.5,18.5,28,"{""organization_or_unknown_only"": 297, ""unresolved_participant"": 8}",ok,"Coverage-game Shapley value = fractional counting: each activity's topic weight is split equally among its complete, de-duplicated participants. It describes shared observable participation and does not measure causal policy impact or irreplaceability."
fetch-20261006T122600Z-dfc47335,v2.1-f4676a0b,combined,2022,social_welfare,28.5,28.5,46,"{""organization_or_unknown_only"": 186, ""unresolved_participant"": 10}",ok,"Coverage-game Shapley value = fractional counting: each activity's topic weight is split equally among its complete, de-duplicated participants. It describes shared observable participation and does not measure causal policy impact or irreplaceability."
fetch-20261006T122600Z-dfc47335,v2.1-f4676a0b,combined,2022,technology,118.33333333333333,118.3333333333333,192,"{""organization_or_unknown_only"": 595, ""participant_list_conflict"": 2, ""unresolved_participant"": 13}",ok,"Coverage-game Shapley value = fractional counting: each activity's topic weight is split equally among its complete, de-duplicated participants. It describes shared observable participation and does not measure causal policy impact or irreplaceability."
fetch-20261006T122600Z-dfc47335,v2.1-f4676a0b,combined,2022,transitional_justice,7.0,7.0,11,"{""organization_or_unknown_only"": 36}",ok,"Coverage-game Shapley value = fractional counting: each activity's topic weight is split equally among its complete, de-duplicated participants. It describes shared observable participation and does not measure causal policy impact or irreplaceability."
fetch-20261006T122600Z-dfc47335,v2.1-f4676a0b,combined,2022,transportation,81.66666666666667,81.66666666666667,112,"{""organization_or_unknown_only"": 518, ""unresolved_participant"": 31}",ok,"Coverage-game Shapley value = fractional counting: each activity's topic weight is split equally among its complete, de-duplicated participants. It describes shared observable participation and does not measure causal policy impact or irreplaceability."
fetch-20261006T122600Z-dfc47335,v2.1-f4676a0b,combined,2022,unclassified,228.0,227.99999999999994,228,"{""organization_or_unknown_only"": 4313, ""unresolved_participant"": 46}",ok,"Coverage-game Shapley value = fractional counting: each activity's topic weight is split equally among its complete, de-duplicated participants. It describes shared observable participation and does not measure causal policy impact or irreplaceability."
fetch-20261006T122600Z-dfc47335,v2.1-f4676a0b,combined,2023,agriculture,43.56666666666667,43.56666666666667,60,"{""organization_or_unknown_only"": 499, ""unresolved_participant"": 1}",ok,"Coverage-game Shapley value = fractional counting: each activity's topic weight is split equally among its complete, de-duplicated participants. It describes shared observable participation and does not measure causal policy impact or irreplaceability."
fetch-20261006T122600Z-dfc47335,v2.1-f4676a0b,combined,2023,civil_rights,120.61666666666666,120.61666666666665,188,"{""organization_or_unknown_only"": 147}",ok,"Coverage-game Shapley value = fractional counting: each activity's topic weight is split equally among its complete, de-duplicated participants. It describes shared observable participation and does not measure causal policy impact or irreplaceability."
fetch-20261006T122600Z-dfc47335,v2.1-f4676a0b,combined,2023,commerce,52.5,52.5,89,"{""organization_or_unknown_only"": 579}",ok,"Coverage-game Shapley value = fractional counting: each activity's topic weight is split equally among its complete, de-duplicated participants. It describes shared observable participation and does not measure causal policy impact or irreplaceability."
fetch-20261006T122600Z-dfc47335,v2.1-f4676a0b,combined,2023,cross_strait,5.083333333333333,5.083333333333333,10,"{""organization_or_unknown_only"": 23}",ok,"Coverage-game Shapley value = fractional counting: each activity's topic weight is split equally among its complete, de-duplicated participants. It describes shared observable participation and does not measure causal policy impact or irreplaceability."
fetch-20261006T122600Z-dfc47335,v2.1-f4676a0b,combined,2023,culture,84.91666666666667,84.91666666666667,103,"{""organization_or_unknown_only"": 330}",ok,"Coverage-game Shapley value = fractional counting: each activity's topic weight is split equally among its complete, de-duplicated participants. It describes shared observable participation and does not measure causal policy impact or irreplaceability."
fetch-20261006T122600Z-dfc47335,v2.1-f4676a0b,combined,2023,defense,25.366666666666667,25.366666666666667,39,"{""organization_or_unknown_only"": 422}",ok,"Coverage-game Shapley value = fractional counting: each activity's topic weight is split equally among its complete, de-duplicated participants. It describes shared observable participation and does not measure causal policy impact or irreplaceability."
fetch-20261006T122600Z-dfc47335,v2.1-f4676a0b,combined,2023,education,96.73333333333333,96.73333333333332,148,"{""organization_or_unknown_only"": 535, ""unresolved_participant"": 1}",ok,"Coverage-game Shapley value = fractional counting: each activity's topic weight is split equally among its complete, de-duplicated participants. It describes shared observable participation and does not measure causal policy impact or irreplaceability."
fetch-20261006T122600Z-dfc47335,v2.1-f4676a0b,combined,2023,energy,20.28333333333333,20.283333333333335,34,"{""organization_or_unknown_only"": 670}",ok,"Coverage-game Shapley value = fractional counting: each activity's topic weight is split equally among its complete, de-duplicated participants. It describes shared observable participation and does not measure causal policy impact or irreplaceability."
fetch-20261006T122600Z-dfc47335,v2.1-f4676a0b,combined,2023,environment,54.766666666666666,54.766666666666666,81,"{""organization_or_unknown_only"": 311}",ok,"Coverage-game Shapley value = fractional counting: each activity's topic weight is split equally among its complete, de-duplicated participants. It describes shared observable participation and does not measure causal policy impact or irreplaceability."
fetch-20261006T122600Z-dfc47335,v2.1-f4676a0b,combined,2023,foreign_trade,8.95,8.95,15,"{""organization_or_unknown_only"": 138}",ok,"Coverage-game Shapley value = fractional counting: each activity's topic weight is split equally among its complete, de-duplicated participants. It describes shared observable participation and does not measure causal policy impact or irreplaceability."
fetch-20261006T122600Z-dfc47335,v2.1-f4676a0b,combined,2023,government,73.65,73.65,114,"{""organization_or_unknown_only"": 211}",ok,"Coverage-game Shapley value = fractional counting: each activity's topic weight is split equally among its complete, de-duplicated participants. It describes shared observable participation and does not measure causal policy impact or irreplaceability."
fetch-20261006T122600Z-dfc47335,v2.1-f4676a0b,combined,2023,health,67.86666666666666,67.86666666666667,97,"{""organization_or_unknown_only"": 430}",ok,"Coverage-game Shapley value = fractional counting: each activity's topic weight is split equally among its complete, de-duplicated participants. It describes shared observable participation and does not measure causal policy impact or irreplaceability."
fetch-20261006T122600Z-dfc47335,v2.1-f4676a0b,combined,2023,housing,28.0,28.0,39,"{""organization_or_unknown_only"": 157, ""participant_list_conflict"": 1}",ok,"Coverage-game Shapley value = fractional counting: each activity's topic weight is split equally among its complete, de-duplicated participants. It describes shared observable participation and does not measure causal policy impact or irreplaceability."
fetch-20261006T122600Z-dfc47335,v2.1-f4676a0b,combined,2023,immigration,24.75,24.75,31,"{""organization_or_unknown_only"": 79}",ok,"Coverage-game Shapley value = fractional counting: each activity's topic weight is split equally among its complete, de-duplicated participants. It describes shared observable participation and does not measure causal policy impact or irreplaceability."
fetch-20261006T122600Z-dfc47335,v2.1-f4676a0b,combined,2023,indigenous,19.25,19.25,37,"{""organization_or_unknown_only"": 125}",ok,"Coverage-game Shapley value = fractional counting: each activity's topic weight is split equally among its complete, de-duplicated participants. It describes shared observable participation and does not measure causal policy impact or irreplaceability."
fetch-20261006T122600Z-dfc47335,v2.1-f4676a0b,combined,2023,international,7.2,7.2,15,"{""organization_or_unknown_only"": 58}",ok,"Coverage-game Shapley value = fractional counting: each activity's topic weight is split equally among its complete, de-duplicated participants. It describes shared observable participation and does not measure causal policy impact or irreplaceability."
fetch-20261006T122600Z-dfc47335,v2.1-f4676a0b,combined,2023,labor,68.7,68.7,99,"{""organization_or_unknown_only"": 311}",ok,"Coverage-game Shapley value = fractional counting: each activity's topic weight is split equally among its complete, de-duplicated participants. It describes shared observable participation and does not measure causal policy impact or irreplaceability."
fetch-20261006T122600Z-dfc47335,v2.1-f4676a0b,combined,2023,law_crime,134.35,134.35,208,"{""organization_or_unknown_only"": 618}",ok,"Coverage-game Shapley value = fractional counting: each activity's topic weight is split equally among its complete, de-duplicated participants. It describes shared observable participation and does not measure causal policy impact or irreplaceability."
fetch-20261006T122600Z-dfc47335,v2.1-f4676a0b,combined,2023,macroeconomy,53.75,53.75,97,"{""organization_or_unknown_only"": 795}",ok,"Coverage-game Shapley value = fractional counting: each activity's topic weight is split equally among its complete, de-duplicated participants. It describes shared observable participation and does not measure causal policy impact or irreplaceability."
fetch-20261006T122600Z-dfc47335,v2.1-f4676a0b,combined,2023,public_lands,21.35,21.35,34,"{""organization_or_unknown_only"": 282}",ok,"Coverage-game Shapley value = fractional counting: each activity's topic weight is split equally among its complete, de-duplicated participants. It describes shared observable participation and does not measure causal policy impact or irreplaceability."
fetch-20261006T122600Z-dfc47335,v2.1-f4676a0b,combined,2023,social_welfare,51.416666666666664,51.416666666666664,80,"{""organization_or_unknown_only"": 128}",ok,"Coverage-game Shapley value = fractional counting: each activity's topic weight is split equally among its complete, de-duplicated participants. It describes shared observable participation and does not measure causal policy impact or irreplaceability."
fetch-20261006T122600Z-dfc47335,v2.1-f4676a0b,combined,2023,technology,88.81666666666666,88.81666666666666,152,"{""organization_or_unknown_only"": 725}",ok,"Coverage-game Shapley value = fractional counting: each activity's topic weight is split equally among its complete, de-duplicated participants. It describes shared observable participation and does not measure causal policy impact or irreplaceability."
fetch-20261006T122600Z-dfc47335,v2.1-f4676a0b,combined,2023,transitional_justice,6.666666666666667,6.666666666666666,9,"{""organization_or_unknown_only"": 30, ""unresolved_participant"": 1}",ok,"Coverage-game Shapley value = fractional counting: each activity's topic weight is split equally among its complete, de-duplicated participants. It describes shared observable participation and does not measure causal policy impact or irreplaceability."
fetch-20261006T122600Z-dfc47335,v2.1-f4676a0b,combined,2023,transportation,73.45,73.45,91,"{""organization_or_unknown_only"": 784}",ok,"Coverage-game Shapley value = fractional counting: each activity's topic weight is split equally among its complete, de-duplicated participants. It describes shared observable participation and does not measure causal policy impact or irreplaceability."
fetch-20261006T122600Z-dfc47335,v2.1-f4676a0b,combined,2023,unclassified,232.0,231.99999999999994,232,"{""organization_or_unknown_only"": 4371}",ok,"Coverage-game Shapley value = fractional counting: each activity's topic weight is split equally among its complete, de-duplicated participants. It describes shared observable participation and does not measure causal policy impact or irreplaceability."
fetch-20261006T122600Z-dfc47335,v2.1-f4676a0b,combined,2024,agriculture,89.15,89.14999999999999,123,"{""organization_or_unknown_only"": 269}",ok,"Coverage-game Shapley value = fractional counting: each activity's topic weight is split equally among its complete, de-duplicated participants. It describes shared observable participation and does not measure causal policy impact or irreplaceability."
fetch-20261006T122600Z-dfc47335,v2.1-f4676a0b,combined,2024,civil_rights,117.7,117.69999999999999,212,"{""organization_or_unknown_only"": 105}",ok,"Coverage-game Shapley value = fractional counting: each activity's topic weight is split equally among its complete, de-duplicated participants. It describes shared observable participation and does not measure causal policy impact or irreplaceability."
fetch-20261006T122600Z-dfc47335,v2.1-f4676a0b,combined,2024,commerce,91.7,91.7,148,"{""organization_or_unknown_only"": 259}",ok,"Coverage-game Shapley value = fractional counting: each activity's topic weight is split equally among its complete, de-duplicated participants. It describes shared observable participation and does not measure causal policy impact or irreplaceability."
fetch-20261006T122600Z-dfc47335,v2.1-f4676a0b,combined,2024,cross_strait,7.227777777777778,7.227777777777778,13,"{""organization_or_unknown_only"": 17}",ok,"Coverage-game Shapley value = fractional counting: each activity's topic weight is split equally among its complete, de-duplicated participants. It describes shared observable participation and does not measure causal policy impact or irreplaceability."
fetch-20261006T122600Z-dfc47335,v2.1-f4676a0b,combined,2024,culture,136.71666666666667,136.71666666666664,216,"{""organization_or_unknown_only"": 182}",ok,"Coverage-game Shapley value = fractional counting: each activity's topic weight is split equally among its complete, de-duplicated participants. It describes shared observable participation and does not measure causal policy impact or irreplaceability."
fetch-20261006T122600Z-dfc47335,v2.1-f4676a0b,combined,2024,defense,44.794444444444444,44.794444444444444,81,"{""organization_or_unknown_only"": 185}",ok,"Coverage-game Shapley value = fractional counting: each activity's topic weight is split equally among its complete, de-duplicated participants. It describes shared observable participation and does not measure causal policy impact or irreplaceability."
fetch-20261006T122600Z-dfc47335,v2.1-f4676a0b,combined,2024,education,235.05,235.0499999999999,364,"{""organization_or_unknown_only"": 231}",ok,"Coverage-game Shapley value = fractional counting: each activity's topic weight is split equally among its complete, de-duplicated participants. It describes shared observable participation and does not measure causal policy impact or irreplaceability."
fetch-20261006T122600Z-dfc47335,v2.1-f4676a0b,combined,2024,energy,40.12777777777778,40.12777777777778,72,"{""organization_or_unknown_only"": 105}",ok,"Coverage-game Shapley value = fractional counting: each activity's topic weight is split equally among its complete, de-duplicated participants. It describes shared observable participation and does not measure causal policy impact or irreplaceability."
fetch-20261006T122600Z-dfc47335,v2.1-f4676a0b,combined,2024,environment,67.62777777777778,67.62777777777778,113,"{""organization_or_unknown_only"": 208}",ok,"Coverage-game Shapley value = fractional counting: each activity's topic weight is split equally among its complete, de-duplicated participants. It describes shared observable participation and does not measure causal policy impact or irreplaceability."
fetch-20261006T122600Z-dfc47335,v2.1-f4676a0b,combined,2024,foreign_trade,8.333333333333334,8.333333333333334,15,"{""organization_or_unknown_only"": 82, ""participant_list_conflict"": 1}",ok,"Coverage-game Shapley value = fractional counting: each activity's topic weight is split equally among its complete, de-duplicated participants. It describes shared observable participation and does not measure causal policy impact or irreplaceability."
fetch-20261006T122600Z-dfc47335,v2.1-f4676a0b,combined,2024,government,135.07777777777778,135.07777777777775,236,"{""organization_or_unknown_only"": 111, ""participant_list_conflict"": 2}",ok,"Coverage-game Shapley value = fractional counting: each activity's topic weight is split equally among its complete, de-duplicated participants. It describes shared observable participation and does not measure causal policy impact or irreplaceability."
fetch-20261006T122600Z-dfc47335,v2.1-f4676a0b,combined,2024,health,156.2277777777778,156.22777777777776,229,"{""organization_or_unknown_only"": 233, ""participant_list_conflict"": 2}",ok,"Coverage-game Shapley value = fractional counting: each activity's topic weight is split equally among its complete, de-duplicated participants. It describes shared observable participation and does not measure causal policy impact or irreplaceability."
fetch-20261006T122600Z-dfc47335,v2.1-f4676a0b,combined,2024,housing,31.85,31.85,47,"{""organization_or_unknown_only"": 69}",ok,"Coverage-game Shapley value = fractional counting: each activity's topic weight is split equally among its complete, de-duplicated participants. It describes shared observable participation and does not measure causal policy impact or irreplaceability."
fetch-20261006T122600Z-dfc47335,v2.1-f4676a0b,combined,2024,immigration,48.95,48.95,69,"{""organization_or_unknown_only"": 58}",ok,"Coverage-game Shapley value = fractional counting: each activity's topic weight is split equally among its complete, de-duplicated participants. It describes shared observable participation and does not measure causal policy impact or irreplaceability."
fetch-20261006T122600Z-dfc47335,v2.1-f4676a0b,combined,2024,indigenous,74.31666666666666,74.31666666666666,139,"{""organization_or_unknown_only"": 46}",ok,"Coverage-game Shapley value = fractional counting: each activity's topic weight is split equally among its complete, de-duplicated participants. It describes shared observable participation and does not measure causal policy impact or irreplaceability."
fetch-20261006T122600Z-dfc47335,v2.1-f4676a0b,combined,2024,international,10.311111111111112,10.311111111111112,28,"{""organization_or_unknown_only"": 47}",ok,"Coverage-game Shapley value = fractional counting: each activity's topic weight is split equally among its complete, de-duplicated participants. It describes shared observable participation and does not measure causal policy impact or irreplaceability."
fetch-20261006T122600Z-dfc47335,v2.1-f4676a0b,combined,2024,labor,173.26666666666665,173.26666666666665,295,"{""organization_or_unknown_only"": 193}",ok,"Coverage-game Shapley value = fractional counting: each activity's topic weight is split equally among its complete, de-duplicated participants. It describes shared observable participation and does not measure causal policy impact or irreplaceability."
fetch-20261006T122600Z-dfc47335,v2.1-f4676a0b,combined,2024,law_crime,236.76111111111112,236.761111111111,355,"{""organization_or_unknown_only"": 282, ""participant_list_conflict"": 1}",ok,"Coverage-game Shapley value = fractional counting: each activity's topic weight is split equally among its complete, de-duplicated participants. It describes shared observable participation and does not measure causal policy impact or irreplaceability."
fetch-20261006T122600Z-dfc47335,v2.1-f4676a0b,combined,2024,macroeconomy,203.4611111111111,203.46111111111105,335,"{""organization_or_unknown_only"": 497}",ok,"Coverage-game Shapley value = fractional counting: each activity's topic weight is split equally among its complete, de-duplicated participants. It describes shared observable participation and does not measure causal policy impact or irreplaceability."
fetch-20261006T122600Z-dfc47335,v2.1-f4676a0b,combined,2024,public_lands,46.916666666666664,46.916666666666664,64,"{""organization_or_unknown_only"": 197}",ok,"Coverage-game Shapley value = fractional counting: each activity's topic weight is split equally among its complete, de-duplicated participants. It describes shared observable participation and does not measure causal policy impact or irreplaceability."
fetch-20261006T122600Z-dfc47335,v2.1-f4676a0b,combined,2024,social_welfare,170.31666666666666,170.31666666666663,300,"{""organization_or_unknown_only"": 85}",ok,"Coverage-game Shapley value = fractional counting: each activity's topic weight is split equally among its complete, de-duplicated participants. It describes shared observable participation and does not measure causal policy impact or irreplaceability."
fetch-20261006T122600Z-dfc47335,v2.1-f4676a0b,combined,2024,technology,170.91666666666666,170.91666666666657,287,"{""organization_or_unknown_only"": 375}",ok,"Coverage-game Shapley value = fractional counting: each activity's topic weight is split equally among its complete, de-duplicated participants. It describes shared observable participation and does not measure causal policy impact or irreplaceability."
fetch-20261006T122600Z-dfc47335,v2.1-f4676a0b,combined,2024,transitional_justice,13.333333333333334,13.333333333333332,21,"{""organization_or_unknown_only"": 21}",ok,"Coverage-game Shapley value = fractional counting: each activity's topic weight is split equally among its complete, de-duplicated participants. It describes shared observable participation and does not measure causal policy impact or irreplaceability."
fetch-20261006T122600Z-dfc47335,v2.1-f4676a0b,combined,2024,transportation,102.86666666666666,102.86666666666666,140,"{""organization_or_unknown_only"": 302}",ok,"Coverage-game Shapley value = fractional counting: each activity's topic weight is split equally among its complete, de-duplicated participants. It describes shared observable participation and does not measure causal policy impact or irreplaceability."
fetch-20261006T122600Z-dfc47335,v2.1-f4676a0b,combined,2024,unclassified,460.0,459.9999999999997,460,"{""organization_or_unknown_only"": 2375, ""participant_list_conflict"": 4}",ok,"Coverage-game Shapley value = fractional counting: each activity's topic weight is split equally among its complete, de-duplicated participants. It describes shared observable participation and does not measure causal policy impact or irreplaceability."
fetch-20261006T122600Z-dfc47335,v2.1-f4676a0b,combined,2025,agriculture,90.75277777777778,90.75277777777778,126,"{""organization_or_unknown_only"": 252}",ok,"Coverage-game Shapley value = fractional counting: each activity's topic weight is split equally among its complete, de-duplicated participants. It describes shared observable participation and does not measure causal policy impact or irreplaceability."
fetch-20261006T122600Z-dfc47335,v2.1-f4676a0b,combined,2025,civil_rights,87.59444444444445,87.59444444444443,160,"{""organization_or_unknown_only"": 73}",ok,"Coverage-game Shapley value = fractional counting: each activity's topic weight is split equally among its complete, de-duplicated participants. It describes shared observable participation and does not measure causal policy impact or irreplaceability."
fetch-20261006T122600Z-dfc47335,v2.1-f4676a0b,combined,2025,commerce,68.31666666666666,68.31666666666666,103,"{""organization_or_unknown_only"": 332}",ok,"Coverage-game Shapley value = fractional counting: each activity's topic weight is split equally among its complete, de-duplicated participants. It describes shared observable participation and does not measure causal policy impact or irreplaceability."
fetch-20261006T122600Z-dfc47335,v2.1-f4676a0b,combined,2025,cross_strait,5.25,5.25,11,"{""organization_or_unknown_only"": 24}",ok,"Coverage-game Shapley value = fractional counting: each activity's topic weight is split equally among its complete, de-duplicated participants. It describes shared observable participation and does not measure causal policy impact or irreplaceability."
fetch-20261006T122600Z-dfc47335,v2.1-f4676a0b,combined,2025,culture,72.56111111111112,72.5611111111111,108,"{""organization_or_unknown_only"": 227}",ok,"Coverage-game Shapley value = fractional counting: each activity's topic weight is split equally among its complete, de-duplicated participants. It describes shared observable participation and does not measure causal policy impact or irreplaceability."
fetch-20261006T122600Z-dfc47335,v2.1-f4676a0b,combined,2025,defense,55.125,55.125,87,"{""organization_or_unknown_only"": 351}",ok,"Coverage-game Shapley value = fractional counting: each activity's topic weight is split equally among its complete, de-duplicated participants. It describes shared observable participation and does not measure causal policy impact or irreplaceability."
fetch-20261006T122600Z-dfc47335,v2.1-f4676a0b,combined,2025,education,149.51111111111112,149.5111111111111,218,"{""organization_or_unknown_only"": 271}",ok,"Coverage-game Shapley value = fractional counting: each activity's topic weight is split equally among its complete, de-duplicated participants. It describes shared observable participation and does not measure causal policy impact or irreplaceability."
fetch-20261006T122600Z-dfc47335,v2.1-f4676a0b,combined,2025,energy,89.74166666666666,89.74166666666667,147,"{""organization_or_unknown_only"": 299}",ok,"Coverage-game Shapley value = fractional counting: each activity's topic weight is split equally among its complete, de-duplicated participants. It describes shared observable participation and does not measure causal policy impact or irreplaceability."
fetch-20261006T122600Z-dfc47335,v2.1-f4676a0b,combined,2025,environment,90.36666666666666,90.36666666666666,181,"{""organization_or_unknown_only"": 244}",ok,"Coverage-game Shapley value = fractional counting: each activity's topic weight is split equally among its complete, de-duplicated participants. It describes shared observable participation and does not measure causal policy impact or irreplaceability."
fetch-20261006T122600Z-dfc47335,v2.1-f4676a0b,combined,2025,foreign_trade,26.45,26.45,35,"{""organization_or_unknown_only"": 82}",ok,"Coverage-game Shapley value = fractional counting: each activity's topic weight is split equally among its complete, de-duplicated participants. It describes shared observable participation and does not measure causal policy impact or irreplaceability."
fetch-20261006T122600Z-dfc47335,v2.1-f4676a0b,combined,2025,government,84.75833333333333,84.75833333333333,151,"{""organization_or_unknown_only"": 115}",ok,"Coverage-game Shapley value = fractional counting: each activity's topic weight is split equally among its complete, de-duplicated participants. It describes shared observable participation and does not measure causal policy impact or irreplaceability."
fetch-20261006T122600Z-dfc47335,v2.1-f4676a0b,combined,2025,health,127.05,127.04999999999998,178,"{""organization_or_unknown_only"": 284}",ok,"Coverage-game Shapley value = fractional counting: each activity's topic weight is split equally among its complete, de-duplicated participants. It describes shared observable participation and does not measure causal policy impact or irreplaceability."
fetch-20261006T122600Z-dfc47335,v2.1-f4676a0b,combined,2025,housing,28.825,28.825,44,"{""organization_or_unknown_only"": 77}",ok,"Coverage-game Shapley value = fractional counting: each activity's topic weight is split equally among its complete, de-duplicated participants. It describes shared observable participation and does not measure causal policy impact or irreplaceability."
fetch-20261006T122600Z-dfc47335,v2.1-f4676a0b,combined,2025,immigration,20.833333333333332,20.833333333333332,29,"{""organization_or_unknown_only"": 41}",ok,"Coverage-game Shapley value = fractional counting: each activity's topic weight is split equally among its complete, de-duplicated participants. It describes shared observable participation and does not measure causal policy impact or irreplaceability."
fetch-20261006T122600Z-dfc47335,v2.1-f4676a0b,combined,2025,indigenous,38.46111111111111,38.46111111111111,74,"{""organization_or_unknown_only"": 80}",ok,"Coverage-game Shapley value = fractional counting: each activity's topic weight is split equally among its complete, de-duplicated participants. It describes shared observable participation and does not measure causal policy impact or irreplaceability."
fetch-20261006T122600Z-dfc47335,v2.1-f4676a0b,combined,2025,international,7.166666666666667,7.166666666666667,15,"{""organization_or_unknown_only"": 42}",ok,"Coverage-game Shapley value = fractional counting: each activity's topic weight is split equally among its complete, de-duplicated participants. It describes shared observable participation and does not measure causal policy impact or irreplaceability."
fetch-20261006T122600Z-dfc47335,v2.1-f4676a0b,combined,2025,labor,170.55,170.54999999999995,255,"{""organization_or_unknown_only"": 272, ""participant_list_conflict"": 1}",ok,"Coverage-game Shapley value = fractional counting: each activity's topic weight is split equally among its complete, de-duplicated participants. It describes shared observable participation and does not measure causal policy impact or irreplaceability."
fetch-20261006T122600Z-dfc47335,v2.1-f4676a0b,combined,2025,law_crime,260.0111111111111,260.01111111111095,367,"{""organization_or_unknown_only"": 323}",ok,"Coverage-game Shapley value = fractional counting: each activity's topic weight is split equally among its complete, de-duplicated participants. It describes shared observable participation and does not measure causal policy impact or irreplaceability."
fetch-20261006T122600Z-dfc47335,v2.1-f4676a0b,combined,2025,macroeconomy,129.79444444444445,129.79444444444442,253,"{""organization_or_unknown_only"": 505}",ok,"Coverage-game Shapley value = fractional counting: each activity's topic weight is split equally among its complete, de-duplicated participants. It describes shared observable participation and does not measure causal policy impact or irreplaceability."
fetch-20261006T122600Z-dfc47335,v2.1-f4676a0b,combined,2025,public_lands,22.302777777777777,22.302777777777777,37,"{""organization_or_unknown_only"": 208}",ok,"Coverage-game Shapley value = fractional counting: each activity's topic weight is split equally among its complete, de-duplicated participants. It describes shared observable participation and does not measure causal policy impact or irreplaceability."
fetch-20261006T122600Z-dfc47335,v2.1-f4676a0b,combined,2025,social_welfare,139.4777777777778,139.47777777777776,239,"{""organization_or_unknown_only"": 105}",ok,"Coverage-game Shapley value = fractional counting: each activity's topic weight is split equally among its complete, de-duplicated participants. It describes shared observable participation and does not measure causal policy impact or irreplaceability."
fetch-20261006T122600Z-dfc47335,v2.1-f4676a0b,combined,2025,technology,209.975,209.9749999999999,334,"{""organization_or_unknown_only"": 552}",ok,"Coverage-game Shapley value = fractional counting: each activity's topic weight is split equally among its complete, de-duplicated participants. It describes shared observable participation and does not measure causal policy impact or irreplaceability."
fetch-20261006T122600Z-dfc47335,v2.1-f4676a0b,combined,2025,transitional_justice,0.8333333333333333,0.8333333333333333,2,"{""organization_or_unknown_only"": 12}",ok,"Coverage-game Shapley value = fractional counting: each activity's topic weight is split equally among its complete, de-duplicated participants. It describes shared observable participation and does not measure causal policy impact or irreplaceability."
fetch-20261006T122600Z-dfc47335,v2.1-f4676a0b,combined,2025,transportation,116.29166666666667,116.29166666666666,185,"{""organization_or_unknown_only"": 468}",ok,"Coverage-game Shapley value = fractional counting: each activity's topic weight is split equally among its complete, de-duplicated participants. It describes shared observable participation and does not measure causal policy impact or irreplaceability."
fetch-20261006T122600Z-dfc47335,v2.1-f4676a0b,combined,2025,unclassified,389.0,388.9999999999997,389,"{""organization_or_unknown_only"": 3151}",ok,"Coverage-game Shapley value = fractional counting: each activity's topic weight is split equally among its complete, de-duplicated participants. It describes shared observable participation and does not measure causal policy impact or irreplaceability."
fetch-20261006T122600Z-dfc47335,v2.1-f4676a0b,cosign,2016,agriculture,27.45,27.45,39,"{""participant_list_conflict"": 16, ""unresolved_participant"": 4}",ok,"Coverage-game Shapley value = fractional counting: each activity's topic weight is split equally among its complete, de-duplicated participants. It describes shared observable participation and does not measure causal policy impact or irreplaceability."
fetch-20261006T122600Z-dfc47335,v2.1-f4676a0b,cosign,2016,civil_rights,38.5,38.49999999999999,60,"{""participant_list_conflict"": 17, ""unresolved_participant"": 3}",ok,"Coverage-game Shapley value = fractional counting: each activity's topic weight is split equally among its complete, de-duplicated participants. It describes shared observable participation and does not measure causal policy impact or irreplaceability."
fetch-20261006T122600Z-dfc47335,v2.1-f4676a0b,cosign,2016,commerce,58.583333333333336,58.58333333333332,95,"{""participant_list_conflict"": 20, ""unresolved_participant"": 4}",ok,"Coverage-game Shapley value = fractional counting: each activity's topic weight is split equally among its complete, de-duplicated participants. It describes shared observable participation and does not measure causal policy impact or irreplaceability."
fetch-20261006T122600Z-dfc47335,v2.1-f4676a0b,cosign,2016,cross_strait,8.0,8.0,13,"{""participant_list_conflict"": 2}",ok,"Coverage-game Shapley value = fractional counting: each activity's topic weight is split equally among its complete, de-duplicated participants. It describes shared observable participation and does not measure causal policy impact or irreplaceability."
fetch-20261006T122600Z-dfc47335,v2.1-f4676a0b,cosign,2016,culture,53.416666666666664,53.41666666666667,78,"{""participant_list_conflict"": 12, ""unresolved_participant"": 3}",ok,"Coverage-game Shapley value = fractional counting: each activity's topic weight is split equally among its complete, de-duplicated participants. It describes shared observable participation and does not measure causal policy impact or irreplaceability."
fetch-20261006T122600Z-dfc47335,v2.1-f4676a0b,cosign,2016,defense,40.916666666666664,40.916666666666664,58,"{""participant_list_conflict"": 7, ""unresolved_participant"": 3}",ok,"Coverage-game Shapley value = fractional counting: each activity's topic weight is split equally among its complete, de-duplicated participants. It describes shared observable participation and does not measure causal policy impact or irreplaceability."
fetch-20261006T122600Z-dfc47335,v2.1-f4676a0b,cosign,2016,education,75.5,75.5,107,"{""participant_list_conflict"": 20, ""unresolved_participant"": 8}",ok,"Coverage-game Shapley value = fractional counting: each activity's topic weight is split equally among its complete, de-duplicated participants. It describes shared observable participation and does not measure causal policy impact or irreplaceability."
fetch-20261006T122600Z-dfc47335,v2.1-f4676a0b,cosign,2016,energy,22.083333333333332,22.083333333333332,30,"{""participant_list_conflict"": 5}",ok,"Coverage-game Shapley value = fractional counting: each activity's topic weight is split equally among its complete, de-duplicated participants. It describes shared observable participation and does not measure causal policy impact or irreplaceability."
fetch-20261006T122600Z-dfc47335,v2.1-f4676a0b,cosign,2016,environment,48.083333333333336,48.08333333333333,72,"{""participant_list_conflict"": 22, ""unresolved_participant"": 3}",ok,"Coverage-game Shapley value = fractional counting: each activity's topic weight is split equally among its complete, de-duplicated participants. It describes shared observable participation and does not measure causal policy impact or irreplaceability."
fetch-20261006T122600Z-dfc47335,v2.1-f4676a0b,cosign,2016,foreign_trade,3.6666666666666665,3.6666666666666665,8,"{""participant_list_conflict"": 1}",ok,"Coverage-game Shapley value = fractional counting: each activity's topic weight is split equally among its complete, de-duplicated participants. It describes shared observable participation and does not measure causal policy impact or irreplaceability."
fetch-20261006T122600Z-dfc47335,v2.1-f4676a0b,cosign,2016,government,92.5,92.5,129,"{""participant_list_conflict"": 51, ""unresolved_participant"": 10}",ok,"Coverage-game Shapley value = fractional counting: each activity's topic weight is split equally among its complete, de-duplicated participants. It describes shared observable participation and does not measure causal policy impact or irreplaceability."
fetch-20261006T122600Z-dfc47335,v2.1-f4676a0b,cosign,2016,health,78.83333333333333,78.83333333333333,104,"{""participant_list_conflict"": 7, ""unresolved_participant"": 6}",ok,"Coverage-game Shapley value = fractional counting: each activity's topic weight is split equally among its complete, de-duplicated participants. It describes shared observable participation and does not measure causal policy impact or irreplaceability."
fetch-20261006T122600Z-dfc47335,v2.1-f4676a0b,cosign,2016,housing,12.166666666666666,12.166666666666666,18,"{""participant_list_conflict"": 6}",ok,"Coverage-game Shapley value = fractional counting: each activity's topic weight is split equally among its complete, de-duplicated participants. It describes shared observable participation and does not measure causal policy impact or irreplaceability."
fetch-20261006T122600Z-dfc47335,v2.1-f4676a0b,cosign,2016,immigration,19.166666666666668,19.166666666666668,28,"{""participant_list_conflict"": 8, ""unresolved_participant"": 1}",ok,"Coverage-game Shapley value = fractional counting: each activity's topic weight is split equally among its complete, de-duplicated participants. It describes shared observable participation and does not measure causal policy impact or irreplaceability."
fetch-20261006T122600Z-dfc47335,v2.1-f4676a0b,cosign,2016,indigenous,28.616666666666667,28.616666666666667,55,"{""participant_list_conflict"": 12, ""unresolved_participant"": 4}",ok,"Coverage-game Shapley value = fractional counting: each activity's topic weight is split equally among its complete, de-duplicated participants. It describes shared observable participation and does not measure causal policy impact or irreplaceability."
fetch-20261006T122600Z-dfc47335,v2.1-f4676a0b,cosign,2016,international,8.2,8.2,14,"{""participant_list_conflict"": 2, ""unresolved_participant"": 1}",ok,"Coverage-game Shapley value = fractional counting: each activity's topic weight is split equally among its complete, de-duplicated participants. It describes shared observable participation and does not measure causal policy impact or irreplaceability."
fetch-20261006T122600Z-dfc47335,v2.1-f4676a0b,cosign,2016,labor,92.25,92.25,129,"{""participant_list_conflict"": 21, ""unresolved_participant"": 10}",ok,"Coverage-game Shapley value = fractional counting: each activity's topic weight is split equally among its complete, de-duplicated participants. It describes shared observable participation and does not measure causal policy impact or irreplaceability."
fetch-20261006T122600Z-dfc47335,v2.1-f4676a0b,cosign,2016,law_crime,163.08333333333334,163.08333333333331,225,"{""participant_list_conflict"": 63, ""unresolved_participant"": 13}",ok,"Coverage-game Shapley value = fractional counting: each activity's topic weight is split equally among its complete, de-duplicated participants. It describes shared observable participation and does not measure causal policy impact or irreplaceability."
fetch-20261006T122600Z-dfc47335,v2.1-f4676a0b,cosign,2016,macroeconomy,45.833333333333336,45.83333333333333,75,"{""participant_list_conflict"": 6, ""unresolved_participant"": 3}",ok,"Coverage-game Shapley value = fractional counting: each activity's topic weight is split equally among its complete, de-duplicated participants. It describes shared observable participation and does not measure causal policy impact or irreplaceability."
fetch-20261006T122600Z-dfc47335,v2.1-f4676a0b,cosign,2016,public_lands,26.033333333333335,26.03333333333333,39,"{""participant_list_conflict"": 9, ""unresolved_participant"": 1}",ok,"Coverage-game Shapley value = fractional counting: each activity's topic weight is split equally among its complete, de-duplicated participants. It describes shared observable participation and does not measure causal policy impact or irreplaceability."
fetch-20261006T122600Z-dfc47335,v2.1-f4676a0b,cosign,2016,social_welfare,38.166666666666664,38.166666666666664,62,"{""participant_list_conflict"": 4, ""unresolved_participant"": 4}",ok,"Coverage-game Shapley value = fractional counting: each activity's topic weight is split equally among its complete, de-duplicated participants. It describes shared observable participation and does not measure causal policy impact or irreplaceability."
fetch-20261006T122600Z-dfc47335,v2.1-f4676a0b,cosign,2016,technology,34.28333333333333,34.28333333333333,57,"{""participant_list_conflict"": 15, ""unresolved_participant"": 2}",ok,"Coverage-game Shapley value = fractional counting: each activity's topic weight is split equally among its complete, de-duplicated participants. It describes shared observable participation and does not measure causal policy impact or irreplaceability."
fetch-20261006T122600Z-dfc47335,v2.1-f4676a0b,cosign,2016,transitional_justice,13.0,13.0,17,"{""participant_list_conflict"": 4}",ok,"Coverage-game Shapley value = fractional counting: each activity's topic weight is split equally among its complete, de-duplicated participants. It describes shared observable participation and does not measure causal policy impact or irreplaceability."
fetch-20261006T122600Z-dfc47335,v2.1-f4676a0b,cosign,2016,transportation,78.66666666666667,78.66666666666666,104,"{""participant_list_conflict"": 24, ""unresolved_participant"": 11}",ok,"Coverage-game Shapley value = fractional counting: each activity's topic weight is split equally among its complete, de-duplicated participants. It describes shared observable participation and does not measure causal policy impact or irreplaceability."
fetch-20261006T122600Z-dfc47335,v2.1-f4676a0b,cosign,2016,unclassified,223.0,223.0,223,"{""participant_list_conflict"": 68, ""unresolved_participant"": 11}",ok,"Coverage-game Shapley value = fractional counting: each activity's topic weight is split equally among its complete, de-duplicated participants. It describes shared observable participation and does not measure causal policy impact or irreplaceability."
fetch-20261006T122600Z-dfc47335,v2.1-f4676a0b,cosign,2017,agriculture,15.333333333333334,15.333333333333332,24,"{""participant_list_conflict"": 6, ""unresolved_participant"": 1}",ok,"Coverage-game Shapley value = fractional counting: each activity's topic weight is split equally among its complete, de-duplicated participants. It describes shared observable participation and does not measure causal policy impact or irreplaceability."
fetch-20261006T122600Z-dfc47335,v2.1-f4676a0b,cosign,2017,civil_rights,44.0,44.0,74,"{""participant_list_conflict"": 12}",ok,"Coverage-game Shapley value = fractional counting: each activity's topic weight is split equally among its complete, de-duplicated participants. It describes shared observable participation and does not measure causal policy impact or irreplaceability."
fetch-20261006T122600Z-dfc47335,v2.1-f4676a0b,cosign,2017,commerce,47.0,47.0,72,"{""participant_list_conflict"": 7, ""unresolved_participant"": 2}",ok,"Coverage-game Shapley value = fractional counting: each activity's topic weight is split equally among its complete, de-duplicated participants. It describes shared observable participation and does not measure causal policy impact or irreplaceability."
fetch-20261006T122600Z-dfc47335,v2.1-f4676a0b,cosign,2017,cross_strait,4.0,4.0,5,{},ok,"Coverage-game Shapley value = fractional counting: each activity's topic weight is split equally among its complete, de-duplicated participants. It describes shared observable participation and does not measure causal policy impact or irreplaceability."
fetch-20261006T122600Z-dfc47335,v2.1-f4676a0b,cosign,2017,culture,31.5,31.5,42,"{""participant_list_conflict"": 7}",ok,"Coverage-game Shapley value = fractional counting: each activity's topic weight is split equally among its complete, de-duplicated participants. It describes shared observable participation and does not measure causal policy impact or irreplaceability."
fetch-20261006T122600Z-dfc47335,v2.1-f4676a0b,cosign,2017,defense,25.25,25.25,41,"{""participant_list_conflict"": 9, ""unresolved_participant"": 2}",ok,"Coverage-game Shapley value = fractional counting: each activity's topic weight is split equally among its complete, de-duplicated participants. It describes shared observable participation and does not measure causal policy impact or irreplaceability."
fetch-20261006T122600Z-dfc47335,v2.1-f4676a0b,cosign,2017,education,83.66666666666667,83.66666666666666,113,"{""participant_list_conflict"": 13}",ok,"Coverage-game Shapley value = fractional counting: each activity's topic weight is split equally among its complete, de-duplicated participants. It describes shared observable participation and does not measure causal policy impact or irreplaceability."
fetch-20261006T122600Z-dfc47335,v2.1-f4676a0b,cosign,2017,energy,14.666666666666666,14.666666666666666,24,"{""participant_list_conflict"": 4}",ok,"Coverage-game Shapley value = fractional counting: each activity's topic weight is split equally among its complete, de-duplicated participants. It describes shared observable participation and does not measure causal policy impact or irreplaceability."
fetch-20261006T122600Z-dfc47335,v2.1-f4676a0b,cosign,2017,environment,51.666666666666664,51.666666666666664,69,"{""participant_list_conflict"": 5}",ok,"Coverage-game Shapley value = fractional counting: each activity's topic weight is split equally among its complete, de-duplicated participants. It describes shared observable participation and does not measure causal policy impact or irreplaceability."
fetch-20261006T122600Z-dfc47335,v2.1-f4676a0b,cosign,2017,foreign_trade,4.333333333333333,4.333333333333333,12,{},ok,"Coverage-game Shapley value = fractional counting: each activity's topic weight is split equally among its complete, de-duplicated participants. It describes shared observable participation and does not measure causal policy impact or irreplaceability."
fetch-20261006T122600Z-dfc47335,v2.1-f4676a0b,cosign,2017,government,76.33333333333333,76.33333333333333,122,"{""participant_list_conflict"": 22, ""unresolved_participant"": 2}",ok,"Coverage-game Shapley value = fractional counting: each activity's topic weight is split equally among its complete, de-duplicated participants. It describes shared observable participation and does not measure causal policy impact or irreplaceability."
fetch-20261006T122600Z-dfc47335,v2.1-f4676a0b,cosign,2017,health,53.083333333333336,53.08333333333333,69,"{""participant_list_conflict"": 8}",ok,"Coverage-game Shapley value = fractional counting: each activity's topic weight is split equally among its complete, de-duplicated participants. It describes shared observable participation and does not measure causal policy impact or irreplaceability."
fetch-20261006T122600Z-dfc47335,v2.1-f4676a0b,cosign,2017,housing,11.416666666666666,11.416666666666666,16,"{""participant_list_conflict"": 3}",ok,"Coverage-game Shapley value = fractional counting: each activity's topic weight is split equally among its complete, de-duplicated participants. It describes shared observable participation and does not measure causal policy impact or irreplaceability."
fetch-20261006T122600Z-dfc47335,v2.1-f4676a0b,cosign,2017,immigration,10.75,10.75,19,"{""participant_list_conflict"": 1}",ok,"Coverage-game Shapley value = fractional counting: each activity's topic weight is split equally among its complete, de-duplicated participants. It describes shared observable participation and does not measure causal policy impact or irreplaceability."
fetch-20261006T122600Z-dfc47335,v2.1-f4676a0b,cosign,2017,indigenous,25.416666666666668,25.416666666666668,40,"{""participant_list_conflict"": 8, ""unresolved_participant"": 1}",ok,"Coverage-game Shapley value = fractional counting: each activity's topic weight is split equally among its complete, de-duplicated participants. It describes shared observable participation and does not measure causal policy impact or irreplaceability."
fetch-20261006T122600Z-dfc47335,v2.1-f4676a0b,cosign,2017,international,6.916666666666667,6.916666666666667,9,"{""participant_list_conflict"": 1}",ok,"Coverage-game Shapley value = fractional counting: each activity's topic weight is split equally among its complete, de-duplicated participants. It describes shared observable participation and does not measure causal policy impact or irreplaceability."
fetch-20261006T122600Z-dfc47335,v2.1-f4676a0b,cosign,2017,labor,79.0,79.0,104,"{""participant_list_conflict"": 10, ""unresolved_participant"": 2}",ok,"Coverage-game Shapley value = fractional counting: each activity's topic weight is split equally among its complete, de-duplicated participants. It describes shared observable participation and does not measure causal policy impact or irreplaceability."
fetch-20261006T122600Z-dfc47335,v2.1-f4676a0b,cosign,2017,law_crime,136.83333333333334,136.83333333333331,194,"{""participant_list_conflict"": 42, ""unresolved_participant"": 1}",ok,"Coverage-game Shapley value = fractional counting: each activity's topic weight is split equally among its complete, de-duplicated participants. It describes shared observable participation and does not measure causal policy impact or irreplaceability."
fetch-20261006T122600Z-dfc47335,v2.1-f4676a0b,cosign,2017,macroeconomy,58.25,58.25,97,"{""participant_list_conflict"": 17, ""unresolved_participant"": 1}",ok,"Coverage-game Shapley value = fractional counting: each activity's topic weight is split equally among its complete, de-duplicated participants. It describes shared observable participation and does not measure causal policy impact or irreplaceability."
fetch-20261006T122600Z-dfc47335,v2.1-f4676a0b,cosign,2017,public_lands,16.0,16.0,26,"{""participant_list_conflict"": 5, ""unresolved_participant"": 1}",ok,"Coverage-game Shapley value = fractional counting: each activity's topic weight is split equally among its complete, de-duplicated participants. It describes shared observable participation and does not measure causal policy impact or irreplaceability."
fetch-20261006T122600Z-dfc47335,v2.1-f4676a0b,cosign,2017,social_welfare,30.333333333333332,30.333333333333332,49,"{""participant_list_conflict"": 4, ""unresolved_participant"": 1}",ok,"Coverage-game Shapley value = fractional counting: each activity's topic weight is split equally among its complete, de-duplicated participants. It describes shared observable participation and does not measure causal policy impact or irreplaceability."
fetch-20261006T122600Z-dfc47335,v2.1-f4676a0b,cosign,2017,technology,18.583333333333332,18.583333333333332,28,"{""participant_list_conflict"": 1, ""unresolved_participant"": 1}",ok,"Coverage-game Shapley value = fractional counting: each activity's topic weight is split equally among its complete, de-duplicated participants. It describes shared observable participation and does not measure causal policy impact or irreplaceability."
fetch-20261006T122600Z-dfc47335,v2.1-f4676a0b,cosign,2017,transitional_justice,1.5,1.5,2,"{""participant_list_conflict"": 3}",ok,"Coverage-game Shapley value = fractional counting: each activity's topic weight is split equally among its complete, de-duplicated participants. It describes shared observable participation and does not measure causal policy impact or irreplaceability."
fetch-20261006T122600Z-dfc47335,v2.1-f4676a0b,cosign,2017,transportation,72.16666666666667,72.16666666666667,93,"{""participant_list_conflict"": 14, ""unresolved_participant"": 3}",ok,"Coverage-game Shapley value = fractional counting: each activity's topic weight is split equally among its complete, de-duplicated participants. It describes shared observable participation and does not measure causal policy impact or irreplaceability."
fetch-20261006T122600Z-dfc47335,v2.1-f4676a0b,cosign,2017,unclassified,218.0,218.00000000000003,218,"{""participant_list_conflict"": 36, ""unresolved_participant"": 4}",ok,"Coverage-game Shapley value = fractional counting: each activity's topic weight is split equally among its complete, de-duplicated participants. It describes shared observable participation and does not measure causal policy impact or irreplaceability."
fetch-20261006T122600Z-dfc47335,v2.1-f4676a0b,cosign,2018,agriculture,21.0,21.0,28,"{""participant_list_conflict"": 6}",ok,"Coverage-game Shapley value = fractional counting: each activity's topic weight is split equally among its complete, de-duplicated participants. It describes shared observable participation and does not measure causal policy impact or irreplaceability."
fetch-20261006T122600Z-dfc47335,v2.1-f4676a0b,cosign,2018,civil_rights,57.5,57.5,87,"{""participant_list_conflict"": 1, ""unresolved_participant"": 2}",ok,"Coverage-game Shapley value = fractional counting: each activity's topic weight is split equally among its complete, de-duplicated participants. It describes shared observable participation and does not measure causal policy impact or irreplaceability."
fetch-20261006T122600Z-dfc47335,v2.1-f4676a0b,cosign,2018,commerce,45.333333333333336,45.33333333333333,60,"{""participant_list_conflict"": 9, ""unresolved_participant"": 1}",ok,"Coverage-game Shapley value = fractional counting: each activity's topic weight is split equally among its complete, de-duplicated participants. It describes shared observable participation and does not measure causal policy impact or irreplaceability."
fetch-20261006T122600Z-dfc47335,v2.1-f4676a0b,cosign,2018,cross_strait,0.5,0.5,1,{},ok,"Coverage-game Shapley value = fractional counting: each activity's topic weight is split equally among its complete, de-duplicated participants. It describes shared observable participation and does not measure causal policy impact or irreplaceability."
fetch-20261006T122600Z-dfc47335,v2.1-f4676a0b,cosign,2018,culture,24.5,24.5,33,"{""participant_list_conflict"": 5, ""unresolved_participant"": 1}",ok,"Coverage-game Shapley value = fractional counting: each activity's topic weight is split equally among its complete, de-duplicated participants. It describes shared observable participation and does not measure causal policy impact or irreplaceability."
fetch-20261006T122600Z-dfc47335,v2.1-f4676a0b,cosign,2018,defense,20.833333333333332,20.833333333333332,37,"{""participant_list_conflict"": 3, ""unresolved_participant"": 2}",ok,"Coverage-game Shapley value = fractional counting: each activity's topic weight is split equally among its complete, de-duplicated participants. It describes shared observable participation and does not measure causal policy impact or irreplaceability."
fetch-20261006T122600Z-dfc47335,v2.1-f4676a0b,cosign,2018,education,73.0,73.0,106,"{""participant_list_conflict"": 13, ""unresolved_participant"": 3}",ok,"Coverage-game Shapley value = fractional counting: each activity's topic weight is split equally among its complete, de-duplicated participants. It describes shared observable participation and does not measure causal policy impact or irreplaceability."
fetch-20261006T122600Z-dfc47335,v2.1-f4676a0b,cosign,2018,energy,17.5,17.5,26,"{""participant_list_conflict"": 2}",ok,"Coverage-game Shapley value = fractional counting: each activity's topic weight is split equally among its complete, de-duplicated participants. It describes shared observable participation and does not measure causal policy impact or irreplaceability."
fetch-20261006T122600Z-dfc47335,v2.1-f4676a0b,cosign,2018,environment,25.166666666666668,25.166666666666664,34,"{""participant_list_conflict"": 3}",ok,"Coverage-game Shapley value = fractional counting: each activity's topic weight is split equally among its complete, de-duplicated participants. It describes shared observable participation and does not measure causal policy impact or irreplaceability."
fetch-20261006T122600Z-dfc47335,v2.1-f4676a0b,cosign,2018,foreign_trade,4.666666666666667,4.666666666666667,8,{},ok,"Coverage-game Shapley value = fractional counting: each activity's topic weight is split equally among its complete, de-duplicated participants. It describes shared observable participation and does not measure causal policy impact or irreplaceability."
fetch-20261006T122600Z-dfc47335,v2.1-f4676a0b,cosign,2018,government,57.0,57.0,83,"{""participant_list_conflict"": 3, ""unresolved_participant"": 1}",ok,"Coverage-game Shapley value = fractional counting: each activity's topic weight is split equally among its complete, de-duplicated participants. It describes shared observable participation and does not measure causal policy impact or irreplaceability."
fetch-20261006T122600Z-dfc47335,v2.1-f4676a0b,cosign,2018,health,56.416666666666664,56.416666666666664,68,"{""participant_list_conflict"": 3}",ok,"Coverage-game Shapley value = fractional counting: each activity's topic weight is split equally among its complete, de-duplicated participants. It describes shared observable participation and does not measure causal policy impact or irreplaceability."
fetch-20261006T122600Z-dfc47335,v2.1-f4676a0b,cosign,2018,housing,6.0,6.0,10,"{""unresolved_participant"": 1}",ok,"Coverage-game Shapley value = fractional counting: each activity's topic weight is split equally among its complete, de-duplicated participants. It describes shared observable participation and does not measure causal policy impact or irreplaceability."
fetch-20261006T122600Z-dfc47335,v2.1-f4676a0b,cosign,2018,immigration,13.25,13.25,20,"{""participant_list_conflict"": 1, ""unresolved_participant"": 2}",ok,"Coverage-game Shapley value = fractional counting: each activity's topic weight is split equally among its complete, de-duplicated participants. It describes shared observable participation and does not measure causal policy impact or irreplaceability."
fetch-20261006T122600Z-dfc47335,v2.1-f4676a0b,cosign,2018,indigenous,11.166666666666666,11.166666666666666,19,"{""participant_list_conflict"": 1}",ok,"Coverage-game Shapley value = fractional counting: each activity's topic weight is split equally among its complete, de-duplicated participants. It describes shared observable participation and does not measure causal policy impact or irreplaceability."
fetch-20261006T122600Z-dfc47335,v2.1-f4676a0b,cosign,2018,international,8.75,8.75,14,{},ok,"Coverage-game Shapley value = fractional counting: each activity's topic weight is split equally among its complete, de-duplicated participants. It describes shared observable participation and does not measure causal policy impact or irreplaceability."
fetch-20261006T122600Z-dfc47335,v2.1-f4676a0b,cosign,2018,labor,65.16666666666667,65.16666666666666,95,"{""participant_list_conflict"": 6, ""unresolved_participant"": 3}",ok,"Coverage-game Shapley value = fractional counting: each activity's topic weight is split equally among its complete, de-duplicated participants. It describes shared observable participation and does not measure causal policy impact or irreplaceability."
fetch-20261006T122600Z-dfc47335,v2.1-f4676a0b,cosign,2018,law_crime,114.0,114.0,158,"{""participant_list_conflict"": 14, ""unresolved_participant"": 3}",ok,"Coverage-game Shapley value = fractional counting: each activity's topic weight is split equally among its complete, de-duplicated participants. It describes shared observable participation and does not measure causal policy impact or irreplaceability."
fetch-20261006T122600Z-dfc47335,v2.1-f4676a0b,cosign,2018,macroeconomy,37.833333333333336,37.833333333333336,50,"{""participant_list_conflict"": 1, ""unresolved_participant"": 1}",ok,"Coverage-game Shapley value = fractional counting: each activity's topic weight is split equally among its complete, de-duplicated participants. It describes shared observable participation and does not measure causal policy impact or irreplaceability."
fetch-20261006T122600Z-dfc47335,v2.1-f4676a0b,cosign,2018,public_lands,17.666666666666668,17.666666666666668,22,"{""participant_list_conflict"": 1}",ok,"Coverage-game Shapley value = fractional counting: each activity's topic weight is split equally among its complete, de-duplicated participants. It describes shared observable participation and does not measure causal policy impact or irreplaceability."
fetch-20261006T122600Z-dfc47335,v2.1-f4676a0b,cosign,2018,social_welfare,36.25,36.25,59,"{""participant_list_conflict"": 2, ""unresolved_participant"": 2}",ok,"Coverage-game Shapley value = fractional counting: each activity's topic weight is split equally among its complete, de-duplicated participants. It describes shared observable participation and does not measure causal policy impact or irreplaceability."
fetch-20261006T122600Z-dfc47335,v2.1-f4676a0b,cosign,2018,technology,25.666666666666668,25.666666666666664,35,"{""participant_list_conflict"": 5}",ok,"Coverage-game Shapley value = fractional counting: each activity's topic weight is split equally among its complete, de-duplicated participants. It describes shared observable participation and does not measure causal policy impact or irreplaceability."
fetch-20261006T122600Z-dfc47335,v2.1-f4676a0b,cosign,2018,transitional_justice,7.666666666666667,7.666666666666667,10,{},ok,"Coverage-game Shapley value = fractional counting: each activity's topic weight is split equally among its complete, de-duplicated participants. It describes shared observable participation and does not measure causal policy impact or irreplaceability."
fetch-20261006T122600Z-dfc47335,v2.1-f4676a0b,cosign,2018,transportation,46.166666666666664,46.166666666666664,58,"{""participant_list_conflict"": 2, ""unresolved_participant"": 2}",ok,"Coverage-game Shapley value = fractional counting: each activity's topic weight is split equally among its complete, de-duplicated participants. It describes shared observable participation and does not measure causal policy impact or irreplaceability."
fetch-20261006T122600Z-dfc47335,v2.1-f4676a0b,cosign,2018,unclassified,189.0,189.0,189,"{""participant_list_conflict"": 19, ""unresolved_participant"": 4}",ok,"Coverage-game Shapley value = fractional counting: each activity's topic weight is split equally among its complete, de-duplicated participants. It describes shared observable participation and does not measure causal policy impact or irreplaceability."
fetch-20261006T122600Z-dfc47335,v2.1-f4676a0b,cosign,2019,agriculture,26.25,26.25,39,{},ok,"Coverage-game Shapley value = fractional counting: each activity's topic weight is split equally among its complete, de-duplicated participants. It describes shared observable participation and does not measure causal policy impact or irreplaceability."
fetch-20261006T122600Z-dfc47335,v2.1-f4676a0b,cosign,2019,civil_rights,35.583333333333336,35.58333333333333,50,{},ok,"Coverage-game Shapley value = fractional counting: each activity's topic weight is split equally among its complete, de-duplicated participants. It describes shared observable participation and does not measure causal policy impact or irreplaceability."
fetch-20261006T122600Z-dfc47335,v2.1-f4676a0b,cosign,2019,commerce,19.75,19.75,29,{},ok,"Coverage-game Shapley value = fractional counting: each activity's topic weight is split equally among its complete, de-duplicated participants. It describes shared observable participation and does not measure causal policy impact or irreplaceability."
fetch-20261006T122600Z-dfc47335,v2.1-f4676a0b,cosign,2019,cross_strait,1.5,1.4999999999999998,2,{},ok,"Coverage-game Shapley value = fractional counting: each activity's topic weight is split equally among its complete, de-duplicated participants. It describes shared observable participation and does not measure causal policy impact or irreplaceability."
fetch-20261006T122600Z-dfc47335,v2.1-f4676a0b,cosign,2019,culture,35.416666666666664,35.416666666666664,49,"{""unresolved_participant"": 1}",ok,"Coverage-game Shapley value = fractional counting: each activity's topic weight is split equally among its complete, de-duplicated participants. It describes shared observable participation and does not measure causal policy impact or irreplaceability."
fetch-20261006T122600Z-dfc47335,v2.1-f4676a0b,cosign,2019,defense,28.0,28.0,42,{},ok,"Coverage-game Shapley value = fractional counting: each activity's topic weight is split equally among its complete, de-duplicated participants. It describes shared observable participation and does not measure causal policy impact or irreplaceability."
fetch-20261006T122600Z-dfc47335,v2.1-f4676a0b,cosign,2019,education,48.75,48.75,74,{},ok,"Coverage-game Shapley value = fractional counting: each activity's topic weight is split equally among its complete, de-duplicated participants. It describes shared observable participation and does not measure causal policy impact or irreplaceability."
fetch-20261006T122600Z-dfc47335,v2.1-f4676a0b,cosign,2019,energy,6.833333333333333,6.833333333333333,8,{},ok,"Coverage-game Shapley value = fractional counting: each activity's topic weight is split equally among its complete, de-duplicated participants. It describes shared observable participation and does not measure causal policy impact or irreplaceability."
fetch-20261006T122600Z-dfc47335,v2.1-f4676a0b,cosign,2019,environment,23.166666666666668,23.166666666666664,29,{},ok,"Coverage-game Shapley value = fractional counting: each activity's topic weight is split equally among its complete, de-duplicated participants. It describes shared observable participation and does not measure causal policy impact or irreplaceability."
fetch-20261006T122600Z-dfc47335,v2.1-f4676a0b,cosign,2019,foreign_trade,10.75,10.75,14,{},ok,"Coverage-game Shapley value = fractional counting: each activity's topic weight is split equally among its complete, de-duplicated participants. It describes shared observable participation and does not measure causal policy impact or irreplaceability."
fetch-20261006T122600Z-dfc47335,v2.1-f4676a0b,cosign,2019,government,65.91666666666667,65.91666666666667,96,{},ok,"Coverage-game Shapley value = fractional counting: each activity's topic weight is split equally among its complete, de-duplicated participants. It describes shared observable participation and does not measure causal policy impact or irreplaceability."
fetch-20261006T122600Z-dfc47335,v2.1-f4676a0b,cosign,2019,health,64.16666666666667,64.16666666666666,84,{},ok,"Coverage-game Shapley value = fractional counting: each activity's topic weight is split equally among its complete, de-duplicated participants. It describes shared observable participation and does not measure causal policy impact or irreplaceability."
fetch-20261006T122600Z-dfc47335,v2.1-f4676a0b,cosign,2019,housing,7.166666666666667,7.166666666666666,9,{},ok,"Coverage-game Shapley value = fractional counting: each activity's topic weight is split equally among its complete, de-duplicated participants. It describes shared observable participation and does not measure causal policy impact or irreplaceability."
fetch-20261006T122600Z-dfc47335,v2.1-f4676a0b,cosign,2019,immigration,11.75,11.75,17,{},ok,"Coverage-game Shapley value = fractional counting: each activity's topic weight is split equally among its complete, de-duplicated participants. It describes shared observable participation and does not measure causal policy impact or irreplaceability."
fetch-20261006T122600Z-dfc47335,v2.1-f4676a0b,cosign,2019,indigenous,23.916666666666668,23.916666666666668,35,{},ok,"Coverage-game Shapley value = fractional counting: each activity's topic weight is split equally among its complete, de-duplicated participants. It describes shared observable participation and does not measure causal policy impact or irreplaceability."
fetch-20261006T122600Z-dfc47335,v2.1-f4676a0b,cosign,2019,international,1.75,1.75,3,{},ok,"Coverage-game Shapley value = fractional counting: each activity's topic weight is split equally among its complete, de-duplicated participants. It describes shared observable participation and does not measure causal policy impact or irreplaceability."
fetch-20261006T122600Z-dfc47335,v2.1-f4676a0b,cosign,2019,labor,77.66666666666667,77.66666666666666,105,{},ok,"Coverage-game Shapley value = fractional counting: each activity's topic weight is split equally among its complete, de-duplicated participants. It describes shared observable participation and does not measure causal policy impact or irreplaceability."
fetch-20261006T122600Z-dfc47335,v2.1-f4676a0b,cosign,2019,law_crime,108.16666666666667,108.16666666666667,146,"{""unresolved_participant"": 1}",ok,"Coverage-game Shapley value = fractional counting: each activity's topic weight is split equally among its complete, de-duplicated participants. It describes shared observable participation and does not measure causal policy impact or irreplaceability."
fetch-20261006T122600Z-dfc47335,v2.1-f4676a0b,cosign,2019,macroeconomy,37.416666666666664,37.416666666666664,57,{},ok,"Coverage-game Shapley value = fractional counting: each activity's topic weight is split equally among its complete, de-duplicated participants. It describes shared observable participation and does not measure causal policy impact or irreplaceability."
fetch-20261006T122600Z-dfc47335,v2.1-f4676a0b,cosign,2019,public_lands,5.833333333333333,5.833333333333333,8,{},ok,"Coverage-game Shapley value = fractional counting: each activity's topic weight is split equally among its complete, de-duplicated participants. It describes shared observable participation and does not measure causal policy impact or irreplaceability."
fetch-20261006T122600Z-dfc47335,v2.1-f4676a0b,cosign,2019,social_welfare,45.5,45.5,74,{},ok,"Coverage-game Shapley value = fractional counting: each activity's topic weight is split equally among its complete, de-duplicated participants. It describes shared observable participation and does not measure causal policy impact or irreplaceability."
fetch-20261006T122600Z-dfc47335,v2.1-f4676a0b,cosign,2019,technology,23.75,23.75,34,{},ok,"Coverage-game Shapley value = fractional counting: each activity's topic weight is split equally among its complete, de-duplicated participants. It describes shared observable participation and does not measure causal policy impact or irreplaceability."
fetch-20261006T122600Z-dfc47335,v2.1-f4676a0b,cosign,2019,transitional_justice,1.3333333333333333,1.3333333333333333,2,{},ok,"Coverage-game Shapley value = fractional counting: each activity's topic weight is split equally among its complete, de-duplicated participants. It describes shared observable participation and does not measure causal policy impact or irreplaceability."
fetch-20261006T122600Z-dfc47335,v2.1-f4676a0b,cosign,2019,transportation,77.66666666666667,77.66666666666666,100,{},ok,"Coverage-game Shapley value = fractional counting: each activity's topic weight is split equally among its complete, de-duplicated participants. It describes shared observable participation and does not measure causal policy impact or irreplaceability."
fetch-20261006T122600Z-dfc47335,v2.1-f4676a0b,cosign,2019,unclassified,203.0,203.0,203,"{""unresolved_participant"": 1}",ok,"Coverage-game Shapley value = fractional counting: each activity's topic weight is split equally among its complete, de-duplicated participants. It describes shared observable participation and does not measure causal policy impact or irreplaceability."
fetch-20261006T122600Z-dfc47335,v2.1-f4676a0b,cosign,2020,agriculture,37.45,37.449999999999996,54,"{""unresolved_participant"": 21}",ok,"Coverage-game Shapley value = fractional counting: each activity's topic weight is split equally among its complete, de-duplicated participants. It describes shared observable participation and does not measure causal policy impact or irreplaceability."
fetch-20261006T122600Z-dfc47335,v2.1-f4676a0b,cosign,2020,civil_rights,39.166666666666664,39.166666666666664,62,"{""participant_list_conflict"": 1, ""unresolved_participant"": 23}",ok,"Coverage-game Shapley value = fractional counting: each activity's topic weight is split equally among its complete, de-duplicated participants. It describes shared observable participation and does not measure causal policy impact or irreplaceability."
fetch-20261006T122600Z-dfc47335,v2.1-f4676a0b,cosign,2020,commerce,22.7,22.7,35,"{""participant_list_conflict"": 1, ""unresolved_participant"": 18}",ok,"Coverage-game Shapley value = fractional counting: each activity's topic weight is split equally among its complete, de-duplicated participants. It describes shared observable participation and does not measure causal policy impact or irreplaceability."
fetch-20261006T122600Z-dfc47335,v2.1-f4676a0b,cosign,2020,cross_strait,2.5,2.5,5,"{""unresolved_participant"": 1}",ok,"Coverage-game Shapley value = fractional counting: each activity's topic weight is split equally among its complete, de-duplicated participants. It describes shared observable participation and does not measure causal policy impact or irreplaceability."
fetch-20261006T122600Z-dfc47335,v2.1-f4676a0b,cosign,2020,culture,39.916666666666664,39.916666666666664,57,"{""participant_list_conflict"": 1, ""unresolved_participant"": 14}",ok,"Coverage-game Shapley value = fractional counting: each activity's topic weight is split equally among its complete, de-duplicated participants. It describes shared observable participation and does not measure causal policy impact or irreplaceability."
fetch-20261006T122600Z-dfc47335,v2.1-f4676a0b,cosign,2020,defense,27.333333333333332,27.333333333333332,46,"{""participant_list_conflict"": 2, ""unresolved_participant"": 16}",ok,"Coverage-game Shapley value = fractional counting: each activity's topic weight is split equally among its complete, de-duplicated participants. It describes shared observable participation and does not measure causal policy impact or irreplaceability."
fetch-20261006T122600Z-dfc47335,v2.1-f4676a0b,cosign,2020,education,70.16666666666667,70.16666666666666,104,"{""participant_list_conflict"": 9, ""unresolved_participant"": 43}",ok,"Coverage-game Shapley value = fractional counting: each activity's topic weight is split equally among its complete, de-duplicated participants. It describes shared observable participation and does not measure causal policy impact or irreplaceability."
fetch-20261006T122600Z-dfc47335,v2.1-f4676a0b,cosign,2020,energy,10.333333333333334,10.333333333333334,12,"{""participant_list_conflict"": 1, ""unresolved_participant"": 3}",ok,"Coverage-game Shapley value = fractional counting: each activity's topic weight is split equally among its complete, de-duplicated participants. It describes shared observable participation and does not measure causal policy impact or irreplaceability."
fetch-20261006T122600Z-dfc47335,v2.1-f4676a0b,cosign,2020,environment,22.166666666666668,22.166666666666664,31,"{""unresolved_participant"": 9}",ok,"Coverage-game Shapley value = fractional counting: each activity's topic weight is split equally among its complete, de-duplicated participants. It describes shared observable participation and does not measure causal policy impact or irreplaceability."
fetch-20261006T122600Z-dfc47335,v2.1-f4676a0b,cosign,2020,foreign_trade,12.666666666666666,12.666666666666666,20,"{""participant_list_conflict"": 1, ""unresolved_participant"": 12}",ok,"Coverage-game Shapley value = fractional counting: each activity's topic weight is split equally among its complete, de-duplicated participants. It describes shared observable participation and does not measure causal policy impact or irreplaceability."
fetch-20261006T122600Z-dfc47335,v2.1-f4676a0b,cosign,2020,government,121.0,120.99999999999999,156,"{""participant_list_conflict"": 6, ""unresolved_participant"": 62}",ok,"Coverage-game Shapley value = fractional counting: each activity's topic weight is split equally among its complete, de-duplicated participants. It describes shared observable participation and does not measure causal policy impact or irreplaceability."
fetch-20261006T122600Z-dfc47335,v2.1-f4676a0b,cosign,2020,health,71.91666666666667,71.91666666666666,104,"{""participant_list_conflict"": 4, ""unresolved_participant"": 66}",ok,"Coverage-game Shapley value = fractional counting: each activity's topic weight is split equally among its complete, de-duplicated participants. It describes shared observable participation and does not measure causal policy impact or irreplaceability."
fetch-20261006T122600Z-dfc47335,v2.1-f4676a0b,cosign,2020,housing,11.833333333333334,11.833333333333332,15,"{""participant_list_conflict"": 2, ""unresolved_participant"": 6}",ok,"Coverage-game Shapley value = fractional counting: each activity's topic weight is split equally among its complete, de-duplicated participants. It describes shared observable participation and does not measure causal policy impact or irreplaceability."
fetch-20261006T122600Z-dfc47335,v2.1-f4676a0b,cosign,2020,immigration,23.833333333333332,23.833333333333332,31,"{""participant_list_conflict"": 1, ""unresolved_participant"": 5}",ok,"Coverage-game Shapley value = fractional counting: each activity's topic weight is split equally among its complete, de-duplicated participants. It describes shared observable participation and does not measure causal policy impact or irreplaceability."
fetch-20261006T122600Z-dfc47335,v2.1-f4676a0b,cosign,2020,indigenous,24.416666666666668,24.416666666666668,42,"{""participant_list_conflict"": 1, ""unresolved_participant"": 30}",ok,"Coverage-game Shapley value = fractional counting: each activity's topic weight is split equally among its complete, de-duplicated participants. It describes shared observable participation and does not measure causal policy impact or irreplaceability."
fetch-20261006T122600Z-dfc47335,v2.1-f4676a0b,cosign,2020,international,3.2,3.1999999999999997,6,"{""unresolved_participant"": 3}",ok,"Coverage-game Shapley value = fractional counting: each activity's topic weight is split equally among its complete, de-duplicated participants. It describes shared observable participation and does not measure causal policy impact or irreplaceability."
fetch-20261006T122600Z-dfc47335,v2.1-f4676a0b,cosign,2020,labor,84.58333333333333,84.58333333333333,121,"{""participant_list_conflict"": 11, ""unresolved_participant"": 49}",ok,"Coverage-game Shapley value = fractional counting: each activity's topic weight is split equally among its complete, de-duplicated participants. It describes shared observable participation and does not measure causal policy impact or irreplaceability."
fetch-20261006T122600Z-dfc47335,v2.1-f4676a0b,cosign,2020,law_crime,113.0,112.99999999999999,162,"{""participant_list_conflict"": 27, ""unresolved_participant"": 62}",ok,"Coverage-game Shapley value = fractional counting: each activity's topic weight is split equally among its complete, de-duplicated participants. It describes shared observable participation and does not measure causal policy impact or irreplaceability."
fetch-20261006T122600Z-dfc47335,v2.1-f4676a0b,cosign,2020,macroeconomy,45.53333333333333,45.53333333333333,70,"{""unresolved_participant"": 19}",ok,"Coverage-game Shapley value = fractional counting: each activity's topic weight is split equally among its complete, de-duplicated participants. It describes shared observable participation and does not measure causal policy impact or irreplaceability."
fetch-20261006T122600Z-dfc47335,v2.1-f4676a0b,cosign,2020,public_lands,15.833333333333334,15.833333333333332,22,"{""participant_list_conflict"": 1, ""unresolved_participant"": 7}",ok,"Coverage-game Shapley value = fractional counting: each activity's topic weight is split equally among its complete, de-duplicated participants. It describes shared observable participation and does not measure causal policy impact or irreplaceability."
fetch-20261006T122600Z-dfc47335,v2.1-f4676a0b,cosign,2020,social_welfare,54.03333333333333,54.03333333333333,80,"{""participant_list_conflict"": 3, ""unresolved_participant"": 35}",ok,"Coverage-game Shapley value = fractional counting: each activity's topic weight is split equally among its complete, de-duplicated participants. It describes shared observable participation and does not measure causal policy impact or irreplaceability."
fetch-20261006T122600Z-dfc47335,v2.1-f4676a0b,cosign,2020,technology,47.5,47.5,83,"{""participant_list_conflict"": 4, ""unresolved_participant"": 17}",ok,"Coverage-game Shapley value = fractional counting: each activity's topic weight is split equally among its complete, de-duplicated participants. It describes shared observable participation and does not measure causal policy impact or irreplaceability."
fetch-20261006T122600Z-dfc47335,v2.1-f4676a0b,cosign,2020,transitional_justice,5.833333333333333,5.833333333333333,8,"{""unresolved_participant"": 1}",ok,"Coverage-game Shapley value = fractional counting: each activity's topic weight is split equally among its complete, de-duplicated participants. It describes shared observable participation and does not measure causal policy impact or irreplaceability."
fetch-20261006T122600Z-dfc47335,v2.1-f4676a0b,cosign,2020,transportation,62.083333333333336,62.083333333333336,77,"{""participant_list_conflict"": 3, ""unresolved_participant"": 27}",ok,"Coverage-game Shapley value = fractional counting: each activity's topic weight is split equally among its complete, de-duplicated participants. It describes shared observable participation and does not measure causal policy impact or irreplaceability."
fetch-20261006T122600Z-dfc47335,v2.1-f4676a0b,cosign,2020,unclassified,223.0,223.0,223,"{""participant_list_conflict"": 8, ""unresolved_participant"": 51}",ok,"Coverage-game Shapley value = fractional counting: each activity's topic weight is split equally among its complete, de-duplicated participants. It describes shared observable participation and does not measure causal policy impact or irreplaceability."
fetch-20261006T122600Z-dfc47335,v2.1-f4676a0b,cosign,2021,agriculture,25.116666666666667,25.116666666666667,41,"{""unresolved_participant"": 10}",ok,"Coverage-game Shapley value = fractional counting: each activity's topic weight is split equally among its complete, de-duplicated participants. It describes shared observable participation and does not measure causal policy impact or irreplaceability."
fetch-20261006T122600Z-dfc47335,v2.1-f4676a0b,cosign,2021,civil_rights,53.666666666666664,53.666666666666664,81,"{""participant_list_conflict"": 3, ""unresolved_participant"": 9}",ok,"Coverage-game Shapley value = fractional counting: each activity's topic weight is split equally among its complete, de-duplicated participants. It describes shared observable participation and does not measure causal policy impact or irreplaceability."
fetch-20261006T122600Z-dfc47335,v2.1-f4676a0b,cosign,2021,commerce,26.916666666666668,26.916666666666664,43,"{""participant_list_conflict"": 3, ""unresolved_participant"": 17}",ok,"Coverage-game Shapley value = fractional counting: each activity's topic weight is split equally among its complete, de-duplicated participants. It describes shared observable participation and does not measure causal policy impact or irreplaceability."
fetch-20261006T122600Z-dfc47335,v2.1-f4676a0b,cosign,2021,cross_strait,3.3333333333333335,3.333333333333333,6,{},ok,"Coverage-game Shapley value = fractional counting: each activity's topic weight is split equally among its complete, de-duplicated participants. It describes shared observable participation and does not measure causal policy impact or irreplaceability."
fetch-20261006T122600Z-dfc47335,v2.1-f4676a0b,cosign,2021,culture,39.833333333333336,39.833333333333336,61,"{""participant_list_conflict"": 2, ""unresolved_participant"": 14}",ok,"Coverage-game Shapley value = fractional counting: each activity's topic weight is split equally among its complete, de-duplicated participants. It describes shared observable participation and does not measure causal policy impact or irreplaceability."
fetch-20261006T122600Z-dfc47335,v2.1-f4676a0b,cosign,2021,defense,39.166666666666664,39.166666666666664,58,"{""participant_list_conflict"": 5, ""unresolved_participant"": 26}",ok,"Coverage-game Shapley value = fractional counting: each activity's topic weight is split equally among its complete, de-duplicated participants. It describes shared observable participation and does not measure causal policy impact or irreplaceability."
fetch-20261006T122600Z-dfc47335,v2.1-f4676a0b,cosign,2021,education,80.81666666666666,80.81666666666666,131,"{""participant_list_conflict"": 9, ""unresolved_participant"": 46}",ok,"Coverage-game Shapley value = fractional counting: each activity's topic weight is split equally among its complete, de-duplicated participants. It describes shared observable participation and does not measure causal policy impact or irreplaceability."
fetch-20261006T122600Z-dfc47335,v2.1-f4676a0b,cosign,2021,energy,4.45,4.45,6,"{""unresolved_participant"": 2}",ok,"Coverage-game Shapley value = fractional counting: each activity's topic weight is split equally among its complete, de-duplicated participants. It describes shared observable participation and does not measure causal policy impact or irreplaceability."
fetch-20261006T122600Z-dfc47335,v2.1-f4676a0b,cosign,2021,environment,23.28333333333333,23.28333333333333,36,"{""unresolved_participant"": 16}",ok,"Coverage-game Shapley value = fractional counting: each activity's topic weight is split equally among its complete, de-duplicated participants. It describes shared observable participation and does not measure causal policy impact or irreplaceability."
fetch-20261006T122600Z-dfc47335,v2.1-f4676a0b,cosign,2021,foreign_trade,7.416666666666667,7.416666666666666,12,"{""unresolved_participant"": 5}",ok,"Coverage-game Shapley value = fractional counting: each activity's topic weight is split equally among its complete, de-duplicated participants. It describes shared observable participation and does not measure causal policy impact or irreplaceability."
fetch-20261006T122600Z-dfc47335,v2.1-f4676a0b,cosign,2021,government,78.15,78.14999999999999,126,"{""participant_list_conflict"": 9, ""unresolved_participant"": 40}",ok,"Coverage-game Shapley value = fractional counting: each activity's topic weight is split equally among its complete, de-duplicated participants. It describes shared observable participation and does not measure causal policy impact or irreplaceability."
fetch-20261006T122600Z-dfc47335,v2.1-f4676a0b,cosign,2021,health,80.53333333333333,80.53333333333333,115,"{""participant_list_conflict"": 12, ""unresolved_participant"": 28}",ok,"Coverage-game Shapley value = fractional counting: each activity's topic weight is split equally among its complete, de-duplicated participants. It describes shared observable participation and does not measure causal policy impact or irreplaceability."
fetch-20261006T122600Z-dfc47335,v2.1-f4676a0b,cosign,2021,housing,23.5,23.5,32,"{""participant_list_conflict"": 2, ""unresolved_participant"": 12}",ok,"Coverage-game Shapley value = fractional counting: each activity's topic weight is split equally among its complete, de-duplicated participants. It describes shared observable participation and does not measure causal policy impact or irreplaceability."
fetch-20261006T122600Z-dfc47335,v2.1-f4676a0b,cosign,2021,immigration,11.833333333333334,11.833333333333332,16,"{""participant_list_conflict"": 1, ""unresolved_participant"": 4}",ok,"Coverage-game Shapley value = fractional counting: each activity's topic weight is split equally among its complete, de-duplicated participants. It describes shared observable participation and does not measure causal policy impact or irreplaceability."
fetch-20261006T122600Z-dfc47335,v2.1-f4676a0b,cosign,2021,indigenous,15.283333333333333,15.283333333333333,31,"{""unresolved_participant"": 14}",ok,"Coverage-game Shapley value = fractional counting: each activity's topic weight is split equally among its complete, de-duplicated participants. It describes shared observable participation and does not measure causal policy impact or irreplaceability."
fetch-20261006T122600Z-dfc47335,v2.1-f4676a0b,cosign,2021,international,8.666666666666666,8.666666666666666,14,"{""unresolved_participant"": 6}",ok,"Coverage-game Shapley value = fractional counting: each activity's topic weight is split equally among its complete, de-duplicated participants. It describes shared observable participation and does not measure causal policy impact or irreplaceability."
fetch-20261006T122600Z-dfc47335,v2.1-f4676a0b,cosign,2021,labor,69.01666666666667,69.01666666666667,111,"{""participant_list_conflict"": 9, ""unresolved_participant"": 28}",ok,"Coverage-game Shapley value = fractional counting: each activity's topic weight is split equally among its complete, de-duplicated participants. It describes shared observable participation and does not measure causal policy impact or irreplaceability."
fetch-20261006T122600Z-dfc47335,v2.1-f4676a0b,cosign,2021,law_crime,110.86666666666666,110.86666666666666,161,"{""participant_list_conflict"": 24, ""unresolved_participant"": 46}",ok,"Coverage-game Shapley value = fractional counting: each activity's topic weight is split equally among its complete, de-duplicated participants. It describes shared observable participation and does not measure causal policy impact or irreplaceability."
fetch-20261006T122600Z-dfc47335,v2.1-f4676a0b,cosign,2021,macroeconomy,50.35,50.35,86,"{""participant_list_conflict"": 8, ""unresolved_participant"": 37}",ok,"Coverage-game Shapley value = fractional counting: each activity's topic weight is split equally among its complete, de-duplicated participants. It describes shared observable participation and does not measure causal policy impact or irreplaceability."
fetch-20261006T122600Z-dfc47335,v2.1-f4676a0b,cosign,2021,public_lands,10.5,10.5,15,"{""participant_list_conflict"": 4, ""unresolved_participant"": 3}",ok,"Coverage-game Shapley value = fractional counting: each activity's topic weight is split equally among its complete, de-duplicated participants. It describes shared observable participation and does not measure causal policy impact or irreplaceability."
fetch-20261006T122600Z-dfc47335,v2.1-f4676a0b,cosign,2021,social_welfare,64.11666666666666,64.11666666666666,92,"{""participant_list_conflict"": 4, ""unresolved_participant"": 43}",ok,"Coverage-game Shapley value = fractional counting: each activity's topic weight is split equally among its complete, de-duplicated participants. It describes shared observable participation and does not measure causal policy impact or irreplaceability."
fetch-20261006T122600Z-dfc47335,v2.1-f4676a0b,cosign,2021,technology,120.31666666666666,120.31666666666663,211,"{""participant_list_conflict"": 2, ""unresolved_participant"": 17}",ok,"Coverage-game Shapley value = fractional counting: each activity's topic weight is split equally among its complete, de-duplicated participants. It describes shared observable participation and does not measure causal policy impact or irreplaceability."
fetch-20261006T122600Z-dfc47335,v2.1-f4676a0b,cosign,2021,transitional_justice,5.0,5.0,6,{},ok,"Coverage-game Shapley value = fractional counting: each activity's topic weight is split equally among its complete, de-duplicated participants. It describes shared observable participation and does not measure causal policy impact or irreplaceability."
fetch-20261006T122600Z-dfc47335,v2.1-f4676a0b,cosign,2021,transportation,49.86666666666667,49.86666666666667,66,"{""participant_list_conflict"": 19, ""unresolved_participant"": 40}",ok,"Coverage-game Shapley value = fractional counting: each activity's topic weight is split equally among its complete, de-duplicated participants. It describes shared observable participation and does not measure causal policy impact or irreplaceability."
fetch-20261006T122600Z-dfc47335,v2.1-f4676a0b,cosign,2021,unclassified,207.0,206.99999999999997,207,"{""participant_list_conflict"": 7, ""unresolved_participant"": 40}",ok,"Coverage-game Shapley value = fractional counting: each activity's topic weight is split equally among its complete, de-duplicated participants. It describes shared observable participation and does not measure causal policy impact or irreplaceability."
fetch-20261006T122600Z-dfc47335,v2.1-f4676a0b,cosign,2022,agriculture,27.833333333333332,27.833333333333336,45,"{""participant_list_conflict"": 2, ""unresolved_participant"": 3}",ok,"Coverage-game Shapley value = fractional counting: each activity's topic weight is split equally among its complete, de-duplicated participants. It describes shared observable participation and does not measure causal policy impact or irreplaceability."
fetch-20261006T122600Z-dfc47335,v2.1-f4676a0b,cosign,2022,civil_rights,57.5,57.49999999999999,98,"{""participant_list_conflict"": 2, ""unresolved_participant"": 16}",ok,"Coverage-game Shapley value = fractional counting: each activity's topic weight is split equally among its complete, de-duplicated participants. It describes shared observable participation and does not measure causal policy impact or irreplaceability."
fetch-20261006T122600Z-dfc47335,v2.1-f4676a0b,cosign,2022,commerce,36.583333333333336,36.583333333333336,59,"{""participant_list_conflict"": 3, ""unresolved_participant"": 3}",ok,"Coverage-game Shapley value = fractional counting: each activity's topic weight is split equally among its complete, de-duplicated participants. It describes shared observable participation and does not measure causal policy impact or irreplaceability."
fetch-20261006T122600Z-dfc47335,v2.1-f4676a0b,cosign,2022,cross_strait,1.6666666666666665,1.6666666666666665,4,{},ok,"Coverage-game Shapley value = fractional counting: each activity's topic weight is split equally among its complete, de-duplicated participants. It describes shared observable participation and does not measure causal policy impact or irreplaceability."
fetch-20261006T122600Z-dfc47335,v2.1-f4676a0b,cosign,2022,culture,42.36666666666667,42.36666666666667,60,"{""unresolved_participant"": 14}",ok,"Coverage-game Shapley value = fractional counting: each activity's topic weight is split equally among its complete, de-duplicated participants. It describes shared observable participation and does not measure causal policy impact or irreplaceability."
fetch-20261006T122600Z-dfc47335,v2.1-f4676a0b,cosign,2022,defense,36.5,36.5,54,"{""participant_list_conflict"": 3, ""unresolved_participant"": 8}",ok,"Coverage-game Shapley value = fractional counting: each activity's topic weight is split equally among its complete, de-duplicated participants. It describes shared observable participation and does not measure causal policy impact or irreplaceability."
fetch-20261006T122600Z-dfc47335,v2.1-f4676a0b,cosign,2022,education,101.83333333333333,101.83333333333333,147,"{""participant_list_conflict"": 12, ""unresolved_participant"": 46}",ok,"Coverage-game Shapley value = fractional counting: each activity's topic weight is split equally among its complete, de-duplicated participants. It describes shared observable participation and does not measure causal policy impact or irreplaceability."
fetch-20261006T122600Z-dfc47335,v2.1-f4676a0b,cosign,2022,energy,19.916666666666668,19.916666666666668,30,"{""unresolved_participant"": 3}",ok,"Coverage-game Shapley value = fractional counting: each activity's topic weight is split equally among its complete, de-duplicated participants. It describes shared observable participation and does not measure causal policy impact or irreplaceability."
fetch-20261006T122600Z-dfc47335,v2.1-f4676a0b,cosign,2022,environment,46.78333333333333,46.78333333333333,68,"{""unresolved_participant"": 10}",ok,"Coverage-game Shapley value = fractional counting: each activity's topic weight is split equally among its complete, de-duplicated participants. It describes shared observable participation and does not measure causal policy impact or irreplaceability."
fetch-20261006T122600Z-dfc47335,v2.1-f4676a0b,cosign,2022,foreign_trade,3.3333333333333335,3.3333333333333335,5,"{""unresolved_participant"": 5}",ok,"Coverage-game Shapley value = fractional counting: each activity's topic weight is split equally among its complete, de-duplicated participants. It describes shared observable participation and does not measure causal policy impact or irreplaceability."
fetch-20261006T122600Z-dfc47335,v2.1-f4676a0b,cosign,2022,government,103.78333333333333,103.78333333333333,144,"{""participant_list_conflict"": 9, ""unresolved_participant"": 18}",ok,"Coverage-game Shapley value = fractional counting: each activity's topic weight is split equally among its complete, de-duplicated participants. It describes shared observable participation and does not measure causal policy impact or irreplaceability."
fetch-20261006T122600Z-dfc47335,v2.1-f4676a0b,cosign,2022,health,58.0,58.0,75,"{""participant_list_conflict"": 1, ""unresolved_participant"": 24}",ok,"Coverage-game Shapley value = fractional counting: each activity's topic weight is split equally among its complete, de-duplicated participants. It describes shared observable participation and does not measure causal policy impact or irreplaceability."
fetch-20261006T122600Z-dfc47335,v2.1-f4676a0b,cosign,2022,housing,17.833333333333332,17.833333333333332,26,"{""participant_list_conflict"": 1, ""unresolved_participant"": 9}",ok,"Coverage-game Shapley value = fractional counting: each activity's topic weight is split equally among its complete, de-duplicated participants. It describes shared observable participation and does not measure causal policy impact or irreplaceability."
fetch-20261006T122600Z-dfc47335,v2.1-f4676a0b,cosign,2022,immigration,14.5,14.5,20,"{""unresolved_participant"": 3}",ok,"Coverage-game Shapley value = fractional counting: each activity's topic weight is split equally among its complete, de-duplicated participants. It describes shared observable participation and does not measure causal policy impact or irreplaceability."
fetch-20261006T122600Z-dfc47335,v2.1-f4676a0b,cosign,2022,indigenous,14.866666666666667,14.866666666666665,27,"{""unresolved_participant"": 14}",ok,"Coverage-game Shapley value = fractional counting: each activity's topic weight is split equally among its complete, de-duplicated participants. It describes shared observable participation and does not measure causal policy impact or irreplaceability."
fetch-20261006T122600Z-dfc47335,v2.1-f4676a0b,cosign,2022,international,5.75,5.75,9,"{""unresolved_participant"": 5}",ok,"Coverage-game Shapley value = fractional counting: each activity's topic weight is split equally among its complete, de-duplicated participants. It describes shared observable participation and does not measure causal policy impact or irreplaceability."
fetch-20261006T122600Z-dfc47335,v2.1-f4676a0b,cosign,2022,labor,53.583333333333336,53.58333333333333,90,"{""participant_list_conflict"": 14, ""unresolved_participant"": 23}",ok,"Coverage-game Shapley value = fractional counting: each activity's topic weight is split equally among its complete, de-duplicated participants. It describes shared observable participation and does not measure causal policy impact or irreplaceability."
fetch-20261006T122600Z-dfc47335,v2.1-f4676a0b,cosign,2022,law_crime,146.25,146.24999999999997,226,"{""participant_list_conflict"": 12, ""unresolved_participant"": 18}",ok,"Coverage-game Shapley value = fractional counting: each activity's topic weight is split equally among its complete, de-duplicated participants. It describes shared observable participation and does not measure causal policy impact or irreplaceability."
fetch-20261006T122600Z-dfc47335,v2.1-f4676a0b,cosign,2022,macroeconomy,48.11666666666667,48.11666666666667,74,"{""participant_list_conflict"": 5, ""unresolved_participant"": 20}",ok,"Coverage-game Shapley value = fractional counting: each activity's topic weight is split equally among its complete, de-duplicated participants. It describes shared observable participation and does not measure causal policy impact or irreplaceability."
fetch-20261006T122600Z-dfc47335,v2.1-f4676a0b,cosign,2022,public_lands,18.166666666666668,18.166666666666668,27,"{""unresolved_participant"": 8}",ok,"Coverage-game Shapley value = fractional counting: each activity's topic weight is split equally among its complete, de-duplicated participants. It describes shared observable participation and does not measure causal policy impact or irreplaceability."
fetch-20261006T122600Z-dfc47335,v2.1-f4676a0b,cosign,2022,social_welfare,24.5,24.5,41,"{""participant_list_conflict"": 2, ""unresolved_participant"": 8}",ok,"Coverage-game Shapley value = fractional counting: each activity's topic weight is split equally among its complete, de-duplicated participants. It describes shared observable participation and does not measure causal policy impact or irreplaceability."
fetch-20261006T122600Z-dfc47335,v2.1-f4676a0b,cosign,2022,technology,114.33333333333333,114.33333333333331,187,"{""unresolved_participant"": 13}",ok,"Coverage-game Shapley value = fractional counting: each activity's topic weight is split equally among its complete, de-duplicated participants. It describes shared observable participation and does not measure causal policy impact or irreplaceability."
fetch-20261006T122600Z-dfc47335,v2.1-f4676a0b,cosign,2022,transitional_justice,7.0,7.0,11,{},ok,"Coverage-game Shapley value = fractional counting: each activity's topic weight is split equally among its complete, de-duplicated participants. It describes shared observable participation and does not measure causal policy impact or irreplaceability."
fetch-20261006T122600Z-dfc47335,v2.1-f4676a0b,cosign,2022,transportation,66.0,66.0,94,"{""participant_list_conflict"": 13, ""unresolved_participant"": 18}",ok,"Coverage-game Shapley value = fractional counting: each activity's topic weight is split equally among its complete, de-duplicated participants. It describes shared observable participation and does not measure causal policy impact or irreplaceability."
fetch-20261006T122600Z-dfc47335,v2.1-f4676a0b,cosign,2022,unclassified,205.0,205.0,205,"{""participant_list_conflict"": 12, ""unresolved_participant"": 34}",ok,"Coverage-game Shapley value = fractional counting: each activity's topic weight is split equally among its complete, de-duplicated participants. It describes shared observable participation and does not measure causal policy impact or irreplaceability."
fetch-20261006T122600Z-dfc47335,v2.1-f4676a0b,cosign,2023,agriculture,41.86666666666667,41.86666666666667,57,"{""unresolved_participant"": 1}",ok,"Coverage-game Shapley value = fractional counting: each activity's topic weight is split equally among its complete, de-duplicated participants. It describes shared observable participation and does not measure causal policy impact or irreplaceability."
fetch-20261006T122600Z-dfc47335,v2.1-f4676a0b,cosign,2023,civil_rights,103.95,103.95,165,{},ok,"Coverage-game Shapley value = fractional counting: each activity's topic weight is split equally among its complete, de-duplicated participants. It describes shared observable participation and does not measure causal policy impact or irreplaceability."
fetch-20261006T122600Z-dfc47335,v2.1-f4676a0b,cosign,2023,commerce,39.5,39.5,72,{},ok,"Coverage-game Shapley value = fractional counting: each activity's topic weight is split equally among its complete, de-duplicated participants. It describes shared observable participation and does not measure causal policy impact or irreplaceability."
fetch-20261006T122600Z-dfc47335,v2.1-f4676a0b,cosign,2023,cross_strait,4.833333333333333,4.833333333333333,9,{},ok,"Coverage-game Shapley value = fractional counting: each activity's topic weight is split equally among its complete, de-duplicated participants. It describes shared observable participation and does not measure causal policy impact or irreplaceability."
fetch-20261006T122600Z-dfc47335,v2.1-f4676a0b,cosign,2023,culture,79.16666666666667,79.16666666666667,96,{},ok,"Coverage-game Shapley value = fractional counting: each activity's topic weight is split equally among its complete, de-duplicated participants. It describes shared observable participation and does not measure causal policy impact or irreplaceability."
fetch-20261006T122600Z-dfc47335,v2.1-f4676a0b,cosign,2023,defense,23.116666666666667,23.116666666666667,35,{},ok,"Coverage-game Shapley value = fractional counting: each activity's topic weight is split equally among its complete, de-duplicated participants. It describes shared observable participation and does not measure causal policy impact or irreplaceability."
fetch-20261006T122600Z-dfc47335,v2.1-f4676a0b,cosign,2023,education,85.81666666666666,85.81666666666668,132,"{""unresolved_participant"": 1}",ok,"Coverage-game Shapley value = fractional counting: each activity's topic weight is split equally among its complete, de-duplicated participants. It describes shared observable participation and does not measure causal policy impact or irreplaceability."
fetch-20261006T122600Z-dfc47335,v2.1-f4676a0b,cosign,2023,energy,15.116666666666667,15.116666666666665,26,{},ok,"Coverage-game Shapley value = fractional counting: each activity's topic weight is split equally among its complete, de-duplicated participants. It describes shared observable participation and does not measure causal policy impact or irreplaceability."
fetch-20261006T122600Z-dfc47335,v2.1-f4676a0b,cosign,2023,environment,50.18333333333333,50.18333333333333,71,{},ok,"Coverage-game Shapley value = fractional counting: each activity's topic weight is split equally among its complete, de-duplicated participants. It describes shared observable participation and does not measure causal policy impact or irreplaceability."
fetch-20261006T122600Z-dfc47335,v2.1-f4676a0b,cosign,2023,foreign_trade,7.5,7.5,11,{},ok,"Coverage-game Shapley value = fractional counting: each activity's topic weight is split equally among its complete, de-duplicated participants. It describes shared observable participation and does not measure causal policy impact or irreplaceability."
fetch-20261006T122600Z-dfc47335,v2.1-f4676a0b,cosign,2023,government,66.31666666666666,66.31666666666666,102,{},ok,"Coverage-game Shapley value = fractional counting: each activity's topic weight is split equally among its complete, de-duplicated participants. It describes shared observable participation and does not measure causal policy impact or irreplaceability."
fetch-20261006T122600Z-dfc47335,v2.1-f4676a0b,cosign,2023,health,60.916666666666664,60.916666666666664,87,{},ok,"Coverage-game Shapley value = fractional counting: each activity's topic weight is split equally among its complete, de-duplicated participants. It describes shared observable participation and does not measure causal policy impact or irreplaceability."
fetch-20261006T122600Z-dfc47335,v2.1-f4676a0b,cosign,2023,housing,18.666666666666668,18.666666666666664,26,"{""participant_list_conflict"": 1}",ok,"Coverage-game Shapley value = fractional counting: each activity's topic weight is split equally among its complete, de-duplicated participants. It describes shared observable participation and does not measure causal policy impact or irreplaceability."
fetch-20261006T122600Z-dfc47335,v2.1-f4676a0b,cosign,2023,immigration,21.75,21.75,28,{},ok,"Coverage-game Shapley value = fractional counting: each activity's topic weight is split equally among its complete, de-duplicated participants. It describes shared observable participation and does not measure causal policy impact or irreplaceability."
fetch-20261006T122600Z-dfc47335,v2.1-f4676a0b,cosign,2023,indigenous,18.166666666666668,18.166666666666664,34,{},ok,"Coverage-game Shapley value = fractional counting: each activity's topic weight is split equally among its complete, de-duplicated participants. It describes shared observable participation and does not measure causal policy impact or irreplaceability."
fetch-20261006T122600Z-dfc47335,v2.1-f4676a0b,cosign,2023,international,3.3333333333333335,3.333333333333333,6,{},ok,"Coverage-game Shapley value = fractional counting: each activity's topic weight is split equally among its complete, de-duplicated participants. It describes shared observable participation and does not measure causal policy impact or irreplaceability."
fetch-20261006T122600Z-dfc47335,v2.1-f4676a0b,cosign,2023,labor,54.7,54.699999999999996,81,{},ok,"Coverage-game Shapley value = fractional counting: each activity's topic weight is split equally among its complete, de-duplicated participants. It describes shared observable participation and does not measure causal policy impact or irreplaceability."
fetch-20261006T122600Z-dfc47335,v2.1-f4676a0b,cosign,2023,law_crime,115.56666666666666,115.56666666666665,176,{},ok,"Coverage-game Shapley value = fractional counting: each activity's topic weight is split equally among its complete, de-duplicated participants. It describes shared observable participation and does not measure causal policy impact or irreplaceability."
fetch-20261006T122600Z-dfc47335,v2.1-f4676a0b,cosign,2023,macroeconomy,44.833333333333336,44.833333333333336,81,{},ok,"Coverage-game Shapley value = fractional counting: each activity's topic weight is split equally among its complete, de-duplicated participants. It describes shared observable participation and does not measure causal policy impact or irreplaceability."
fetch-20261006T122600Z-dfc47335,v2.1-f4676a0b,cosign,2023,public_lands,19.016666666666666,19.016666666666666,30,{},ok,"Coverage-game Shapley value = fractional counting: each activity's topic weight is split equally among its complete, de-duplicated participants. It describes shared observable participation and does not measure causal policy impact or irreplaceability."
fetch-20261006T122600Z-dfc47335,v2.1-f4676a0b,cosign,2023,social_welfare,45.083333333333336,45.083333333333336,70,{},ok,"Coverage-game Shapley value = fractional counting: each activity's topic weight is split equally among its complete, de-duplicated participants. It describes shared observable participation and does not measure causal policy impact or irreplaceability."
fetch-20261006T122600Z-dfc47335,v2.1-f4676a0b,cosign,2023,technology,79.98333333333333,79.98333333333332,138,{},ok,"Coverage-game Shapley value = fractional counting: each activity's topic weight is split equally among its complete, de-duplicated participants. It describes shared observable participation and does not measure causal policy impact or irreplaceability."
fetch-20261006T122600Z-dfc47335,v2.1-f4676a0b,cosign,2023,transitional_justice,5.666666666666667,5.666666666666666,8,"{""unresolved_participant"": 1}",ok,"Coverage-game Shapley value = fractional counting: each activity's topic weight is split equally among its complete, de-duplicated participants. It describes shared observable participation and does not measure causal policy impact or irreplaceability."
fetch-20261006T122600Z-dfc47335,v2.1-f4676a0b,cosign,2023,transportation,66.95,66.95,84,{},ok,"Coverage-game Shapley value = fractional counting: each activity's topic weight is split equally among its complete, de-duplicated participants. It describes shared observable participation and does not measure causal policy impact or irreplaceability."
fetch-20261006T122600Z-dfc47335,v2.1-f4676a0b,cosign,2023,unclassified,205.0,205.0,205,{},ok,"Coverage-game Shapley value = fractional counting: each activity's topic weight is split equally among its complete, de-duplicated participants. It describes shared observable participation and does not measure causal policy impact or irreplaceability."
fetch-20261006T122600Z-dfc47335,v2.1-f4676a0b,cosign,2024,agriculture,87.31666666666666,87.31666666666666,119,{},ok,"Coverage-game Shapley value = fractional counting: each activity's topic weight is split equally among its complete, de-duplicated participants. It describes shared observable participation and does not measure causal policy impact or irreplaceability."
fetch-20261006T122600Z-dfc47335,v2.1-f4676a0b,cosign,2024,civil_rights,108.8,108.8,195,{},ok,"Coverage-game Shapley value = fractional counting: each activity's topic weight is split equally among its complete, de-duplicated participants. It describes shared observable participation and does not measure causal policy impact or irreplaceability."
fetch-20261006T122600Z-dfc47335,v2.1-f4676a0b,cosign,2024,commerce,80.41666666666667,80.41666666666667,131,{},ok,"Coverage-game Shapley value = fractional counting: each activity's topic weight is split equally among its complete, de-duplicated participants. It describes shared observable participation and does not measure causal policy impact or irreplaceability."
fetch-20261006T122600Z-dfc47335,v2.1-f4676a0b,cosign,2024,cross_strait,5.666666666666667,5.666666666666666,9,{},ok,"Coverage-game Shapley value = fractional counting: each activity's topic weight is split equally among its complete, de-duplicated participants. It describes shared observable participation and does not measure causal policy impact or irreplaceability."
fetch-20261006T122600Z-dfc47335,v2.1-f4676a0b,cosign,2024,culture,127.95,127.95,201,{},ok,"Coverage-game Shapley value = fractional counting: each activity's topic weight is split equally among its complete, de-duplicated participants. It describes shared observable participation and does not measure causal policy impact or irreplaceability."
fetch-20261006T122600Z-dfc47335,v2.1-f4676a0b,cosign,2024,defense,40.483333333333334,40.483333333333334,73,{},ok,"Coverage-game Shapley value = fractional counting: each activity's topic weight is split equally among its complete, de-duplicated participants. It describes shared observable participation and does not measure causal policy impact or irreplaceability."
fetch-20261006T122600Z-dfc47335,v2.1-f4676a0b,cosign,2024,education,218.03333333333333,218.03333333333327,336,{},ok,"Coverage-game Shapley value = fractional counting: each activity's topic weight is split equally among its complete, de-duplicated participants. It describes shared observable participation and does not measure causal policy impact or irreplaceability."
fetch-20261006T122600Z-dfc47335,v2.1-f4676a0b,cosign,2024,energy,33.733333333333334,33.733333333333334,57,{},ok,"Coverage-game Shapley value = fractional counting: each activity's topic weight is split equally among its complete, de-duplicated participants. It describes shared observable participation and does not measure causal policy impact or irreplaceability."
fetch-20261006T122600Z-dfc47335,v2.1-f4676a0b,cosign,2024,environment,63.18333333333333,63.18333333333333,103,{},ok,"Coverage-game Shapley value = fractional counting: each activity's topic weight is split equally among its complete, de-duplicated participants. It describes shared observable participation and does not measure causal policy impact or irreplaceability."
fetch-20261006T122600Z-dfc47335,v2.1-f4676a0b,cosign,2024,foreign_trade,8.083333333333334,8.083333333333334,14,"{""participant_list_conflict"": 1}",ok,"Coverage-game Shapley value = fractional counting: each activity's topic weight is split equally among its complete, de-duplicated participants. It describes shared observable participation and does not measure causal policy impact or irreplaceability."
fetch-20261006T122600Z-dfc47335,v2.1-f4676a0b,cosign,2024,government,121.41666666666667,121.41666666666666,207,"{""participant_list_conflict"": 2}",ok,"Coverage-game Shapley value = fractional counting: each activity's topic weight is split equally among its complete, de-duplicated participants. It describes shared observable participation and does not measure causal policy impact or irreplaceability."
fetch-20261006T122600Z-dfc47335,v2.1-f4676a0b,cosign,2024,health,140.43333333333334,140.43333333333334,203,"{""participant_list_conflict"": 2}",ok,"Coverage-game Shapley value = fractional counting: each activity's topic weight is split equally among its complete, de-duplicated participants. It describes shared observable participation and does not measure causal policy impact or irreplaceability."
fetch-20261006T122600Z-dfc47335,v2.1-f4676a0b,cosign,2024,housing,27.666666666666668,27.666666666666668,39,{},ok,"Coverage-game Shapley value = fractional counting: each activity's topic weight is split equally among its complete, de-duplicated participants. It describes shared observable participation and does not measure causal policy impact or irreplaceability."
fetch-20261006T122600Z-dfc47335,v2.1-f4676a0b,cosign,2024,immigration,44.083333333333336,44.08333333333333,60,{},ok,"Coverage-game Shapley value = fractional counting: each activity's topic weight is split equally among its complete, de-duplicated participants. It describes shared observable participation and does not measure causal policy impact or irreplaceability."
fetch-20261006T122600Z-dfc47335,v2.1-f4676a0b,cosign,2024,indigenous,72.9,72.89999999999999,136,{},ok,"Coverage-game Shapley value = fractional counting: each activity's topic weight is split equally among its complete, de-duplicated participants. It describes shared observable participation and does not measure causal policy impact or irreplaceability."
fetch-20261006T122600Z-dfc47335,v2.1-f4676a0b,cosign,2024,international,8.816666666666666,8.816666666666666,22,{},ok,"Coverage-game Shapley value = fractional counting: each activity's topic weight is split equally among its complete, de-duplicated participants. It describes shared observable participation and does not measure causal policy impact or irreplaceability."
fetch-20261006T122600Z-dfc47335,v2.1-f4676a0b,cosign,2024,labor,156.81666666666666,156.81666666666666,265,{},ok,"Coverage-game Shapley value = fractional counting: each activity's topic weight is split equally among its complete, de-duplicated participants. It describes shared observable participation and does not measure causal policy impact or irreplaceability."
fetch-20261006T122600Z-dfc47335,v2.1-f4676a0b,cosign,2024,law_crime,211.7,211.69999999999996,309,"{""participant_list_conflict"": 1}",ok,"Coverage-game Shapley value = fractional counting: each activity's topic weight is split equally among its complete, de-duplicated participants. It describes shared observable participation and does not measure causal policy impact or irreplaceability."
fetch-20261006T122600Z-dfc47335,v2.1-f4676a0b,cosign,2024,macroeconomy,189.33333333333334,189.33333333333331,308,{},ok,"Coverage-game Shapley value = fractional counting: each activity's topic weight is split equally among its complete, de-duplicated participants. It describes shared observable participation and does not measure causal policy impact or irreplaceability."
fetch-20261006T122600Z-dfc47335,v2.1-f4676a0b,cosign,2024,public_lands,45.833333333333336,45.833333333333336,61,{},ok,"Coverage-game Shapley value = fractional counting: each activity's topic weight is split equally among its complete, de-duplicated participants. It describes shared observable participation and does not measure causal policy impact or irreplaceability."
fetch-20261006T122600Z-dfc47335,v2.1-f4676a0b,cosign,2024,social_welfare,159.03333333333333,159.0333333333333,278,{},ok,"Coverage-game Shapley value = fractional counting: each activity's topic weight is split equally among its complete, de-duplicated participants. It describes shared observable participation and does not measure causal policy impact or irreplaceability."
fetch-20261006T122600Z-dfc47335,v2.1-f4676a0b,cosign,2024,technology,159.7,159.69999999999996,265,{},ok,"Coverage-game Shapley value = fractional counting: each activity's topic weight is split equally among its complete, de-duplicated participants. It describes shared observable participation and does not measure causal policy impact or irreplaceability."
fetch-20261006T122600Z-dfc47335,v2.1-f4676a0b,cosign,2024,transitional_justice,12.333333333333334,12.333333333333332,20,{},ok,"Coverage-game Shapley value = fractional counting: each activity's topic weight is split equally among its complete, de-duplicated participants. It describes shared observable participation and does not measure causal policy impact or irreplaceability."
fetch-20261006T122600Z-dfc47335,v2.1-f4676a0b,cosign,2024,transportation,96.26666666666667,96.26666666666665,131,{},ok,"Coverage-game Shapley value = fractional counting: each activity's topic weight is split equally among its complete, de-duplicated participants. It describes shared observable participation and does not measure causal policy impact or irreplaceability."
fetch-20261006T122600Z-dfc47335,v2.1-f4676a0b,cosign,2024,unclassified,436.0,435.99999999999983,436,"{""participant_list_conflict"": 4}",ok,"Coverage-game Shapley value = fractional counting: each activity's topic weight is split equally among its complete, de-duplicated participants. It describes shared observable participation and does not measure causal policy impact or irreplaceability."
fetch-20261006T122600Z-dfc47335,v2.1-f4676a0b,cosign,2025,agriculture,87.31666666666666,87.31666666666666,118,{},ok,"Coverage-game Shapley value = fractional counting: each activity's topic weight is split equally among its complete, de-duplicated participants. It describes shared observable participation and does not measure causal policy impact or irreplaceability."
fetch-20261006T122600Z-dfc47335,v2.1-f4676a0b,cosign,2025,civil_rights,85.45,85.45,154,{},ok,"Coverage-game Shapley value = fractional counting: each activity's topic weight is split equally among its complete, de-duplicated participants. It describes shared observable participation and does not measure causal policy impact or irreplaceability."
fetch-20261006T122600Z-dfc47335,v2.1-f4676a0b,cosign,2025,commerce,65.36666666666666,65.36666666666666,98,{},ok,"Coverage-game Shapley value = fractional counting: each activity's topic weight is split equally among its complete, de-duplicated participants. It describes shared observable participation and does not measure causal policy impact or irreplaceability."
fetch-20261006T122600Z-dfc47335,v2.1-f4676a0b,cosign,2025,cross_strait,4.75,4.75,9,{},ok,"Coverage-game Shapley value = fractional counting: each activity's topic weight is split equally among its complete, de-duplicated participants. It describes shared observable participation and does not measure causal policy impact or irreplaceability."
fetch-20261006T122600Z-dfc47335,v2.1-f4676a0b,cosign,2025,culture,69.45,69.45,104,{},ok,"Coverage-game Shapley value = fractional counting: each activity's topic weight is split equally among its complete, de-duplicated participants. It describes shared observable participation and does not measure causal policy impact or irreplaceability."
fetch-20261006T122600Z-dfc47335,v2.1-f4676a0b,cosign,2025,defense,47.25,47.25,73,{},ok,"Coverage-game Shapley value = fractional counting: each activity's topic weight is split equally among its complete, de-duplicated participants. It describes shared observable participation and does not measure causal policy impact or irreplaceability."
fetch-20261006T122600Z-dfc47335,v2.1-f4676a0b,cosign,2025,education,144.56666666666666,144.56666666666663,206,{},ok,"Coverage-game Shapley value = fractional counting: each activity's topic weight is split equally among its complete, de-duplicated participants. It describes shared observable participation and does not measure causal policy impact or irreplaceability."
fetch-20261006T122600Z-dfc47335,v2.1-f4676a0b,cosign,2025,energy,86.16666666666667,86.16666666666666,138,{},ok,"Coverage-game Shapley value = fractional counting: each activity's topic weight is split equally among its complete, de-duplicated participants. It describes shared observable participation and does not measure causal policy impact or irreplaceability."
fetch-20261006T122600Z-dfc47335,v2.1-f4676a0b,cosign,2025,environment,85.91666666666667,85.91666666666666,171,{},ok,"Coverage-game Shapley value = fractional counting: each activity's topic weight is split equally among its complete, de-duplicated participants. It describes shared observable participation and does not measure causal policy impact or irreplaceability."
fetch-20261006T122600Z-dfc47335,v2.1-f4676a0b,cosign,2025,foreign_trade,24.783333333333335,24.78333333333333,32,{},ok,"Coverage-game Shapley value = fractional counting: each activity's topic weight is split equally among its complete, de-duplicated participants. It describes shared observable participation and does not measure causal policy impact or irreplaceability."
fetch-20261006T122600Z-dfc47335,v2.1-f4676a0b,cosign,2025,government,73.56666666666666,73.56666666666666,127,{},ok,"Coverage-game Shapley value = fractional counting: each activity's topic weight is split equally among its complete, de-duplicated participants. It describes shared observable participation and does not measure causal policy impact or irreplaceability."
fetch-20261006T122600Z-dfc47335,v2.1-f4676a0b,cosign,2025,health,124.85,124.84999999999998,173,{},ok,"Coverage-game Shapley value = fractional counting: each activity's topic weight is split equally among its complete, de-duplicated participants. It describes shared observable participation and does not measure causal policy impact or irreplaceability."
fetch-20261006T122600Z-dfc47335,v2.1-f4676a0b,cosign,2025,housing,28.25,28.25,41,{},ok,"Coverage-game Shapley value = fractional counting: each activity's topic weight is split equally among its complete, de-duplicated participants. It describes shared observable participation and does not measure causal policy impact or irreplaceability."
fetch-20261006T122600Z-dfc47335,v2.1-f4676a0b,cosign,2025,immigration,18.833333333333332,18.833333333333332,26,{},ok,"Coverage-game Shapley value = fractional counting: each activity's topic weight is split equally among its complete, de-duplicated participants. It describes shared observable participation and does not measure causal policy impact or irreplaceability."
fetch-20261006T122600Z-dfc47335,v2.1-f4676a0b,cosign,2025,indigenous,37.35,37.35,72,{},ok,"Coverage-game Shapley value = fractional counting: each activity's topic weight is split equally among its complete, de-duplicated participants. It describes shared observable participation and does not measure causal policy impact or irreplaceability."
fetch-20261006T122600Z-dfc47335,v2.1-f4676a0b,cosign,2025,international,6.5,6.5,13,{},ok,"Coverage-game Shapley value = fractional counting: each activity's topic weight is split equally among its complete, de-duplicated participants. It describes shared observable participation and does not measure causal policy impact or irreplaceability."
fetch-20261006T122600Z-dfc47335,v2.1-f4676a0b,cosign,2025,labor,166.3,166.29999999999998,248,"{""participant_list_conflict"": 1}",ok,"Coverage-game Shapley value = fractional counting: each activity's topic weight is split equally among its complete, de-duplicated participants. It describes shared observable participation and does not measure causal policy impact or irreplaceability."
fetch-20261006T122600Z-dfc47335,v2.1-f4676a0b,cosign,2025,law_crime,238.0,237.99999999999994,330,{},ok,"Coverage-game Shapley value = fractional counting: each activity's topic weight is split equally among its complete, de-duplicated participants. It describes shared observable participation and does not measure causal policy impact or irreplaceability."
fetch-20261006T122600Z-dfc47335,v2.1-f4676a0b,cosign,2025,macroeconomy,122.56666666666666,122.56666666666665,236,{},ok,"Coverage-game Shapley value = fractional counting: each activity's topic weight is split equally among its complete, de-duplicated participants. It describes shared observable participation and does not measure causal policy impact or irreplaceability."
fetch-20261006T122600Z-dfc47335,v2.1-f4676a0b,cosign,2025,public_lands,20.7,20.7,31,{},ok,"Coverage-game Shapley value = fractional counting: each activity's topic weight is split equally among its complete, de-duplicated participants. It describes shared observable participation and does not measure causal policy impact or irreplaceability."
fetch-20261006T122600Z-dfc47335,v2.1-f4676a0b,cosign,2025,social_welfare,135.33333333333334,135.33333333333331,229,{},ok,"Coverage-game Shapley value = fractional counting: each activity's topic weight is split equally among its complete, de-duplicated participants. It describes shared observable participation and does not measure causal policy impact or irreplaceability."
fetch-20261006T122600Z-dfc47335,v2.1-f4676a0b,cosign,2025,technology,204.65,204.64999999999992,324,{},ok,"Coverage-game Shapley value = fractional counting: each activity's topic weight is split equally among its complete, de-duplicated participants. It describes shared observable participation and does not measure causal policy impact or irreplaceability."
fetch-20261006T122600Z-dfc47335,v2.1-f4676a0b,cosign,2025,transitional_justice,0.8333333333333333,0.8333333333333334,2,{},ok,"Coverage-game Shapley value = fractional counting: each activity's topic weight is split equally among its complete, de-duplicated participants. It describes shared observable participation and does not measure causal policy impact or irreplaceability."
fetch-20261006T122600Z-dfc47335,v2.1-f4676a0b,cosign,2025,transportation,113.25,113.24999999999999,178,{},ok,"Coverage-game Shapley value = fractional counting: each activity's topic weight is split equally among its complete, de-duplicated participants. It describes shared observable participation and does not measure causal policy impact or irreplaceability."
fetch-20261006T122600Z-dfc47335,v2.1-f4676a0b,cosign,2025,unclassified,376.0,375.99999999999994,376,{},ok,"Coverage-game Shapley value = fractional counting: each activity's topic weight is split equally among its complete, de-duplicated participants. It describes shared observable participation and does not measure causal policy impact or irreplaceability."
fetch-20261006T122600Z-dfc47335,v2.1-f4676a0b,primary,2016,agriculture,30.45,30.45,43,"{""organization_or_unknown_only"": 188, ""participant_list_conflict"": 17}",ok,"Coverage-game Shapley value = fractional counting: each activity's topic weight is split equally among its complete, de-duplicated participants. It describes shared observable participation and does not measure causal policy impact or irreplaceability."
fetch-20261006T122600Z-dfc47335,v2.1-f4676a0b,primary,2016,civil_rights,43.25,43.25,67,"{""organization_or_unknown_only"": 66, ""participant_list_conflict"": 20}",ok,"Coverage-game Shapley value = fractional counting: each activity's topic weight is split equally among its complete, de-duplicated participants. It describes shared observable participation and does not measure causal policy impact or irreplaceability."
fetch-20261006T122600Z-dfc47335,v2.1-f4676a0b,primary,2016,commerce,72.58333333333333,72.58333333333333,110,"{""organization_or_unknown_only"": 154, ""participant_list_conflict"": 24}",ok,"Coverage-game Shapley value = fractional counting: each activity's topic weight is split equally among its complete, de-duplicated participants. It describes shared observable participation and does not measure causal policy impact or irreplaceability."
fetch-20261006T122600Z-dfc47335,v2.1-f4676a0b,primary,2016,cross_strait,10.0,10.0,16,"{""organization_or_unknown_only"": 34, ""participant_list_conflict"": 2}",ok,"Coverage-game Shapley value = fractional counting: each activity's topic weight is split equally among its complete, de-duplicated participants. It describes shared observable participation and does not measure causal policy impact or irreplaceability."
fetch-20261006T122600Z-dfc47335,v2.1-f4676a0b,primary,2016,culture,55.916666666666664,55.916666666666664,81,"{""organization_or_unknown_only"": 260, ""participant_list_conflict"": 14}",ok,"Coverage-game Shapley value = fractional counting: each activity's topic weight is split equally among its complete, de-duplicated participants. It describes shared observable participation and does not measure causal policy impact or irreplaceability."
fetch-20261006T122600Z-dfc47335,v2.1-f4676a0b,primary,2016,defense,43.75,43.75,62,"{""organization_or_unknown_only"": 216, ""participant_list_conflict"": 8}",ok,"Coverage-game Shapley value = fractional counting: each activity's topic weight is split equally among its complete, de-duplicated participants. It describes shared observable participation and does not measure causal policy impact or irreplaceability."
fetch-20261006T122600Z-dfc47335,v2.1-f4676a0b,primary,2016,education,80.25,80.25,113,"{""organization_or_unknown_only"": 312, ""participant_list_conflict"": 24, ""unresolved_participant"": 1}",ok,"Coverage-game Shapley value = fractional counting: each activity's topic weight is split equally among its complete, de-duplicated participants. It describes shared observable participation and does not measure causal policy impact or irreplaceability."
fetch-20261006T122600Z-dfc47335,v2.1-f4676a0b,primary,2016,energy,23.416666666666668,23.416666666666668,32,"{""organization_or_unknown_only"": 95, ""participant_list_conflict"": 5}",ok,"Coverage-game Shapley value = fractional counting: each activity's topic weight is split equally among its complete, de-duplicated participants. It describes shared observable participation and does not measure causal policy impact or irreplaceability."
fetch-20261006T122600Z-dfc47335,v2.1-f4676a0b,primary,2016,environment,50.75,50.75,76,"{""organization_or_unknown_only"": 147, ""participant_list_conflict"": 24}",ok,"Coverage-game Shapley value = fractional counting: each activity's topic weight is split equally among its complete, de-duplicated participants. It describes shared observable participation and does not measure causal policy impact or irreplaceability."
fetch-20261006T122600Z-dfc47335,v2.1-f4676a0b,primary,2016,foreign_trade,3.6666666666666665,3.6666666666666665,8,"{""organization_or_unknown_only"": 59, ""participant_list_conflict"": 1}",ok,"Coverage-game Shapley value = fractional counting: each activity's topic weight is split equally among its complete, de-duplicated participants. It describes shared observable participation and does not measure causal policy impact or irreplaceability."
fetch-20261006T122600Z-dfc47335,v2.1-f4676a0b,primary,2016,government,100.33333333333333,100.33333333333333,141,"{""organization_or_unknown_only"": 105, ""participant_list_conflict"": 58}",ok,"Coverage-game Shapley value = fractional counting: each activity's topic weight is split equally among its complete, de-duplicated participants. It describes shared observable participation and does not measure causal policy impact or irreplaceability."
fetch-20261006T122600Z-dfc47335,v2.1-f4676a0b,primary,2016,health,81.91666666666667,81.91666666666667,109,"{""organization_or_unknown_only"": 229, ""participant_list_conflict"": 13}",ok,"Coverage-game Shapley value = fractional counting: each activity's topic weight is split equally among its complete, de-duplicated participants. It describes shared observable participation and does not measure causal policy impact or irreplaceability."
fetch-20261006T122600Z-dfc47335,v2.1-f4676a0b,primary,2016,housing,12.666666666666666,12.666666666666666,19,"{""organization_or_unknown_only"": 35, ""participant_list_conflict"": 6}",ok,"Coverage-game Shapley value = fractional counting: each activity's topic weight is split equally among its complete, de-duplicated participants. It describes shared observable participation and does not measure causal policy impact or irreplaceability."
fetch-20261006T122600Z-dfc47335,v2.1-f4676a0b,primary,2016,immigration,20.416666666666668,20.416666666666668,30,"{""organization_or_unknown_only"": 41, ""participant_list_conflict"": 8}",ok,"Coverage-game Shapley value = fractional counting: each activity's topic weight is split equally among its complete, de-duplicated participants. It describes shared observable participation and does not measure causal policy impact or irreplaceability."
fetch-20261006T122600Z-dfc47335,v2.1-f4676a0b,primary,2016,indigenous,32.45,32.45,61,"{""organization_or_unknown_only"": 43, ""participant_list_conflict"": 16}",ok,"Coverage-game Shapley value = fractional counting: each activity's topic weight is split equally among its complete, de-duplicated participants. It describes shared observable participation and does not measure causal policy impact or irreplaceability."
fetch-20261006T122600Z-dfc47335,v2.1-f4676a0b,primary,2016,international,8.2,8.2,14,"{""organization_or_unknown_only"": 50, ""participant_list_conflict"": 3}",ok,"Coverage-game Shapley value = fractional counting: each activity's topic weight is split equally among its complete, de-duplicated participants. It describes shared observable participation and does not measure causal policy impact or irreplaceability."
fetch-20261006T122600Z-dfc47335,v2.1-f4676a0b,primary,2016,labor,100.58333333333333,100.58333333333333,139,"{""organization_or_unknown_only"": 144, ""participant_list_conflict"": 30}",ok,"Coverage-game Shapley value = fractional counting: each activity's topic weight is split equally among its complete, de-duplicated participants. It describes shared observable participation and does not measure causal policy impact or irreplaceability."
fetch-20261006T122600Z-dfc47335,v2.1-f4676a0b,primary,2016,law_crime,185.91666666666666,185.91666666666666,256,"{""organization_or_unknown_only"": 448, ""participant_list_conflict"": 71, ""unresolved_participant"": 1}",ok,"Coverage-game Shapley value = fractional counting: each activity's topic weight is split equally among its complete, de-duplicated participants. It describes shared observable participation and does not measure causal policy impact or irreplaceability."
fetch-20261006T122600Z-dfc47335,v2.1-f4676a0b,primary,2016,macroeconomy,50.166666666666664,50.166666666666664,80,"{""organization_or_unknown_only"": 97, ""participant_list_conflict"": 8}",ok,"Coverage-game Shapley value = fractional counting: each activity's topic weight is split equally among its complete, de-duplicated participants. It describes shared observable participation and does not measure causal policy impact or irreplaceability."
fetch-20261006T122600Z-dfc47335,v2.1-f4676a0b,primary,2016,public_lands,29.533333333333335,29.53333333333333,43,"{""organization_or_unknown_only"": 117, ""participant_list_conflict"": 10}",ok,"Coverage-game Shapley value = fractional counting: each activity's topic weight is split equally among its complete, de-duplicated participants. It describes shared observable participation and does not measure causal policy impact or irreplaceability."
fetch-20261006T122600Z-dfc47335,v2.1-f4676a0b,primary,2016,social_welfare,39.5,39.5,64,"{""organization_or_unknown_only"": 47, ""participant_list_conflict"": 8}",ok,"Coverage-game Shapley value = fractional counting: each activity's topic weight is split equally among its complete, de-duplicated participants. It describes shared observable participation and does not measure causal policy impact or irreplaceability."
fetch-20261006T122600Z-dfc47335,v2.1-f4676a0b,primary,2016,technology,36.28333333333333,36.28333333333333,60,"{""organization_or_unknown_only"": 268, ""participant_list_conflict"": 16}",ok,"Coverage-game Shapley value = fractional counting: each activity's topic weight is split equally among its complete, de-duplicated participants. It describes shared observable participation and does not measure causal policy impact or irreplaceability."
fetch-20261006T122600Z-dfc47335,v2.1-f4676a0b,primary,2016,transitional_justice,14.0,14.0,18,"{""organization_or_unknown_only"": 21, ""participant_list_conflict"": 4}",ok,"Coverage-game Shapley value = fractional counting: each activity's topic weight is split equally among its complete, de-duplicated participants. It describes shared observable participation and does not measure causal policy impact or irreplaceability."
fetch-20261006T122600Z-dfc47335,v2.1-f4676a0b,primary,2016,transportation,84.0,84.0,111,"{""organization_or_unknown_only"": 164, ""participant_list_conflict"": 33}",ok,"Coverage-game Shapley value = fractional counting: each activity's topic weight is split equally among its complete, de-duplicated participants. It describes shared observable participation and does not measure causal policy impact or irreplaceability."
fetch-20261006T122600Z-dfc47335,v2.1-f4676a0b,primary,2016,unclassified,242.0,242.0,242,"{""organization_or_unknown_only"": 1899, ""participant_list_conflict"": 80}",ok,"Coverage-game Shapley value = fractional counting: each activity's topic weight is split equally among its complete, de-duplicated participants. It describes shared observable participation and does not measure causal policy impact or irreplaceability."
fetch-20261006T122600Z-dfc47335,v2.1-f4676a0b,primary,2017,agriculture,16.533333333333335,16.53333333333333,26,"{""organization_or_unknown_only"": 324, ""participant_list_conflict"": 7}",ok,"Coverage-game Shapley value = fractional counting: each activity's topic weight is split equally among its complete, de-duplicated participants. It describes shared observable participation and does not measure causal policy impact or irreplaceability."
fetch-20261006T122600Z-dfc47335,v2.1-f4676a0b,primary,2017,civil_rights,44.333333333333336,44.333333333333336,75,"{""organization_or_unknown_only"": 44, ""participant_list_conflict"": 12}",ok,"Coverage-game Shapley value = fractional counting: each activity's topic weight is split equally among its complete, de-duplicated participants. It describes shared observable participation and does not measure causal policy impact or irreplaceability."
fetch-20261006T122600Z-dfc47335,v2.1-f4676a0b,primary,2017,commerce,49.0,49.0,75,"{""organization_or_unknown_only"": 349, ""participant_list_conflict"": 9}",ok,"Coverage-game Shapley value = fractional counting: each activity's topic weight is split equally among its complete, de-duplicated participants. It describes shared observable participation and does not measure causal policy impact or irreplaceability."
fetch-20261006T122600Z-dfc47335,v2.1-f4676a0b,primary,2017,cross_strait,4.0,4.0,5,"{""organization_or_unknown_only"": 36}",ok,"Coverage-game Shapley value = fractional counting: each activity's topic weight is split equally among its complete, de-duplicated participants. It describes shared observable participation and does not measure causal policy impact or irreplaceability."
fetch-20261006T122600Z-dfc47335,v2.1-f4676a0b,primary,2017,culture,32.833333333333336,32.833333333333336,44,"{""organization_or_unknown_only"": 416, ""participant_list_conflict"": 7}",ok,"Coverage-game Shapley value = fractional counting: each activity's topic weight is split equally among its complete, de-duplicated participants. It describes shared observable participation and does not measure causal policy impact or irreplaceability."
fetch-20261006T122600Z-dfc47335,v2.1-f4676a0b,primary,2017,defense,27.083333333333332,27.083333333333332,46,"{""organization_or_unknown_only"": 244, ""participant_list_conflict"": 11}",ok,"Coverage-game Shapley value = fractional counting: each activity's topic weight is split equally among its complete, de-duplicated participants. It describes shared observable participation and does not measure causal policy impact or irreplaceability."
fetch-20261006T122600Z-dfc47335,v2.1-f4676a0b,primary,2017,education,87.36666666666666,87.36666666666667,120,"{""organization_or_unknown_only"": 483, ""participant_list_conflict"": 14}",ok,"Coverage-game Shapley value = fractional counting: each activity's topic weight is split equally among its complete, de-duplicated participants. It describes shared observable participation and does not measure causal policy impact or irreplaceability."
fetch-20261006T122600Z-dfc47335,v2.1-f4676a0b,primary,2017,energy,15.666666666666666,15.666666666666666,25,"{""organization_or_unknown_only"": 203, ""participant_list_conflict"": 4}",ok,"Coverage-game Shapley value = fractional counting: each activity's topic weight is split equally among its complete, de-duplicated participants. It describes shared observable participation and does not measure causal policy impact or irreplaceability."
fetch-20261006T122600Z-dfc47335,v2.1-f4676a0b,primary,2017,environment,54.166666666666664,54.166666666666664,72,"{""organization_or_unknown_only"": 138, ""participant_list_conflict"": 5}",ok,"Coverage-game Shapley value = fractional counting: each activity's topic weight is split equally among its complete, de-duplicated participants. It describes shared observable participation and does not measure causal policy impact or irreplaceability."
fetch-20261006T122600Z-dfc47335,v2.1-f4676a0b,primary,2017,foreign_trade,4.533333333333333,4.533333333333333,13,"{""organization_or_unknown_only"": 128}",ok,"Coverage-game Shapley value = fractional counting: each activity's topic weight is split equally among its complete, de-duplicated participants. It describes shared observable participation and does not measure causal policy impact or irreplaceability."
fetch-20261006T122600Z-dfc47335,v2.1-f4676a0b,primary,2017,government,83.0,83.0,136,"{""organization_or_unknown_only"": 140, ""participant_list_conflict"": 24}",ok,"Coverage-game Shapley value = fractional counting: each activity's topic weight is split equally among its complete, de-duplicated participants. It describes shared observable participation and does not measure causal policy impact or irreplaceability."
fetch-20261006T122600Z-dfc47335,v2.1-f4676a0b,primary,2017,health,57.28333333333333,57.28333333333333,74,"{""organization_or_unknown_only"": 263, ""participant_list_conflict"": 8}",ok,"Coverage-game Shapley value = fractional counting: each activity's topic weight is split equally among its complete, de-duplicated participants. It describes shared observable participation and does not measure causal policy impact or irreplaceability."
fetch-20261006T122600Z-dfc47335,v2.1-f4676a0b,primary,2017,housing,11.416666666666666,11.416666666666666,16,"{""organization_or_unknown_only"": 78, ""participant_list_conflict"": 3}",ok,"Coverage-game Shapley value = fractional counting: each activity's topic weight is split equally among its complete, de-duplicated participants. It describes shared observable participation and does not measure causal policy impact or irreplaceability."
fetch-20261006T122600Z-dfc47335,v2.1-f4676a0b,primary,2017,immigration,11.083333333333334,11.083333333333332,20,"{""organization_or_unknown_only"": 39, ""participant_list_conflict"": 1}",ok,"Coverage-game Shapley value = fractional counting: each activity's topic weight is split equally among its complete, de-duplicated participants. It describes shared observable participation and does not measure causal policy impact or irreplaceability."
fetch-20261006T122600Z-dfc47335,v2.1-f4676a0b,primary,2017,indigenous,27.416666666666668,27.416666666666664,42,"{""organization_or_unknown_only"": 82, ""participant_list_conflict"": 9}",ok,"Coverage-game Shapley value = fractional counting: each activity's topic weight is split equally among its complete, de-duplicated participants. It describes shared observable participation and does not measure causal policy impact or irreplaceability."
fetch-20261006T122600Z-dfc47335,v2.1-f4676a0b,primary,2017,international,7.783333333333333,7.783333333333333,12,"{""organization_or_unknown_only"": 80, ""participant_list_conflict"": 1}",ok,"Coverage-game Shapley value = fractional counting: each activity's topic weight is split equally among its complete, de-duplicated participants. It describes shared observable participation and does not measure causal policy impact or irreplaceability."
fetch-20261006T122600Z-dfc47335,v2.1-f4676a0b,primary,2017,labor,89.0,89.0,120,"{""organization_or_unknown_only"": 157, ""participant_list_conflict"": 12}",ok,"Coverage-game Shapley value = fractional counting: each activity's topic weight is split equally among its complete, de-duplicated participants. It describes shared observable participation and does not measure causal policy impact or irreplaceability."
fetch-20261006T122600Z-dfc47335,v2.1-f4676a0b,primary,2017,law_crime,145.0,145.0,210,"{""organization_or_unknown_only"": 497, ""participant_list_conflict"": 43}",ok,"Coverage-game Shapley value = fractional counting: each activity's topic weight is split equally among its complete, de-duplicated participants. It describes shared observable participation and does not measure causal policy impact or irreplaceability."
fetch-20261006T122600Z-dfc47335,v2.1-f4676a0b,primary,2017,macroeconomy,59.583333333333336,59.58333333333333,103,"{""organization_or_unknown_only"": 597, ""participant_list_conflict"": 18}",ok,"Coverage-game Shapley value = fractional counting: each activity's topic weight is split equally among its complete, de-duplicated participants. It describes shared observable participation and does not measure causal policy impact or irreplaceability."
fetch-20261006T122600Z-dfc47335,v2.1-f4676a0b,primary,2017,public_lands,17.0,17.0,27,"{""organization_or_unknown_only"": 172, ""participant_list_conflict"": 6}",ok,"Coverage-game Shapley value = fractional counting: each activity's topic weight is split equally among its complete, de-duplicated participants. It describes shared observable participation and does not measure causal policy impact or irreplaceability."
fetch-20261006T122600Z-dfc47335,v2.1-f4676a0b,primary,2017,social_welfare,36.666666666666664,36.666666666666664,62,"{""organization_or_unknown_only"": 96, ""participant_list_conflict"": 5}",ok,"Coverage-game Shapley value = fractional counting: each activity's topic weight is split equally among its complete, de-duplicated participants. It describes shared observable participation and does not measure causal policy impact or irreplaceability."
fetch-20261006T122600Z-dfc47335,v2.1-f4676a0b,primary,2017,technology,20.083333333333332,20.083333333333332,30,"{""organization_or_unknown_only"": 408, ""participant_list_conflict"": 2}",ok,"Coverage-game Shapley value = fractional counting: each activity's topic weight is split equally among its complete, de-duplicated participants. It describes shared observable participation and does not measure causal policy impact or irreplaceability."
fetch-20261006T122600Z-dfc47335,v2.1-f4676a0b,primary,2017,transitional_justice,1.5,1.5,2,"{""organization_or_unknown_only"": 20, ""participant_list_conflict"": 3}",ok,"Coverage-game Shapley value = fractional counting: each activity's topic weight is split equally among its complete, de-duplicated participants. It describes shared observable participation and does not measure causal policy impact or irreplaceability."
fetch-20261006T122600Z-dfc47335,v2.1-f4676a0b,primary,2017,transportation,74.66666666666667,74.66666666666667,96,"{""organization_or_unknown_only"": 417, ""participant_list_conflict"": 17}",ok,"Coverage-game Shapley value = fractional counting: each activity's topic weight is split equally among its complete, de-duplicated participants. It describes shared observable participation and does not measure causal policy impact or irreplaceability."
fetch-20261006T122600Z-dfc47335,v2.1-f4676a0b,primary,2017,unclassified,225.0,225.0,225,"{""organization_or_unknown_only"": 2768, ""participant_list_conflict"": 40}",ok,"Coverage-game Shapley value = fractional counting: each activity's topic weight is split equally among its complete, de-duplicated participants. It describes shared observable participation and does not measure causal policy impact or irreplaceability."
fetch-20261006T122600Z-dfc47335,v2.1-f4676a0b,primary,2018,agriculture,21.0,21.0,28,"{""organization_or_unknown_only"": 234, ""participant_list_conflict"": 6}",ok,"Coverage-game Shapley value = fractional counting: each activity's topic weight is split equally among its complete, de-duplicated participants. It describes shared observable participation and does not measure causal policy impact or irreplaceability."
fetch-20261006T122600Z-dfc47335,v2.1-f4676a0b,primary,2018,civil_rights,57.5,57.5,87,"{""organization_or_unknown_only"": 52, ""participant_list_conflict"": 3, ""unresolved_participant"": 1}",ok,"Coverage-game Shapley value = fractional counting: each activity's topic weight is split equally among its complete, de-duplicated participants. It describes shared observable participation and does not measure causal policy impact or irreplaceability."
fetch-20261006T122600Z-dfc47335,v2.1-f4676a0b,primary,2018,commerce,46.333333333333336,46.333333333333336,61,"{""organization_or_unknown_only"": 394, ""participant_list_conflict"": 10}",ok,"Coverage-game Shapley value = fractional counting: each activity's topic weight is split equally among its complete, de-duplicated participants. It describes shared observable participation and does not measure causal policy impact or irreplaceability."
fetch-20261006T122600Z-dfc47335,v2.1-f4676a0b,primary,2018,cross_strait,0.5,0.5,1,"{""organization_or_unknown_only"": 33}",ok,"Coverage-game Shapley value = fractional counting: each activity's topic weight is split equally among its complete, de-duplicated participants. It describes shared observable participation and does not measure causal policy impact or irreplaceability."
fetch-20261006T122600Z-dfc47335,v2.1-f4676a0b,primary,2018,culture,24.5,24.5,33,"{""organization_or_unknown_only"": 305, ""participant_list_conflict"": 6}",ok,"Coverage-game Shapley value = fractional counting: each activity's topic weight is split equally among its complete, de-duplicated participants. It describes shared observable participation and does not measure causal policy impact or irreplaceability."
fetch-20261006T122600Z-dfc47335,v2.1-f4676a0b,primary,2018,defense,26.583333333333332,26.583333333333332,45,"{""organization_or_unknown_only"": 347, ""participant_list_conflict"": 3}",ok,"Coverage-game Shapley value = fractional counting: each activity's topic weight is split equally among its complete, de-duplicated participants. It describes shared observable participation and does not measure causal policy impact or irreplaceability."
fetch-20261006T122600Z-dfc47335,v2.1-f4676a0b,primary,2018,education,79.08333333333333,79.08333333333333,114,"{""organization_or_unknown_only"": 421, ""participant_list_conflict"": 14}",ok,"Coverage-game Shapley value = fractional counting: each activity's topic weight is split equally among its complete, de-duplicated participants. It describes shared observable participation and does not measure causal policy impact or irreplaceability."
fetch-20261006T122600Z-dfc47335,v2.1-f4676a0b,primary,2018,energy,17.5,17.5,26,"{""organization_or_unknown_only"": 304, ""participant_list_conflict"": 2}",ok,"Coverage-game Shapley value = fractional counting: each activity's topic weight is split equally among its complete, de-duplicated participants. It describes shared observable participation and does not measure causal policy impact or irreplaceability."
fetch-20261006T122600Z-dfc47335,v2.1-f4676a0b,primary,2018,environment,26.166666666666668,26.166666666666668,35,"{""organization_or_unknown_only"": 137, ""participant_list_conflict"": 3}",ok,"Coverage-game Shapley value = fractional counting: each activity's topic weight is split equally among its complete, de-duplicated participants. It describes shared observable participation and does not measure causal policy impact or irreplaceability."
fetch-20261006T122600Z-dfc47335,v2.1-f4676a0b,primary,2018,foreign_trade,4.666666666666667,4.666666666666667,8,"{""organization_or_unknown_only"": 106}",ok,"Coverage-game Shapley value = fractional counting: each activity's topic weight is split equally among its complete, de-duplicated participants. It describes shared observable participation and does not measure causal policy impact or irreplaceability."
fetch-20261006T122600Z-dfc47335,v2.1-f4676a0b,primary,2018,government,59.166666666666664,59.166666666666664,89,"{""organization_or_unknown_only"": 148, ""participant_list_conflict"": 3}",ok,"Coverage-game Shapley value = fractional counting: each activity's topic weight is split equally among its complete, de-duplicated participants. It describes shared observable participation and does not measure causal policy impact or irreplaceability."
fetch-20261006T122600Z-dfc47335,v2.1-f4676a0b,primary,2018,health,57.416666666666664,57.416666666666664,69,"{""organization_or_unknown_only"": 258, ""participant_list_conflict"": 3, ""unresolved_participant"": 1}",ok,"Coverage-game Shapley value = fractional counting: each activity's topic weight is split equally among its complete, de-duplicated participants. It describes shared observable participation and does not measure causal policy impact or irreplaceability."
fetch-20261006T122600Z-dfc47335,v2.1-f4676a0b,primary,2018,housing,6.0,6.0,10,"{""organization_or_unknown_only"": 80, ""participant_list_conflict"": 1}",ok,"Coverage-game Shapley value = fractional counting: each activity's topic weight is split equally among its complete, de-duplicated participants. It describes shared observable participation and does not measure causal policy impact or irreplaceability."
fetch-20261006T122600Z-dfc47335,v2.1-f4676a0b,primary,2018,immigration,13.75,13.75,21,"{""organization_or_unknown_only"": 52, ""participant_list_conflict"": 2}",ok,"Coverage-game Shapley value = fractional counting: each activity's topic weight is split equally among its complete, de-duplicated participants. It describes shared observable participation and does not measure causal policy impact or irreplaceability."
fetch-20261006T122600Z-dfc47335,v2.1-f4676a0b,primary,2018,indigenous,11.166666666666666,11.166666666666666,19,"{""organization_or_unknown_only"": 86, ""participant_list_conflict"": 1}",ok,"Coverage-game Shapley value = fractional counting: each activity's topic weight is split equally among its complete, de-duplicated participants. It describes shared observable participation and does not measure causal policy impact or irreplaceability."
fetch-20261006T122600Z-dfc47335,v2.1-f4676a0b,primary,2018,international,9.083333333333334,9.083333333333332,15,"{""organization_or_unknown_only"": 75}",ok,"Coverage-game Shapley value = fractional counting: each activity's topic weight is split equally among its complete, de-duplicated participants. It describes shared observable participation and does not measure causal policy impact or irreplaceability."
fetch-20261006T122600Z-dfc47335,v2.1-f4676a0b,primary,2018,labor,70.58333333333333,70.58333333333333,105,"{""organization_or_unknown_only"": 125, ""participant_list_conflict"": 7}",ok,"Coverage-game Shapley value = fractional counting: each activity's topic weight is split equally among its complete, de-duplicated participants. It describes shared observable participation and does not measure causal policy impact or irreplaceability."
fetch-20261006T122600Z-dfc47335,v2.1-f4676a0b,primary,2018,law_crime,122.58333333333333,122.58333333333333,170,"{""organization_or_unknown_only"": 427, ""participant_list_conflict"": 15}",ok,"Coverage-game Shapley value = fractional counting: each activity's topic weight is split equally among its complete, de-duplicated participants. It describes shared observable participation and does not measure causal policy impact or irreplaceability."
fetch-20261006T122600Z-dfc47335,v2.1-f4676a0b,primary,2018,macroeconomy,38.333333333333336,38.333333333333336,51,"{""organization_or_unknown_only"": 495, ""participant_list_conflict"": 2}",ok,"Coverage-game Shapley value = fractional counting: each activity's topic weight is split equally among its complete, de-duplicated participants. It describes shared observable participation and does not measure causal policy impact or irreplaceability."
fetch-20261006T122600Z-dfc47335,v2.1-f4676a0b,primary,2018,public_lands,19.666666666666668,19.666666666666668,25,"{""organization_or_unknown_only"": 133, ""participant_list_conflict"": 1}",ok,"Coverage-game Shapley value = fractional counting: each activity's topic weight is split equally among its complete, de-duplicated participants. It describes shared observable participation and does not measure causal policy impact or irreplaceability."
fetch-20261006T122600Z-dfc47335,v2.1-f4676a0b,primary,2018,social_welfare,37.916666666666664,37.916666666666664,64,"{""organization_or_unknown_only"": 46, ""participant_list_conflict"": 2}",ok,"Coverage-game Shapley value = fractional counting: each activity's topic weight is split equally among its complete, de-duplicated participants. It describes shared observable participation and does not measure causal policy impact or irreplaceability."
fetch-20261006T122600Z-dfc47335,v2.1-f4676a0b,primary,2018,technology,26.166666666666668,26.166666666666664,36,"{""organization_or_unknown_only"": 313, ""participant_list_conflict"": 5}",ok,"Coverage-game Shapley value = fractional counting: each activity's topic weight is split equally among its complete, de-duplicated participants. It describes shared observable participation and does not measure causal policy impact or irreplaceability."
fetch-20261006T122600Z-dfc47335,v2.1-f4676a0b,primary,2018,transitional_justice,7.666666666666667,7.666666666666667,10,"{""organization_or_unknown_only"": 22}",ok,"Coverage-game Shapley value = fractional counting: each activity's topic weight is split equally among its complete, de-duplicated participants. It describes shared observable participation and does not measure causal policy impact or irreplaceability."
fetch-20261006T122600Z-dfc47335,v2.1-f4676a0b,primary,2018,transportation,50.666666666666664,50.666666666666664,63,"{""organization_or_unknown_only"": 397, ""participant_list_conflict"": 2}",ok,"Coverage-game Shapley value = fractional counting: each activity's topic weight is split equally among its complete, de-duplicated participants. It describes shared observable participation and does not measure causal policy impact or irreplaceability."
fetch-20261006T122600Z-dfc47335,v2.1-f4676a0b,primary,2018,unclassified,197.0,197.0,197,"{""organization_or_unknown_only"": 2531, ""participant_list_conflict"": 20}",ok,"Coverage-game Shapley value = fractional counting: each activity's topic weight is split equally among its complete, de-duplicated participants. It describes shared observable participation and does not measure causal policy impact or irreplaceability."
fetch-20261006T122600Z-dfc47335,v2.1-f4676a0b,primary,2019,agriculture,26.25,26.25,39,"{""organization_or_unknown_only"": 258}",ok,"Coverage-game Shapley value = fractional counting: each activity's topic weight is split equally among its complete, de-duplicated participants. It describes shared observable participation and does not measure causal policy impact or irreplaceability."
fetch-20261006T122600Z-dfc47335,v2.1-f4676a0b,primary,2019,civil_rights,35.583333333333336,35.583333333333336,50,"{""organization_or_unknown_only"": 69}",ok,"Coverage-game Shapley value = fractional counting: each activity's topic weight is split equally among its complete, de-duplicated participants. It describes shared observable participation and does not measure causal policy impact or irreplaceability."
fetch-20261006T122600Z-dfc47335,v2.1-f4676a0b,primary,2019,commerce,19.75,19.75,29,"{""organization_or_unknown_only"": 292}",ok,"Coverage-game Shapley value = fractional counting: each activity's topic weight is split equally among its complete, de-duplicated participants. It describes shared observable participation and does not measure causal policy impact or irreplaceability."
fetch-20261006T122600Z-dfc47335,v2.1-f4676a0b,primary,2019,cross_strait,1.5,1.5,2,"{""organization_or_unknown_only"": 30}",ok,"Coverage-game Shapley value = fractional counting: each activity's topic weight is split equally among its complete, de-duplicated participants. It describes shared observable participation and does not measure causal policy impact or irreplaceability."
fetch-20261006T122600Z-dfc47335,v2.1-f4676a0b,primary,2019,culture,35.416666666666664,35.416666666666664,49,"{""organization_or_unknown_only"": 242, ""participant_list_conflict"": 1}",ok,"Coverage-game Shapley value = fractional counting: each activity's topic weight is split equally among its complete, de-duplicated participants. It describes shared observable participation and does not measure causal policy impact or irreplaceability."
fetch-20261006T122600Z-dfc47335,v2.1-f4676a0b,primary,2019,defense,28.0,28.0,42,"{""organization_or_unknown_only"": 349}",ok,"Coverage-game Shapley value = fractional counting: each activity's topic weight is split equally among its complete, de-duplicated participants. It describes shared observable participation and does not measure causal policy impact or irreplaceability."
fetch-20261006T122600Z-dfc47335,v2.1-f4676a0b,primary,2019,education,51.25,51.25,77,"{""organization_or_unknown_only"": 367}",ok,"Coverage-game Shapley value = fractional counting: each activity's topic weight is split equally among its complete, de-duplicated participants. It describes shared observable participation and does not measure causal policy impact or irreplaceability."
fetch-20261006T122600Z-dfc47335,v2.1-f4676a0b,primary,2019,energy,6.833333333333333,6.833333333333333,8,"{""organization_or_unknown_only"": 264}",ok,"Coverage-game Shapley value = fractional counting: each activity's topic weight is split equally among its complete, de-duplicated participants. It describes shared observable participation and does not measure causal policy impact or irreplaceability."
fetch-20261006T122600Z-dfc47335,v2.1-f4676a0b,primary,2019,environment,23.166666666666668,23.166666666666664,29,"{""organization_or_unknown_only"": 190}",ok,"Coverage-game Shapley value = fractional counting: each activity's topic weight is split equally among its complete, de-duplicated participants. It describes shared observable participation and does not measure causal policy impact or irreplaceability."
fetch-20261006T122600Z-dfc47335,v2.1-f4676a0b,primary,2019,foreign_trade,10.75,10.75,14,"{""organization_or_unknown_only"": 76}",ok,"Coverage-game Shapley value = fractional counting: each activity's topic weight is split equally among its complete, de-duplicated participants. It describes shared observable participation and does not measure causal policy impact or irreplaceability."
fetch-20261006T122600Z-dfc47335,v2.1-f4676a0b,primary,2019,government,67.41666666666667,67.41666666666667,98,"{""organization_or_unknown_only"": 148}",ok,"Coverage-game Shapley value = fractional counting: each activity's topic weight is split equally among its complete, de-duplicated participants. It describes shared observable participation and does not measure causal policy impact or irreplaceability."
fetch-20261006T122600Z-dfc47335,v2.1-f4676a0b,primary,2019,health,65.5,65.5,86,"{""organization_or_unknown_only"": 266}",ok,"Coverage-game Shapley value = fractional counting: each activity's topic weight is split equally among its complete, de-duplicated participants. It describes shared observable participation and does not measure causal policy impact or irreplaceability."
fetch-20261006T122600Z-dfc47335,v2.1-f4676a0b,primary,2019,housing,8.666666666666666,8.666666666666666,11,"{""organization_or_unknown_only"": 78}",ok,"Coverage-game Shapley value = fractional counting: each activity's topic weight is split equally among its complete, de-duplicated participants. It describes shared observable participation and does not measure causal policy impact or irreplaceability."
fetch-20261006T122600Z-dfc47335,v2.1-f4676a0b,primary,2019,immigration,11.75,11.75,17,"{""organization_or_unknown_only"": 77}",ok,"Coverage-game Shapley value = fractional counting: each activity's topic weight is split equally among its complete, de-duplicated participants. It describes shared observable participation and does not measure causal policy impact or irreplaceability."
fetch-20261006T122600Z-dfc47335,v2.1-f4676a0b,primary,2019,indigenous,23.916666666666668,23.916666666666668,35,"{""organization_or_unknown_only"": 82}",ok,"Coverage-game Shapley value = fractional counting: each activity's topic weight is split equally among its complete, de-duplicated participants. It describes shared observable participation and does not measure causal policy impact or irreplaceability."
fetch-20261006T122600Z-dfc47335,v2.1-f4676a0b,primary,2019,international,1.75,1.75,3,"{""organization_or_unknown_only"": 95}",ok,"Coverage-game Shapley value = fractional counting: each activity's topic weight is split equally among its complete, de-duplicated participants. It describes shared observable participation and does not measure causal policy impact or irreplaceability."
fetch-20261006T122600Z-dfc47335,v2.1-f4676a0b,primary,2019,labor,81.5,81.5,111,"{""organization_or_unknown_only"": 259}",ok,"Coverage-game Shapley value = fractional counting: each activity's topic weight is split equally among its complete, de-duplicated participants. It describes shared observable participation and does not measure causal policy impact or irreplaceability."
fetch-20261006T122600Z-dfc47335,v2.1-f4676a0b,primary,2019,law_crime,110.66666666666667,110.66666666666666,150,"{""organization_or_unknown_only"": 429, ""participant_list_conflict"": 1}",ok,"Coverage-game Shapley value = fractional counting: each activity's topic weight is split equally among its complete, de-duplicated participants. It describes shared observable participation and does not measure causal policy impact or irreplaceability."
fetch-20261006T122600Z-dfc47335,v2.1-f4676a0b,primary,2019,macroeconomy,37.916666666666664,37.916666666666664,58,"{""organization_or_unknown_only"": 284}",ok,"Coverage-game Shapley value = fractional counting: each activity's topic weight is split equally among its complete, de-duplicated participants. It describes shared observable participation and does not measure causal policy impact or irreplaceability."
fetch-20261006T122600Z-dfc47335,v2.1-f4676a0b,primary,2019,public_lands,6.333333333333333,6.333333333333333,9,"{""organization_or_unknown_only"": 95}",ok,"Coverage-game Shapley value = fractional counting: each activity's topic weight is split equally among its complete, de-duplicated participants. It describes shared observable participation and does not measure causal policy impact or irreplaceability."
fetch-20261006T122600Z-dfc47335,v2.1-f4676a0b,primary,2019,social_welfare,46.333333333333336,46.333333333333336,76,"{""organization_or_unknown_only"": 65}",ok,"Coverage-game Shapley value = fractional counting: each activity's topic weight is split equally among its complete, de-duplicated participants. It describes shared observable participation and does not measure causal policy impact or irreplaceability."
fetch-20261006T122600Z-dfc47335,v2.1-f4676a0b,primary,2019,technology,24.75,24.75,35,"{""organization_or_unknown_only"": 363}",ok,"Coverage-game Shapley value = fractional counting: each activity's topic weight is split equally among its complete, de-duplicated participants. It describes shared observable participation and does not measure causal policy impact or irreplaceability."
fetch-20261006T122600Z-dfc47335,v2.1-f4676a0b,primary,2019,transitional_justice,1.3333333333333333,1.3333333333333333,2,"{""organization_or_unknown_only"": 15}",ok,"Coverage-game Shapley value = fractional counting: each activity's topic weight is split equally among its complete, de-duplicated participants. It describes shared observable participation and does not measure causal policy impact or irreplaceability."
fetch-20261006T122600Z-dfc47335,v2.1-f4676a0b,primary,2019,transportation,80.66666666666667,80.66666666666667,104,"{""organization_or_unknown_only"": 492}",ok,"Coverage-game Shapley value = fractional counting: each activity's topic weight is split equally among its complete, de-duplicated participants. It describes shared observable participation and does not measure causal policy impact or irreplaceability."
fetch-20261006T122600Z-dfc47335,v2.1-f4676a0b,primary,2019,unclassified,206.0,206.0,206,"{""organization_or_unknown_only"": 2649, ""participant_list_conflict"": 1}",ok,"Coverage-game Shapley value = fractional counting: each activity's topic weight is split equally among its complete, de-duplicated participants. It describes shared observable participation and does not measure causal policy impact or irreplaceability."
fetch-20261006T122600Z-dfc47335,v2.1-f4676a0b,primary,2020,agriculture,38.61666666666667,38.61666666666667,57,"{""organization_or_unknown_only"": 318, ""participant_list_conflict"": 21}",ok,"Coverage-game Shapley value = fractional counting: each activity's topic weight is split equally among its complete, de-duplicated participants. It describes shared observable participation and does not measure causal policy impact or irreplaceability."
fetch-20261006T122600Z-dfc47335,v2.1-f4676a0b,primary,2020,civil_rights,40.666666666666664,40.666666666666664,64,"{""organization_or_unknown_only"": 84, ""participant_list_conflict"": 23, ""unresolved_participant"": 1}",ok,"Coverage-game Shapley value = fractional counting: each activity's topic weight is split equally among its complete, de-duplicated participants. It describes shared observable participation and does not measure causal policy impact or irreplaceability."
fetch-20261006T122600Z-dfc47335,v2.1-f4676a0b,primary,2020,commerce,22.7,22.7,35,"{""organization_or_unknown_only"": 292, ""participant_list_conflict"": 18, ""unresolved_participant"": 1}",ok,"Coverage-game Shapley value = fractional counting: each activity's topic weight is split equally among its complete, de-duplicated participants. It describes shared observable participation and does not measure causal policy impact or irreplaceability."
fetch-20261006T122600Z-dfc47335,v2.1-f4676a0b,primary,2020,cross_strait,2.833333333333333,2.833333333333333,6,"{""organization_or_unknown_only"": 28, ""participant_list_conflict"": 1}",ok,"Coverage-game Shapley value = fractional counting: each activity's topic weight is split equally among its complete, de-duplicated participants. It describes shared observable participation and does not measure causal policy impact or irreplaceability."
fetch-20261006T122600Z-dfc47335,v2.1-f4676a0b,primary,2020,culture,39.416666666666664,39.416666666666664,56,"{""organization_or_unknown_only"": 193, ""participant_list_conflict"": 14, ""unresolved_participant"": 1}",ok,"Coverage-game Shapley value = fractional counting: each activity's topic weight is split equally among its complete, de-duplicated participants. It describes shared observable participation and does not measure causal policy impact or irreplaceability."
fetch-20261006T122600Z-dfc47335,v2.1-f4676a0b,primary,2020,defense,27.666666666666668,27.666666666666664,47,"{""organization_or_unknown_only"": 282, ""participant_list_conflict"": 16, ""unresolved_participant"": 2}",ok,"Coverage-game Shapley value = fractional counting: each activity's topic weight is split equally among its complete, de-duplicated participants. It describes shared observable participation and does not measure causal policy impact or irreplaceability."
fetch-20261006T122600Z-dfc47335,v2.1-f4676a0b,primary,2020,education,73.5,73.5,109,"{""organization_or_unknown_only"": 333, ""participant_list_conflict"": 42, ""unresolved_participant"": 10}",ok,"Coverage-game Shapley value = fractional counting: each activity's topic weight is split equally among its complete, de-duplicated participants. It describes shared observable participation and does not measure causal policy impact or irreplaceability."
fetch-20261006T122600Z-dfc47335,v2.1-f4676a0b,primary,2020,energy,10.833333333333334,10.833333333333334,13,"{""organization_or_unknown_only"": 259, ""participant_list_conflict"": 3, ""unresolved_participant"": 1}",ok,"Coverage-game Shapley value = fractional counting: each activity's topic weight is split equally among its complete, de-duplicated participants. It describes shared observable participation and does not measure causal policy impact or irreplaceability."
fetch-20261006T122600Z-dfc47335,v2.1-f4676a0b,primary,2020,environment,22.166666666666668,22.166666666666668,31,"{""organization_or_unknown_only"": 185, ""participant_list_conflict"": 9}",ok,"Coverage-game Shapley value = fractional counting: each activity's topic weight is split equally among its complete, de-duplicated participants. It describes shared observable participation and does not measure causal policy impact or irreplaceability."
fetch-20261006T122600Z-dfc47335,v2.1-f4676a0b,primary,2020,foreign_trade,15.166666666666666,15.166666666666666,26,"{""organization_or_unknown_only"": 71, ""participant_list_conflict"": 12, ""unresolved_participant"": 1}",ok,"Coverage-game Shapley value = fractional counting: each activity's topic weight is split equally among its complete, de-duplicated participants. It describes shared observable participation and does not measure causal policy impact or irreplaceability."
fetch-20261006T122600Z-dfc47335,v2.1-f4676a0b,primary,2020,government,121.0,121.0,156,"{""organization_or_unknown_only"": 202, ""participant_list_conflict"": 62, ""unresolved_participant"": 6}",ok,"Coverage-game Shapley value = fractional counting: each activity's topic weight is split equally among its complete, de-duplicated participants. It describes shared observable participation and does not measure causal policy impact or irreplaceability."
fetch-20261006T122600Z-dfc47335,v2.1-f4676a0b,primary,2020,health,74.25,74.25,108,"{""organization_or_unknown_only"": 369, ""participant_list_conflict"": 66, ""unresolved_participant"": 4}",ok,"Coverage-game Shapley value = fractional counting: each activity's topic weight is split equally among its complete, de-duplicated participants. It describes shared observable participation and does not measure causal policy impact or irreplaceability."
fetch-20261006T122600Z-dfc47335,v2.1-f4676a0b,primary,2020,housing,11.833333333333334,11.833333333333332,15,"{""organization_or_unknown_only"": 91, ""participant_list_conflict"": 6, ""unresolved_participant"": 2}",ok,"Coverage-game Shapley value = fractional counting: each activity's topic weight is split equally among its complete, de-duplicated participants. It describes shared observable participation and does not measure causal policy impact or irreplaceability."
fetch-20261006T122600Z-dfc47335,v2.1-f4676a0b,primary,2020,immigration,23.833333333333332,23.833333333333332,31,"{""organization_or_unknown_only"": 90, ""participant_list_conflict"": 5, ""unresolved_participant"": 1}",ok,"Coverage-game Shapley value = fractional counting: each activity's topic weight is split equally among its complete, de-duplicated participants. It describes shared observable participation and does not measure causal policy impact or irreplaceability."
fetch-20261006T122600Z-dfc47335,v2.1-f4676a0b,primary,2020,indigenous,24.416666666666668,24.416666666666664,42,"{""organization_or_unknown_only"": 105, ""participant_list_conflict"": 30, ""unresolved_participant"": 1}",ok,"Coverage-game Shapley value = fractional counting: each activity's topic weight is split equally among its complete, de-duplicated participants. It describes shared observable participation and does not measure causal policy impact or irreplaceability."
fetch-20261006T122600Z-dfc47335,v2.1-f4676a0b,primary,2020,international,4.533333333333333,4.533333333333333,8,"{""organization_or_unknown_only"": 64, ""participant_list_conflict"": 3}",ok,"Coverage-game Shapley value = fractional counting: each activity's topic weight is split equally among its complete, de-duplicated participants. It describes shared observable participation and does not measure causal policy impact or irreplaceability."
fetch-20261006T122600Z-dfc47335,v2.1-f4676a0b,primary,2020,labor,84.08333333333333,84.08333333333333,120,"{""organization_or_unknown_only"": 290, ""participant_list_conflict"": 48, ""unresolved_participant"": 12}",ok,"Coverage-game Shapley value = fractional counting: each activity's topic weight is split equally among its complete, de-duplicated participants. It describes shared observable participation and does not measure causal policy impact or irreplaceability."
fetch-20261006T122600Z-dfc47335,v2.1-f4676a0b,primary,2020,law_crime,117.16666666666667,117.16666666666667,168,"{""organization_or_unknown_only"": 560, ""participant_list_conflict"": 62, ""unresolved_participant"": 27}",ok,"Coverage-game Shapley value = fractional counting: each activity's topic weight is split equally among its complete, de-duplicated participants. It describes shared observable participation and does not measure causal policy impact or irreplaceability."
fetch-20261006T122600Z-dfc47335,v2.1-f4676a0b,primary,2020,macroeconomy,46.03333333333333,46.03333333333333,71,"{""organization_or_unknown_only"": 501, ""participant_list_conflict"": 19}",ok,"Coverage-game Shapley value = fractional counting: each activity's topic weight is split equally among its complete, de-duplicated participants. It describes shared observable participation and does not measure causal policy impact or irreplaceability."
fetch-20261006T122600Z-dfc47335,v2.1-f4676a0b,primary,2020,public_lands,15.833333333333334,15.833333333333332,22,"{""organization_or_unknown_only"": 145, ""participant_list_conflict"": 7, ""unresolved_participant"": 1}",ok,"Coverage-game Shapley value = fractional counting: each activity's topic weight is split equally among its complete, de-duplicated participants. It describes shared observable participation and does not measure causal policy impact or irreplaceability."
fetch-20261006T122600Z-dfc47335,v2.1-f4676a0b,primary,2020,social_welfare,55.03333333333333,55.03333333333333,82,"{""organization_or_unknown_only"": 98, ""participant_list_conflict"": 34, ""unresolved_participant"": 4}",ok,"Coverage-game Shapley value = fractional counting: each activity's topic weight is split equally among its complete, de-duplicated participants. It describes shared observable participation and does not measure causal policy impact or irreplaceability."
fetch-20261006T122600Z-dfc47335,v2.1-f4676a0b,primary,2020,technology,47.5,47.5,83,"{""organization_or_unknown_only"": 386, ""participant_list_conflict"": 17, ""unresolved_participant"": 4}",ok,"Coverage-game Shapley value = fractional counting: each activity's topic weight is split equally among its complete, de-duplicated participants. It describes shared observable participation and does not measure causal policy impact or irreplaceability."
fetch-20261006T122600Z-dfc47335,v2.1-f4676a0b,primary,2020,transitional_justice,5.833333333333333,5.833333333333333,8,"{""organization_or_unknown_only"": 14, ""participant_list_conflict"": 1}",ok,"Coverage-game Shapley value = fractional counting: each activity's topic weight is split equally among its complete, de-duplicated participants. It describes shared observable participation and does not measure causal policy impact or irreplaceability."
fetch-20261006T122600Z-dfc47335,v2.1-f4676a0b,primary,2020,transportation,63.083333333333336,63.08333333333333,78,"{""organization_or_unknown_only"": 331, ""participant_list_conflict"": 27, ""unresolved_participant"": 3}",ok,"Coverage-game Shapley value = fractional counting: each activity's topic weight is split equally among its complete, de-duplicated participants. It describes shared observable participation and does not measure causal policy impact or irreplaceability."
fetch-20261006T122600Z-dfc47335,v2.1-f4676a0b,primary,2020,unclassified,224.0,224.0,224,"{""organization_or_unknown_only"": 2573, ""participant_list_conflict"": 51, ""unresolved_participant"": 8}",ok,"Coverage-game Shapley value = fractional counting: each activity's topic weight is split equally among its complete, de-duplicated participants. It describes shared observable participation and does not measure causal policy impact or irreplaceability."
fetch-20261006T122600Z-dfc47335,v2.1-f4676a0b,primary,2021,agriculture,25.78333333333333,25.783333333333335,43,"{""organization_or_unknown_only"": 266, ""participant_list_conflict"": 10}",ok,"Coverage-game Shapley value = fractional counting: each activity's topic weight is split equally among its complete, de-duplicated participants. It describes shared observable participation and does not measure causal policy impact or irreplaceability."
fetch-20261006T122600Z-dfc47335,v2.1-f4676a0b,primary,2021,civil_rights,54.666666666666664,54.666666666666664,83,"{""organization_or_unknown_only"": 68, ""participant_list_conflict"": 9, ""unresolved_participant"": 3}",ok,"Coverage-game Shapley value = fractional counting: each activity's topic weight is split equally among its complete, de-duplicated participants. It describes shared observable participation and does not measure causal policy impact or irreplaceability."
fetch-20261006T122600Z-dfc47335,v2.1-f4676a0b,primary,2021,commerce,30.25,30.25,48,"{""organization_or_unknown_only"": 183, ""participant_list_conflict"": 17, ""unresolved_participant"": 3}",ok,"Coverage-game Shapley value = fractional counting: each activity's topic weight is split equally among its complete, de-duplicated participants. It describes shared observable participation and does not measure causal policy impact or irreplaceability."
fetch-20261006T122600Z-dfc47335,v2.1-f4676a0b,primary,2021,cross_strait,3.3333333333333335,3.333333333333333,6,"{""organization_or_unknown_only"": 23}",ok,"Coverage-game Shapley value = fractional counting: each activity's topic weight is split equally among its complete, de-duplicated participants. It describes shared observable participation and does not measure causal policy impact or irreplaceability."
fetch-20261006T122600Z-dfc47335,v2.1-f4676a0b,primary,2021,culture,39.833333333333336,39.83333333333333,61,"{""organization_or_unknown_only"": 213, ""participant_list_conflict"": 14, ""unresolved_participant"": 2}",ok,"Coverage-game Shapley value = fractional counting: each activity's topic weight is split equally among its complete, de-duplicated participants. It describes shared observable participation and does not measure causal policy impact or irreplaceability."
fetch-20261006T122600Z-dfc47335,v2.1-f4676a0b,primary,2021,defense,40.666666666666664,40.666666666666664,60,"{""organization_or_unknown_only"": 272, ""participant_list_conflict"": 26, ""unresolved_participant"": 5}",ok,"Coverage-game Shapley value = fractional counting: each activity's topic weight is split equally among its complete, de-duplicated participants. It describes shared observable participation and does not measure causal policy impact or irreplaceability."
fetch-20261006T122600Z-dfc47335,v2.1-f4676a0b,primary,2021,education,88.03333333333333,88.03333333333333,142,"{""organization_or_unknown_only"": 331, ""participant_list_conflict"": 46, ""unresolved_participant"": 9}",ok,"Coverage-game Shapley value = fractional counting: each activity's topic weight is split equally among its complete, de-duplicated participants. It describes shared observable participation and does not measure causal policy impact or irreplaceability."
fetch-20261006T122600Z-dfc47335,v2.1-f4676a0b,primary,2021,energy,4.45,4.45,6,"{""organization_or_unknown_only"": 123, ""participant_list_conflict"": 2}",ok,"Coverage-game Shapley value = fractional counting: each activity's topic weight is split equally among its complete, de-duplicated participants. It describes shared observable participation and does not measure causal policy impact or irreplaceability."
fetch-20261006T122600Z-dfc47335,v2.1-f4676a0b,primary,2021,environment,23.28333333333333,23.28333333333333,36,"{""organization_or_unknown_only"": 145, ""participant_list_conflict"": 16}",ok,"Coverage-game Shapley value = fractional counting: each activity's topic weight is split equally among its complete, de-duplicated participants. It describes shared observable participation and does not measure causal policy impact or irreplaceability."
fetch-20261006T122600Z-dfc47335,v2.1-f4676a0b,primary,2021,foreign_trade,8.083333333333334,8.083333333333334,14,"{""organization_or_unknown_only"": 101, ""participant_list_conflict"": 5}",ok,"Coverage-game Shapley value = fractional counting: each activity's topic weight is split equally among its complete, de-duplicated participants. It describes shared observable participation and does not measure causal policy impact or irreplaceability."
fetch-20261006T122600Z-dfc47335,v2.1-f4676a0b,primary,2021,government,81.7,81.7,132,"{""organization_or_unknown_only"": 170, ""participant_list_conflict"": 40, ""unresolved_participant"": 9}",ok,"Coverage-game Shapley value = fractional counting: each activity's topic weight is split equally among its complete, de-duplicated participants. It describes shared observable participation and does not measure causal policy impact or irreplaceability."
fetch-20261006T122600Z-dfc47335,v2.1-f4676a0b,primary,2021,health,86.7,86.7,126,"{""organization_or_unknown_only"": 434, ""participant_list_conflict"": 28, ""unresolved_participant"": 12}",ok,"Coverage-game Shapley value = fractional counting: each activity's topic weight is split equally among its complete, de-duplicated participants. It describes shared observable participation and does not measure causal policy impact or irreplaceability."
fetch-20261006T122600Z-dfc47335,v2.1-f4676a0b,primary,2021,housing,23.5,23.5,32,"{""organization_or_unknown_only"": 71, ""participant_list_conflict"": 12, ""unresolved_participant"": 2}",ok,"Coverage-game Shapley value = fractional counting: each activity's topic weight is split equally among its complete, de-duplicated participants. It describes shared observable participation and does not measure causal policy impact or irreplaceability."
fetch-20261006T122600Z-dfc47335,v2.1-f4676a0b,primary,2021,immigration,12.333333333333334,12.333333333333334,17,"{""organization_or_unknown_only"": 43, ""participant_list_conflict"": 4, ""unresolved_participant"": 1}",ok,"Coverage-game Shapley value = fractional counting: each activity's topic weight is split equally among its complete, de-duplicated participants. It describes shared observable participation and does not measure causal policy impact or irreplaceability."
fetch-20261006T122600Z-dfc47335,v2.1-f4676a0b,primary,2021,indigenous,16.28333333333333,16.28333333333333,32,"{""organization_or_unknown_only"": 54, ""participant_list_conflict"": 14}",ok,"Coverage-game Shapley value = fractional counting: each activity's topic weight is split equally among its complete, de-duplicated participants. It describes shared observable participation and does not measure causal policy impact or irreplaceability."
fetch-20261006T122600Z-dfc47335,v2.1-f4676a0b,primary,2021,international,8.666666666666666,8.666666666666666,14,"{""organization_or_unknown_only"": 60, ""participant_list_conflict"": 6}",ok,"Coverage-game Shapley value = fractional counting: each activity's topic weight is split equally among its complete, de-duplicated participants. It describes shared observable participation and does not measure causal policy impact or irreplaceability."
fetch-20261006T122600Z-dfc47335,v2.1-f4676a0b,primary,2021,labor,68.56666666666666,68.56666666666666,112,"{""organization_or_unknown_only"": 235, ""participant_list_conflict"": 28, ""unresolved_participant"": 9}",ok,"Coverage-game Shapley value = fractional counting: each activity's topic weight is split equally among its complete, de-duplicated participants. It describes shared observable participation and does not measure causal policy impact or irreplaceability."
fetch-20261006T122600Z-dfc47335,v2.1-f4676a0b,primary,2021,law_crime,118.83333333333333,118.83333333333333,171,"{""organization_or_unknown_only"": 418, ""participant_list_conflict"": 46, ""unresolved_participant"": 24}",ok,"Coverage-game Shapley value = fractional counting: each activity's topic weight is split equally among its complete, de-duplicated participants. It describes shared observable participation and does not measure causal policy impact or irreplaceability."
fetch-20261006T122600Z-dfc47335,v2.1-f4676a0b,primary,2021,macroeconomy,53.56666666666667,53.56666666666666,93,"{""organization_or_unknown_only"": 700, ""participant_list_conflict"": 37, ""unresolved_participant"": 8}",ok,"Coverage-game Shapley value = fractional counting: each activity's topic weight is split equally among its complete, de-duplicated participants. It describes shared observable participation and does not measure causal policy impact or irreplaceability."
fetch-20261006T122600Z-dfc47335,v2.1-f4676a0b,primary,2021,public_lands,12.0,12.0,17,"{""organization_or_unknown_only"": 125, ""participant_list_conflict"": 3, ""unresolved_participant"": 4}",ok,"Coverage-game Shapley value = fractional counting: each activity's topic weight is split equally among its complete, de-duplicated participants. It describes shared observable participation and does not measure causal policy impact or irreplaceability."
fetch-20261006T122600Z-dfc47335,v2.1-f4676a0b,primary,2021,social_welfare,64.95,64.95,94,"{""organization_or_unknown_only"": 68, ""participant_list_conflict"": 43, ""unresolved_participant"": 4}",ok,"Coverage-game Shapley value = fractional counting: each activity's topic weight is split equally among its complete, de-duplicated participants. It describes shared observable participation and does not measure causal policy impact or irreplaceability."
fetch-20261006T122600Z-dfc47335,v2.1-f4676a0b,primary,2021,technology,123.81666666666666,123.81666666666665,216,"{""organization_or_unknown_only"": 420, ""participant_list_conflict"": 17, ""unresolved_participant"": 2}",ok,"Coverage-game Shapley value = fractional counting: each activity's topic weight is split equally among its complete, de-duplicated participants. It describes shared observable participation and does not measure causal policy impact or irreplaceability."
fetch-20261006T122600Z-dfc47335,v2.1-f4676a0b,primary,2021,transitional_justice,5.0,5.0,6,"{""organization_or_unknown_only"": 14}",ok,"Coverage-game Shapley value = fractional counting: each activity's topic weight is split equally among its complete, de-duplicated participants. It describes shared observable participation and does not measure causal policy impact or irreplaceability."
fetch-20261006T122600Z-dfc47335,v2.1-f4676a0b,primary,2021,transportation,58.7,58.699999999999996,77,"{""organization_or_unknown_only"": 245, ""participant_list_conflict"": 40, ""unresolved_participant"": 19}",ok,"Coverage-game Shapley value = fractional counting: each activity's topic weight is split equally among its complete, de-duplicated participants. It describes shared observable participation and does not measure causal policy impact or irreplaceability."
fetch-20261006T122600Z-dfc47335,v2.1-f4676a0b,primary,2021,unclassified,222.0,222.0,222,"{""organization_or_unknown_only"": 2524, ""participant_list_conflict"": 40, ""unresolved_participant"": 7}",ok,"Coverage-game Shapley value = fractional counting: each activity's topic weight is split equally among its complete, de-duplicated participants. It describes shared observable participation and does not measure causal policy impact or irreplaceability."
fetch-20261006T122600Z-dfc47335,v2.1-f4676a0b,primary,2022,agriculture,31.166666666666668,31.166666666666664,53,"{""organization_or_unknown_only"": 535, ""participant_list_conflict"": 3, ""unresolved_participant"": 2}",ok,"Coverage-game Shapley value = fractional counting: each activity's topic weight is split equally among its complete, de-duplicated participants. It describes shared observable participation and does not measure causal policy impact or irreplaceability."
fetch-20261006T122600Z-dfc47335,v2.1-f4676a0b,primary,2022,civil_rights,59.5,59.5,101,"{""organization_or_unknown_only"": 160, ""participant_list_conflict"": 16, ""unresolved_participant"": 2}",ok,"Coverage-game Shapley value = fractional counting: each activity's topic weight is split equally among its complete, de-duplicated participants. It describes shared observable participation and does not measure causal policy impact or irreplaceability."
fetch-20261006T122600Z-dfc47335,v2.1-f4676a0b,primary,2022,commerce,39.75,39.75,65,"{""organization_or_unknown_only"": 451, ""participant_list_conflict"": 4, ""unresolved_participant"": 3}",ok,"Coverage-game Shapley value = fractional counting: each activity's topic weight is split equally among its complete, de-duplicated participants. It describes shared observable participation and does not measure causal policy impact or irreplaceability."
fetch-20261006T122600Z-dfc47335,v2.1-f4676a0b,primary,2022,cross_strait,1.6666666666666665,1.6666666666666665,4,"{""organization_or_unknown_only"": 33}",ok,"Coverage-game Shapley value = fractional counting: each activity's topic weight is split equally among its complete, de-duplicated participants. It describes shared observable participation and does not measure causal policy impact or irreplaceability."
fetch-20261006T122600Z-dfc47335,v2.1-f4676a0b,primary,2022,culture,47.2,47.2,67,"{""organization_or_unknown_only"": 303, ""participant_list_conflict"": 14}",ok,"Coverage-game Shapley value = fractional counting: each activity's topic weight is split equally among its complete, de-duplicated participants. It describes shared observable participation and does not measure causal policy impact or irreplaceability."
fetch-20261006T122600Z-dfc47335,v2.1-f4676a0b,primary,2022,defense,41.166666666666664,41.166666666666664,60,"{""organization_or_unknown_only"": 494, ""participant_list_conflict"": 8, ""unresolved_participant"": 3}",ok,"Coverage-game Shapley value = fractional counting: each activity's topic weight is split equally among its complete, de-duplicated participants. It describes shared observable participation and does not measure causal policy impact or irreplaceability."
fetch-20261006T122600Z-dfc47335,v2.1-f4676a0b,primary,2022,education,105.83333333333333,105.83333333333333,152,"{""organization_or_unknown_only"": 616, ""participant_list_conflict"": 49, ""unresolved_participant"": 12}",ok,"Coverage-game Shapley value = fractional counting: each activity's topic weight is split equally among its complete, de-duplicated participants. It describes shared observable participation and does not measure causal policy impact or irreplaceability."
fetch-20261006T122600Z-dfc47335,v2.1-f4676a0b,primary,2022,energy,21.75,21.75,33,"{""organization_or_unknown_only"": 399, ""participant_list_conflict"": 3}",ok,"Coverage-game Shapley value = fractional counting: each activity's topic weight is split equally among its complete, de-duplicated participants. It describes shared observable participation and does not measure causal policy impact or irreplaceability."
fetch-20261006T122600Z-dfc47335,v2.1-f4676a0b,primary,2022,environment,53.61666666666667,53.61666666666667,77,"{""organization_or_unknown_only"": 352, ""participant_list_conflict"": 10}",ok,"Coverage-game Shapley value = fractional counting: each activity's topic weight is split equally among its complete, de-duplicated participants. It describes shared observable participation and does not measure causal policy impact or irreplaceability."
fetch-20261006T122600Z-dfc47335,v2.1-f4676a0b,primary,2022,foreign_trade,4.333333333333333,4.333333333333333,6,"{""organization_or_unknown_only"": 164, ""participant_list_conflict"": 5}",ok,"Coverage-game Shapley value = fractional counting: each activity's topic weight is split equally among its complete, de-duplicated participants. It describes shared observable participation and does not measure causal policy impact or irreplaceability."
fetch-20261006T122600Z-dfc47335,v2.1-f4676a0b,primary,2022,government,115.28333333333333,115.28333333333333,164,"{""organization_or_unknown_only"": 190, ""participant_list_conflict"": 18, ""unresolved_participant"": 9}",ok,"Coverage-game Shapley value = fractional counting: each activity's topic weight is split equally among its complete, de-duplicated participants. It describes shared observable participation and does not measure causal policy impact or irreplaceability."
fetch-20261006T122600Z-dfc47335,v2.1-f4676a0b,primary,2022,health,66.16666666666667,66.16666666666667,86,"{""organization_or_unknown_only"": 629, ""participant_list_conflict"": 24, ""unresolved_participant"": 1}",ok,"Coverage-game Shapley value = fractional counting: each activity's topic weight is split equally among its complete, de-duplicated participants. It describes shared observable participation and does not measure causal policy impact or irreplaceability."
fetch-20261006T122600Z-dfc47335,v2.1-f4676a0b,primary,2022,housing,18.833333333333332,18.833333333333332,27,"{""organization_or_unknown_only"": 149, ""participant_list_conflict"": 9, ""unresolved_participant"": 1}",ok,"Coverage-game Shapley value = fractional counting: each activity's topic weight is split equally among its complete, de-duplicated participants. It describes shared observable participation and does not measure causal policy impact or irreplaceability."
fetch-20261006T122600Z-dfc47335,v2.1-f4676a0b,primary,2022,immigration,15.833333333333334,15.833333333333332,22,"{""organization_or_unknown_only"": 55, ""participant_list_conflict"": 3}",ok,"Coverage-game Shapley value = fractional counting: each activity's topic weight is split equally among its complete, de-duplicated participants. It describes shared observable participation and does not measure causal policy impact or irreplaceability."
fetch-20261006T122600Z-dfc47335,v2.1-f4676a0b,primary,2022,indigenous,14.866666666666667,14.866666666666667,27,"{""organization_or_unknown_only"": 158, ""participant_list_conflict"": 14}",ok,"Coverage-game Shapley value = fractional counting: each activity's topic weight is split equally among its complete, de-duplicated participants. It describes shared observable participation and does not measure causal policy impact or irreplaceability."
fetch-20261006T122600Z-dfc47335,v2.1-f4676a0b,primary,2022,international,5.75,5.75,9,"{""organization_or_unknown_only"": 83, ""participant_list_conflict"": 5}",ok,"Coverage-game Shapley value = fractional counting: each activity's topic weight is split equally among its complete, de-duplicated participants. It describes shared observable participation and does not measure causal policy impact or irreplaceability."
fetch-20261006T122600Z-dfc47335,v2.1-f4676a0b,primary,2022,labor,69.41666666666667,69.41666666666667,108,"{""organization_or_unknown_only"": 364, ""participant_list_conflict"": 23, ""unresolved_participant"": 14}",ok,"Coverage-game Shapley value = fractional counting: each activity's topic weight is split equally among its complete, de-duplicated participants. It describes shared observable participation and does not measure causal policy impact or irreplaceability."
fetch-20261006T122600Z-dfc47335,v2.1-f4676a0b,primary,2022,law_crime,160.75,160.75,246,"{""organization_or_unknown_only"": 699, ""participant_list_conflict"": 18, ""unresolved_participant"": 12}",ok,"Coverage-game Shapley value = fractional counting: each activity's topic weight is split equally among its complete, de-duplicated participants. It describes shared observable participation and does not measure causal policy impact or irreplaceability."
fetch-20261006T122600Z-dfc47335,v2.1-f4676a0b,primary,2022,macroeconomy,56.11666666666667,56.11666666666667,86,"{""organization_or_unknown_only"": 1305, ""participant_list_conflict"": 20, ""unresolved_participant"": 5}",ok,"Coverage-game Shapley value = fractional counting: each activity's topic weight is split equally among its complete, de-duplicated participants. It describes shared observable participation and does not measure causal policy impact or irreplaceability."
fetch-20261006T122600Z-dfc47335,v2.1-f4676a0b,primary,2022,public_lands,18.5,18.5,28,"{""organization_or_unknown_only"": 297, ""participant_list_conflict"": 8}",ok,"Coverage-game Shapley value = fractional counting: each activity's topic weight is split equally among its complete, de-duplicated participants. It describes shared observable participation and does not measure causal policy impact or irreplaceability."
fetch-20261006T122600Z-dfc47335,v2.1-f4676a0b,primary,2022,social_welfare,28.5,28.5,46,"{""organization_or_unknown_only"": 186, ""participant_list_conflict"": 8, ""unresolved_participant"": 2}",ok,"Coverage-game Shapley value = fractional counting: each activity's topic weight is split equally among its complete, de-duplicated participants. It describes shared observable participation and does not measure causal policy impact or irreplaceability."
fetch-20261006T122600Z-dfc47335,v2.1-f4676a0b,primary,2022,technology,118.33333333333333,118.33333333333333,192,"{""organization_or_unknown_only"": 595, ""participant_list_conflict"": 15}",ok,"Coverage-game Shapley value = fractional counting: each activity's topic weight is split equally among its complete, de-duplicated participants. It describes shared observable participation and does not measure causal policy impact or irreplaceability."
fetch-20261006T122600Z-dfc47335,v2.1-f4676a0b,primary,2022,transitional_justice,7.0,7.0,11,"{""organization_or_unknown_only"": 36}",ok,"Coverage-game Shapley value = fractional counting: each activity's topic weight is split equally among its complete, de-duplicated participants. It describes shared observable participation and does not measure causal policy impact or irreplaceability."
fetch-20261006T122600Z-dfc47335,v2.1-f4676a0b,primary,2022,transportation,81.66666666666667,81.66666666666666,112,"{""organization_or_unknown_only"": 518, ""participant_list_conflict"": 18, ""unresolved_participant"": 13}",ok,"Coverage-game Shapley value = fractional counting: each activity's topic weight is split equally among its complete, de-duplicated participants. It describes shared observable participation and does not measure causal policy impact or irreplaceability."
fetch-20261006T122600Z-dfc47335,v2.1-f4676a0b,primary,2022,unclassified,232.0,232.0,232,"{""organization_or_unknown_only"": 4313, ""participant_list_conflict"": 30, ""unresolved_participant"": 12}",ok,"Coverage-game Shapley value = fractional counting: each activity's topic weight is split equally among its complete, de-duplicated participants. It describes shared observable participation and does not measure causal policy impact or irreplaceability."
fetch-20261006T122600Z-dfc47335,v2.1-f4676a0b,primary,2023,agriculture,44.56666666666667,44.56666666666666,61,"{""organization_or_unknown_only"": 499}",ok,"Coverage-game Shapley value = fractional counting: each activity's topic weight is split equally among its complete, de-duplicated participants. It describes shared observable participation and does not measure causal policy impact or irreplaceability."
fetch-20261006T122600Z-dfc47335,v2.1-f4676a0b,primary,2023,civil_rights,120.61666666666666,120.61666666666667,188,"{""organization_or_unknown_only"": 147}",ok,"Coverage-game Shapley value = fractional counting: each activity's topic weight is split equally among its complete, de-duplicated participants. It describes shared observable participation and does not measure causal policy impact or irreplaceability."
fetch-20261006T122600Z-dfc47335,v2.1-f4676a0b,primary,2023,commerce,52.5,52.5,89,"{""organization_or_unknown_only"": 579}",ok,"Coverage-game Shapley value = fractional counting: each activity's topic weight is split equally among its complete, de-duplicated participants. It describes shared observable participation and does not measure causal policy impact or irreplaceability."
fetch-20261006T122600Z-dfc47335,v2.1-f4676a0b,primary,2023,cross_strait,5.083333333333333,5.083333333333333,10,"{""organization_or_unknown_only"": 23}",ok,"Coverage-game Shapley value = fractional counting: each activity's topic weight is split equally among its complete, de-duplicated participants. It describes shared observable participation and does not measure causal policy impact or irreplaceability."
fetch-20261006T122600Z-dfc47335,v2.1-f4676a0b,primary,2023,culture,84.91666666666667,84.91666666666667,103,"{""organization_or_unknown_only"": 330}",ok,"Coverage-game Shapley value = fractional counting: each activity's topic weight is split equally among its complete, de-duplicated participants. It describes shared observable participation and does not measure causal policy impact or irreplaceability."
fetch-20261006T122600Z-dfc47335,v2.1-f4676a0b,primary,2023,defense,25.366666666666667,25.366666666666667,39,"{""organization_or_unknown_only"": 422}",ok,"Coverage-game Shapley value = fractional counting: each activity's topic weight is split equally among its complete, de-duplicated participants. It describes shared observable participation and does not measure causal policy impact or irreplaceability."
fetch-20261006T122600Z-dfc47335,v2.1-f4676a0b,primary,2023,education,96.73333333333333,96.73333333333333,148,"{""organization_or_unknown_only"": 535, ""participant_list_conflict"": 1}",ok,"Coverage-game Shapley value = fractional counting: each activity's topic weight is split equally among its complete, de-duplicated participants. It describes shared observable participation and does not measure causal policy impact or irreplaceability."
fetch-20261006T122600Z-dfc47335,v2.1-f4676a0b,primary,2023,energy,20.28333333333333,20.283333333333335,34,"{""organization_or_unknown_only"": 670}",ok,"Coverage-game Shapley value = fractional counting: each activity's topic weight is split equally among its complete, de-duplicated participants. It describes shared observable participation and does not measure causal policy impact or irreplaceability."
fetch-20261006T122600Z-dfc47335,v2.1-f4676a0b,primary,2023,environment,54.766666666666666,54.766666666666666,81,"{""organization_or_unknown_only"": 311}",ok,"Coverage-game Shapley value = fractional counting: each activity's topic weight is split equally among its complete, de-duplicated participants. It describes shared observable participation and does not measure causal policy impact or irreplaceability."
fetch-20261006T122600Z-dfc47335,v2.1-f4676a0b,primary,2023,foreign_trade,8.95,8.95,15,"{""organization_or_unknown_only"": 138}",ok,"Coverage-game Shapley value = fractional counting: each activity's topic weight is split equally among its complete, de-duplicated participants. It describes shared observable participation and does not measure causal policy impact or irreplaceability."
fetch-20261006T122600Z-dfc47335,v2.1-f4676a0b,primary,2023,government,73.65,73.65,114,"{""organization_or_unknown_only"": 211}",ok,"Coverage-game Shapley value = fractional counting: each activity's topic weight is split equally among its complete, de-duplicated participants. It describes shared observable participation and does not measure causal policy impact or irreplaceability."
fetch-20261006T122600Z-dfc47335,v2.1-f4676a0b,primary,2023,health,67.86666666666666,67.86666666666666,97,"{""organization_or_unknown_only"": 430}",ok,"Coverage-game Shapley value = fractional counting: each activity's topic weight is split equally among its complete, de-duplicated participants. It describes shared observable participation and does not measure causal policy impact or irreplaceability."
fetch-20261006T122600Z-dfc47335,v2.1-f4676a0b,primary,2023,housing,28.0,28.0,39,"{""organization_or_unknown_only"": 157, ""participant_list_conflict"": 1}",ok,"Coverage-game Shapley value = fractional counting: each activity's topic weight is split equally among its complete, de-duplicated participants. It describes shared observable participation and does not measure causal policy impact or irreplaceability."
fetch-20261006T122600Z-dfc47335,v2.1-f4676a0b,primary,2023,immigration,24.75,24.75,31,"{""organization_or_unknown_only"": 79}",ok,"Coverage-game Shapley value = fractional counting: each activity's topic weight is split equally among its complete, de-duplicated participants. It describes shared observable participation and does not measure causal policy impact or irreplaceability."
fetch-20261006T122600Z-dfc47335,v2.1-f4676a0b,primary,2023,indigenous,19.25,19.25,37,"{""organization_or_unknown_only"": 125}",ok,"Coverage-game Shapley value = fractional counting: each activity's topic weight is split equally among its complete, de-duplicated participants. It describes shared observable participation and does not measure causal policy impact or irreplaceability."
fetch-20261006T122600Z-dfc47335,v2.1-f4676a0b,primary,2023,international,6.7,6.7,14,"{""organization_or_unknown_only"": 59}",ok,"Coverage-game Shapley value = fractional counting: each activity's topic weight is split equally among its complete, de-duplicated participants. It describes shared observable participation and does not measure causal policy impact or irreplaceability."
fetch-20261006T122600Z-dfc47335,v2.1-f4676a0b,primary,2023,labor,68.7,68.7,99,"{""organization_or_unknown_only"": 311}",ok,"Coverage-game Shapley value = fractional counting: each activity's topic weight is split equally among its complete, de-duplicated participants. It describes shared observable participation and does not measure causal policy impact or irreplaceability."
fetch-20261006T122600Z-dfc47335,v2.1-f4676a0b,primary,2023,law_crime,133.85,133.85,207,"{""organization_or_unknown_only"": 619}",ok,"Coverage-game Shapley value = fractional counting: each activity's topic weight is split equally among its complete, de-duplicated participants. It describes shared observable participation and does not measure causal policy impact or irreplaceability."
fetch-20261006T122600Z-dfc47335,v2.1-f4676a0b,primary,2023,macroeconomy,53.75,53.75,97,"{""organization_or_unknown_only"": 795}",ok,"Coverage-game Shapley value = fractional counting: each activity's topic weight is split equally among its complete, de-duplicated participants. It describes shared observable participation and does not measure causal policy impact or irreplaceability."
fetch-20261006T122600Z-dfc47335,v2.1-f4676a0b,primary,2023,public_lands,21.35,21.35,34,"{""organization_or_unknown_only"": 282}",ok,"Coverage-game Shapley value = fractional counting: each activity's topic weight is split equally among its complete, de-duplicated participants. It describes shared observable participation and does not measure causal policy impact or irreplaceability."
fetch-20261006T122600Z-dfc47335,v2.1-f4676a0b,primary,2023,social_welfare,51.416666666666664,51.416666666666664,80,"{""organization_or_unknown_only"": 128}",ok,"Coverage-game Shapley value = fractional counting: each activity's topic weight is split equally among its complete, de-duplicated participants. It describes shared observable participation and does not measure causal policy impact or irreplaceability."
fetch-20261006T122600Z-dfc47335,v2.1-f4676a0b,primary,2023,technology,88.81666666666666,88.81666666666666,152,"{""organization_or_unknown_only"": 725}",ok,"Coverage-game Shapley value = fractional counting: each activity's topic weight is split equally among its complete, de-duplicated participants. It describes shared observable participation and does not measure causal policy impact or irreplaceability."
fetch-20261006T122600Z-dfc47335,v2.1-f4676a0b,primary,2023,transitional_justice,6.666666666666667,6.666666666666667,9,"{""organization_or_unknown_only"": 30, ""participant_list_conflict"": 1}",ok,"Coverage-game Shapley value = fractional counting: each activity's topic weight is split equally among its complete, de-duplicated participants. It describes shared observable participation and does not measure causal policy impact or irreplaceability."
fetch-20261006T122600Z-dfc47335,v2.1-f4676a0b,primary,2023,transportation,73.45,73.45,91,"{""organization_or_unknown_only"": 784}",ok,"Coverage-game Shapley value = fractional counting: each activity's topic weight is split equally among its complete, de-duplicated participants. It describes shared observable participation and does not measure causal policy impact or irreplaceability."
fetch-20261006T122600Z-dfc47335,v2.1-f4676a0b,primary,2023,unclassified,232.0,232.0,232,"{""organization_or_unknown_only"": 4371}",ok,"Coverage-game Shapley value = fractional counting: each activity's topic weight is split equally among its complete, de-duplicated participants. It describes shared observable participation and does not measure causal policy impact or irreplaceability."
fetch-20261006T122600Z-dfc47335,v2.1-f4676a0b,primary,2024,agriculture,89.15,89.14999999999999,123,"{""organization_or_unknown_only"": 269}",ok,"Coverage-game Shapley value = fractional counting: each activity's topic weight is split equally among its complete, de-duplicated participants. It describes shared observable participation and does not measure causal policy impact or irreplaceability."
fetch-20261006T122600Z-dfc47335,v2.1-f4676a0b,primary,2024,civil_rights,117.7,117.7,212,"{""organization_or_unknown_only"": 105}",ok,"Coverage-game Shapley value = fractional counting: each activity's topic weight is split equally among its complete, de-duplicated participants. It describes shared observable participation and does not measure causal policy impact or irreplaceability."
fetch-20261006T122600Z-dfc47335,v2.1-f4676a0b,primary,2024,commerce,91.7,91.7,148,"{""organization_or_unknown_only"": 259}",ok,"Coverage-game Shapley value = fractional counting: each activity's topic weight is split equally among its complete, de-duplicated participants. It describes shared observable participation and does not measure causal policy impact or irreplaceability."
fetch-20261006T122600Z-dfc47335,v2.1-f4676a0b,primary,2024,cross_strait,7.227777777777778,7.227777777777778,13,"{""organization_or_unknown_only"": 17}",ok,"Coverage-game Shapley value = fractional counting: each activity's topic weight is split equally among its complete, de-duplicated participants. It describes shared observable participation and does not measure causal policy impact or irreplaceability."
fetch-20261006T122600Z-dfc47335,v2.1-f4676a0b,primary,2024,culture,136.71666666666667,136.71666666666667,216,"{""organization_or_unknown_only"": 182}",ok,"Coverage-game Shapley value = fractional counting: each activity's topic weight is split equally among its complete, de-duplicated participants. It describes shared observable participation and does not measure causal policy impact or irreplaceability."
fetch-20261006T122600Z-dfc47335,v2.1-f4676a0b,primary,2024,defense,44.794444444444444,44.794444444444444,81,"{""organization_or_unknown_only"": 185}",ok,"Coverage-game Shapley value = fractional counting: each activity's topic weight is split equally among its complete, de-duplicated participants. It describes shared observable participation and does not measure causal policy impact or irreplaceability."
fetch-20261006T122600Z-dfc47335,v2.1-f4676a0b,primary,2024,education,235.05,235.04999999999998,364,"{""organization_or_unknown_only"": 231}",ok,"Coverage-game Shapley value = fractional counting: each activity's topic weight is split equally among its complete, de-duplicated participants. It describes shared observable participation and does not measure causal policy impact or irreplaceability."
fetch-20261006T122600Z-dfc47335,v2.1-f4676a0b,primary,2024,energy,40.12777777777778,40.12777777777777,72,"{""organization_or_unknown_only"": 105}",ok,"Coverage-game Shapley value = fractional counting: each activity's topic weight is split equally among its complete, de-duplicated participants. It describes shared observable participation and does not measure causal policy impact or irreplaceability."
fetch-20261006T122600Z-dfc47335,v2.1-f4676a0b,primary,2024,environment,67.62777777777778,67.62777777777778,113,"{""organization_or_unknown_only"": 208}",ok,"Coverage-game Shapley value = fractional counting: each activity's topic weight is split equally among its complete, de-duplicated participants. It describes shared observable participation and does not measure causal policy impact or irreplaceability."
fetch-20261006T122600Z-dfc47335,v2.1-f4676a0b,primary,2024,foreign_trade,8.333333333333334,8.333333333333332,15,"{""organization_or_unknown_only"": 82, ""participant_list_conflict"": 1}",ok,"Coverage-game Shapley value = fractional counting: each activity's topic weight is split equally among its complete, de-duplicated participants. It describes shared observable participation and does not measure causal policy impact or irreplaceability."
fetch-20261006T122600Z-dfc47335,v2.1-f4676a0b,primary,2024,government,135.07777777777778,135.07777777777778,236,"{""organization_or_unknown_only"": 111, ""participant_list_conflict"": 2}",ok,"Coverage-game Shapley value = fractional counting: each activity's topic weight is split equally among its complete, de-duplicated participants. It describes shared observable participation and does not measure causal policy impact or irreplaceability."
fetch-20261006T122600Z-dfc47335,v2.1-f4676a0b,primary,2024,health,156.2277777777778,156.2277777777778,229,"{""organization_or_unknown_only"": 233, ""participant_list_conflict"": 2}",ok,"Coverage-game Shapley value = fractional counting: each activity's topic weight is split equally among its complete, de-duplicated participants. It describes shared observable participation and does not measure causal policy impact or irreplaceability."
fetch-20261006T122600Z-dfc47335,v2.1-f4676a0b,primary,2024,housing,31.85,31.85,47,"{""organization_or_unknown_only"": 69}",ok,"Coverage-game Shapley value = fractional counting: each activity's topic weight is split equally among its complete, de-duplicated participants. It describes shared observable participation and does not measure causal policy impact or irreplaceability."
fetch-20261006T122600Z-dfc47335,v2.1-f4676a0b,primary,2024,immigration,48.95,48.95,69,"{""organization_or_unknown_only"": 58}",ok,"Coverage-game Shapley value = fractional counting: each activity's topic weight is split equally among its complete, de-duplicated participants. It describes shared observable participation and does not measure causal policy impact or irreplaceability."
fetch-20261006T122600Z-dfc47335,v2.1-f4676a0b,primary,2024,indigenous,74.31666666666666,74.31666666666665,139,"{""organization_or_unknown_only"": 46}",ok,"Coverage-game Shapley value = fractional counting: each activity's topic weight is split equally among its complete, de-duplicated participants. It describes shared observable participation and does not measure causal policy impact or irreplaceability."
fetch-20261006T122600Z-dfc47335,v2.1-f4676a0b,primary,2024,international,10.311111111111112,10.31111111111111,28,"{""organization_or_unknown_only"": 47}",ok,"Coverage-game Shapley value = fractional counting: each activity's topic weight is split equally among its complete, de-duplicated participants. It describes shared observable participation and does not measure causal policy impact or irreplaceability."
fetch-20261006T122600Z-dfc47335,v2.1-f4676a0b,primary,2024,labor,173.26666666666665,173.26666666666665,295,"{""organization_or_unknown_only"": 193}",ok,"Coverage-game Shapley value = fractional counting: each activity's topic weight is split equally among its complete, de-duplicated participants. It describes shared observable participation and does not measure causal policy impact or irreplaceability."
fetch-20261006T122600Z-dfc47335,v2.1-f4676a0b,primary,2024,law_crime,236.76111111111112,236.76111111111112,355,"{""organization_or_unknown_only"": 282, ""participant_list_conflict"": 1}",ok,"Coverage-game Shapley value = fractional counting: each activity's topic weight is split equally among its complete, de-duplicated participants. It describes shared observable participation and does not measure causal policy impact or irreplaceability."
fetch-20261006T122600Z-dfc47335,v2.1-f4676a0b,primary,2024,macroeconomy,203.4611111111111,203.4611111111111,335,"{""organization_or_unknown_only"": 497}",ok,"Coverage-game Shapley value = fractional counting: each activity's topic weight is split equally among its complete, de-duplicated participants. It describes shared observable participation and does not measure causal policy impact or irreplaceability."
fetch-20261006T122600Z-dfc47335,v2.1-f4676a0b,primary,2024,public_lands,46.916666666666664,46.916666666666664,64,"{""organization_or_unknown_only"": 197}",ok,"Coverage-game Shapley value = fractional counting: each activity's topic weight is split equally among its complete, de-duplicated participants. It describes shared observable participation and does not measure causal policy impact or irreplaceability."
fetch-20261006T122600Z-dfc47335,v2.1-f4676a0b,primary,2024,social_welfare,170.31666666666666,170.31666666666666,300,"{""organization_or_unknown_only"": 85}",ok,"Coverage-game Shapley value = fractional counting: each activity's topic weight is split equally among its complete, de-duplicated participants. It describes shared observable participation and does not measure causal policy impact or irreplaceability."
fetch-20261006T122600Z-dfc47335,v2.1-f4676a0b,primary,2024,technology,170.91666666666666,170.91666666666666,287,"{""organization_or_unknown_only"": 375}",ok,"Coverage-game Shapley value = fractional counting: each activity's topic weight is split equally among its complete, de-duplicated participants. It describes shared observable participation and does not measure causal policy impact or irreplaceability."
fetch-20261006T122600Z-dfc47335,v2.1-f4676a0b,primary,2024,transitional_justice,13.333333333333334,13.333333333333332,21,"{""organization_or_unknown_only"": 21}",ok,"Coverage-game Shapley value = fractional counting: each activity's topic weight is split equally among its complete, de-duplicated participants. It describes shared observable participation and does not measure causal policy impact or irreplaceability."
fetch-20261006T122600Z-dfc47335,v2.1-f4676a0b,primary,2024,transportation,102.86666666666666,102.86666666666666,140,"{""organization_or_unknown_only"": 302}",ok,"Coverage-game Shapley value = fractional counting: each activity's topic weight is split equally among its complete, de-duplicated participants. It describes shared observable participation and does not measure causal policy impact or irreplaceability."
fetch-20261006T122600Z-dfc47335,v2.1-f4676a0b,primary,2024,unclassified,460.0,460.0,460,"{""organization_or_unknown_only"": 2375, ""participant_list_conflict"": 4}",ok,"Coverage-game Shapley value = fractional counting: each activity's topic weight is split equally among its complete, de-duplicated participants. It describes shared observable participation and does not measure causal policy impact or irreplaceability."
fetch-20261006T122600Z-dfc47335,v2.1-f4676a0b,primary,2025,agriculture,90.75277777777778,90.75277777777778,126,"{""organization_or_unknown_only"": 252}",ok,"Coverage-game Shapley value = fractional counting: each activity's topic weight is split equally among its complete, de-duplicated participants. It describes shared observable participation and does not measure causal policy impact or irreplaceability."
fetch-20261006T122600Z-dfc47335,v2.1-f4676a0b,primary,2025,civil_rights,87.59444444444445,87.59444444444445,160,"{""organization_or_unknown_only"": 73}",ok,"Coverage-game Shapley value = fractional counting: each activity's topic weight is split equally among its complete, de-duplicated participants. It describes shared observable participation and does not measure causal policy impact or irreplaceability."
fetch-20261006T122600Z-dfc47335,v2.1-f4676a0b,primary,2025,commerce,68.31666666666666,68.31666666666666,103,"{""organization_or_unknown_only"": 332}",ok,"Coverage-game Shapley value = fractional counting: each activity's topic weight is split equally among its complete, de-duplicated participants. It describes shared observable participation and does not measure causal policy impact or irreplaceability."
fetch-20261006T122600Z-dfc47335,v2.1-f4676a0b,primary,2025,cross_strait,5.25,5.25,11,"{""organization_or_unknown_only"": 24}",ok,"Coverage-game Shapley value = fractional counting: each activity's topic weight is split equally among its complete, de-duplicated participants. It describes shared observable participation and does not measure causal policy impact or irreplaceability."
fetch-20261006T122600Z-dfc47335,v2.1-f4676a0b,primary,2025,culture,72.56111111111112,72.5611111111111,108,"{""organization_or_unknown_only"": 227}",ok,"Coverage-game Shapley value = fractional counting: each activity's topic weight is split equally among its complete, de-duplicated participants. It describes shared observable participation and does not measure causal policy impact or irreplaceability."
fetch-20261006T122600Z-dfc47335,v2.1-f4676a0b,primary,2025,defense,55.125,55.125,87,"{""organization_or_unknown_only"": 351}",ok,"Coverage-game Shapley value = fractional counting: each activity's topic weight is split equally among its complete, de-duplicated participants. It describes shared observable participation and does not measure causal policy impact or irreplaceability."
fetch-20261006T122600Z-dfc47335,v2.1-f4676a0b,primary,2025,education,149.51111111111112,149.51111111111112,218,"{""organization_or_unknown_only"": 271}",ok,"Coverage-game Shapley value = fractional counting: each activity's topic weight is split equally among its complete, de-duplicated participants. It describes shared observable participation and does not measure causal policy impact or irreplaceability."
fetch-20261006T122600Z-dfc47335,v2.1-f4676a0b,primary,2025,energy,89.74166666666666,89.74166666666666,147,"{""organization_or_unknown_only"": 299}",ok,"Coverage-game Shapley value = fractional counting: each activity's topic weight is split equally among its complete, de-duplicated participants. It describes shared observable participation and does not measure causal policy impact or irreplaceability."
fetch-20261006T122600Z-dfc47335,v2.1-f4676a0b,primary,2025,environment,90.36666666666666,90.36666666666666,181,"{""organization_or_unknown_only"": 244}",ok,"Coverage-game Shapley value = fractional counting: each activity's topic weight is split equally among its complete, de-duplicated participants. It describes shared observable participation and does not measure causal policy impact or irreplaceability."
fetch-20261006T122600Z-dfc47335,v2.1-f4676a0b,primary,2025,foreign_trade,26.45,26.45,35,"{""organization_or_unknown_only"": 82}",ok,"Coverage-game Shapley value = fractional counting: each activity's topic weight is split equally among its complete, de-duplicated participants. It describes shared observable participation and does not measure causal policy impact or irreplaceability."
fetch-20261006T122600Z-dfc47335,v2.1-f4676a0b,primary,2025,government,84.75833333333333,84.75833333333333,151,"{""organization_or_unknown_only"": 115}",ok,"Coverage-game Shapley value = fractional counting: each activity's topic weight is split equally among its complete, de-duplicated participants. It describes shared observable participation and does not measure causal policy impact or irreplaceability."
fetch-20261006T122600Z-dfc47335,v2.1-f4676a0b,primary,2025,health,127.05,127.05,178,"{""organization_or_unknown_only"": 284}",ok,"Coverage-game Shapley value = fractional counting: each activity's topic weight is split equally among its complete, de-duplicated participants. It describes shared observable participation and does not measure causal policy impact or irreplaceability."
fetch-20261006T122600Z-dfc47335,v2.1-f4676a0b,primary,2025,housing,28.825,28.825,44,"{""organization_or_unknown_only"": 77}",ok,"Coverage-game Shapley value = fractional counting: each activity's topic weight is split equally among its complete, de-duplicated participants. It describes shared observable participation and does not measure causal policy impact or irreplaceability."
fetch-20261006T122600Z-dfc47335,v2.1-f4676a0b,primary,2025,immigration,20.833333333333332,20.833333333333332,29,"{""organization_or_unknown_only"": 41}",ok,"Coverage-game Shapley value = fractional counting: each activity's topic weight is split equally among its complete, de-duplicated participants. It describes shared observable participation and does not measure causal policy impact or irreplaceability."
fetch-20261006T122600Z-dfc47335,v2.1-f4676a0b,primary,2025,indigenous,38.46111111111111,38.46111111111111,74,"{""organization_or_unknown_only"": 80}",ok,"Coverage-game Shapley value = fractional counting: each activity's topic weight is split equally among its complete, de-duplicated participants. It describes shared observable participation and does not measure causal policy impact or irreplaceability."
fetch-20261006T122600Z-dfc47335,v2.1-f4676a0b,primary,2025,international,7.166666666666667,7.166666666666667,15,"{""organization_or_unknown_only"": 42}",ok,"Coverage-game Shapley value = fractional counting: each activity's topic weight is split equally among its complete, de-duplicated participants. It describes shared observable participation and does not measure causal policy impact or irreplaceability."
fetch-20261006T122600Z-dfc47335,v2.1-f4676a0b,primary,2025,labor,170.55,170.55,255,"{""organization_or_unknown_only"": 272, ""participant_list_conflict"": 1}",ok,"Coverage-game Shapley value = fractional counting: each activity's topic weight is split equally among its complete, de-duplicated participants. It describes shared observable participation and does not measure causal policy impact or irreplaceability."
fetch-20261006T122600Z-dfc47335,v2.1-f4676a0b,primary,2025,law_crime,260.0111111111111,260.0111111111111,367,"{""organization_or_unknown_only"": 323}",ok,"Coverage-game Shapley value = fractional counting: each activity's topic weight is split equally among its complete, de-duplicated participants. It describes shared observable participation and does not measure causal policy impact or irreplaceability."
fetch-20261006T122600Z-dfc47335,v2.1-f4676a0b,primary,2025,macroeconomy,129.79444444444445,129.79444444444445,253,"{""organization_or_unknown_only"": 505}",ok,"Coverage-game Shapley value = fractional counting: each activity's topic weight is split equally among its complete, de-duplicated participants. It describes shared observable participation and does not measure causal policy impact or irreplaceability."
fetch-20261006T122600Z-dfc47335,v2.1-f4676a0b,primary,2025,public_lands,22.302777777777777,22.302777777777777,37,"{""organization_or_unknown_only"": 208}",ok,"Coverage-game Shapley value = fractional counting: each activity's topic weight is split equally among its complete, de-duplicated participants. It describes shared observable participation and does not measure causal policy impact or irreplaceability."
fetch-20261006T122600Z-dfc47335,v2.1-f4676a0b,primary,2025,social_welfare,139.4777777777778,139.4777777777778,239,"{""organization_or_unknown_only"": 105}",ok,"Coverage-game Shapley value = fractional counting: each activity's topic weight is split equally among its complete, de-duplicated participants. It describes shared observable participation and does not measure causal policy impact or irreplaceability."
fetch-20261006T122600Z-dfc47335,v2.1-f4676a0b,primary,2025,technology,209.975,209.975,334,"{""organization_or_unknown_only"": 552}",ok,"Coverage-game Shapley value = fractional counting: each activity's topic weight is split equally among its complete, de-duplicated participants. It describes shared observable participation and does not measure causal policy impact or irreplaceability."
fetch-20261006T122600Z-dfc47335,v2.1-f4676a0b,primary,2025,transitional_justice,0.8333333333333333,0.8333333333333334,2,"{""organization_or_unknown_only"": 12}",ok,"Coverage-game Shapley value = fractional counting: each activity's topic weight is split equally among its complete, de-duplicated participants. It describes shared observable participation and does not measure causal policy impact or irreplaceability."
fetch-20261006T122600Z-dfc47335,v2.1-f4676a0b,primary,2025,transportation,116.29166666666667,116.29166666666667,185,"{""organization_or_unknown_only"": 468}",ok,"Coverage-game Shapley value = fractional counting: each activity's topic weight is split equally among its complete, de-duplicated participants. It describes shared observable participation and does not measure causal policy impact or irreplaceability."
fetch-20261006T122600Z-dfc47335,v2.1-f4676a0b,primary,2025,unclassified,389.0,389.0,389,"{""organization_or_unknown_only"": 3151}",ok,"Coverage-game Shapley value = fractional counting: each activity's topic weight is split equally among its complete, de-duplicated participants. It describes shared observable participation and does not measure causal policy impact or irreplaceability."
